suite,case_id,backend,status,result,expected,elapsed_sec,error_type,error_message,tags,source
real,0,wfomc,solved,3003,3003,0.247625,,,set;choose;benchmark,problems/real/corpus.json
real,0,propositionalwfomc,error,,3003,0.274876,GanakError,ganak exited with code 255,set;choose;benchmark,problems/real/corpus.json
real,0,coso,solved,3003,3003,0.158288,,,set;choose;benchmark,problems/real/corpus.json
real,0,asp,solved,3003,3003,0.523381,,,set;choose;benchmark,problems/real/corpus.json
real,0,essence,solved,3003,3003,4.949737,,,set;choose;benchmark,problems/real/corpus.json
real,1,wfomc,solved,609,609,0.425645,,,set;choose_replace_permute;tuple;size constraint;intersection;benchmark,problems/real/corpus.json
real,1,propositionalwfomc,error,,609,1.104623,GanakError,ganak exited with code 255,set;choose_replace_permute;tuple;size constraint;intersection;benchmark,problems/real/corpus.json
real,1,coso,wrong,96,609,0.182273,WrongAnswer,"expected 609, got 96",set;choose_replace_permute;tuple;size constraint;intersection;benchmark,problems/real/corpus.json
real,1,asp,solved,609,609,0.194267,,,set;choose_replace_permute;tuple;size constraint;intersection;benchmark,problems/real/corpus.json
real,1,essence,solved,609,609,2.045909,,,set;choose_replace_permute;tuple;size constraint;intersection;benchmark,problems/real/corpus.json
real,2,wfomc,solved,23,23,0.515009,,,bag;choose;size constraint;benchmark,problems/real/corpus.json
real,2,propositionalwfomc,error,,23,0.498094,GanakError,ganak exited with code 255,bag;choose;size constraint;benchmark,problems/real/corpus.json
real,2,coso,wrong,20,23,0.183761,WrongAnswer,"expected 23, got 20",bag;choose;size constraint;benchmark,problems/real/corpus.json
real,2,asp,unsolved,20,23,0.165013,WrongAnswer,"expected 23, got 20",bag;choose;size constraint;benchmark,problems/real/corpus.json
real,2,essence,unsolved,20,23,5.302925,WrongAnswer,"expected 23, got 20",bag;choose;size constraint;benchmark,problems/real/corpus.json
real,3,wfomc,solved,165,165,0.240983,,,set;choose,problems/real/corpus.json
real,3,propositionalwfomc,error,,165,0.239132,GanakError,ganak exited with code 255,set;choose,problems/real/corpus.json
real,3,coso,solved,165,165,0.135666,,,set;choose,problems/real/corpus.json
real,3,asp,solved,165,165,0.130022,,,set;choose,problems/real/corpus.json
real,3,essence,solved,165,165,1.993621,,,set;choose,problems/real/corpus.json
real,4,wfomc,solved,6732,6732,0.960990,,,set;choose;not constraint;or constraint;benchmark,problems/real/corpus.json
real,4,propositionalwfomc,error,,6732,5.054549,GanakError,ganak exited with code 255,set;choose;not constraint;or constraint;benchmark,problems/real/corpus.json
real,4,coso,error,,6732,0.211252,CoSoEncodingError,Constant membership constraint is unsatisfiable before CoSo encoding.,set;choose;not constraint;or constraint;benchmark,problems/real/corpus.json
real,4,asp,unsolved,,6732,0.199831,CoSoEncodingError,Constant membership constraint is unsatisfiable before CoSo encoding.,set;choose;not constraint;or constraint;benchmark,problems/real/corpus.json
real,4,essence,unsolved,,6732,0.197225,CoSoEncodingError,Constant membership constraint is unsatisfiable before CoSo encoding.,set;choose;not constraint;or constraint;benchmark,problems/real/corpus.json
real,5,wfomc,solved,36,36,0.931435,,,set;choose;tuple;index;count;benchmark,problems/real/corpus.json
real,5,propositionalwfomc,error,,36,2.347488,GanakError,ganak exited with code 255,set;choose;tuple;index;count;benchmark,problems/real/corpus.json
real,5,coso,solved,36,36,0.190340,,,set;choose;tuple;index;count;benchmark,problems/real/corpus.json
real,5,asp,solved,36,36,0.135180,,,set;choose;tuple;index;count;benchmark,problems/real/corpus.json
real,5,essence,solved,36,36,1.951980,,,set;choose;tuple;index;count;benchmark,problems/real/corpus.json
real,6,wfomc,solved,200,200,1.097863,,,bag;composition;index;size constraint;benchmark,problems/real/corpus.json
real,6,propositionalwfomc,error,,200,0.845006,GanakError,ganak exited with code 255,bag;composition;index;size constraint;benchmark,problems/real/corpus.json
real,6,coso,error,,200,0.129254,CoSoEncodingError,CoSo backend only supports count atoms on the target.,bag;composition;index;size constraint;benchmark,problems/real/corpus.json
real,6,asp,unsolved,,200,0.107712,CoSoEncodingError,CoSo backend only supports count atoms on the target.,bag;composition;index;size constraint;benchmark,problems/real/corpus.json
real,6,essence,unsolved,,200,0.107882,CoSoEncodingError,CoSo backend only supports count atoms on the target.,bag;composition;index;size constraint;benchmark,problems/real/corpus.json
real,7,wfomc,solved,1440,1440,0.731083,,,set;sequence;together;benchmark,problems/real/corpus.json
real,7,propositionalwfomc,error,,1440,3.236751,GanakError,ganak exited with code 255,set;sequence;together;benchmark,problems/real/corpus.json
real,7,coso,error,,1440,0.146803,CoSoEncodingError,CoSo backend does not support Cofola sequence objects; use TupleDef/tuple(...) for CoSo-compatible ordered arrangements.,set;sequence;together;benchmark,problems/real/corpus.json
real,7,asp,unsolved,,1440,0.136151,CoSoEncodingError,CoSo backend does not support Cofola sequence objects; use TupleDef/tuple(...) for CoSo-compatible ordered arrangements.,set;sequence;together;benchmark,problems/real/corpus.json
real,7,essence,unsolved,,1440,0.128060,CoSoEncodingError,CoSo backend does not support Cofola sequence objects; use TupleDef/tuple(...) for CoSo-compatible ordered arrangements.,set;sequence;together;benchmark,problems/real/corpus.json
real,8,wfomc,solved,14400,14400,2.114333,,,set;circle;together;benchmark,problems/real/corpus.json
real,8,propositionalwfomc,error,,14400,4.722804,GanakError,ganak exited with code 255,set;circle;together;benchmark,problems/real/corpus.json
real,8,coso,error,,14400,0.149777,CoSoEncodingError,CoSo backend does not support Cofola circle objects.,set;circle;together;benchmark,problems/real/corpus.json
real,8,asp,unsolved,,14400,0.136378,CoSoEncodingError,CoSo backend does not support Cofola circle objects.,set;circle;together;benchmark,problems/real/corpus.json
real,8,essence,unsolved,,14400,0.134082,CoSoEncodingError,CoSo backend does not support Cofola circle objects.,set;circle;together;benchmark,problems/real/corpus.json
real,11,wfomc,solved,28,28,0.512706,,,bag;composition;benchmark,problems/real/corpus.json
real,11,propositionalwfomc,error,,28,0.430850,GanakError,ganak exited with code 255,bag;composition;benchmark,problems/real/corpus.json
real,11,coso,solved,28,28,0.129314,,,bag;composition;benchmark,problems/real/corpus.json
real,11,asp,unsolved,10,28,0.113755,WrongAnswer,"expected 28, got 10",bag;composition;benchmark,problems/real/corpus.json
real,11,essence,unsolved,10,28,0.800543,WrongAnswer,"expected 28, got 10",bag;composition;benchmark,problems/real/corpus.json
real,12,wfomc,solved,540,540,0.358657,,,set;composition;none_empty,problems/real/corpus.json
real,12,propositionalwfomc,error,,540,0.462127,GanakError,ganak exited with code 255,set;composition;none_empty,problems/real/corpus.json
real,12,coso,solved,540,540,0.187125,,,set;composition;none_empty,problems/real/corpus.json
real,12,asp,unsolved,0,540,0.166703,WrongAnswer,"expected 540, got 0",set;composition;none_empty,problems/real/corpus.json
real,12,essence,unsolved,,540,0.421862,RuntimeError,Error:,set;composition;none_empty,problems/real/corpus.json
real,13,wfomc,solved,6,6,0.428074,,,bag;composition,problems/real/corpus.json
real,13,propositionalwfomc,error,,6,0.377876,GanakError,ganak exited with code 255,bag;composition,problems/real/corpus.json
real,13,coso,solved,6,6,0.125321,,,bag;composition,problems/real/corpus.json
real,13,asp,unsolved,4,6,0.121508,WrongAnswer,"expected 6, got 4",bag;composition,problems/real/corpus.json
real,13,essence,unsolved,4,6,0.796706,WrongAnswer,"expected 6, got 4",bag;composition,problems/real/corpus.json
real,14,wfomc,solved,9240,9240,0.298449,,,set;choose;multiple choosing,problems/real/corpus.json
real,14,propositionalwfomc,error,,9240,0.247019,GanakError,ganak exited with code 255,set;choose;multiple choosing,problems/real/corpus.json
real,14,coso,solved,9240,9240,0.167132,,,set;choose;multiple choosing,problems/real/corpus.json
real,14,asp,solved,9240,9240,0.165655,,,set;choose;multiple choosing,problems/real/corpus.json
real,14,essence,solved,9240,9240,3.489189,,,set;choose;multiple choosing,problems/real/corpus.json
real,15,wfomc,solved,729,729,0.290132,,,set;composition,problems/real/corpus.json
real,15,propositionalwfomc,error,,729,0.392132,GanakError,ganak exited with code 255,set;composition,problems/real/corpus.json
real,15,coso,solved,729,729,0.125991,,,set;composition,problems/real/corpus.json
real,15,asp,unsolved,0,729,0.121297,WrongAnswer,"expected 729, got 0",set;composition,problems/real/corpus.json
real,15,essence,unsolved,540,729,1.870797,WrongAnswer,"expected 729, got 540",set;composition,problems/real/corpus.json
real,18,wfomc,solved,12,12,0.543127,,,set;choose;tuple;index;in,problems/real/corpus.json
real,18,propositionalwfomc,error,,12,1.018302,GanakError,ganak exited with code 255,set;choose;tuple;index;in,problems/real/corpus.json
real,18,coso,solved,12,12,0.172322,,,set;choose;tuple;index;in,problems/real/corpus.json
real,18,asp,solved,12,12,0.131516,,,set;choose;tuple;index;in,problems/real/corpus.json
real,18,essence,solved,12,12,1.152153,,,set;choose;tuple;index;in,problems/real/corpus.json
real,19,wfomc,solved,4,4,0.515939,,,bag;partition,problems/real/corpus.json
real,19,propositionalwfomc,error,,4,0.407662,GanakError,ganak exited with code 255,bag;partition,problems/real/corpus.json
real,19,coso,solved,4,4,0.119244,,,bag;partition,problems/real/corpus.json
real,19,asp,unsolved,,4,0.113349,BaselineUnsupportedError,ASP baseline translator does not support partition.,bag;partition,problems/real/corpus.json
real,19,essence,unsolved,1,4,0.626731,WrongAnswer,"expected 4, got 1",bag;partition,problems/real/corpus.json
real,20,wfomc,solved,10,10,0.235840,,,set;choose,problems/real/corpus.json
real,20,propositionalwfomc,error,,10,0.213792,GanakError,ganak exited with code 255,set;choose,problems/real/corpus.json
real,20,coso,solved,10,10,0.133576,,,set;choose,problems/real/corpus.json
real,20,asp,solved,10,10,0.119568,,,set;choose,problems/real/corpus.json
real,20,essence,solved,10,10,1.278983,,,set;choose,problems/real/corpus.json
real,21,wfomc,solved,15,15,0.495725,,,bag;choose_replace;benchmark,problems/real/corpus.json
real,21,propositionalwfomc,error,,15,0.459873,GanakError,ganak exited with code 255,bag;choose_replace;benchmark,problems/real/corpus.json
real,21,coso,wrong,0,15,0.137494,WrongAnswer,"expected 15, got 0",bag;choose_replace;benchmark,problems/real/corpus.json
real,21,asp,solved,15,15,0.111449,,,bag;choose_replace;benchmark,problems/real/corpus.json
real,21,essence,solved,15,15,0.852474,,,bag;choose_replace;benchmark,problems/real/corpus.json
real,22,wfomc,solved,36,36,0.399181,,,set;choose;multiple choosing;size constraint;intersection,problems/real/corpus.json
real,22,propositionalwfomc,error,,36,0.617470,GanakError,ganak exited with code 255,set;choose;multiple choosing;size constraint;intersection,problems/real/corpus.json
real,22,coso,solved,36,36,0.302518,,,set;choose;multiple choosing;size constraint;intersection,problems/real/corpus.json
real,22,asp,solved,36,36,0.208217,,,set;choose;multiple choosing;size constraint;intersection,problems/real/corpus.json
real,22,essence,solved,36,36,2.590954,,,set;choose;multiple choosing;size constraint;intersection,problems/real/corpus.json
real,23,wfomc,solved,10080,10080,0.368508,,,set;sequence;together,problems/real/corpus.json
real,23,propositionalwfomc,error,,10080,1.654416,GanakError,ganak exited with code 255,set;sequence;together,problems/real/corpus.json
real,23,coso,error,,10080,0.139697,CoSoEncodingError,CoSo backend does not support Cofola sequence objects; use TupleDef/tuple(...) for CoSo-compatible ordered arrangements.,set;sequence;together,problems/real/corpus.json
real,23,asp,unsolved,,10080,0.119647,CoSoEncodingError,CoSo backend does not support Cofola sequence objects; use TupleDef/tuple(...) for CoSo-compatible ordered arrangements.,set;sequence;together,problems/real/corpus.json
real,23,essence,unsolved,,10080,0.127331,CoSoEncodingError,CoSo backend does not support Cofola sequence objects; use TupleDef/tuple(...) for CoSo-compatible ordered arrangements.,set;sequence;together,problems/real/corpus.json
real,24,wfomc,solved,1296540,1296540,0.703578,,,set;choose;multiple choosing;second order logic,problems/real/corpus.json
real,24,propositionalwfomc,error,,1296540,0.316305,GanakError,ganak exited with code 255,set;choose;multiple choosing;second order logic,problems/real/corpus.json
real,24,coso,error,,1296540,0.242336,CoSoEncodingError,"CoSo backend supports exactly one target configuration per component; found 3 (#7, #8, #10).",set;choose;multiple choosing;second order logic,problems/real/corpus.json
real,24,asp,unsolved,,1296540,0.227517,CoSoEncodingError,"CoSo backend supports exactly one target configuration per component; found 3 (#7, #8, #10).",set;choose;multiple choosing;second order logic,problems/real/corpus.json
real,24,essence,unsolved,,1296540,2.594873,CoSoEncodingError,"CoSo backend supports exactly one target configuration per component; found 3 (#7, #8, #10).",set;choose;multiple choosing;second order logic,problems/real/corpus.json
real,25,wfomc,solved,72,72,0.361367,,,set;choose;multiple choosing,problems/real/corpus.json
real,25,propositionalwfomc,error,,72,0.267991,GanakError,ganak exited with code 255,set;choose;multiple choosing,problems/real/corpus.json
real,25,coso,solved,72,72,0.191102,,,set;choose;multiple choosing,problems/real/corpus.json
real,25,asp,solved,72,72,0.175649,,,set;choose;multiple choosing,problems/real/corpus.json
real,25,essence,solved,72,72,3.149276,,,set;choose;multiple choosing,problems/real/corpus.json
real,26,wfomc,solved,13,13,2.994096,,,set;choose;or constraint;subset;benchmark,problems/real/corpus.json
real,26,propositionalwfomc,error,,13,0.600031,GanakError,ganak exited with code 255,set;choose;or constraint;subset;benchmark,problems/real/corpus.json
real,26,coso,wrong,0,13,2.074852,WrongAnswer,"expected 13, got 0",set;choose;or constraint;subset;benchmark,problems/real/corpus.json
real,26,asp,solved,13,13,0.319909,,,set;choose;or constraint;subset;benchmark,problems/real/corpus.json
real,26,essence,unsolved,,13,3.707920,RuntimeError,Conjure did not produce model000001.solutions,set;choose;or constraint;subset;benchmark,problems/real/corpus.json
real,27,wfomc,solved,15,15,0.235274,,,set;choose,problems/real/corpus.json
real,27,propositionalwfomc,error,,15,0.212432,GanakError,ganak exited with code 255,set;choose,problems/real/corpus.json
real,27,coso,solved,15,15,0.133806,,,set;choose,problems/real/corpus.json
real,27,asp,solved,15,15,0.120554,,,set;choose,problems/real/corpus.json
real,27,essence,solved,15,15,1.369562,,,set;choose,problems/real/corpus.json
real,28,wfomc,solved,243,243,0.296695,,,set;composition,problems/real/corpus.json
real,28,propositionalwfomc,error,,243,0.356775,GanakError,ganak exited with code 255,set;composition,problems/real/corpus.json
real,28,coso,solved,243,243,0.127885,,,set;composition,problems/real/corpus.json
real,28,asp,unsolved,0,243,0.109220,WrongAnswer,"expected 243, got 0",set;composition,problems/real/corpus.json
real,28,essence,unsolved,150,243,1.272728,WrongAnswer,"expected 243, got 150",set;composition,problems/real/corpus.json
real,29,wfomc,solved,720,720,0.511685,,,set;sequence;together;leq,problems/real/corpus.json
real,29,propositionalwfomc,error,,720,2.406758,GanakError,ganak exited with code 255,set;sequence;together;leq,problems/real/corpus.json
real,29,coso,error,,720,0.167982,CoSoEncodingError,CoSo backend does not support Cofola sequence objects; use TupleDef/tuple(...) for CoSo-compatible ordered arrangements.,set;sequence;together;leq,problems/real/corpus.json
real,29,asp,unsolved,,720,0.138475,CoSoEncodingError,CoSo backend does not support Cofola sequence objects; use TupleDef/tuple(...) for CoSo-compatible ordered arrangements.,set;sequence;together;leq,problems/real/corpus.json
real,29,essence,unsolved,,720,0.144977,CoSoEncodingError,CoSo backend does not support Cofola sequence objects; use TupleDef/tuple(...) for CoSo-compatible ordered arrangements.,set;sequence;together;leq,problems/real/corpus.json
real,30,wfomc,solved,25200,25200,1.177309,,,set;choose;tuple;multiple choosing;difference,problems/real/corpus.json
real,30,propositionalwfomc,error,,25200,12.546102,GanakError,ganak exited with code 255,set;choose;tuple;multiple choosing;difference,problems/real/corpus.json
real,30,coso,error,,25200,0.214905,CoSoEncodingError,"CoSo backend supports exactly one target configuration per component; found 3 (male_roles_permute, female_roles_permute, other_roles_permute).",set;choose;tuple;multiple choosing;difference,problems/real/corpus.json
real,30,asp,unsolved,,25200,0.183708,CoSoEncodingError,"CoSo backend supports exactly one target configuration per component; found 3 (male_roles_permute, female_roles_permute, other_roles_permute).",set;choose;tuple;multiple choosing;difference,problems/real/corpus.json
real,30,essence,unsolved,,25200,0.192717,CoSoEncodingError,"CoSo backend supports exactly one target configuration per component; found 3 (male_roles_permute, female_roles_permute, other_roles_permute).",set;choose;tuple;multiple choosing;difference,problems/real/corpus.json
real,31,wfomc,solved,12,12,0.368113,,,set;sequence;next_to;not constraint;benchmark,problems/real/corpus.json
real,31,propositionalwfomc,error,,12,0.662326,GanakError,ganak exited with code 255,set;sequence;next_to;not constraint;benchmark,problems/real/corpus.json
real,31,coso,error,,12,0.126149,CoSoEncodingError,CoSo backend does not support Cofola sequence objects; use TupleDef/tuple(...) for CoSo-compatible ordered arrangements.,set;sequence;next_to;not constraint;benchmark,problems/real/corpus.json
real,31,asp,unsolved,,12,0.115572,CoSoEncodingError,CoSo backend does not support Cofola sequence objects; use TupleDef/tuple(...) for CoSo-compatible ordered arrangements.,set;sequence;next_to;not constraint;benchmark,problems/real/corpus.json
real,31,essence,unsolved,,12,0.115190,CoSoEncodingError,CoSo backend does not support Cofola sequence objects; use TupleDef/tuple(...) for CoSo-compatible ordered arrangements.,set;sequence;next_to;not constraint;benchmark,problems/real/corpus.json
real,32,wfomc,solved,21,21,0.562262,,,bag;tuple,problems/real/corpus.json
real,32,propositionalwfomc,error,,21,1.924977,GanakError,ganak exited with code 255,bag;tuple,problems/real/corpus.json
real,32,coso,solved,21,21,0.136547,,,bag;tuple,problems/real/corpus.json
real,32,asp,solved,21,21,0.125636,,,bag;tuple,problems/real/corpus.json
real,32,essence,solved,21,21,0.889099,,,bag;tuple,problems/real/corpus.json
real,33,wfomc,solved,960,960,0.523200,,,set;circle;next_to;not constraint;benchmark,problems/real/corpus.json
real,33,propositionalwfomc,error,,960,3.540344,GanakError,ganak exited with code 255,set;circle;next_to;not constraint;benchmark,problems/real/corpus.json
real,33,coso,error,,960,0.144978,CoSoEncodingError,CoSo backend does not support Cofola circle objects.,set;circle;next_to;not constraint;benchmark,problems/real/corpus.json
real,33,asp,unsolved,,960,0.121196,CoSoEncodingError,CoSo backend does not support Cofola circle objects.,set;circle;next_to;not constraint;benchmark,problems/real/corpus.json
real,33,essence,unsolved,,960,0.130525,CoSoEncodingError,CoSo backend does not support Cofola circle objects.,set;circle;next_to;not constraint;benchmark,problems/real/corpus.json
real,34,wfomc,solved,3,3,0.428598,,,bag;sequence;pred;not constraint;benchmark,problems/real/corpus.json
real,34,propositionalwfomc,error,,3,2.194687,GanakError,ganak exited with code 255,bag;sequence;pred;not constraint;benchmark,problems/real/corpus.json
real,34,coso,error,,3,0.132270,CoSoEncodingError,CoSo backend does not support Cofola sequence objects; use TupleDef/tuple(...) for CoSo-compatible ordered arrangements.,bag;sequence;pred;not constraint;benchmark,problems/real/corpus.json
real,34,asp,unsolved,,3,0.110017,CoSoEncodingError,CoSo backend does not support Cofola sequence objects; use TupleDef/tuple(...) for CoSo-compatible ordered arrangements.,bag;sequence;pred;not constraint;benchmark,problems/real/corpus.json
real,34,essence,unsolved,,3,0.112587,CoSoEncodingError,CoSo backend does not support Cofola sequence objects; use TupleDef/tuple(...) for CoSo-compatible ordered arrangements.,bag;sequence;pred;not constraint;benchmark,problems/real/corpus.json
real,35,wfomc,solved,60,60,0.569801,,,bag;tuple;index;in,problems/real/corpus.json
real,35,propositionalwfomc,error,,60,1.890997,GanakError,ganak exited with code 255,bag;tuple;index;in,problems/real/corpus.json
real,35,coso,solved,60,60,0.183371,,,bag;tuple;index;in,problems/real/corpus.json
real,35,asp,unsolved,,60,100.107046,TimeoutError,Timed out after 100.000s,bag;tuple;index;in,problems/real/corpus.json
real,35,essence,solved,60,60,1.241779,,,bag;tuple;index;in,problems/real/corpus.json
real,36,wfomc,solved,240,240,0.574610,,,set;tuple;index;in,problems/real/corpus.json
real,36,propositionalwfomc,error,,240,3.079259,GanakError,ganak exited with code 255,set;tuple;index;in,problems/real/corpus.json
real,36,coso,solved,240,240,0.202384,,,set;tuple;index;in,problems/real/corpus.json
real,36,asp,solved,240,240,0.158055,,,set;tuple;index;in,problems/real/corpus.json
real,36,essence,solved,240,240,1.733055,,,set;tuple;index;in,problems/real/corpus.json
real,38,wfomc,solved,3,3,0.419050,,,bag;partition,problems/real/corpus.json
real,38,propositionalwfomc,error,,3,0.375649,GanakError,ganak exited with code 255,bag;partition,problems/real/corpus.json
real,38,coso,solved,3,3,0.128590,,,bag;partition,problems/real/corpus.json
real,38,asp,unsolved,,3,0.116672,BaselineUnsupportedError,ASP baseline translator does not support partition.,bag;partition,problems/real/corpus.json
real,38,essence,unsolved,1,3,0.630486,WrongAnswer,"expected 3, got 1",bag;partition,problems/real/corpus.json
real,39,wfomc,solved,720,720,0.380534,,,set;circle;together,problems/real/corpus.json
real,39,propositionalwfomc,error,,720,1.668690,GanakError,ganak exited with code 255,set;circle;together,problems/real/corpus.json
real,39,coso,error,,720,0.154510,CoSoEncodingError,CoSo backend does not support Cofola circle objects.,set;circle;together,problems/real/corpus.json
real,39,asp,unsolved,,720,0.139943,CoSoEncodingError,CoSo backend does not support Cofola circle objects.,set;circle;together,problems/real/corpus.json
real,39,essence,unsolved,,720,0.129692,CoSoEncodingError,CoSo backend does not support Cofola circle objects.,set;circle;together,problems/real/corpus.json
real,40,wfomc,solved,560,560,0.570855,,,bag;choose_replace_permute;sequence;pred;count pred,problems/real/corpus.json
real,40,propositionalwfomc,error,,560,9.572218,GanakError,ganak exited with code 255,bag;choose_replace_permute;sequence;pred;count pred,problems/real/corpus.json
real,40,coso,error,,560,0.156419,CoSoEncodingError,CoSo backend does not support Cofola sequence objects; use TupleDef/tuple(...) for CoSo-compatible ordered arrangements.,bag;choose_replace_permute;sequence;pred;count pred,problems/real/corpus.json
real,40,asp,unsolved,,560,0.134690,CoSoEncodingError,CoSo backend does not support Cofola sequence objects; use TupleDef/tuple(...) for CoSo-compatible ordered arrangements.,bag;choose_replace_permute;sequence;pred;count pred,problems/real/corpus.json
real,40,essence,unsolved,,560,0.140322,CoSoEncodingError,CoSo backend does not support Cofola sequence objects; use TupleDef/tuple(...) for CoSo-compatible ordered arrangements.,bag;choose_replace_permute;sequence;pred;count pred,problems/real/corpus.json
real,41,wfomc,solved,1386,1386,0.345469,,,set;choose;size constraint;intersection,problems/real/corpus.json
real,41,propositionalwfomc,error,,1386,0.717561,GanakError,ganak exited with code 255,set;choose;size constraint;intersection,problems/real/corpus.json
real,41,coso,solved,1386,1386,0.233480,,,set;choose;size constraint;intersection,problems/real/corpus.json
real,41,asp,solved,1386,1386,0.607896,,,set;choose;size constraint;intersection,problems/real/corpus.json
real,41,essence,solved,1386,1386,4.051649,,,set;choose;size constraint;intersection,problems/real/corpus.json
real,42,wfomc,solved,17280,17280,0.390905,,,set;sequence;together,problems/real/corpus.json
real,42,propositionalwfomc,error,,17280,2.029020,GanakError,ganak exited with code 255,set;sequence;together,problems/real/corpus.json
real,42,coso,error,,17280,0.152901,CoSoEncodingError,CoSo backend does not support Cofola sequence objects; use TupleDef/tuple(...) for CoSo-compatible ordered arrangements.,set;sequence;together,problems/real/corpus.json
real,42,asp,unsolved,,17280,0.136449,CoSoEncodingError,CoSo backend does not support Cofola sequence objects; use TupleDef/tuple(...) for CoSo-compatible ordered arrangements.,set;sequence;together,problems/real/corpus.json
real,42,essence,unsolved,,17280,0.128162,CoSoEncodingError,CoSo backend does not support Cofola sequence objects; use TupleDef/tuple(...) for CoSo-compatible ordered arrangements.,set;sequence;together,problems/real/corpus.json
real,43,wfomc,solved,15,15,0.249633,,,set;choose;size constraint,problems/real/corpus.json
real,43,propositionalwfomc,error,,15,0.218579,GanakError,ganak exited with code 255,set;choose;size constraint,problems/real/corpus.json
real,43,coso,wrong,11,15,0.182269,WrongAnswer,"expected 15, got 11",set;choose;size constraint,problems/real/corpus.json
real,43,asp,unsolved,11,15,0.156819,WrongAnswer,"expected 15, got 11",set;choose;size constraint,problems/real/corpus.json
real,43,essence,unsolved,11,15,3.418697,WrongAnswer,"expected 15, got 11",set;choose;size constraint,problems/real/corpus.json
real,44,wfomc,solved,672,672,0.304130,,,set;choose;intersection;size constraint,problems/real/corpus.json
real,44,propositionalwfomc,error,,672,0.554857,GanakError,ganak exited with code 255,set;choose;intersection;size constraint,problems/real/corpus.json
real,44,coso,error,,672,0.183874,AttributeError,'NoneType' object has no attribute 'copy',set;choose;intersection;size constraint,problems/real/corpus.json
real,44,asp,solved,672,672,0.201263,,,set;choose;intersection;size constraint,problems/real/corpus.json
real,44,essence,solved,672,672,4.241612,,,set;choose;intersection;size constraint,problems/real/corpus.json
real,45,wfomc,solved,2880,2880,0.374126,,,set;sequence;together,problems/real/corpus.json
real,45,propositionalwfomc,error,,2880,1.652372,GanakError,ganak exited with code 255,set;sequence;together,problems/real/corpus.json
real,45,coso,error,,2880,0.141377,CoSoEncodingError,CoSo backend does not support Cofola sequence objects; use TupleDef/tuple(...) for CoSo-compatible ordered arrangements.,set;sequence;together,problems/real/corpus.json
real,45,asp,unsolved,,2880,0.129975,CoSoEncodingError,CoSo backend does not support Cofola sequence objects; use TupleDef/tuple(...) for CoSo-compatible ordered arrangements.,set;sequence;together,problems/real/corpus.json
real,45,essence,unsolved,,2880,0.128741,CoSoEncodingError,CoSo backend does not support Cofola sequence objects; use TupleDef/tuple(...) for CoSo-compatible ordered arrangements.,set;sequence;together,problems/real/corpus.json
real,46,wfomc,solved,25,25,2.421999,,,bag;tuple;index;compare element;or constraint;benchmark,problems/real/corpus.json
real,46,propositionalwfomc,error,,25,2.772756,GanakError,ganak exited with code 255,bag;tuple;index;compare element;or constraint;benchmark,problems/real/corpus.json
real,46,coso,wrong,90,25,0.385369,WrongAnswer,"expected 25, got 90",bag;tuple;index;compare element;or constraint;benchmark,problems/real/corpus.json
real,46,asp,unsolved,,25,100.106469,TimeoutError,Timed out after 100.000s,bag;tuple;index;compare element;or constraint;benchmark,problems/real/corpus.json
real,46,essence,unsolved,,25,0.408275,RuntimeError,Error:,bag;tuple;index;compare element;or constraint;benchmark,problems/real/corpus.json
real,47,wfomc,solved,144,144,0.356166,,,set;circle;next_to;not constraint,problems/real/corpus.json
real,47,propositionalwfomc,error,,144,1.075441,GanakError,ganak exited with code 255,set;circle;next_to;not constraint,problems/real/corpus.json
real,47,coso,error,,144,0.148863,CoSoEncodingError,CoSo backend does not support Cofola circle objects.,set;circle;next_to;not constraint,problems/real/corpus.json
real,47,asp,unsolved,,144,0.128952,CoSoEncodingError,CoSo backend does not support Cofola circle objects.,set;circle;next_to;not constraint,problems/real/corpus.json
real,47,essence,unsolved,,144,0.134540,CoSoEncodingError,CoSo backend does not support Cofola circle objects.,set;circle;next_to;not constraint,problems/real/corpus.json
real,48,wfomc,solved,35,35,0.556689,,,bag;tuple,problems/real/corpus.json
real,48,propositionalwfomc,error,,35,1.948013,GanakError,ganak exited with code 255,bag;tuple,problems/real/corpus.json
real,48,coso,solved,35,35,0.132195,,,bag;tuple,problems/real/corpus.json
real,48,asp,solved,35,35,0.130202,,,bag;tuple,problems/real/corpus.json
real,48,essence,solved,35,35,0.905790,,,bag;tuple,problems/real/corpus.json
real,49,wfomc,solved,12441600,12441600,0.723622,,,set;tuple,problems/real/corpus.json
real,49,propositionalwfomc,error,,12441600,1.439056,GanakError,ganak exited with code 255,set;tuple,problems/real/corpus.json
real,49,coso,solved,12441600,12441600,0.212161,,,set;tuple,problems/real/corpus.json
real,49,asp,solved,12441600,12441600,0.259556,,,set;tuple,problems/real/corpus.json
real,49,essence,solved,12441600,12441600,4.497046,,,set;tuple,problems/real/corpus.json
real,50,wfomc,solved,34650,34650,2.334981,,,bag;tuple,problems/real/corpus.json
real,50,propositionalwfomc,error,,34650,7.440016,GanakError,ganak exited with code 255,bag;tuple,problems/real/corpus.json
real,50,coso,solved,34650,34650,0.141051,,,bag;tuple,problems/real/corpus.json
real,50,asp,unsolved,,34650,100.065676,TimeoutError,Timed out after 100.000s,bag;tuple,problems/real/corpus.json
real,50,essence,solved,34650,34650,28.581752,,,bag;tuple,problems/real/corpus.json
real,53,wfomc,solved,28800,28800,5.459394,,,set;circle;together,problems/real/corpus.json
real,53,propositionalwfomc,error,,28800,6.908446,GanakError,ganak exited with code 255,set;circle;together,problems/real/corpus.json
real,53,coso,error,,28800,0.169412,CoSoEncodingError,CoSo backend does not support Cofola circle objects.,set;circle;together,problems/real/corpus.json
real,53,asp,unsolved,,28800,0.146992,CoSoEncodingError,CoSo backend does not support Cofola circle objects.,set;circle;together,problems/real/corpus.json
real,53,essence,unsolved,,28800,0.143060,CoSoEncodingError,CoSo backend does not support Cofola circle objects.,set;circle;together,problems/real/corpus.json
real,55,wfomc,solved,18,18,0.433928,,,set;tuple;index;not constraint;compare element,problems/real/corpus.json
real,55,propositionalwfomc,error,,18,0.920479,GanakError,ganak exited with code 255,set;tuple;index;not constraint;compare element,problems/real/corpus.json
real,55,coso,solved,18,18,0.163871,,,set;tuple;index;not constraint;compare element,problems/real/corpus.json
real,55,asp,solved,18,18,0.124515,,,set;tuple;index;not constraint;compare element,problems/real/corpus.json
real,55,essence,solved,18,18,1.174605,,,set;tuple;index;not constraint;compare element,problems/real/corpus.json
real,56,wfomc,solved,45045,45045,0.270505,,,set;choose;multiple choosing,problems/real/corpus.json
real,56,propositionalwfomc,error,,45045,0.438619,GanakError,ganak exited with code 255,set;choose;multiple choosing,problems/real/corpus.json
real,56,coso,wrong,15,45045,0.148308,WrongAnswer,"expected 45045, got 15",set;choose;multiple choosing,problems/real/corpus.json
real,56,asp,unsolved,15,45045,0.126497,WrongAnswer,"expected 45045, got 15",set;choose;multiple choosing,problems/real/corpus.json
real,56,essence,unsolved,15,45045,2.183162,WrongAnswer,"expected 45045, got 15",set;choose;multiple choosing,problems/real/corpus.json
real,57,wfomc,solved,25972650,25972650,0.355898,,,set;choose;multiple choosing,problems/real/corpus.json
real,57,propositionalwfomc,error,,25972650,26.495777,GanakError,ganak exited with code 255,set;choose;multiple choosing,problems/real/corpus.json
real,57,coso,error,,25972650,0.162996,CoSoEncodingError,"CoSo backend supports exactly one target configuration per component; found 2 (#2, #3).",set;choose;multiple choosing,problems/real/corpus.json
real,57,asp,unsolved,,25972650,0.138585,CoSoEncodingError,"CoSo backend supports exactly one target configuration per component; found 2 (#2, #3).",set;choose;multiple choosing,problems/real/corpus.json
real,57,essence,unsolved,,25972650,0.139064,CoSoEncodingError,"CoSo backend supports exactly one target configuration per component; found 2 (#2, #3).",set;choose;multiple choosing,problems/real/corpus.json
real,58,wfomc,solved,280,280,0.343061,,,set;choose;multiple choosing,problems/real/corpus.json
real,58,propositionalwfomc,error,,280,0.576803,GanakError,ganak exited with code 255,set;choose;multiple choosing,problems/real/corpus.json
real,58,coso,error,,280,0.147783,CoSoEncodingError,"CoSo backend supports exactly one target configuration per component; found 2 (dogs, cats).",set;choose;multiple choosing,problems/real/corpus.json
real,58,asp,unsolved,,280,0.137418,CoSoEncodingError,"CoSo backend supports exactly one target configuration per component; found 2 (dogs, cats).",set;choose;multiple choosing,problems/real/corpus.json
real,58,essence,unsolved,,280,0.129682,CoSoEncodingError,"CoSo backend supports exactly one target configuration per component; found 2 (dogs, cats).",set;choose;multiple choosing,problems/real/corpus.json
real,59,wfomc,solved,10,10,0.222722,,,set;choose,problems/real/corpus.json
real,59,propositionalwfomc,error,,10,0.207914,GanakError,ganak exited with code 255,set;choose,problems/real/corpus.json
real,59,coso,solved,10,10,0.133032,,,set;choose,problems/real/corpus.json
real,59,asp,solved,10,10,0.119582,,,set;choose,problems/real/corpus.json
real,59,essence,solved,10,10,1.267666,,,set;choose,problems/real/corpus.json
real,60,wfomc,solved,36,36,0.229392,,,set;choose,problems/real/corpus.json
real,60,propositionalwfomc,error,,36,0.230526,GanakError,ganak exited with code 255,set;choose,problems/real/corpus.json
real,60,coso,solved,36,36,0.134454,,,set;choose,problems/real/corpus.json
real,60,asp,solved,36,36,0.111164,,,set;choose,problems/real/corpus.json
real,60,essence,solved,36,36,1.618343,,,set;choose,problems/real/corpus.json
real,61,wfomc,solved,5120,5120,0.341009,,,set;choose;multiple choosing,problems/real/corpus.json
real,61,propositionalwfomc,error,,5120,0.710433,GanakError,ganak exited with code 255,set;choose;multiple choosing,problems/real/corpus.json
real,61,coso,error,,5120,0.142525,CoSoEncodingError,"CoSo backend supports exactly one target configuration per component; found 2 (chairman, rest).",set;choose;multiple choosing,problems/real/corpus.json
real,61,asp,unsolved,,5120,0.131746,CoSoEncodingError,"CoSo backend supports exactly one target configuration per component; found 2 (chairman, rest).",set;choose;multiple choosing,problems/real/corpus.json
real,61,essence,unsolved,,5120,0.131511,CoSoEncodingError,"CoSo backend supports exactly one target configuration per component; found 2 (chairman, rest).",set;choose;multiple choosing,problems/real/corpus.json
real,62,wfomc,solved,1920,1920,0.649540,,,set;choose;multiple choosing;choose_permute;tuple,problems/real/corpus.json
real,62,propositionalwfomc,error,,1920,3.558910,GanakError,ganak exited with code 255,set;choose;multiple choosing;choose_permute;tuple,problems/real/corpus.json
real,62,coso,error,,1920,0.186805,CoSoEncodingError,"CoSo backend supports exactly one target configuration per component; found 3 (female_lead, male_lead, others).",set;choose;multiple choosing;choose_permute;tuple,problems/real/corpus.json
real,62,asp,unsolved,,1920,0.161060,CoSoEncodingError,"CoSo backend supports exactly one target configuration per component; found 3 (female_lead, male_lead, others).",set;choose;multiple choosing;choose_permute;tuple,problems/real/corpus.json
real,62,essence,unsolved,,1920,0.149612,CoSoEncodingError,"CoSo backend supports exactly one target configuration per component; found 3 (female_lead, male_lead, others).",set;choose;multiple choosing;choose_permute;tuple,problems/real/corpus.json
real,63,wfomc,solved,220,220,0.232394,,,set;choose,problems/real/corpus.json
real,63,propositionalwfomc,error,,220,0.252243,GanakError,ganak exited with code 255,set;choose,problems/real/corpus.json
real,63,coso,solved,220,220,0.133760,,,set;choose,problems/real/corpus.json
real,63,asp,solved,220,220,0.131809,,,set;choose,problems/real/corpus.json
real,63,essence,solved,220,220,2.098516,,,set;choose,problems/real/corpus.json
real,65,wfomc,solved,61328,61328,0.630009,,,set;choose_replace_permute;tuple;index;compare element;count element;not constraint;or constraint,problems/real/corpus.json
real,65,propositionalwfomc,error,,61328,3.347214,GanakError,ganak exited with code 255,set;choose_replace_permute;tuple;index;compare element;count element;not constraint;or constraint,problems/real/corpus.json
real,65,coso,solved,61328,61328,0.572636,,,set;choose_replace_permute;tuple;index;compare element;count element;not constraint;or constraint,problems/real/corpus.json
real,65,asp,unsolved,,61328,100.105678,TimeoutError,Timed out after 100.000s,set;choose_replace_permute;tuple;index;compare element;count element;not constraint;or constraint,problems/real/corpus.json
real,65,essence,solved,61328,61328,50.969008,,,set;choose_replace_permute;tuple;index;compare element;count element;not constraint;or constraint,problems/real/corpus.json
real,66,wfomc,solved,750,750,0.408587,,,set;choose;multiple choosing,problems/real/corpus.json
real,66,propositionalwfomc,error,,750,0.281088,GanakError,ganak exited with code 255,set;choose;multiple choosing,problems/real/corpus.json
real,66,coso,solved,750,750,0.211032,,,set;choose;multiple choosing,problems/real/corpus.json
real,66,asp,solved,750,750,0.201613,,,set;choose;multiple choosing,problems/real/corpus.json
real,66,essence,solved,750,750,4.324705,,,set;choose;multiple choosing,problems/real/corpus.json
real,67,wfomc,solved,840,840,0.281951,,,set;choose;circle,problems/real/corpus.json
real,67,propositionalwfomc,error,,840,0.336706,GanakError,ganak exited with code 255,set;choose;circle,problems/real/corpus.json
real,67,coso,error,,840,0.138497,CoSoEncodingError,CoSo backend does not support Cofola circle objects.,set;choose;circle,problems/real/corpus.json
real,67,asp,unsolved,,840,0.121355,CoSoEncodingError,CoSo backend does not support Cofola circle objects.,set;choose;circle,problems/real/corpus.json
real,67,essence,unsolved,,840,0.120074,CoSoEncodingError,CoSo backend does not support Cofola circle objects.,set;choose;circle,problems/real/corpus.json
real,68,wfomc,solved,252,252,0.333087,,,set;choose;intersection;size constraint,problems/real/corpus.json
real,68,propositionalwfomc,error,,252,0.595745,GanakError,ganak exited with code 255,set;choose;intersection;size constraint,problems/real/corpus.json
real,68,coso,solved,252,252,0.218084,,,set;choose;intersection;size constraint,problems/real/corpus.json
real,68,asp,solved,252,252,0.211238,,,set;choose;intersection;size constraint,problems/real/corpus.json
real,68,essence,solved,252,252,2.654401,,,set;choose;intersection;size constraint,problems/real/corpus.json
real,69,wfomc,solved,840,840,0.446229,,,bag;tuple,problems/real/corpus.json
real,69,propositionalwfomc,error,,840,2.013287,GanakError,ganak exited with code 255,bag;tuple,problems/real/corpus.json
real,69,coso,solved,840,840,0.137962,,,bag;tuple,problems/real/corpus.json
real,69,asp,solved,840,840,19.453234,,,bag;tuple,problems/real/corpus.json
real,69,essence,solved,840,840,1.724503,,,bag;tuple,problems/real/corpus.json
real,70,wfomc,solved,28,28,0.512219,,,set;choose_replace,problems/real/corpus.json
real,70,propositionalwfomc,error,,28,0.487611,GanakError,ganak exited with code 255,set;choose_replace,problems/real/corpus.json
real,70,coso,wrong,0,28,0.137477,WrongAnswer,"expected 28, got 0",set;choose_replace,problems/real/corpus.json
real,70,asp,solved,28,28,0.122451,,,set;choose_replace,problems/real/corpus.json
real,70,essence,solved,28,28,0.872593,,,set;choose_replace,problems/real/corpus.json
real,71,wfomc,solved,12650,12650,0.234221,,,set;choose,problems/real/corpus.json
real,71,propositionalwfomc,error,,12650,0.402711,GanakError,ganak exited with code 255,set;choose,problems/real/corpus.json
real,71,coso,solved,12650,12650,0.134466,,,set;choose,problems/real/corpus.json
real,71,asp,solved,12650,12650,4.032565,,,set;choose,problems/real/corpus.json
real,71,essence,solved,12650,12650,15.178635,,,set;choose,problems/real/corpus.json
real,72,wfomc,solved,75075,75075,0.272018,,,set;choose;multiple choosing,problems/real/corpus.json
real,72,propositionalwfomc,error,,75075,0.452280,GanakError,ganak exited with code 255,set;choose;multiple choosing,problems/real/corpus.json
real,72,coso,wrong,105,75075,0.152528,WrongAnswer,"expected 75075, got 105",set;choose;multiple choosing,problems/real/corpus.json
real,72,asp,unsolved,105,75075,0.141853,WrongAnswer,"expected 75075, got 105",set;choose;multiple choosing,problems/real/corpus.json
real,72,essence,unsolved,105,75075,2.346890,WrongAnswer,"expected 75075, got 105",set;choose;multiple choosing,problems/real/corpus.json
real,73,wfomc,solved,48,48,0.805398,,,bag;tuple;choose_permute;in,problems/real/corpus.json
real,73,propositionalwfomc,error,,48,2.113063,GanakError,ganak exited with code 255,bag;tuple;choose_permute;in,problems/real/corpus.json
real,73,coso,wrong,72,48,0.156419,WrongAnswer,"expected 48, got 72",bag;tuple;choose_permute;in,problems/real/corpus.json
real,73,asp,unsolved,194,48,0.156206,WrongAnswer,"expected 48, got 194",bag;tuple;choose_permute;in,problems/real/corpus.json
real,73,essence,unsolved,,48,0.369057,RuntimeError,Error:,bag;tuple;choose_permute;in,problems/real/corpus.json
real,74,wfomc,solved,30951,30951,0.487755,,,set;choose_replace_permute;index;compare element;multiplicity constraint;not constraint;benchmark,problems/real/corpus.json
real,74,propositionalwfomc,error,,30951,2.187134,GanakError,ganak exited with code 255,set;choose_replace_permute;index;compare element;multiplicity constraint;not constraint;benchmark,problems/real/corpus.json
real,74,coso,wrong,36000,30951,0.186673,WrongAnswer,"expected 30951, got 36000",set;choose_replace_permute;index;compare element;multiplicity constraint;not constraint;benchmark,problems/real/corpus.json
real,74,asp,unsolved,,30951,100.105404,TimeoutError,Timed out after 100.000s,set;choose_replace_permute;index;compare element;multiplicity constraint;not constraint;benchmark,problems/real/corpus.json
real,74,essence,solved,30951,30951,26.509511,,,set;choose_replace_permute;index;compare element;multiplicity constraint;not constraint;benchmark,problems/real/corpus.json
real,75,wfomc,solved,6,6,0.564995,,,bag;tuple,problems/real/corpus.json
real,75,propositionalwfomc,error,,6,1.077777,GanakError,ganak exited with code 255,bag;tuple,problems/real/corpus.json
real,75,coso,solved,6,6,0.135542,,,bag;tuple,problems/real/corpus.json
real,75,asp,solved,6,6,0.122243,,,bag;tuple,problems/real/corpus.json
real,75,essence,solved,6,6,0.878188,,,bag;tuple,problems/real/corpus.json
real,76,wfomc,solved,70,70,0.352408,,,set;partition;not constraint;subset;benchmark,problems/real/corpus.json
real,76,propositionalwfomc,error,,70,0.507062,GanakError,ganak exited with code 255,set;partition;not constraint;subset;benchmark,problems/real/corpus.json
real,76,coso,wrong,0,70,0.209755,WrongAnswer,"expected 70, got 0",set;partition;not constraint;subset;benchmark,problems/real/corpus.json
real,76,asp,unsolved,0,70,0.181672,WrongAnswer,"expected 70, got 0",set;partition;not constraint;subset;benchmark,problems/real/corpus.json
real,76,essence,unsolved,,70,0.433648,RuntimeError,Error:,set;partition;not constraint;subset;benchmark,problems/real/corpus.json
real,78,wfomc,solved,1414,1414,0.405887,,,set;choose;intersection;size constraint,problems/real/corpus.json
real,78,propositionalwfomc,error,,1414,1.214466,GanakError,ganak exited with code 255,set;choose;intersection;size constraint,problems/real/corpus.json
real,78,coso,error,,1414,0.212124,CoSoEncodingError,CoSo backend only supports single-term size constraints.,set;choose;intersection;size constraint,problems/real/corpus.json
real,78,asp,unsolved,,1414,0.198915,CoSoEncodingError,CoSo backend only supports single-term size constraints.,set;choose;intersection;size constraint,problems/real/corpus.json
real,78,essence,unsolved,,1414,0.203878,CoSoEncodingError,CoSo backend only supports single-term size constraints.,set;choose;intersection;size constraint,problems/real/corpus.json
real,80,wfomc,solved,24,24,0.420795,,,set;sequence;next_to;not constraint,problems/real/corpus.json
real,80,propositionalwfomc,error,,24,1.239247,GanakError,ganak exited with code 255,set;sequence;next_to;not constraint,problems/real/corpus.json
real,80,coso,error,,24,0.171960,CoSoEncodingError,CoSo backend does not support Cofola sequence objects; use TupleDef/tuple(...) for CoSo-compatible ordered arrangements.,set;sequence;next_to;not constraint,problems/real/corpus.json
real,80,asp,unsolved,,24,0.157062,CoSoEncodingError,CoSo backend does not support Cofola sequence objects; use TupleDef/tuple(...) for CoSo-compatible ordered arrangements.,set;sequence;next_to;not constraint,problems/real/corpus.json
real,80,essence,unsolved,,24,0.149024,CoSoEncodingError,CoSo backend does not support Cofola sequence objects; use TupleDef/tuple(...) for CoSo-compatible ordered arrangements.,set;sequence;next_to;not constraint,problems/real/corpus.json
real,81,wfomc,solved,840,840,0.400075,,,set;choose;intersection;size constraint,problems/real/corpus.json
real,81,propositionalwfomc,error,,840,1.209400,GanakError,ganak exited with code 255,set;choose;intersection;size constraint,problems/real/corpus.json
real,81,coso,solved,840,840,0.360030,,,set;choose;intersection;size constraint,problems/real/corpus.json
real,81,asp,solved,840,840,0.358498,,,set;choose;intersection;size constraint,problems/real/corpus.json
real,81,essence,solved,840,840,4.611599,,,set;choose;intersection;size constraint,problems/real/corpus.json
real,82,wfomc,solved,48,48,0.379360,,,set;circle;next_to,problems/real/corpus.json
real,82,propositionalwfomc,error,,48,1.189126,GanakError,ganak exited with code 255,set;circle;next_to,problems/real/corpus.json
real,82,coso,error,,48,0.130463,CoSoEncodingError,CoSo backend does not support Cofola circle objects.,set;circle;next_to,problems/real/corpus.json
real,82,asp,unsolved,,48,0.117755,CoSoEncodingError,CoSo backend does not support Cofola circle objects.,set;circle;next_to,problems/real/corpus.json
real,82,essence,unsolved,,48,0.109176,CoSoEncodingError,CoSo backend does not support Cofola circle objects.,set;circle;next_to,problems/real/corpus.json
real,83,wfomc,solved,195,195,0.350900,,,set;choose;intersection;size constraint,problems/real/corpus.json
real,83,propositionalwfomc,error,,195,0.576610,GanakError,ganak exited with code 255,set;choose;intersection;size constraint,problems/real/corpus.json
real,83,coso,solved,195,195,0.528891,,,set;choose;intersection;size constraint,problems/real/corpus.json
real,83,asp,solved,195,195,0.291342,,,set;choose;intersection;size constraint,problems/real/corpus.json
real,83,essence,solved,195,195,3.736713,,,set;choose;intersection;size constraint,problems/real/corpus.json
real,84,wfomc,solved,28,28,0.242227,,,set;choose,problems/real/corpus.json
real,84,propositionalwfomc,error,,28,0.226673,GanakError,ganak exited with code 255,set;choose,problems/real/corpus.json
real,84,coso,solved,28,28,0.128312,,,set;choose,problems/real/corpus.json
real,84,asp,solved,28,28,0.112733,,,set;choose,problems/real/corpus.json
real,84,essence,solved,28,28,1.531468,,,set;choose,problems/real/corpus.json
real,85,wfomc,solved,225,225,0.293025,,,set;choose;multiple choosing,problems/real/corpus.json
real,85,propositionalwfomc,error,,225,0.244007,GanakError,ganak exited with code 255,set;choose;multiple choosing,problems/real/corpus.json
real,85,coso,solved,225,225,0.164673,,,set;choose;multiple choosing,problems/real/corpus.json
real,85,asp,solved,225,225,0.145486,,,set;choose;multiple choosing,problems/real/corpus.json
real,85,essence,solved,225,225,3.040079,,,set;choose;multiple choosing,problems/real/corpus.json
real,86,wfomc,solved,10,10,0.586383,,,bag;tuple;index;compare element;not constraint,problems/real/corpus.json
real,86,propositionalwfomc,error,,10,1.338440,GanakError,ganak exited with code 255,bag;tuple;index;compare element;not constraint,problems/real/corpus.json
real,86,coso,solved,10,10,0.139664,,,bag;tuple;index;compare element;not constraint,problems/real/corpus.json
real,86,asp,solved,10,10,0.121071,,,bag;tuple;index;compare element;not constraint,problems/real/corpus.json
real,86,essence,solved,10,10,0.884719,,,bag;tuple;index;compare element;not constraint,problems/real/corpus.json
real,87,wfomc,solved,2838,2838,0.306406,,,set;choose;intersection;size constraint,problems/real/corpus.json
real,87,propositionalwfomc,error,,2838,0.668889,GanakError,ganak exited with code 255,set;choose;intersection;size constraint,problems/real/corpus.json
real,87,coso,error,,2838,0.192643,AttributeError,'NoneType' object has no attribute 'copy',set;choose;intersection;size constraint,problems/real/corpus.json
real,87,asp,solved,2838,2838,0.869862,,,set;choose;intersection;size constraint,problems/real/corpus.json
real,87,essence,solved,2838,2838,7.230878,,,set;choose;intersection;size constraint,problems/real/corpus.json
real,90,wfomc,solved,672,672,0.267429,,,circle;reflection;benchmark,problems/real/corpus.json
real,90,propositionalwfomc,error,,672,0.365652,GanakError,ganak exited with code 255,circle;reflection;benchmark,problems/real/corpus.json
real,90,coso,error,,672,0.123319,CoSoEncodingError,CoSo backend does not support Cofola circle objects.,circle;reflection;benchmark,problems/real/corpus.json
real,90,asp,unsolved,,672,0.111876,CoSoEncodingError,CoSo backend does not support Cofola circle objects.,circle;reflection;benchmark,problems/real/corpus.json
real,90,essence,unsolved,,672,0.109545,CoSoEncodingError,CoSo backend does not support Cofola circle objects.,circle;reflection;benchmark,problems/real/corpus.json
real,91,wfomc,solved,771400,771400,0.303385,,,set;choose;multiple choosing,problems/real/corpus.json
real,91,propositionalwfomc,error,,771400,0.514061,GanakError,ganak exited with code 255,set;choose;multiple choosing,problems/real/corpus.json
real,91,coso,solved,771400,771400,0.168974,,,set;choose;multiple choosing,problems/real/corpus.json
real,91,asp,solved,771400,771400,0.754715,,,set;choose;multiple choosing,problems/real/corpus.json
real,91,essence,solved,771400,771400,11.544820,,,set;choose;multiple choosing,problems/real/corpus.json
real,92,wfomc,solved,15600,15600,0.429020,,,set;choose;multiple choosing;union;size constraint,problems/real/corpus.json
real,92,propositionalwfomc,error,,15600,12.348181,GanakError,ganak exited with code 255,set;choose;multiple choosing;union;size constraint,problems/real/corpus.json
real,92,coso,error,,15600,0.141554,CoSoEncodingError,CoSo backend does not support tuple dedup_count atoms.,set;choose;multiple choosing;union;size constraint,problems/real/corpus.json
real,92,asp,unsolved,,15600,0.194924,CoSoEncodingError,CoSo backend does not support tuple dedup_count atoms.,set;choose;multiple choosing;union;size constraint,problems/real/corpus.json
real,92,essence,unsolved,,15600,0.259166,CoSoEncodingError,CoSo backend does not support tuple dedup_count atoms.,set;choose;multiple choosing;union;size constraint,problems/real/corpus.json
real,93,wfomc,solved,5,5,0.486870,,,bag;choose;size constraint,problems/real/corpus.json
real,93,propositionalwfomc,error,,5,0.385599,GanakError,ganak exited with code 255,bag;choose;size constraint,problems/real/corpus.json
real,93,coso,solved,5,5,0.188816,,,bag;choose;size constraint,problems/real/corpus.json
real,93,asp,solved,5,5,0.174116,,,bag;choose;size constraint,problems/real/corpus.json
real,93,essence,solved,5,5,4.659815,,,bag;choose;size constraint,problems/real/corpus.json
real,94,wfomc,solved,56,56,0.282162,,,set;choose;subset,problems/real/corpus.json
real,94,propositionalwfomc,error,,56,0.335710,GanakError,ganak exited with code 255,set;choose;subset,problems/real/corpus.json
real,94,coso,solved,56,56,0.164662,,,set;choose;subset,problems/real/corpus.json
real,94,asp,solved,56,56,0.136520,,,set;choose;subset,problems/real/corpus.json
real,94,essence,solved,56,56,2.206109,,,set;choose;subset,problems/real/corpus.json
real,95,wfomc,solved,6,6,0.542634,,,bag;tuple;index;compare element;not constraint,problems/real/corpus.json
real,95,propositionalwfomc,error,,6,1.070168,GanakError,ganak exited with code 255,bag;tuple;index;compare element;not constraint,problems/real/corpus.json
real,95,coso,solved,6,6,0.165811,,,bag;tuple;index;compare element;not constraint,problems/real/corpus.json
real,95,asp,unsolved,196,6,0.139405,WrongAnswer,"expected 6, got 196",bag;tuple;index;compare element;not constraint,problems/real/corpus.json
real,95,essence,solved,6,6,1.071917,,,bag;tuple;index;compare element;not constraint,problems/real/corpus.json
real,96,wfomc,solved,480,480,0.380812,,,set;sequence;next_to;not constraint,problems/real/corpus.json
real,96,propositionalwfomc,error,,480,1.199166,GanakError,ganak exited with code 255,set;sequence;next_to;not constraint,problems/real/corpus.json
real,96,coso,error,,480,0.132644,CoSoEncodingError,CoSo backend does not support Cofola sequence objects; use TupleDef/tuple(...) for CoSo-compatible ordered arrangements.,set;sequence;next_to;not constraint,problems/real/corpus.json
real,96,asp,unsolved,,480,0.119598,CoSoEncodingError,CoSo backend does not support Cofola sequence objects; use TupleDef/tuple(...) for CoSo-compatible ordered arrangements.,set;sequence;next_to;not constraint,problems/real/corpus.json
real,96,essence,unsolved,,480,0.118031,CoSoEncodingError,CoSo backend does not support Cofola sequence objects; use TupleDef/tuple(...) for CoSo-compatible ordered arrangements.,set;sequence;next_to;not constraint,problems/real/corpus.json
real,97,wfomc,solved,16,16,0.214893,,,set;choose;in,problems/real/corpus.json
real,97,propositionalwfomc,error,,16,0.183981,GanakError,ganak exited with code 255,set;choose;in,problems/real/corpus.json
real,97,coso,solved,16,16,0.205934,,,set;choose;in,problems/real/corpus.json
real,97,asp,solved,16,16,0.133908,,,set;choose;in,problems/real/corpus.json
real,97,essence,solved,16,16,9.898824,,,set;choose;in,problems/real/corpus.json
real,98,wfomc,solved,12,12,0.830550,,,set;tuple;index;compare element,problems/real/corpus.json
real,98,propositionalwfomc,error,,12,2.217652,GanakError,ganak exited with code 255,set;tuple;index;compare element,problems/real/corpus.json
real,98,coso,solved,12,12,0.190191,,,set;tuple;index;compare element,problems/real/corpus.json
real,98,asp,solved,12,12,0.131422,,,set;tuple;index;compare element,problems/real/corpus.json
real,98,essence,solved,12,12,1.287084,,,set;tuple;index;compare element,problems/real/corpus.json
real,99,wfomc,solved,360,360,0.321945,,,set;sequence;leq,problems/real/corpus.json
real,99,propositionalwfomc,error,,360,0.893063,GanakError,ganak exited with code 255,set;sequence;leq,problems/real/corpus.json
real,99,coso,error,,360,0.133535,CoSoEncodingError,CoSo backend does not support Cofola sequence objects; use TupleDef/tuple(...) for CoSo-compatible ordered arrangements.,set;sequence;leq,problems/real/corpus.json
real,99,asp,unsolved,,360,0.114031,CoSoEncodingError,CoSo backend does not support Cofola sequence objects; use TupleDef/tuple(...) for CoSo-compatible ordered arrangements.,set;sequence;leq,problems/real/corpus.json
real,99,essence,unsolved,,360,0.112487,CoSoEncodingError,CoSo backend does not support Cofola sequence objects; use TupleDef/tuple(...) for CoSo-compatible ordered arrangements.,set;sequence;leq,problems/real/corpus.json
real,100,wfomc,solved,650,650,0.446612,,,set;choose;tuple,problems/real/corpus.json
real,100,propositionalwfomc,error,,650,30.100414,GanakError,ganak exited with code 255,set;choose;tuple,problems/real/corpus.json
real,100,coso,error,,650,0.176620,CoSoEncodingError,CoSo backend supports subset constraints only between target and a constant set.,set;choose;tuple,problems/real/corpus.json
real,100,asp,unsolved,,650,0.159113,CoSoEncodingError,CoSo backend supports subset constraints only between target and a constant set.,set;choose;tuple,problems/real/corpus.json
real,100,essence,unsolved,,650,0.151104,CoSoEncodingError,CoSo backend supports subset constraints only between target and a constant set.,set;choose;tuple,problems/real/corpus.json
real,101,wfomc,solved,5,5,0.418923,,,bag;composition,problems/real/corpus.json
real,101,propositionalwfomc,error,,5,0.378999,GanakError,ganak exited with code 255,bag;composition,problems/real/corpus.json
real,101,coso,solved,5,5,0.134297,,,bag;composition,problems/real/corpus.json
real,101,asp,unsolved,3,5,0.113244,WrongAnswer,"expected 5, got 3",bag;composition,problems/real/corpus.json
real,101,essence,unsolved,3,5,0.807154,WrongAnswer,"expected 5, got 3",bag;composition,problems/real/corpus.json
real,102,wfomc,solved,432,432,1.600684,,,set;sequence;together,problems/real/corpus.json
real,102,propositionalwfomc,error,,432,5.826151,GanakError,ganak exited with code 255,set;sequence;together,problems/real/corpus.json
real,102,coso,error,,432,0.186969,CoSoEncodingError,CoSo backend does not support Cofola sequence objects; use TupleDef/tuple(...) for CoSo-compatible ordered arrangements.,set;sequence;together,problems/real/corpus.json
real,102,asp,unsolved,,432,0.165017,CoSoEncodingError,CoSo backend does not support Cofola sequence objects; use TupleDef/tuple(...) for CoSo-compatible ordered arrangements.,set;sequence;together,problems/real/corpus.json
real,102,essence,unsolved,,432,0.163013,CoSoEncodingError,CoSo backend does not support Cofola sequence objects; use TupleDef/tuple(...) for CoSo-compatible ordered arrangements.,set;sequence;together,problems/real/corpus.json
real,103,wfomc,solved,495,495,0.224234,,,set;choose,problems/real/corpus.json
real,103,propositionalwfomc,error,,495,0.251588,GanakError,ganak exited with code 255,set;choose,problems/real/corpus.json
real,103,coso,solved,495,495,0.135759,,,set;choose,problems/real/corpus.json
real,103,asp,solved,495,495,0.151258,,,set;choose,problems/real/corpus.json
real,103,essence,solved,495,495,2.372122,,,set;choose,problems/real/corpus.json
real,104,wfomc,solved,840,840,0.397156,,,set;choose;intersection;size constraint,problems/real/corpus.json
real,104,propositionalwfomc,error,,840,1.211054,GanakError,ganak exited with code 255,set;choose;intersection;size constraint,problems/real/corpus.json
real,104,coso,solved,840,840,2.934154,,,set;choose;intersection;size constraint,problems/real/corpus.json
real,104,asp,solved,840,840,0.717830,,,set;choose;intersection;size constraint,problems/real/corpus.json
real,104,essence,unsolved,,840,3.510605,RuntimeError,Conjure did not produce model000001.solutions,set;choose;intersection;size constraint,problems/real/corpus.json
real,105,wfomc,solved,720,720,0.318863,,,set;tuple,problems/real/corpus.json
real,105,propositionalwfomc,error,,720,1.348854,GanakError,ganak exited with code 255,set;tuple,problems/real/corpus.json
real,105,coso,solved,720,720,0.137036,,,set;tuple,problems/real/corpus.json
real,105,asp,solved,720,720,0.165081,,,set;tuple,problems/real/corpus.json
real,105,essence,solved,720,720,1.672420,,,set;tuple,problems/real/corpus.json
real,106,wfomc,solved,15,15,1.048136,,,bag;partition,problems/real/corpus.json
real,106,propositionalwfomc,error,,15,0.555010,GanakError,ganak exited with code 255,bag;partition,problems/real/corpus.json
real,106,coso,solved,15,15,0.209766,,,bag;partition,problems/real/corpus.json
real,106,asp,unsolved,,15,0.264868,BaselineUnsupportedError,ASP baseline translator does not support partition.,bag;partition,problems/real/corpus.json
real,106,essence,unsolved,1,15,0.712833,WrongAnswer,"expected 15, got 1",bag;partition,problems/real/corpus.json
real,107,wfomc,solved,15,15,0.501465,,,bag;composition,problems/real/corpus.json
real,107,propositionalwfomc,error,,15,0.410660,GanakError,ganak exited with code 255,bag;composition,problems/real/corpus.json
real,107,coso,solved,15,15,0.119612,,,bag;composition,problems/real/corpus.json
real,107,asp,unsolved,3,15,0.112746,WrongAnswer,"expected 15, got 3",bag;composition,problems/real/corpus.json
real,107,essence,unsolved,3,15,0.793567,WrongAnswer,"expected 15, got 3",bag;composition,problems/real/corpus.json
real,108,wfomc,solved,126,126,0.321275,,,partition;benchmark,problems/real/corpus.json
real,108,propositionalwfomc,error,,126,0.509981,GanakError,ganak exited with code 255,partition;benchmark,problems/real/corpus.json
real,108,coso,solved,126,126,0.190455,,,partition;benchmark,problems/real/corpus.json
real,108,asp,unsolved,,126,0.167694,BaselineUnsupportedError,ASP baseline translator does not support partition.,partition;benchmark,problems/real/corpus.json
real,108,essence,unsolved,1,126,0.716681,WrongAnswer,"expected 126, got 1",partition;benchmark,problems/real/corpus.json
real,109,wfomc,solved,140,140,0.467534,,,set;choose;multiple choosing;not constraint,problems/real/corpus.json
real,109,propositionalwfomc,error,,140,0.602772,GanakError,ganak exited with code 255,set;choose;multiple choosing;not constraint,problems/real/corpus.json
real,109,coso,error,,140,0.219099,CoSoEncodingError,"CoSo backend supports exactly one target configuration per component; found 3 (#3, #4, #6).",set;choose;multiple choosing;not constraint,problems/real/corpus.json
real,109,asp,unsolved,,140,0.201411,CoSoEncodingError,"CoSo backend supports exactly one target configuration per component; found 3 (#3, #4, #6).",set;choose;multiple choosing;not constraint,problems/real/corpus.json
real,109,essence,unsolved,,140,0.202520,CoSoEncodingError,"CoSo backend supports exactly one target configuration per component; found 3 (#3, #4, #6).",set;choose;multiple choosing;not constraint,problems/real/corpus.json
real,110,wfomc,solved,504,504,0.604783,,,set;choose;multiple choosing,problems/real/corpus.json
real,110,propositionalwfomc,error,,504,4.557371,GanakError,ganak exited with code 255,set;choose;multiple choosing,problems/real/corpus.json
real,110,coso,error,,504,0.208326,CoSoEncodingError,"CoSo backend supports exactly one target configuration per component; found 4 (#4, #5, #7, #9).",set;choose;multiple choosing,problems/real/corpus.json
real,110,asp,unsolved,,504,0.190876,CoSoEncodingError,"CoSo backend supports exactly one target configuration per component; found 4 (#4, #5, #7, #9).",set;choose;multiple choosing,problems/real/corpus.json
real,110,essence,unsolved,,504,0.182595,CoSoEncodingError,"CoSo backend supports exactly one target configuration per component; found 4 (#4, #5, #7, #9).",set;choose;multiple choosing,problems/real/corpus.json
real,111,wfomc,solved,3,3,0.429320,,,bag;partition,problems/real/corpus.json
real,111,propositionalwfomc,error,,3,0.386060,GanakError,ganak exited with code 255,bag;partition,problems/real/corpus.json
real,111,coso,solved,3,3,0.127984,,,bag;partition,problems/real/corpus.json
real,111,asp,unsolved,,3,0.110114,BaselineUnsupportedError,ASP baseline translator does not support partition.,bag;partition,problems/real/corpus.json
real,111,essence,unsolved,1,3,0.631711,WrongAnswer,"expected 3, got 1",bag;partition,problems/real/corpus.json
real,112,wfomc,solved,1940,1940,0.400442,,,set;choose;intersection;size constraint,problems/real/corpus.json
real,112,propositionalwfomc,error,,1940,1.391700,GanakError,ganak exited with code 255,set;choose;intersection;size constraint,problems/real/corpus.json
real,112,coso,wrong,0,1940,0.644899,WrongAnswer,"expected 1940, got 0",set;choose;intersection;size constraint,problems/real/corpus.json
real,112,asp,solved,1940,1940,0.433401,,,set;choose;intersection;size constraint,problems/real/corpus.json
real,112,essence,solved,1940,1940,10.006978,,,set;choose;intersection;size constraint,problems/real/corpus.json
real,113,wfomc,solved,362880,362880,0.223693,,,set;circle,problems/real/corpus.json
real,113,propositionalwfomc,error,,362880,0.344691,GanakError,ganak exited with code 255,set;circle,problems/real/corpus.json
real,113,coso,error,,362880,0.143863,CoSoEncodingError,CoSo backend does not support Cofola circle objects.,set;circle,problems/real/corpus.json
real,113,asp,unsolved,,362880,0.125073,CoSoEncodingError,CoSo backend does not support Cofola circle objects.,set;circle,problems/real/corpus.json
real,113,essence,unsolved,,362880,0.212685,CoSoEncodingError,CoSo backend does not support Cofola circle objects.,set;circle,problems/real/corpus.json
real,114,wfomc,solved,21,21,0.319672,,,set;choose,problems/real/corpus.json
real,114,propositionalwfomc,error,,21,0.375632,GanakError,ganak exited with code 255,set;choose,problems/real/corpus.json
real,114,coso,solved,21,21,0.141976,,,set;choose,problems/real/corpus.json
real,114,asp,solved,21,21,0.119246,,,set;choose,problems/real/corpus.json
real,114,essence,solved,21,21,1.433442,,,set;choose,problems/real/corpus.json
real,116,wfomc,solved,126,126,0.252384,,,set;choose,problems/real/corpus.json
real,116,propositionalwfomc,error,,126,0.247774,GanakError,ganak exited with code 255,set;choose,problems/real/corpus.json
real,116,coso,solved,126,126,0.146005,,,set;choose,problems/real/corpus.json
real,116,asp,solved,126,126,0.134747,,,set;choose,problems/real/corpus.json
real,116,essence,solved,126,126,1.848296,,,set;choose,problems/real/corpus.json
real,117,wfomc,solved,5,5,0.548682,,,bag;partition,problems/real/corpus.json
real,117,propositionalwfomc,error,,5,0.451843,GanakError,ganak exited with code 255,bag;partition,problems/real/corpus.json
real,117,coso,solved,5,5,0.134271,,,bag;partition,problems/real/corpus.json
real,117,asp,unsolved,,5,0.119145,BaselineUnsupportedError,ASP baseline translator does not support partition.,bag;partition,problems/real/corpus.json
real,117,essence,unsolved,1,5,0.667643,WrongAnswer,"expected 5, got 1",bag;partition,problems/real/corpus.json
real,118,wfomc,solved,1024,1024,0.241400,,,set;composition,problems/real/corpus.json
real,118,propositionalwfomc,error,,1024,0.415170,GanakError,ganak exited with code 255,set;composition,problems/real/corpus.json
real,118,coso,solved,1024,1024,0.124734,,,set;composition,problems/real/corpus.json
real,118,asp,unsolved,0,1024,0.119374,WrongAnswer,"expected 1024, got 0",set;composition,problems/real/corpus.json
real,118,essence,unsolved,1022,1024,3.288413,WrongAnswer,"expected 1024, got 1022",set;composition,problems/real/corpus.json
real,119,wfomc,solved,30,30,0.339728,,,set;choose;multiple choosing,problems/real/corpus.json
real,119,propositionalwfomc,error,,30,0.464962,GanakError,ganak exited with code 255,set;choose;multiple choosing,problems/real/corpus.json
real,119,coso,error,,30,0.155591,CoSoEncodingError,"CoSo backend supports exactly one target configuration per component; found 2 (#2, #3).",set;choose;multiple choosing,problems/real/corpus.json
real,119,asp,unsolved,,30,0.136738,CoSoEncodingError,"CoSo backend supports exactly one target configuration per component; found 2 (#2, #3).",set;choose;multiple choosing,problems/real/corpus.json
real,119,essence,unsolved,,30,0.134803,CoSoEncodingError,"CoSo backend supports exactly one target configuration per component; found 2 (#2, #3).",set;choose;multiple choosing,problems/real/corpus.json
real,120,wfomc,solved,30860,30860,1.430464,,,tuple;unknown length,problems/real/corpus.json
real,120,propositionalwfomc,error,,30860,3.134339,GanakError,ganak exited with code 255,tuple;unknown length,problems/real/corpus.json
real,120,coso,wrong,28558,30860,0.309622,WrongAnswer,"expected 30860, got 28558",tuple;unknown length,problems/real/corpus.json
real,120,asp,unsolved,,30860,100.105198,TimeoutError,Timed out after 100.000s,tuple;unknown length,problems/real/corpus.json
real,120,essence,solved,30860,30860,28.666297,,,tuple;unknown length,problems/real/corpus.json
real,121,wfomc,solved,4,4,0.459509,,,set;choose;or constraint;subset,problems/real/corpus.json
real,121,propositionalwfomc,error,,4,0.658932,GanakError,ganak exited with code 255,set;choose;or constraint;subset,problems/real/corpus.json
real,121,coso,solved,4,4,0.521939,,,set;choose;or constraint;subset,problems/real/corpus.json
real,121,asp,solved,4,4,0.242378,,,set;choose;or constraint;subset,problems/real/corpus.json
real,121,essence,solved,4,4,3.008698,,,set;choose;or constraint;subset,problems/real/corpus.json
real,122,wfomc,solved,12,12,0.223948,,,circle;reflection,problems/real/corpus.json
real,122,propositionalwfomc,error,,12,0.223592,GanakError,ganak exited with code 255,circle;reflection,problems/real/corpus.json
real,122,coso,error,,12,0.138627,CoSoEncodingError,CoSo backend does not support Cofola circle objects.,circle;reflection,problems/real/corpus.json
real,122,asp,unsolved,,12,0.118119,CoSoEncodingError,CoSo backend does not support Cofola circle objects.,circle;reflection,problems/real/corpus.json
real,122,essence,unsolved,,12,0.117686,CoSoEncodingError,CoSo backend does not support Cofola circle objects.,circle;reflection,problems/real/corpus.json
real,124,wfomc,solved,32,32,0.251163,,,set;composition,problems/real/corpus.json
real,124,propositionalwfomc,error,,32,0.272581,GanakError,ganak exited with code 255,set;composition,problems/real/corpus.json
real,124,coso,solved,32,32,0.137866,,,set;composition,problems/real/corpus.json
real,124,asp,unsolved,0,32,0.127437,WrongAnswer,"expected 32, got 0",set;composition,problems/real/corpus.json
real,124,essence,unsolved,30,32,1.211319,WrongAnswer,"expected 32, got 30",set;composition,problems/real/corpus.json
real,125,wfomc,solved,100000,100000,0.288950,,,set;choose_replace_permute,problems/real/corpus.json
real,125,propositionalwfomc,error,,100000,1.029864,GanakError,ganak exited with code 255,set;choose_replace_permute,problems/real/corpus.json
real,125,coso,solved,100000,100000,0.144427,,,set;choose_replace_permute,problems/real/corpus.json
real,125,asp,unsolved,,100000,100.058244,TimeoutError,Timed out after 100.000s,set;choose_replace_permute,problems/real/corpus.json
real,125,essence,solved,100000,100000,72.667990,,,set;choose_replace_permute,problems/real/corpus.json
real,126,wfomc,solved,6,6,0.247056,,,set;choose,problems/real/corpus.json
real,126,propositionalwfomc,error,,6,0.228889,GanakError,ganak exited with code 255,set;choose,problems/real/corpus.json
real,126,coso,solved,6,6,0.143827,,,set;choose,problems/real/corpus.json
real,126,asp,solved,6,6,0.126308,,,set;choose,problems/real/corpus.json
real,126,essence,solved,6,6,1.435661,,,set;choose,problems/real/corpus.json
real,127,wfomc,solved,43,43,1.297430,,,bag;tuple;choose_permute,problems/real/corpus.json
real,127,propositionalwfomc,error,,43,2.617011,GanakError,ganak exited with code 255,bag;tuple;choose_permute,problems/real/corpus.json
real,127,coso,solved,43,43,0.134445,,,bag;tuple;choose_permute,problems/real/corpus.json
real,127,asp,solved,43,43,0.123442,,,bag;tuple;choose_permute,problems/real/corpus.json
real,127,essence,solved,43,43,1.020350,,,bag;tuple;choose_permute,problems/real/corpus.json
real,128,wfomc,solved,12500,12500,0.609987,,,set;choose_permute;tuple;index;in,problems/real/corpus.json
real,128,propositionalwfomc,error,,12500,2.358686,GanakError,ganak exited with code 255,set;choose_permute;tuple;index;in,problems/real/corpus.json
real,128,coso,solved,12500,12500,0.186372,,,set;choose_permute;tuple;index;in,problems/real/corpus.json
real,128,asp,solved,12500,12500,4.141878,,,set;choose_permute;tuple;index;in,problems/real/corpus.json
real,128,essence,solved,12500,12500,11.590818,,,set;choose_permute;tuple;index;in,problems/real/corpus.json
real,129,wfomc,solved,36,36,0.737694,,,bag;composition,problems/real/corpus.json
real,129,propositionalwfomc,error,,36,0.553086,GanakError,ganak exited with code 255,bag;composition,problems/real/corpus.json
real,129,coso,solved,36,36,0.122764,,,bag;composition,problems/real/corpus.json
real,129,asp,unsolved,12,36,0.105245,WrongAnswer,"expected 36, got 12",bag;composition,problems/real/corpus.json
real,129,essence,unsolved,12,36,0.909774,WrongAnswer,"expected 36, got 12",bag;composition,problems/real/corpus.json
real,130,wfomc,solved,34560,34560,5.977993,,,set;sequence;together,problems/real/corpus.json
real,130,propositionalwfomc,error,,34560,10.299598,GanakError,ganak exited with code 255,set;sequence;together,problems/real/corpus.json
real,130,coso,error,,34560,0.169443,CoSoEncodingError,CoSo backend does not support Cofola sequence objects; use TupleDef/tuple(...) for CoSo-compatible ordered arrangements.,set;sequence;together,problems/real/corpus.json
real,130,asp,unsolved,,34560,0.202152,CoSoEncodingError,CoSo backend does not support Cofola sequence objects; use TupleDef/tuple(...) for CoSo-compatible ordered arrangements.,set;sequence;together,problems/real/corpus.json
real,130,essence,unsolved,,34560,0.203499,CoSoEncodingError,CoSo backend does not support Cofola sequence objects; use TupleDef/tuple(...) for CoSo-compatible ordered arrangements.,set;sequence;together,problems/real/corpus.json
real,131,wfomc,solved,1512,1512,0.519009,,,set;choose_permute;tuple;index;in,problems/real/corpus.json
real,131,propositionalwfomc,error,,1512,3.258673,GanakError,ganak exited with code 255,set;choose_permute;tuple;index;in,problems/real/corpus.json
real,131,coso,solved,1512,1512,0.174669,,,set;choose_permute;tuple;index;in,problems/real/corpus.json
real,131,asp,solved,1512,1512,0.255623,,,set;choose_permute;tuple;index;in,problems/real/corpus.json
real,131,essence,solved,1512,1512,2.835096,,,set;choose_permute;tuple;index;in,problems/real/corpus.json
real,132,wfomc,solved,72,72,0.717827,,,bag;choose;multiple choosing;benchmark,problems/real/corpus.json
real,132,propositionalwfomc,error,,72,0.398934,GanakError,ganak exited with code 255,bag;choose;multiple choosing;benchmark,problems/real/corpus.json
real,132,coso,solved,72,72,0.153691,,,bag;choose;multiple choosing;benchmark,problems/real/corpus.json
real,132,asp,solved,72,72,0.142283,,,bag;choose;multiple choosing;benchmark,problems/real/corpus.json
real,132,essence,solved,72,72,2.308455,,,bag;choose;multiple choosing;benchmark,problems/real/corpus.json
real,133,wfomc,solved,880,880,0.397913,,,set;choose_replace_permute;sequence;count pred,problems/real/corpus.json
real,133,propositionalwfomc,error,,880,2.567346,GanakError,ganak exited with code 255,set;choose_replace_permute;sequence;count pred,problems/real/corpus.json
real,133,coso,error,,880,0.132738,CoSoEncodingError,CoSo backend does not support Cofola sequence objects; use TupleDef/tuple(...) for CoSo-compatible ordered arrangements.,set;choose_replace_permute;sequence;count pred,problems/real/corpus.json
real,133,asp,unsolved,,880,0.123340,CoSoEncodingError,CoSo backend does not support Cofola sequence objects; use TupleDef/tuple(...) for CoSo-compatible ordered arrangements.,set;choose_replace_permute;sequence;count pred,problems/real/corpus.json
real,133,essence,unsolved,,880,0.122270,CoSoEncodingError,CoSo backend does not support Cofola sequence objects; use TupleDef/tuple(...) for CoSo-compatible ordered arrangements.,set;choose_replace_permute;sequence;count pred,problems/real/corpus.json
real,134,wfomc,solved,4320,4320,0.540478,,,set;tuple;index;in,problems/real/corpus.json
real,134,propositionalwfomc,error,,4320,3.707114,GanakError,ganak exited with code 255,set;tuple;index;in,problems/real/corpus.json
real,134,coso,solved,4320,4320,0.200577,,,set;tuple;index;in,problems/real/corpus.json
real,134,asp,solved,4320,4320,0.994691,,,set;tuple;index;in,problems/real/corpus.json
real,134,essence,solved,4320,4320,5.402178,,,set;tuple;index;in,problems/real/corpus.json
real,135,wfomc,solved,60,60,0.307319,,,set;sequence;leq,problems/real/corpus.json
real,135,propositionalwfomc,error,,60,0.688124,GanakError,ganak exited with code 255,set;sequence;leq,problems/real/corpus.json
real,135,coso,error,,60,0.124412,CoSoEncodingError,CoSo backend does not support Cofola sequence objects; use TupleDef/tuple(...) for CoSo-compatible ordered arrangements.,set;sequence;leq,problems/real/corpus.json
real,135,asp,unsolved,,60,0.107379,CoSoEncodingError,CoSo backend does not support Cofola sequence objects; use TupleDef/tuple(...) for CoSo-compatible ordered arrangements.,set;sequence;leq,problems/real/corpus.json
real,135,essence,unsolved,,60,0.105163,CoSoEncodingError,CoSo backend does not support Cofola sequence objects; use TupleDef/tuple(...) for CoSo-compatible ordered arrangements.,set;sequence;leq,problems/real/corpus.json
real,136,wfomc,solved,4320,4320,0.849013,,,set;choose;tuple;intersection;size constraint,problems/real/corpus.json
real,136,propositionalwfomc,error,,4320,21.942646,GanakError,ganak exited with code 255,set;choose;tuple;intersection;size constraint,problems/real/corpus.json
real,136,coso,error,,4320,0.243038,CoSoEncodingError,"CoSo backend supports size constraints on the target, target/property intersections, target differences, and target parts.",set;choose;tuple;intersection;size constraint,problems/real/corpus.json
real,136,asp,unsolved,,4320,0.228372,CoSoEncodingError,"CoSo backend supports size constraints on the target, target/property intersections, target differences, and target parts.",set;choose;tuple;intersection;size constraint,problems/real/corpus.json
real,136,essence,unsolved,,4320,0.229579,CoSoEncodingError,"CoSo backend supports size constraints on the target, target/property intersections, target differences, and target parts.",set;choose;tuple;intersection;size constraint,problems/real/corpus.json
real,137,wfomc,solved,3600,3600,0.369452,,,set;circle;next_to;not constraint,problems/real/corpus.json
real,137,propositionalwfomc,error,,3600,1.865700,GanakError,ganak exited with code 255,set;circle;next_to;not constraint,problems/real/corpus.json
real,137,coso,error,,3600,0.122695,CoSoEncodingError,CoSo backend does not support Cofola circle objects.,set;circle;next_to;not constraint,problems/real/corpus.json
real,137,asp,unsolved,,3600,0.102233,CoSoEncodingError,CoSo backend does not support Cofola circle objects.,set;circle;next_to;not constraint,problems/real/corpus.json
real,137,essence,unsolved,,3600,0.102517,CoSoEncodingError,CoSo backend does not support Cofola circle objects.,set;circle;next_to;not constraint,problems/real/corpus.json
real,138,wfomc,solved,7000,7000,0.429544,,,set;choose;multiple choosing,problems/real/corpus.json
real,138,propositionalwfomc,error,,7000,2.228273,GanakError,ganak exited with code 255,set;choose;multiple choosing,problems/real/corpus.json
real,138,coso,error,,7000,0.166698,CoSoEncodingError,"CoSo backend supports exactly one target configuration per component; found 3 (#3, #4, #6).",set;choose;multiple choosing,problems/real/corpus.json
real,138,asp,unsolved,,7000,0.146909,CoSoEncodingError,"CoSo backend supports exactly one target configuration per component; found 3 (#3, #4, #6).",set;choose;multiple choosing,problems/real/corpus.json
real,138,essence,unsolved,,7000,0.147401,CoSoEncodingError,"CoSo backend supports exactly one target configuration per component; found 3 (#3, #4, #6).",set;choose;multiple choosing,problems/real/corpus.json
real,139,wfomc,solved,165,165,0.269705,,,set;choose;subset,problems/real/corpus.json
real,139,propositionalwfomc,error,,165,0.413231,GanakError,ganak exited with code 255,set;choose;subset,problems/real/corpus.json
real,139,coso,solved,165,165,0.169340,,,set;choose;subset,problems/real/corpus.json
real,139,asp,solved,165,165,0.229159,,,set;choose;subset,problems/real/corpus.json
real,139,essence,solved,165,165,2.820199,,,set;choose;subset,problems/real/corpus.json
real,141,wfomc,solved,120,120,0.274165,,,set;choose;subset,problems/real/corpus.json
real,141,propositionalwfomc,error,,120,0.369465,GanakError,ganak exited with code 255,set;choose;subset,problems/real/corpus.json
real,141,coso,solved,120,120,0.158804,,,set;choose;subset,problems/real/corpus.json
real,141,asp,solved,120,120,0.157336,,,set;choose;subset,problems/real/corpus.json
real,141,essence,solved,120,120,2.426267,,,set;choose;subset,problems/real/corpus.json
real,142,wfomc,solved,151200,151200,0.689510,,,set;choose;multiple choosing,problems/real/corpus.json
real,142,propositionalwfomc,error,,151200,2.061778,GanakError,ganak exited with code 255,set;choose;multiple choosing,problems/real/corpus.json
real,142,coso,error,,151200,0.187816,CoSoEncodingError,"CoSo backend supports exactly one target configuration per component; found 5 (chief, supporting_chief_A, supporting_chief_B, inferior_officers_A, inferior_officers_B).",set;choose;multiple choosing,problems/real/corpus.json
real,142,asp,unsolved,,151200,0.167887,CoSoEncodingError,"CoSo backend supports exactly one target configuration per component; found 5 (chief, supporting_chief_A, supporting_chief_B, inferior_officers_A, inferior_officers_B).",set;choose;multiple choosing,problems/real/corpus.json
real,142,essence,unsolved,,151200,0.168963,CoSoEncodingError,"CoSo backend supports exactly one target configuration per component; found 5 (chief, supporting_chief_A, supporting_chief_B, inferior_officers_A, inferior_officers_B).",set;choose;multiple choosing,problems/real/corpus.json
real,143,wfomc,solved,10,10,0.532667,,,bag;composition;none_empty,problems/real/corpus.json
real,143,propositionalwfomc,error,,10,0.460228,GanakError,ganak exited with code 255,bag;composition;none_empty,problems/real/corpus.json
real,143,coso,solved,10,10,0.177546,,,bag;composition;none_empty,problems/real/corpus.json
real,143,asp,unsolved,7,10,0.169450,WrongAnswer,"expected 10, got 7",bag;composition;none_empty,problems/real/corpus.json
real,143,essence,unsolved,,10,0.406224,RuntimeError,Error:,bag;composition;none_empty,problems/real/corpus.json
real,144,wfomc,solved,15,15,0.381150,,,set;partition,problems/real/corpus.json
real,144,propositionalwfomc,error,,15,0.443174,GanakError,ganak exited with code 255,set;partition,problems/real/corpus.json
real,144,coso,solved,15,15,0.115551,,,set;partition,problems/real/corpus.json
real,144,asp,unsolved,,15,0.103871,BaselineUnsupportedError,ASP baseline translator does not support partition.,set;partition,problems/real/corpus.json
real,144,essence,unsolved,1,15,0.616067,WrongAnswer,"expected 15, got 1",set;partition,problems/real/corpus.json
real,145,wfomc,solved,59049,59049,0.279734,,,set;composition,problems/real/corpus.json
real,145,propositionalwfomc,error,,59049,0.637278,GanakError,ganak exited with code 255,set;composition,problems/real/corpus.json
real,145,coso,solved,59049,59049,0.124372,,,set;composition,problems/real/corpus.json
real,145,asp,unsolved,0,59049,0.114640,WrongAnswer,"expected 59049, got 0",set;composition,problems/real/corpus.json
real,145,essence,unsolved,55980,59049,94.410079,WrongAnswer,"expected 59049, got 55980",set;composition,problems/real/corpus.json
real,146,wfomc,solved,371043400,371043400,0.427119,,,set;choose;intersection;size constraint,problems/real/corpus.json
real,146,propositionalwfomc,error,,371043400,22.443225,GanakError,ganak exited with code 255,set;choose;intersection;size constraint,problems/real/corpus.json
real,146,coso,solved,371043400,371043400,1.008384,,,set;choose;intersection;size constraint,problems/real/corpus.json
real,146,asp,unsolved,,371043400,100.103758,TimeoutError,Timed out after 100.000s,set;choose;intersection;size constraint,problems/real/corpus.json
real,146,essence,unsolved,,371043400,100.077321,TimeoutError,Timed out after 100.000s,set;choose;intersection;size constraint,problems/real/corpus.json
real,147,wfomc,solved,33800,33800,1.053548,,,set;choose_replace_permute;tuple;intersection;size constraint,problems/real/corpus.json
real,147,propositionalwfomc,error,,33800,3.151928,GanakError,ganak exited with code 255,set;choose_replace_permute;tuple;intersection;size constraint,problems/real/corpus.json
real,147,coso,solved,33800,33800,0.281155,,,set;choose_replace_permute;tuple;intersection;size constraint,problems/real/corpus.json
real,147,asp,solved,33800,33800,0.233602,,,set;choose_replace_permute;tuple;intersection;size constraint,problems/real/corpus.json
real,147,essence,solved,33800,33800,2.818315,,,set;choose_replace_permute;tuple;intersection;size constraint,problems/real/corpus.json
real,148,wfomc,solved,29700,29700,0.906394,,,over partitioned sets,problems/real/corpus.json
real,148,propositionalwfomc,error,,29700,4.139495,GanakError,ganak exited with code 255,over partitioned sets,problems/real/corpus.json
real,148,coso,solved,29700,29700,3.619755,,,over partitioned sets,problems/real/corpus.json
real,148,asp,unsolved,0,29700,0.283350,WrongAnswer,"expected 29700, got 0",over partitioned sets,problems/real/corpus.json
real,148,essence,unsolved,,29700,0.511756,RuntimeError,Error:,over partitioned sets,problems/real/corpus.json
real,149,wfomc,solved,2880,2880,0.409610,,,set;circle;pred;succ,problems/real/corpus.json
real,149,propositionalwfomc,error,,2880,2.594813,GanakError,ganak exited with code 255,set;circle;pred;succ,problems/real/corpus.json
real,149,coso,error,,2880,0.157268,CoSoEncodingError,CoSo backend does not support Cofola circle objects.,set;circle;pred;succ,problems/real/corpus.json
real,149,asp,unsolved,,2880,0.131747,CoSoEncodingError,CoSo backend does not support Cofola circle objects.,set;circle;pred;succ,problems/real/corpus.json
real,149,essence,unsolved,,2880,0.142114,CoSoEncodingError,CoSo backend does not support Cofola circle objects.,set;circle;pred;succ,problems/real/corpus.json
real,151,wfomc,solved,180,180,1.267175,,,set;choose;multiple choosing;subset;or constraint,problems/real/corpus.json
real,151,propositionalwfomc,error,,180,2.959576,GanakError,ganak exited with code 255,set;choose;multiple choosing;subset;or constraint,problems/real/corpus.json
real,151,coso,error,,180,0.225767,CoSoEncodingError,"CoSo backend supports exactly one target configuration per component; found 2 (president, vice_president).",set;choose;multiple choosing;subset;or constraint,problems/real/corpus.json
real,151,asp,unsolved,,180,0.215745,CoSoEncodingError,"CoSo backend supports exactly one target configuration per component; found 2 (president, vice_president).",set;choose;multiple choosing;subset;or constraint,problems/real/corpus.json
real,151,essence,unsolved,,180,0.212418,CoSoEncodingError,"CoSo backend supports exactly one target configuration per component; found 2 (president, vice_president).",set;choose;multiple choosing;subset;or constraint,problems/real/corpus.json
real,152,wfomc,solved,36,36,0.246153,,,set;choose;size constraint,problems/real/corpus.json
real,152,propositionalwfomc,error,,36,0.233890,GanakError,ganak exited with code 255,set;choose;size constraint,problems/real/corpus.json
real,152,coso,wrong,255,36,0.182165,WrongAnswer,"expected 36, got 255",set;choose;size constraint,problems/real/corpus.json
real,152,asp,unsolved,255,36,0.181215,WrongAnswer,"expected 36, got 255",set;choose;size constraint,problems/real/corpus.json
real,152,essence,unsolved,255,36,12.206852,WrongAnswer,"expected 36, got 255",set;choose;size constraint,problems/real/corpus.json
real,153,wfomc,solved,8,8,0.237224,,,set;partition,problems/real/corpus.json
real,153,propositionalwfomc,error,,8,0.221945,GanakError,ganak exited with code 255,set;partition,problems/real/corpus.json
real,153,coso,solved,8,8,0.123709,,,set;partition,problems/real/corpus.json
real,153,asp,unsolved,,8,0.106713,BaselineUnsupportedError,ASP baseline translator does not support partition.,set;partition,problems/real/corpus.json
real,153,essence,unsolved,1,8,0.629359,WrongAnswer,"expected 8, got 1",set;partition,problems/real/corpus.json
real,154,wfomc,solved,12,12,0.197857,,,circle;reflection,problems/real/corpus.json
real,154,propositionalwfomc,error,,12,0.211561,GanakError,ganak exited with code 255,circle;reflection,problems/real/corpus.json
real,154,coso,error,,12,0.126630,CoSoEncodingError,CoSo backend does not support Cofola circle objects.,circle;reflection,problems/real/corpus.json
real,154,asp,unsolved,,12,0.103540,CoSoEncodingError,CoSo backend does not support Cofola circle objects.,circle;reflection,problems/real/corpus.json
real,154,essence,unsolved,,12,0.112824,CoSoEncodingError,CoSo backend does not support Cofola circle objects.,circle;reflection,problems/real/corpus.json
real,155,wfomc,solved,40320,40320,0.199554,,,set;circle,problems/real/corpus.json
real,155,propositionalwfomc,error,,40320,0.288692,GanakError,ganak exited with code 255,set;circle,problems/real/corpus.json
real,155,coso,error,,40320,0.123327,CoSoEncodingError,CoSo backend does not support Cofola circle objects.,set;circle,problems/real/corpus.json
real,155,asp,unsolved,,40320,0.104443,CoSoEncodingError,CoSo backend does not support Cofola circle objects.,set;circle,problems/real/corpus.json
real,155,essence,unsolved,,40320,0.102551,CoSoEncodingError,CoSo backend does not support Cofola circle objects.,set;circle,problems/real/corpus.json
real,156,wfomc,solved,62,62,0.291011,,,set;composition;none_empty,problems/real/corpus.json
real,156,propositionalwfomc,error,,62,0.331017,GanakError,ganak exited with code 255,set;composition;none_empty,problems/real/corpus.json
real,156,coso,solved,62,62,0.171581,,,set;composition;none_empty,problems/real/corpus.json
real,156,asp,unsolved,0,62,0.166283,WrongAnswer,"expected 62, got 0",set;composition;none_empty,problems/real/corpus.json
real,156,essence,unsolved,,62,0.411238,RuntimeError,Error:,set;composition;none_empty,problems/real/corpus.json
real,157,wfomc,solved,156,156,0.358333,,,set;choose;not constraint;subset,problems/real/corpus.json
real,157,propositionalwfomc,error,,156,0.587848,GanakError,ganak exited with code 255,set;choose;not constraint;subset,problems/real/corpus.json
real,157,coso,solved,156,156,0.210095,,,set;choose;not constraint;subset,problems/real/corpus.json
real,157,asp,solved,156,156,0.180780,,,set;choose;not constraint;subset,problems/real/corpus.json
real,157,essence,solved,156,156,2.796419,,,set;choose;not constraint;subset,problems/real/corpus.json
real,158,wfomc,solved,125,125,0.265463,,,set;choose_replace_permute;tuple,problems/real/corpus.json
real,158,propositionalwfomc,error,,125,0.426199,GanakError,ganak exited with code 255,set;choose_replace_permute;tuple,problems/real/corpus.json
real,158,coso,solved,125,125,0.127471,,,set;choose_replace_permute;tuple,problems/real/corpus.json
real,158,asp,solved,125,125,0.119371,,,set;choose_replace_permute;tuple,problems/real/corpus.json
real,158,essence,solved,125,125,0.722674,,,set;choose_replace_permute;tuple,problems/real/corpus.json
real,160,wfomc,solved,49,49,3.042512,,,set;choose;multiple choosing;subset;or constraint,problems/real/corpus.json
real,160,propositionalwfomc,error,,49,1.052489,GanakError,ganak exited with code 255,set;choose;multiple choosing;subset;or constraint,problems/real/corpus.json
real,160,coso,wrong,0,49,3.248494,WrongAnswer,"expected 49, got 0",set;choose;multiple choosing;subset;or constraint,problems/real/corpus.json
real,160,asp,solved,49,49,0.368699,,,set;choose;multiple choosing;subset;or constraint,problems/real/corpus.json
real,160,essence,unsolved,,49,6.227686,RuntimeError,Conjure did not produce model000001.solutions,set;choose;multiple choosing;subset;or constraint,problems/real/corpus.json
real,161,wfomc,solved,864,864,1.722843,,,set;composition;index;in,problems/real/corpus.json
real,161,propositionalwfomc,error,,864,4.158294,GanakError,ganak exited with code 255,set;composition;index;in,problems/real/corpus.json
real,161,coso,solved,864,864,8.495889,,,set;composition;index;in,problems/real/corpus.json
real,161,asp,unsolved,0,864,0.342218,WrongAnswer,"expected 864, got 0",set;composition;index;in,problems/real/corpus.json
real,161,essence,unsolved,,864,0.585085,RuntimeError,Error:,set;composition;index;in,problems/real/corpus.json
real,162,wfomc,solved,56,56,0.234027,,,set;choose,problems/real/corpus.json
real,162,propositionalwfomc,error,,56,0.218482,GanakError,ganak exited with code 255,set;choose,problems/real/corpus.json
real,162,coso,solved,56,56,0.121622,,,set;choose,problems/real/corpus.json
real,162,asp,solved,56,56,0.110030,,,set;choose,problems/real/corpus.json
real,162,essence,solved,56,56,1.533521,,,set;choose,problems/real/corpus.json
real,163,wfomc,solved,3003,3003,0.235935,,,set;choose,problems/real/corpus.json
real,163,propositionalwfomc,error,,3003,0.263893,GanakError,ganak exited with code 255,set;choose,problems/real/corpus.json
real,163,coso,solved,3003,3003,0.136245,,,set;choose,problems/real/corpus.json
real,163,asp,solved,3003,3003,0.526358,,,set;choose,problems/real/corpus.json
real,163,essence,solved,3003,3003,4.890406,,,set;choose,problems/real/corpus.json
real,164,wfomc,solved,968,968,0.278844,,,set;composition;index;size constraint,problems/real/corpus.json
real,164,propositionalwfomc,error,,968,0.424243,GanakError,ganak exited with code 255,set;composition;index;size constraint,problems/real/corpus.json
real,164,coso,error,,968,0.184208,CoSoEncodingError,"CoSo backend supports size constraints on the target, target/property intersections, target differences, and target parts.",set;composition;index;size constraint,problems/real/corpus.json
real,164,asp,unsolved,,968,0.157409,CoSoEncodingError,"CoSo backend supports size constraints on the target, target/property intersections, target differences, and target parts.",set;composition;index;size constraint,problems/real/corpus.json
real,164,essence,unsolved,,968,0.148509,CoSoEncodingError,"CoSo backend supports size constraints on the target, target/property intersections, target differences, and target parts.",set;composition;index;size constraint,problems/real/corpus.json
real,165,wfomc,solved,7,7,0.400228,,,bag;choose,problems/real/corpus.json
real,165,propositionalwfomc,error,,7,0.412565,GanakError,ganak exited with code 255,bag;choose,problems/real/corpus.json
real,165,coso,solved,7,7,0.124067,,,bag;choose,problems/real/corpus.json
real,165,asp,solved,7,7,0.111509,,,bag;choose,problems/real/corpus.json
real,165,essence,solved,7,7,1.179307,,,bag;choose,problems/real/corpus.json
real,166,wfomc,solved,58500,58500,0.547798,,,set;choose_permute;tuple;multiple choosing,problems/real/corpus.json
real,166,propositionalwfomc,error,,58500,8.879248,GanakError,ganak exited with code 255,set;choose_permute;tuple;multiple choosing,problems/real/corpus.json
real,166,coso,solved,58500,58500,0.153682,,,set;choose_permute;tuple;multiple choosing,problems/real/corpus.json
real,166,asp,solved,58500,58500,0.177883,,,set;choose_permute;tuple;multiple choosing,problems/real/corpus.json
real,166,essence,solved,58500,58500,5.554885,,,set;choose_permute;tuple;multiple choosing,problems/real/corpus.json
real,167,wfomc,solved,48048,48048,0.291897,,,set;choose;multiple choosing,problems/real/corpus.json
real,167,propositionalwfomc,error,,48048,0.870549,GanakError,ganak exited with code 255,set;choose;multiple choosing,problems/real/corpus.json
real,167,coso,error,,48048,0.129586,CoSoEncodingError,"CoSo backend supports exactly one target configuration per component; found 2 (goalie, regulars).",set;choose;multiple choosing,problems/real/corpus.json
real,167,asp,unsolved,,48048,0.119613,CoSoEncodingError,"CoSo backend supports exactly one target configuration per component; found 2 (goalie, regulars).",set;choose;multiple choosing,problems/real/corpus.json
real,167,essence,unsolved,,48048,0.118915,CoSoEncodingError,"CoSo backend supports exactly one target configuration per component; found 2 (goalie, regulars).",set;choose;multiple choosing,problems/real/corpus.json
real,168,wfomc,solved,12,12,0.502272,,,set;choose;multiple choosing;tuple;difference;subset,problems/real/corpus.json
real,168,propositionalwfomc,error,,12,0.894638,GanakError,ganak exited with code 255,set;choose;multiple choosing;tuple;difference;subset,problems/real/corpus.json
real,168,coso,error,,12,0.170571,CoSoEncodingError,"CoSo backend supports exactly one target configuration per component; found 2 (back_seats, driver_seat).",set;choose;multiple choosing;tuple;difference;subset,problems/real/corpus.json
real,168,asp,unsolved,,12,0.158868,CoSoEncodingError,"CoSo backend supports exactly one target configuration per component; found 2 (back_seats, driver_seat).",set;choose;multiple choosing;tuple;difference;subset,problems/real/corpus.json
real,168,essence,unsolved,,12,0.151528,CoSoEncodingError,"CoSo backend supports exactly one target configuration per component; found 2 (back_seats, driver_seat).",set;choose;multiple choosing;tuple;difference;subset,problems/real/corpus.json
real,169,wfomc,solved,14,14,1.414141,,,bag;composition;partition,problems/real/corpus.json
real,169,propositionalwfomc,error,,14,1.336676,GanakError,ganak exited with code 255,bag;composition;partition,problems/real/corpus.json
real,169,coso,error,,14,0.146135,CoSoEncodingError,"CoSo backend supports exactly one target configuration per component; found 3 (lamps, white_lamps, red_lamps).",bag;composition;partition,problems/real/corpus.json
real,169,asp,unsolved,,14,0.134540,CoSoEncodingError,"CoSo backend supports exactly one target configuration per component; found 3 (lamps, white_lamps, red_lamps).",bag;composition;partition,problems/real/corpus.json
real,169,essence,unsolved,,14,0.134960,CoSoEncodingError,"CoSo backend supports exactly one target configuration per component; found 3 (lamps, white_lamps, red_lamps).",bag;composition;partition,problems/real/corpus.json
real,170,wfomc,solved,325,325,0.321355,,,set;choose;intersection;size constraint,problems/real/corpus.json
real,170,propositionalwfomc,error,,325,0.543500,GanakError,ganak exited with code 255,set;choose;intersection;size constraint,problems/real/corpus.json
real,170,coso,solved,325,325,0.330594,,,set;choose;intersection;size constraint,problems/real/corpus.json
real,170,asp,solved,325,325,0.200376,,,set;choose;intersection;size constraint,problems/real/corpus.json
real,170,essence,solved,325,325,3.968654,,,set;choose;intersection;size constraint,problems/real/corpus.json
real,171,wfomc,solved,60,60,0.300217,,,set;choose;multiple choosing,problems/real/corpus.json
real,171,propositionalwfomc,error,,60,0.228406,GanakError,ganak exited with code 255,set;choose;multiple choosing,problems/real/corpus.json
real,171,coso,solved,60,60,0.156200,,,set;choose;multiple choosing,problems/real/corpus.json
real,171,asp,solved,60,60,0.135477,,,set;choose;multiple choosing,problems/real/corpus.json
real,171,essence,solved,60,60,2.313978,,,set;choose;multiple choosing,problems/real/corpus.json
real,172,wfomc,solved,12441600,12441600,71.839511,,,set;sequence;together;timeout,problems/real/corpus.json
real,172,propositionalwfomc,error,,12441600,19.184388,GanakError,ganak exited with code 255,set;sequence;together;timeout,problems/real/corpus.json
real,172,coso,error,,12441600,0.181209,CoSoEncodingError,CoSo backend does not support Cofola sequence objects; use TupleDef/tuple(...) for CoSo-compatible ordered arrangements.,set;sequence;together;timeout,problems/real/corpus.json
real,172,asp,unsolved,,12441600,0.154380,CoSoEncodingError,CoSo backend does not support Cofola sequence objects; use TupleDef/tuple(...) for CoSo-compatible ordered arrangements.,set;sequence;together;timeout,problems/real/corpus.json
real,172,essence,unsolved,,12441600,0.155072,CoSoEncodingError,CoSo backend does not support Cofola sequence objects; use TupleDef/tuple(...) for CoSo-compatible ordered arrangements.,set;sequence;together;timeout,problems/real/corpus.json
real,173,wfomc,solved,21,21,0.491782,,,bag;composition,problems/real/corpus.json
real,173,propositionalwfomc,error,,21,0.410747,GanakError,ganak exited with code 255,bag;composition,problems/real/corpus.json
real,173,coso,solved,21,21,0.115758,,,bag;composition,problems/real/corpus.json
real,173,asp,unsolved,6,21,0.107160,WrongAnswer,"expected 21, got 6",bag;composition,problems/real/corpus.json
real,173,essence,unsolved,6,21,0.786867,WrongAnswer,"expected 21, got 6",bag;composition,problems/real/corpus.json
real,175,wfomc,solved,3600,3600,0.361317,,,set;sequence;next_to;not constraint,problems/real/corpus.json
real,175,propositionalwfomc,error,,3600,1.480667,GanakError,ganak exited with code 255,set;sequence;next_to;not constraint,problems/real/corpus.json
real,175,coso,error,,3600,0.123321,CoSoEncodingError,CoSo backend does not support Cofola sequence objects; use TupleDef/tuple(...) for CoSo-compatible ordered arrangements.,set;sequence;next_to;not constraint,problems/real/corpus.json
real,175,asp,unsolved,,3600,0.106743,CoSoEncodingError,CoSo backend does not support Cofola sequence objects; use TupleDef/tuple(...) for CoSo-compatible ordered arrangements.,set;sequence;next_to;not constraint,problems/real/corpus.json
real,175,essence,unsolved,,3600,0.105077,CoSoEncodingError,CoSo backend does not support Cofola sequence objects; use TupleDef/tuple(...) for CoSo-compatible ordered arrangements.,set;sequence;next_to;not constraint,problems/real/corpus.json
real,176,wfomc,solved,30,30,0.623169,,,tuple;unknown length,problems/real/corpus.json
real,176,propositionalwfomc,error,,30,0.310887,GanakError,ganak exited with code 255,tuple;unknown length,problems/real/corpus.json
real,176,coso,solved,30,30,0.247913,,,tuple;unknown length,problems/real/corpus.json
real,176,asp,solved,30,30,0.237091,,,tuple;unknown length,problems/real/corpus.json
real,176,essence,solved,30,30,2.348384,,,tuple;unknown length,problems/real/corpus.json
real,178,wfomc,solved,560,560,1.054550,,,bag;tuple,problems/real/corpus.json
real,178,propositionalwfomc,error,,560,4.248686,GanakError,ganak exited with code 255,bag;tuple,problems/real/corpus.json
real,178,coso,solved,560,560,0.134494,,,bag;tuple,problems/real/corpus.json
real,178,asp,solved,560,560,1.245437,,,bag;tuple,problems/real/corpus.json
real,178,essence,solved,560,560,1.355426,,,bag;tuple,problems/real/corpus.json
real,179,wfomc,solved,12,12,0.741677,,,set;choose;tuple;difference;index;in,problems/real/corpus.json
real,179,propositionalwfomc,error,,12,1.585510,GanakError,ganak exited with code 255,set;choose;tuple;difference;index;in,problems/real/corpus.json
real,179,coso,error,,12,0.179787,CoSoEncodingError,"CoSo backend supports exactly one target configuration per component; found 2 (front_seat, back_seat).",set;choose;tuple;difference;index;in,problems/real/corpus.json
real,179,asp,unsolved,,12,0.159371,CoSoEncodingError,"CoSo backend supports exactly one target configuration per component; found 2 (front_seat, back_seat).",set;choose;tuple;difference;index;in,problems/real/corpus.json
real,179,essence,unsolved,,12,0.159489,CoSoEncodingError,"CoSo backend supports exactly one target configuration per component; found 2 (front_seat, back_seat).",set;choose;tuple;difference;index;in,problems/real/corpus.json
real,180,wfomc,solved,37,37,0.378696,,,set;choose_replace_permute;tuple;in,problems/real/corpus.json
real,180,propositionalwfomc,error,,37,0.596929,GanakError,ganak exited with code 255,set;choose_replace_permute;tuple;in,problems/real/corpus.json
real,180,coso,wrong,27,37,0.139666,WrongAnswer,"expected 37, got 27",set;choose_replace_permute;tuple;in,problems/real/corpus.json
real,180,asp,solved,37,37,0.124217,,,set;choose_replace_permute;tuple;in,problems/real/corpus.json
real,180,essence,solved,37,37,1.061385,,,set;choose_replace_permute;tuple;in,problems/real/corpus.json
real,181,wfomc,solved,1295,1295,0.645447,,,set;choose_replace_permute;tuple;count element;disjoint,problems/real/corpus.json
real,181,propositionalwfomc,error,,1295,3.279336,GanakError,ganak exited with code 255,set;choose_replace_permute;tuple;count element;disjoint,problems/real/corpus.json
real,181,coso,wrong,4320,1295,0.212951,WrongAnswer,"expected 1295, got 4320",set;choose_replace_permute;tuple;count element;disjoint,problems/real/corpus.json
real,181,asp,solved,1295,1295,0.338757,,,set;choose_replace_permute;tuple;count element;disjoint,problems/real/corpus.json
real,181,essence,solved,1295,1295,2.651250,,,set;choose_replace_permute;tuple;count element;disjoint,problems/real/corpus.json
real,182,wfomc,solved,90,90,1.040338,,,bag;tuple,problems/real/corpus.json
real,182,propositionalwfomc,error,,90,3.087589,GanakError,ganak exited with code 255,bag;tuple,problems/real/corpus.json
real,182,coso,solved,90,90,0.128173,,,bag;tuple,problems/real/corpus.json
real,182,asp,solved,90,90,0.155825,,,bag;tuple,problems/real/corpus.json
real,182,essence,solved,90,90,0.989758,,,bag;tuple,problems/real/corpus.json
real,183,wfomc,solved,200,200,0.657067,,,set;choose;tuple;intersection;difference;size constraint,problems/real/corpus.json
real,183,propositionalwfomc,error,,200,5.610780,GanakError,ganak exited with code 255,set;choose;tuple;intersection;difference;size constraint,problems/real/corpus.json
real,183,coso,error,,200,0.226268,CoSoEncodingError,"CoSo backend supports exactly one target configuration per component; found 2 (president, vice).",set;choose;tuple;intersection;difference;size constraint,problems/real/corpus.json
real,183,asp,unsolved,,200,0.203680,CoSoEncodingError,"CoSo backend supports exactly one target configuration per component; found 2 (president, vice).",set;choose;tuple;intersection;difference;size constraint,problems/real/corpus.json
real,183,essence,unsolved,,200,0.204809,CoSoEncodingError,"CoSo backend supports exactly one target configuration per component; found 2 (president, vice).",set;choose;tuple;intersection;difference;size constraint,problems/real/corpus.json
real,184,wfomc,solved,70,70,0.223279,,,set;choose,problems/real/corpus.json
real,184,propositionalwfomc,error,,70,0.208785,GanakError,ganak exited with code 255,set;choose,problems/real/corpus.json
real,184,coso,solved,70,70,0.122939,,,set;choose,problems/real/corpus.json
real,184,asp,solved,70,70,0.117092,,,set;choose,problems/real/corpus.json
real,184,essence,solved,70,70,1.615073,,,set;choose,problems/real/corpus.json
real,185,wfomc,solved,56,56,0.220232,,,set;choose,problems/real/corpus.json
real,185,propositionalwfomc,error,,56,0.207880,GanakError,ganak exited with code 255,set;choose,problems/real/corpus.json
real,185,coso,solved,56,56,0.129048,,,set;choose,problems/real/corpus.json
real,185,asp,solved,56,56,0.119770,,,set;choose,problems/real/corpus.json
real,185,essence,solved,56,56,1.558275,,,set;choose,problems/real/corpus.json
real,186,wfomc,solved,504,504,1.822213,,,set;choose;permute;tuple;index;in;compare element;or constraint;not constraint,problems/real/corpus.json
real,186,propositionalwfomc,error,,504,7.603622,GanakError,ganak exited with code 255,set;choose;permute;tuple;index;in;compare element;or constraint;not constraint,problems/real/corpus.json
real,186,coso,wrong,720,504,0.300270,WrongAnswer,"expected 504, got 720",set;choose;permute;tuple;index;in;compare element;or constraint;not constraint,problems/real/corpus.json
real,186,asp,solved,504,504,0.169386,,,set;choose;permute;tuple;index;in;compare element;or constraint;not constraint,problems/real/corpus.json
real,186,essence,solved,504,504,2.556251,,,set;choose;permute;tuple;index;in;compare element;or constraint;not constraint,problems/real/corpus.json
real,187,wfomc,solved,990,990,0.325754,,,set;choose;intersection;size constraint,problems/real/corpus.json
real,187,propositionalwfomc,error,,990,0.697356,GanakError,ganak exited with code 255,set;choose;intersection;size constraint,problems/real/corpus.json
real,187,coso,solved,990,990,0.214025,,,set;choose;intersection;size constraint,problems/real/corpus.json
real,187,asp,solved,990,990,0.638369,,,set;choose;intersection;size constraint,problems/real/corpus.json
real,187,essence,solved,990,990,3.694060,,,set;choose;intersection;size constraint,problems/real/corpus.json
real,188,wfomc,solved,351,351,1.209385,,,set;choose;choose_replace;additive union;size constraint,problems/real/corpus.json
real,188,propositionalwfomc,error,,351,2.077359,GanakError,ganak exited with code 255,set;choose;choose_replace;additive union;size constraint,problems/real/corpus.json
real,188,coso,error,,351,0.220555,CoSoEncodingError,"CoSo backend supports exactly one target configuration per component; found 2 (Alpha, Beta).",set;choose;choose_replace;additive union;size constraint,problems/real/corpus.json
real,188,asp,unsolved,,351,0.199652,CoSoEncodingError,"CoSo backend supports exactly one target configuration per component; found 2 (Alpha, Beta).",set;choose;choose_replace;additive union;size constraint,problems/real/corpus.json
real,188,essence,unsolved,,351,0.198660,CoSoEncodingError,"CoSo backend supports exactly one target configuration per component; found 2 (Alpha, Beta).",set;choose;choose_replace;additive union;size constraint,problems/real/corpus.json
real,189,wfomc,solved,81,81,0.289114,,,set;composition,problems/real/corpus.json
real,189,propositionalwfomc,error,,81,0.301364,GanakError,ganak exited with code 255,set;composition,problems/real/corpus.json
real,189,coso,solved,81,81,0.119364,,,set;composition,problems/real/corpus.json
real,189,asp,unsolved,0,81,0.114472,WrongAnswer,"expected 81, got 0",set;composition,problems/real/corpus.json
real,189,essence,unsolved,36,81,1.079844,WrongAnswer,"expected 81, got 36",set;composition,problems/real/corpus.json
real,190,wfomc,solved,16,16,0.231405,,,set;partition,problems/real/corpus.json
real,190,propositionalwfomc,error,,16,0.243514,GanakError,ganak exited with code 255,set;partition,problems/real/corpus.json
real,190,coso,solved,16,16,0.114277,,,set;partition,problems/real/corpus.json
real,190,asp,unsolved,,16,0.102748,BaselineUnsupportedError,ASP baseline translator does not support partition.,set;partition,problems/real/corpus.json
real,190,essence,unsolved,1,16,0.623939,WrongAnswer,"expected 16, got 1",set;partition,problems/real/corpus.json
real,191,wfomc,solved,36,36,0.666142,,,bag;multiplicity constraint;over partitioned sets,problems/real/corpus.json
real,191,propositionalwfomc,error,,36,1.775089,GanakError,ganak exited with code 255,bag;multiplicity constraint;over partitioned sets,problems/real/corpus.json
real,191,coso,solved,36,36,0.247976,,,bag;multiplicity constraint;over partitioned sets,problems/real/corpus.json
real,191,asp,unsolved,,36,0.229319,BaselineUnsupportedError,ASP baseline translator does not support partition.,bag;multiplicity constraint;over partitioned sets,problems/real/corpus.json
real,191,essence,unsolved,1,36,0.747934,WrongAnswer,"expected 36, got 1",bag;multiplicity constraint;over partitioned sets,problems/real/corpus.json
real,192,wfomc,solved,31250,31250,24.217941,,,bag;sequence;TAG;timeout;pred;succ,problems/real/corpus.json
real,192,propositionalwfomc,error,,31250,47.946935,GanakError,ganak exited with code 255,bag;sequence;TAG;timeout;pred;succ,problems/real/corpus.json
real,192,coso,error,,31250,0.162168,CoSoEncodingError,CoSo backend does not support Cofola sequence objects; use TupleDef/tuple(...) for CoSo-compatible ordered arrangements.,bag;sequence;TAG;timeout;pred;succ,problems/real/corpus.json
real,192,asp,unsolved,,31250,0.138484,CoSoEncodingError,CoSo backend does not support Cofola sequence objects; use TupleDef/tuple(...) for CoSo-compatible ordered arrangements.,bag;sequence;TAG;timeout;pred;succ,problems/real/corpus.json
real,192,essence,unsolved,,31250,0.139127,CoSoEncodingError,CoSo backend does not support Cofola sequence objects; use TupleDef/tuple(...) for CoSo-compatible ordered arrangements.,bag;sequence;TAG;timeout;pred;succ,problems/real/corpus.json
real,193,wfomc,solved,2880,2880,0.351224,,,set;sequence;pred;succ,problems/real/corpus.json
real,193,propositionalwfomc,error,,2880,1.590715,GanakError,ganak exited with code 255,set;sequence;pred;succ,problems/real/corpus.json
real,193,coso,error,,2880,0.153835,CoSoEncodingError,CoSo backend does not support Cofola sequence objects; use TupleDef/tuple(...) for CoSo-compatible ordered arrangements.,set;sequence;pred;succ,problems/real/corpus.json
real,193,asp,unsolved,,2880,0.132465,CoSoEncodingError,CoSo backend does not support Cofola sequence objects; use TupleDef/tuple(...) for CoSo-compatible ordered arrangements.,set;sequence;pred;succ,problems/real/corpus.json
real,193,essence,unsolved,,2880,0.129609,CoSoEncodingError,CoSo backend does not support Cofola sequence objects; use TupleDef/tuple(...) for CoSo-compatible ordered arrangements.,set;sequence;pred;succ,problems/real/corpus.json
real,194,wfomc,solved,9,9,0.356150,,,set;choose;intersection;in;size constraint,problems/real/corpus.json
real,194,propositionalwfomc,error,,9,0.372868,GanakError,ganak exited with code 255,set;choose;intersection;in;size constraint,problems/real/corpus.json
real,194,coso,solved,9,9,0.337709,,,set;choose;intersection;in;size constraint,problems/real/corpus.json
real,194,asp,solved,9,9,0.179010,,,set;choose;intersection;in;size constraint,problems/real/corpus.json
real,194,essence,solved,9,9,3.782293,,,set;choose;intersection;in;size constraint,problems/real/corpus.json
real,196,wfomc,solved,200,200,0.989486,,,set;choose_replace_permute;not constraint;index;compare element;in,problems/real/corpus.json
real,196,propositionalwfomc,error,,200,2.843615,GanakError,ganak exited with code 255,set;choose_replace_permute;not constraint;index;compare element;in,problems/real/corpus.json
real,196,coso,solved,200,200,0.491087,,,set;choose_replace_permute;not constraint;index;compare element;in,problems/real/corpus.json
real,196,asp,solved,200,200,0.166356,,,set;choose_replace_permute;not constraint;index;compare element;in,problems/real/corpus.json
real,196,essence,solved,200,200,1.993486,,,set;choose_replace_permute;not constraint;index;compare element;in,problems/real/corpus.json
real,199,wfomc,solved,180,180,0.667805,,,bag;tuple,problems/real/corpus.json
real,199,propositionalwfomc,error,,180,2.291477,GanakError,ganak exited with code 255,bag;tuple,problems/real/corpus.json
real,199,coso,solved,180,180,0.134279,,,bag;tuple,problems/real/corpus.json
real,199,asp,solved,180,180,0.370587,,,bag;tuple,problems/real/corpus.json
real,199,essence,solved,180,180,1.117777,,,bag;tuple,problems/real/corpus.json
real,200,wfomc,solved,31,31,0.237990,,,set;choose;size constraint,problems/real/corpus.json
real,200,propositionalwfomc,error,,31,0.215781,GanakError,ganak exited with code 255,set;choose;size constraint,problems/real/corpus.json
real,200,coso,wrong,26,31,0.172810,WrongAnswer,"expected 31, got 26",set;choose;size constraint,problems/real/corpus.json
real,200,asp,unsolved,26,31,0.158425,WrongAnswer,"expected 31, got 26",set;choose;size constraint,problems/real/corpus.json
real,200,essence,unsolved,26,31,4.784085,WrongAnswer,"expected 31, got 26",set;choose;size constraint,problems/real/corpus.json
real,201,wfomc,solved,288,288,0.647218,,,set;choose;multiple choosing;intersection;size constraint,problems/real/corpus.json
real,201,propositionalwfomc,error,,288,1.728641,GanakError,ganak exited with code 255,set;choose;multiple choosing;intersection;size constraint,problems/real/corpus.json
real,201,coso,error,,288,0.257864,CoSoEncodingError,"CoSo backend supports exactly one target configuration per component; found 3 (president, vice, treasurer).",set;choose;multiple choosing;intersection;size constraint,problems/real/corpus.json
real,201,asp,unsolved,,288,0.232179,CoSoEncodingError,"CoSo backend supports exactly one target configuration per component; found 3 (president, vice, treasurer).",set;choose;multiple choosing;intersection;size constraint,problems/real/corpus.json
real,201,essence,unsolved,,288,0.236250,CoSoEncodingError,"CoSo backend supports exactly one target configuration per component; found 3 (president, vice, treasurer).",set;choose;multiple choosing;intersection;size constraint,problems/real/corpus.json
real,202,wfomc,solved,5,5,0.789670,,,bag;partition,problems/real/corpus.json
real,202,propositionalwfomc,error,,5,0.454786,GanakError,ganak exited with code 255,bag;partition,problems/real/corpus.json
real,202,coso,solved,5,5,0.117619,,,bag;partition,problems/real/corpus.json
real,202,asp,unsolved,,5,0.107637,BaselineUnsupportedError,ASP baseline translator does not support partition.,bag;partition,problems/real/corpus.json
real,202,essence,unsolved,1,5,0.621342,WrongAnswer,"expected 5, got 1",bag;partition,problems/real/corpus.json
real,203,wfomc,solved,8788,8788,0.786053,,,set;choose;subset;not constraint,problems/real/corpus.json
real,203,propositionalwfomc,error,,8788,28.254510,GanakError,ganak exited with code 255,set;choose;subset;not constraint,problems/real/corpus.json
real,203,coso,solved,8788,8788,28.634965,,,set;choose;subset;not constraint,problems/real/corpus.json
real,203,asp,solved,8788,8788,7.068853,,,set;choose;subset;not constraint,problems/real/corpus.json
real,203,essence,solved,8788,8788,34.507444,,,set;choose;subset;not constraint,problems/real/corpus.json
real,204,wfomc,solved,56,56,0.230535,,,set;choose,problems/real/corpus.json
real,204,propositionalwfomc,error,,56,0.214370,GanakError,ganak exited with code 255,set;choose,problems/real/corpus.json
real,204,coso,solved,56,56,0.122907,,,set;choose,problems/real/corpus.json
real,204,asp,solved,56,56,0.117225,,,set;choose,problems/real/corpus.json
real,204,essence,solved,56,56,1.573684,,,set;choose,problems/real/corpus.json
real,206,wfomc,solved,588,588,2.568707,,,set;circle;pred;not constraint,problems/real/corpus.json
real,206,propositionalwfomc,error,,588,6.519984,GanakError,ganak exited with code 255,set;circle;pred;not constraint,problems/real/corpus.json
real,206,coso,error,,588,0.127126,CoSoEncodingError,CoSo backend does not support Cofola circle objects.,set;circle;pred;not constraint,problems/real/corpus.json
real,206,asp,unsolved,,588,0.108192,CoSoEncodingError,CoSo backend does not support Cofola circle objects.,set;circle;pred;not constraint,problems/real/corpus.json
real,206,essence,unsolved,,588,0.105820,CoSoEncodingError,CoSo backend does not support Cofola circle objects.,set;circle;pred;not constraint,problems/real/corpus.json
real,207,wfomc,solved,3110400,3110400,33.850136,,,set;sequence;together;timeout,problems/real/corpus.json
real,207,propositionalwfomc,error,,3110400,16.627149,GanakError,ganak exited with code 255,set;sequence;together;timeout,problems/real/corpus.json
real,207,coso,error,,3110400,0.180891,CoSoEncodingError,CoSo backend does not support Cofola sequence objects; use TupleDef/tuple(...) for CoSo-compatible ordered arrangements.,set;sequence;together;timeout,problems/real/corpus.json
real,207,asp,unsolved,,3110400,0.153934,CoSoEncodingError,CoSo backend does not support Cofola sequence objects; use TupleDef/tuple(...) for CoSo-compatible ordered arrangements.,set;sequence;together;timeout,problems/real/corpus.json
real,207,essence,unsolved,,3110400,0.158320,CoSoEncodingError,CoSo backend does not support Cofola sequence objects; use TupleDef/tuple(...) for CoSo-compatible ordered arrangements.,set;sequence;together;timeout,problems/real/corpus.json
real,208,wfomc,solved,520,520,0.917679,,,set;tuple;index;in;counting quantifier,problems/real/corpus.json
real,208,propositionalwfomc,error,,520,36.064961,GanakError,ganak exited with code 255,set;tuple;index;in;counting quantifier,problems/real/corpus.json
real,208,coso,error,,520,0.158734,CoSoEncodingError,CoSo backend does not support tuple dedup_count atoms.,set;tuple;index;in;counting quantifier,problems/real/corpus.json
real,208,asp,unsolved,,520,0.131905,CoSoEncodingError,CoSo backend does not support tuple dedup_count atoms.,set;tuple;index;in;counting quantifier,problems/real/corpus.json
real,208,essence,unsolved,,520,0.133580,CoSoEncodingError,CoSo backend does not support tuple dedup_count atoms.,set;tuple;index;in;counting quantifier,problems/real/corpus.json
real,209,wfomc,solved,210,210,1.025900,,,bag;tuple,problems/real/corpus.json
real,209,propositionalwfomc,error,,210,3.590325,GanakError,ganak exited with code 255,bag;tuple,problems/real/corpus.json
real,209,coso,solved,210,210,0.139746,,,bag;tuple,problems/real/corpus.json
real,209,asp,solved,210,210,0.266033,,,bag;tuple,problems/real/corpus.json
real,209,essence,solved,210,210,1.144298,,,bag;tuple,problems/real/corpus.json
real,210,wfomc,solved,24,24,0.200312,,,set;circle,problems/real/corpus.json
real,210,propositionalwfomc,error,,24,0.209094,GanakError,ganak exited with code 255,set;circle,problems/real/corpus.json
real,210,coso,error,,24,0.114308,CoSoEncodingError,CoSo backend does not support Cofola circle objects.,set;circle,problems/real/corpus.json
real,210,asp,unsolved,,24,0.096474,CoSoEncodingError,CoSo backend does not support Cofola circle objects.,set;circle,problems/real/corpus.json
real,210,essence,unsolved,,24,0.107510,CoSoEncodingError,CoSo backend does not support Cofola circle objects.,set;circle,problems/real/corpus.json
real,211,wfomc,solved,15,15,0.225009,,,set;choose,problems/real/corpus.json
real,211,propositionalwfomc,error,,15,0.208778,GanakError,ganak exited with code 255,set;choose,problems/real/corpus.json
real,211,coso,solved,15,15,0.128617,,,set;choose,problems/real/corpus.json
real,211,asp,solved,15,15,0.105146,,,set;choose,problems/real/corpus.json
real,211,essence,solved,15,15,1.374158,,,set;choose,problems/real/corpus.json
real,212,wfomc,solved,2250,2250,0.363146,,,set;choose;multiple choosing,problems/real/corpus.json
real,212,propositionalwfomc,error,,2250,0.326154,GanakError,ganak exited with code 255,set;choose;multiple choosing,problems/real/corpus.json
real,212,coso,solved,2250,2250,0.190977,,,set;choose;multiple choosing,problems/real/corpus.json
real,212,asp,solved,2250,2250,0.175331,,,set;choose;multiple choosing,problems/real/corpus.json
real,212,essence,solved,2250,2250,5.697531,,,set;choose;multiple choosing,problems/real/corpus.json
real,214,wfomc,solved,10,10,0.313125,,,circle;reflection,problems/real/corpus.json
real,214,propositionalwfomc,error,,10,1.322900,GanakError,ganak exited with code 255,circle;reflection,problems/real/corpus.json
real,214,coso,error,,10,0.124329,CoSoEncodingError,CoSo backend does not support Cofola circle objects.,circle;reflection,problems/real/corpus.json
real,214,asp,unsolved,,10,0.100172,CoSoEncodingError,CoSo backend does not support Cofola circle objects.,circle;reflection,problems/real/corpus.json
real,214,essence,unsolved,,10,0.105650,CoSoEncodingError,CoSo backend does not support Cofola circle objects.,circle;reflection,problems/real/corpus.json
real,215,wfomc,solved,12600,12600,0.309861,,,set;choose;multiple choosing,problems/real/corpus.json
real,215,propositionalwfomc,error,,12600,1.896378,GanakError,ganak exited with code 255,set;choose;multiple choosing,problems/real/corpus.json
real,215,coso,error,,12600,0.149769,CoSoEncodingError,"CoSo backend supports exactly one target configuration per component; found 2 (#2, #3).",set;choose;multiple choosing,problems/real/corpus.json
real,215,asp,unsolved,,12600,0.123540,CoSoEncodingError,"CoSo backend supports exactly one target configuration per component; found 2 (#2, #3).",set;choose;multiple choosing,problems/real/corpus.json
real,215,essence,unsolved,,12600,0.120122,CoSoEncodingError,"CoSo backend supports exactly one target configuration per component; found 2 (#2, #3).",set;choose;multiple choosing,problems/real/corpus.json
real,216,wfomc,solved,448,448,1.001778,,,set;choose;tuple;not constraint;in,problems/real/corpus.json
real,216,propositionalwfomc,error,,448,2.861462,GanakError,ganak exited with code 255,set;choose;tuple;not constraint;in,problems/real/corpus.json
real,216,coso,solved,448,448,0.314368,,,set;choose;tuple;not constraint;in,problems/real/corpus.json
real,216,asp,solved,448,448,0.166306,,,set;choose;tuple;not constraint;in,problems/real/corpus.json
real,216,essence,solved,448,448,1.825084,,,set;choose;tuple;not constraint;in,problems/real/corpus.json
real,217,wfomc,solved,5040,5040,0.197307,,,set;circle,problems/real/corpus.json
real,217,propositionalwfomc,error,,5040,0.249895,GanakError,ganak exited with code 255,set;circle,problems/real/corpus.json
real,217,coso,error,,5040,0.116817,CoSoEncodingError,CoSo backend does not support Cofola circle objects.,set;circle,problems/real/corpus.json
real,217,asp,unsolved,,5040,0.106280,CoSoEncodingError,CoSo backend does not support Cofola circle objects.,set;circle,problems/real/corpus.json
real,217,essence,unsolved,,5040,0.104366,CoSoEncodingError,CoSo backend does not support Cofola circle objects.,set;circle,problems/real/corpus.json
real,219,wfomc,solved,165,165,0.892896,,,bag;composition,problems/real/corpus.json
real,219,propositionalwfomc,error,,165,0.467099,GanakError,ganak exited with code 255,bag;composition,problems/real/corpus.json
real,219,coso,solved,165,165,0.122721,,,bag;composition,problems/real/corpus.json
real,219,asp,unsolved,35,165,0.115224,WrongAnswer,"expected 165, got 35",bag;composition,problems/real/corpus.json
real,219,essence,unsolved,35,165,0.810806,WrongAnswer,"expected 165, got 35",bag;composition,problems/real/corpus.json
real,221,wfomc,solved,18,18,0.427185,,,set;tuple;not constraint;index;compare element,problems/real/corpus.json
real,221,propositionalwfomc,error,,18,0.924816,GanakError,ganak exited with code 255,set;tuple;not constraint;index;compare element,problems/real/corpus.json
real,221,coso,solved,18,18,0.155232,,,set;tuple;not constraint;index;compare element,problems/real/corpus.json
real,221,asp,solved,18,18,0.111779,,,set;tuple;not constraint;index;compare element,problems/real/corpus.json
real,221,essence,solved,18,18,1.162832,,,set;tuple;not constraint;index;compare element,problems/real/corpus.json
real,222,wfomc,solved,111,111,0.910213,,,set;choose;multiple choosing;subset;not constraint,problems/real/corpus.json
real,222,propositionalwfomc,error,,111,3.419226,GanakError,ganak exited with code 255,set;choose;multiple choosing;subset;not constraint,problems/real/corpus.json
real,222,coso,error,,111,0.186249,CoSoEncodingError,"CoSo backend supports exactly one target configuration per component; found 3 (#3, #4, #6).",set;choose;multiple choosing;subset;not constraint,problems/real/corpus.json
real,222,asp,unsolved,,111,0.180471,CoSoEncodingError,"CoSo backend supports exactly one target configuration per component; found 3 (#3, #4, #6).",set;choose;multiple choosing;subset;not constraint,problems/real/corpus.json
real,222,essence,unsolved,,111,0.178626,CoSoEncodingError,"CoSo backend supports exactly one target configuration per component; found 3 (#3, #4, #6).",set;choose;multiple choosing;subset;not constraint,problems/real/corpus.json
real,223,wfomc,solved,120,120,0.415888,,,bag;tuple,problems/real/corpus.json
real,223,propositionalwfomc,error,,120,1.500194,GanakError,ganak exited with code 255,bag;tuple,problems/real/corpus.json
real,223,coso,solved,120,120,0.123826,,,bag;tuple,problems/real/corpus.json
real,223,asp,solved,120,120,0.247856,,,bag;tuple,problems/real/corpus.json
real,223,essence,solved,120,120,1.064479,,,bag;tuple,problems/real/corpus.json
real,225,wfomc,solved,28,28,0.220005,,,set;choose,problems/real/corpus.json
real,225,propositionalwfomc,error,,28,0.215698,GanakError,ganak exited with code 255,set;choose,problems/real/corpus.json
real,225,coso,solved,28,28,0.129395,,,set;choose,problems/real/corpus.json
real,225,asp,solved,28,28,0.112588,,,set;choose,problems/real/corpus.json
real,225,essence,solved,28,28,1.486028,,,set;choose,problems/real/corpus.json
real,227,wfomc,solved,544,544,0.414600,,,set;choose;tuple;intersection;size constraint,problems/real/corpus.json
real,227,propositionalwfomc,error,,544,1.100014,GanakError,ganak exited with code 255,set;choose;tuple;intersection;size constraint,problems/real/corpus.json
real,227,coso,wrong,216,544,0.163420,WrongAnswer,"expected 544, got 216",set;choose;tuple;intersection;size constraint,problems/real/corpus.json
real,227,asp,solved,544,544,0.174764,,,set;choose;tuple;intersection;size constraint,problems/real/corpus.json
real,227,essence,solved,544,544,1.843719,,,set;choose;tuple;intersection;size constraint,problems/real/corpus.json
real,229,wfomc,solved,5,5,4.998147,,,set;choose;multiple choosing;in;or constraint,problems/real/corpus.json
real,229,propositionalwfomc,error,,5,0.487814,GanakError,ganak exited with code 255,set;choose;multiple choosing;in;or constraint,problems/real/corpus.json
real,229,coso,error,,5,0.299420,CoSoEncodingError,"CoSo backend supports exactly one target configuration per component; found 2 (x, y).",set;choose;multiple choosing;in;or constraint,problems/real/corpus.json
real,229,asp,unsolved,,5,0.264863,CoSoEncodingError,"CoSo backend supports exactly one target configuration per component; found 2 (x, y).",set;choose;multiple choosing;in;or constraint,problems/real/corpus.json
real,229,essence,unsolved,,5,0.269456,CoSoEncodingError,"CoSo backend supports exactly one target configuration per component; found 2 (x, y).",set;choose;multiple choosing;in;or constraint,problems/real/corpus.json
real,230,wfomc,solved,495,495,0.225261,,,set;choose,problems/real/corpus.json
real,230,propositionalwfomc,error,,495,0.231159,GanakError,ganak exited with code 255,set;choose,problems/real/corpus.json
real,230,coso,solved,495,495,0.121888,,,set;choose,problems/real/corpus.json
real,230,asp,solved,495,495,0.135834,,,set;choose,problems/real/corpus.json
real,230,essence,solved,495,495,2.308858,,,set;choose,problems/real/corpus.json
real,231,wfomc,solved,36000,36000,0.364826,,,set;sequence;not constraint;pred,problems/real/corpus.json
real,231,propositionalwfomc,error,,36000,1.637728,GanakError,ganak exited with code 255,set;sequence;not constraint;pred,problems/real/corpus.json
real,231,coso,error,,36000,0.148200,CoSoEncodingError,CoSo backend does not support Cofola sequence objects; use TupleDef/tuple(...) for CoSo-compatible ordered arrangements.,set;sequence;not constraint;pred,problems/real/corpus.json
real,231,asp,unsolved,,36000,0.122943,CoSoEncodingError,CoSo backend does not support Cofola sequence objects; use TupleDef/tuple(...) for CoSo-compatible ordered arrangements.,set;sequence;not constraint;pred,problems/real/corpus.json
real,231,essence,unsolved,,36000,0.123638,CoSoEncodingError,CoSo backend does not support Cofola sequence objects; use TupleDef/tuple(...) for CoSo-compatible ordered arrangements.,set;sequence;not constraint;pred,problems/real/corpus.json
real,232,wfomc,solved,864000,864000,0.985112,,,set;choose;tuple;multiple choosing;index;in,problems/real/corpus.json
real,232,propositionalwfomc,error,,864000,12.359206,GanakError,ganak exited with code 255,set;choose;tuple;multiple choosing;index;in,problems/real/corpus.json
real,232,coso,solved,864000,864000,0.244629,,,set;choose;tuple;multiple choosing;index;in,problems/real/corpus.json
real,232,asp,solved,864000,864000,0.512681,,,set;choose;tuple;multiple choosing;index;in,problems/real/corpus.json
real,232,essence,solved,864000,864000,8.412452,,,set;choose;tuple;multiple choosing;index;in,problems/real/corpus.json
real,233,wfomc,solved,360,360,0.279120,,,set;choose;multiple choosing,problems/real/corpus.json
real,233,propositionalwfomc,error,,360,0.244794,GanakError,ganak exited with code 255,set;choose;multiple choosing,problems/real/corpus.json
real,233,coso,solved,360,360,0.148456,,,set;choose;multiple choosing,problems/real/corpus.json
real,233,asp,solved,360,360,0.134856,,,set;choose;multiple choosing,problems/real/corpus.json
real,233,essence,solved,360,360,3.091211,,,set;choose;multiple choosing,problems/real/corpus.json
real,234,wfomc,solved,65,65,0.466380,,,bag;choose;size constraint,problems/real/corpus.json
real,234,propositionalwfomc,error,,65,0.423038,GanakError,ganak exited with code 255,bag;choose;size constraint,problems/real/corpus.json
real,234,coso,wrong,63,65,0.176425,WrongAnswer,"expected 65, got 63",bag;choose;size constraint,problems/real/corpus.json
real,234,asp,unsolved,63,65,0.176795,WrongAnswer,"expected 65, got 63",bag;choose;size constraint,problems/real/corpus.json
real,234,essence,unsolved,63,65,14.018831,WrongAnswer,"expected 65, got 63",bag;choose;size constraint,problems/real/corpus.json
real,236,wfomc,solved,12,12,0.200195,,,circle;reflection,problems/real/corpus.json
real,236,propositionalwfomc,error,,12,0.198633,GanakError,ganak exited with code 255,circle;reflection,problems/real/corpus.json
real,236,coso,error,,12,0.115310,CoSoEncodingError,CoSo backend does not support Cofola circle objects.,circle;reflection,problems/real/corpus.json
real,236,asp,unsolved,,12,0.099264,CoSoEncodingError,CoSo backend does not support Cofola circle objects.,circle;reflection,problems/real/corpus.json
real,236,essence,unsolved,,12,0.098001,CoSoEncodingError,CoSo backend does not support Cofola circle objects.,circle;reflection,problems/real/corpus.json
real,237,wfomc,solved,48,48,0.542507,,,set;tuple;index;in,problems/real/corpus.json
real,237,propositionalwfomc,error,,48,2.232377,GanakError,ganak exited with code 255,set;tuple;index;in,problems/real/corpus.json
real,237,coso,solved,48,48,0.188073,,,set;tuple;index;in,problems/real/corpus.json
real,237,asp,solved,48,48,0.145786,,,set;tuple;index;in,problems/real/corpus.json
real,237,essence,solved,48,48,1.470178,,,set;tuple;index;in,problems/real/corpus.json
real,238,wfomc,solved,6,6,0.549418,,,bag;tuple,problems/real/corpus.json
real,238,propositionalwfomc,error,,6,1.051843,GanakError,ganak exited with code 255,bag;tuple,problems/real/corpus.json
real,238,coso,solved,6,6,0.131040,,,bag;tuple,problems/real/corpus.json
real,238,asp,solved,6,6,0.115215,,,bag;tuple,problems/real/corpus.json
real,238,essence,solved,6,6,0.855481,,,bag;tuple,problems/real/corpus.json
real,239,wfomc,solved,10,10,0.504742,,,set;choose_replace;multiplicity constraint,problems/real/corpus.json
real,239,propositionalwfomc,error,,10,0.478857,GanakError,ganak exited with code 255,set;choose_replace;multiplicity constraint,problems/real/corpus.json
real,239,coso,wrong,9,10,0.343733,WrongAnswer,"expected 10, got 9",set;choose_replace;multiplicity constraint,problems/real/corpus.json
real,239,asp,solved,10,10,0.133667,,,set;choose_replace;multiplicity constraint,problems/real/corpus.json
real,239,essence,solved,10,10,5.082726,,,set;choose_replace;multiplicity constraint,problems/real/corpus.json
real,240,wfomc,solved,576,576,7.259852,,,set;circle;together,problems/real/corpus.json
real,240,propositionalwfomc,error,,576,7.069667,GanakError,ganak exited with code 255,set;circle;together,problems/real/corpus.json
real,240,coso,error,,576,0.166003,CoSoEncodingError,CoSo backend does not support Cofola circle objects.,set;circle;together,problems/real/corpus.json
real,240,asp,unsolved,,576,0.145848,CoSoEncodingError,CoSo backend does not support Cofola circle objects.,set;circle;together,problems/real/corpus.json
real,240,essence,unsolved,,576,0.138969,CoSoEncodingError,CoSo backend does not support Cofola circle objects.,set;circle;together,problems/real/corpus.json
real,241,wfomc,solved,6,6,0.283736,,,set;tuple,problems/real/corpus.json
real,241,propositionalwfomc,error,,6,0.486792,GanakError,ganak exited with code 255,set;tuple,problems/real/corpus.json
real,241,coso,solved,6,6,0.122041,,,set;tuple,problems/real/corpus.json
real,241,asp,solved,6,6,0.104731,,,set;tuple,problems/real/corpus.json
real,241,essence,solved,6,6,0.916078,,,set;tuple,problems/real/corpus.json
real,242,wfomc,solved,62,62,1.317669,,,set;choose;multiple choosing;set equality;or constraint,problems/real/corpus.json
real,242,propositionalwfomc,error,,62,0.669710,GanakError,ganak exited with code 255,set;choose;multiple choosing;set equality;or constraint,problems/real/corpus.json
real,242,coso,error,,62,0.546331,CoSoEncodingError,Constant membership constraint is unsatisfiable before CoSo encoding.,set;choose;multiple choosing;set equality;or constraint,problems/real/corpus.json
real,242,asp,unsolved,,62,0.514685,CoSoEncodingError,Constant membership constraint is unsatisfiable before CoSo encoding.,set;choose;multiple choosing;set equality;or constraint,problems/real/corpus.json
real,242,essence,unsolved,,62,0.513321,CoSoEncodingError,Constant membership constraint is unsatisfiable before CoSo encoding.,set;choose;multiple choosing;set equality;or constraint,problems/real/corpus.json
real,243,wfomc,solved,4896,4896,0.328974,,,set;sequence;count sequence,problems/real/corpus.json
real,243,propositionalwfomc,error,,4896,0.904587,GanakError,ganak exited with code 255,set;sequence;count sequence,problems/real/corpus.json
real,243,coso,error,,4896,0.147075,CoSoEncodingError,CoSo backend does not support Cofola sequence objects; use TupleDef/tuple(...) for CoSo-compatible ordered arrangements.,set;sequence;count sequence,problems/real/corpus.json
real,243,asp,unsolved,,4896,0.127094,CoSoEncodingError,CoSo backend does not support Cofola sequence objects; use TupleDef/tuple(...) for CoSo-compatible ordered arrangements.,set;sequence;count sequence,problems/real/corpus.json
real,243,essence,unsolved,,4896,0.126502,CoSoEncodingError,CoSo backend does not support Cofola sequence objects; use TupleDef/tuple(...) for CoSo-compatible ordered arrangements.,set;sequence;count sequence,problems/real/corpus.json
real,244,wfomc,solved,480,480,1.402672,,,set;choose;multiple choosing;subset;not constraint,problems/real/corpus.json
real,244,propositionalwfomc,error,,480,0.388049,GanakError,ganak exited with code 255,set;choose;multiple choosing;subset;not constraint,problems/real/corpus.json
real,244,coso,error,,480,0.305616,CoSoEncodingError,"CoSo backend supports exactly one target configuration per component; found 2 (outfit_shirt, outfit_hat).",set;choose;multiple choosing;subset;not constraint,problems/real/corpus.json
real,244,asp,unsolved,,480,0.280236,CoSoEncodingError,"CoSo backend supports exactly one target configuration per component; found 2 (outfit_shirt, outfit_hat).",set;choose;multiple choosing;subset;not constraint,problems/real/corpus.json
real,244,essence,unsolved,,480,1.645219,CoSoEncodingError,"CoSo backend supports exactly one target configuration per component; found 2 (outfit_shirt, outfit_hat).",set;choose;multiple choosing;subset;not constraint,problems/real/corpus.json
real,245,wfomc,solved,35,35,0.252834,,,set;choose,problems/real/corpus.json
real,245,propositionalwfomc,error,,35,0.257857,GanakError,ganak exited with code 255,set;choose,problems/real/corpus.json
real,245,coso,solved,35,35,0.133063,,,set;choose,problems/real/corpus.json
real,245,asp,solved,35,35,0.110089,,,set;choose,problems/real/corpus.json
real,245,essence,solved,35,35,1.725050,,,set;choose,problems/real/corpus.json
real,246,wfomc,solved,35,35,0.222761,,,set;choose,problems/real/corpus.json
real,246,propositionalwfomc,error,,35,0.210256,GanakError,ganak exited with code 255,set;choose,problems/real/corpus.json
real,246,coso,solved,35,35,0.128329,,,set;choose,problems/real/corpus.json
real,246,asp,solved,35,35,0.114313,,,set;choose,problems/real/corpus.json
real,246,essence,solved,35,35,1.452745,,,set;choose,problems/real/corpus.json
real,248,wfomc,solved,6960,6960,1.691785,,,set;choose;multiple choosing;subset;difference;not constraint;or constraint,problems/real/corpus.json
real,248,propositionalwfomc,error,,6960,6.405331,GanakError,ganak exited with code 255,set;choose;multiple choosing;subset;difference;not constraint;or constraint,problems/real/corpus.json
real,248,coso,error,,6960,0.234137,CoSoEncodingError,"CoSo backend supports exactly one target configuration per component; found 3 (chairman, vice_chairman, sergeant_at_arms).",set;choose;multiple choosing;subset;difference;not constraint;or constraint,problems/real/corpus.json
real,248,asp,unsolved,,6960,0.210855,CoSoEncodingError,"CoSo backend supports exactly one target configuration per component; found 3 (chairman, vice_chairman, sergeant_at_arms).",set;choose;multiple choosing;subset;difference;not constraint;or constraint,problems/real/corpus.json
real,248,essence,unsolved,,6960,0.209472,CoSoEncodingError,"CoSo backend supports exactly one target configuration per component; found 3 (chairman, vice_chairman, sergeant_at_arms).",set;choose;multiple choosing;subset;difference;not constraint;or constraint,problems/real/corpus.json
real,249,wfomc,solved,14,14,0.558844,,,bag;partition,problems/real/corpus.json
real,249,propositionalwfomc,error,,14,0.437135,GanakError,ganak exited with code 255,bag;partition,problems/real/corpus.json
real,249,coso,solved,14,14,0.124061,,,bag;partition,problems/real/corpus.json
real,249,asp,unsolved,,14,0.101933,BaselineUnsupportedError,ASP baseline translator does not support partition.,bag;partition,problems/real/corpus.json
real,249,essence,unsolved,1,14,0.606848,WrongAnswer,"expected 14, got 1",bag;partition,problems/real/corpus.json
real,250,wfomc,solved,29,29,1.131396,,,set;choose;multiple choosing;intersection;size constraint,problems/real/corpus.json
real,250,propositionalwfomc,error,,29,2.939461,GanakError,ganak exited with code 255,set;choose;multiple choosing;intersection;size constraint,problems/real/corpus.json
real,250,coso,error,,29,0.279487,CoSoEncodingError,"CoSo backend supports exactly one target configuration per component; found 4 (chosen_material, chosen_size, chosen_color, chosen_shape).",set;choose;multiple choosing;intersection;size constraint,problems/real/corpus.json
real,250,asp,unsolved,,29,0.256509,CoSoEncodingError,"CoSo backend supports exactly one target configuration per component; found 4 (chosen_material, chosen_size, chosen_color, chosen_shape).",set;choose;multiple choosing;intersection;size constraint,problems/real/corpus.json
real,250,essence,unsolved,,29,0.263920,CoSoEncodingError,"CoSo backend supports exactly one target configuration per component; found 4 (chosen_material, chosen_size, chosen_color, chosen_shape).",set;choose;multiple choosing;intersection;size constraint,problems/real/corpus.json
real,252,wfomc,solved,48,48,0.628175,,,bag;tuple;index;not constraint;compare element,problems/real/corpus.json
real,252,propositionalwfomc,error,,48,1.573436,GanakError,ganak exited with code 255,bag;tuple;index;not constraint;compare element,problems/real/corpus.json
real,252,coso,solved,48,48,0.213422,,,bag;tuple;index;not constraint;compare element,problems/real/corpus.json
real,252,asp,solved,48,48,0.148033,,,bag;tuple;index;not constraint;compare element,problems/real/corpus.json
real,252,essence,solved,48,48,1.211607,,,bag;tuple;index;not constraint;compare element,problems/real/corpus.json
real,253,wfomc,solved,1120,1120,0.384294,,,set;choose;intersection;size constraint,problems/real/corpus.json
real,253,propositionalwfomc,error,,1120,1.276739,GanakError,ganak exited with code 255,set;choose;intersection;size constraint,problems/real/corpus.json
real,253,coso,solved,1120,1120,0.371502,,,set;choose;intersection;size constraint,problems/real/corpus.json
real,253,asp,solved,1120,1120,0.556301,,,set;choose;intersection;size constraint,problems/real/corpus.json
real,253,essence,solved,1120,1120,4.825933,,,set;choose;intersection;size constraint,problems/real/corpus.json
real,254,wfomc,solved,36,36,0.571788,,,set;choose;multiple choosing;tuple;not constraint;subset;difference;in,problems/real/corpus.json
real,254,propositionalwfomc,error,,36,1.331092,GanakError,ganak exited with code 255,set;choose;multiple choosing;tuple;not constraint;subset;difference;in,problems/real/corpus.json
real,254,coso,error,,36,0.188535,CoSoEncodingError,"CoSo backend supports exactly one target configuration per component; found 2 (back_seats, driver).",set;choose;multiple choosing;tuple;not constraint;subset;difference;in,problems/real/corpus.json
real,254,asp,unsolved,,36,0.169952,CoSoEncodingError,"CoSo backend supports exactly one target configuration per component; found 2 (back_seats, driver).",set;choose;multiple choosing;tuple;not constraint;subset;difference;in,problems/real/corpus.json
real,254,essence,unsolved,,36,0.162677,CoSoEncodingError,"CoSo backend supports exactly one target configuration per component; found 2 (back_seats, driver).",set;choose;multiple choosing;tuple;not constraint;subset;difference;in,problems/real/corpus.json
real,255,wfomc,solved,50,50,0.832630,,,bag;tuple;index;not constraint;compare element,problems/real/corpus.json
real,255,propositionalwfomc,error,,50,2.315952,GanakError,ganak exited with code 255,bag;tuple;index;not constraint;compare element,problems/real/corpus.json
real,255,coso,solved,50,50,0.302068,,,bag;tuple;index;not constraint;compare element,problems/real/corpus.json
real,255,asp,solved,50,50,0.144938,,,bag;tuple;index;not constraint;compare element,problems/real/corpus.json
real,255,essence,solved,50,50,1.110966,,,bag;tuple;index;not constraint;compare element,problems/real/corpus.json
real,256,wfomc,solved,28,28,0.221337,,,set;choose,problems/real/corpus.json
real,256,propositionalwfomc,error,,28,0.214470,GanakError,ganak exited with code 255,set;choose,problems/real/corpus.json
real,256,coso,solved,28,28,0.123057,,,set;choose,problems/real/corpus.json
real,256,asp,solved,28,28,0.106418,,,set;choose,problems/real/corpus.json
real,256,essence,solved,28,28,1.473546,,,set;choose,problems/real/corpus.json
real,258,wfomc,solved,105,105,0.221565,,,set;choose,problems/real/corpus.json
real,258,propositionalwfomc,error,,105,0.257757,GanakError,ganak exited with code 255,set;choose,problems/real/corpus.json
real,258,coso,solved,105,105,0.127601,,,set;choose,problems/real/corpus.json
real,258,asp,solved,105,105,0.140707,,,set;choose,problems/real/corpus.json
real,258,essence,solved,105,105,2.481891,,,set;choose,problems/real/corpus.json
real,259,wfomc,solved,432,432,0.583886,,,counting quantifier,problems/real/corpus.json
real,259,propositionalwfomc,error,,432,4.123308,GanakError,ganak exited with code 255,counting quantifier,problems/real/corpus.json
real,259,coso,error,,432,0.140957,CoSoEncodingError,CoSo backend does not support tuple dedup_count atoms.,counting quantifier,problems/real/corpus.json
real,259,asp,unsolved,,432,0.120132,CoSoEncodingError,CoSo backend does not support tuple dedup_count atoms.,counting quantifier,problems/real/corpus.json
real,259,essence,unsolved,,432,0.125442,CoSoEncodingError,CoSo backend does not support tuple dedup_count atoms.,counting quantifier,problems/real/corpus.json
real,260,wfomc,solved,720,720,0.204111,,,set;circle,problems/real/corpus.json
real,260,propositionalwfomc,error,,720,0.243132,GanakError,ganak exited with code 255,set;circle,problems/real/corpus.json
real,260,coso,error,,720,0.114276,CoSoEncodingError,CoSo backend does not support Cofola circle objects.,set;circle,problems/real/corpus.json
real,260,asp,unsolved,,720,0.097882,CoSoEncodingError,CoSo backend does not support Cofola circle objects.,set;circle,problems/real/corpus.json
real,260,essence,unsolved,,720,0.096716,CoSoEncodingError,CoSo backend does not support Cofola circle objects.,set;circle,problems/real/corpus.json
real,261,wfomc,solved,10,10,0.224728,,,set;choose,problems/real/corpus.json
real,261,propositionalwfomc,error,,10,0.202684,GanakError,ganak exited with code 255,set;choose,problems/real/corpus.json
real,261,coso,solved,10,10,0.123437,,,set;choose,problems/real/corpus.json
real,261,asp,solved,10,10,0.114563,,,set;choose,problems/real/corpus.json
real,261,essence,solved,10,10,1.264091,,,set;choose,problems/real/corpus.json
real,262,wfomc,solved,9240,9240,0.421747,,,set;composition;size constraint;index;in,problems/real/corpus.json
real,262,propositionalwfomc,error,,9240,1.063673,GanakError,ganak exited with code 255,set;composition;size constraint;index;in,problems/real/corpus.json
real,262,coso,wrong,27720,9240,0.275832,WrongAnswer,"expected 9240, got 27720",set;composition;size constraint;index;in,problems/real/corpus.json
real,262,asp,unsolved,0,9240,0.269961,WrongAnswer,"expected 9240, got 0",set;composition;size constraint;index;in,problems/real/corpus.json
real,262,essence,unsolved,,9240,0.549277,RuntimeError,Error:,set;composition;size constraint;index;in,problems/real/corpus.json
real,264,wfomc,solved,15,15,0.293572,,,set;choose;subset,problems/real/corpus.json
real,264,propositionalwfomc,error,,15,0.407934,GanakError,ganak exited with code 255,set;choose;subset,problems/real/corpus.json
real,264,coso,wrong,11,15,0.413330,WrongAnswer,"expected 15, got 11",set;choose;subset,problems/real/corpus.json
real,264,asp,unsolved,11,15,0.372492,WrongAnswer,"expected 15, got 11",set;choose;subset,problems/real/corpus.json
real,264,essence,unsolved,,15,7.995233,RuntimeError,Conjure did not produce model000001.solutions,set;choose;subset,problems/real/corpus.json
real,265,wfomc,solved,384,384,0.486543,,,set;sequence;choose_replace_permute;not constraint;next_to,problems/real/corpus.json
real,265,propositionalwfomc,error,,384,3.462360,GanakError,ganak exited with code 255,set;sequence;choose_replace_permute;not constraint;next_to,problems/real/corpus.json
real,265,coso,error,,384,0.152540,CoSoEncodingError,CoSo backend does not support Cofola sequence objects; use TupleDef/tuple(...) for CoSo-compatible ordered arrangements.,set;sequence;choose_replace_permute;not constraint;next_to,problems/real/corpus.json
real,265,asp,unsolved,,384,0.132847,CoSoEncodingError,CoSo backend does not support Cofola sequence objects; use TupleDef/tuple(...) for CoSo-compatible ordered arrangements.,set;sequence;choose_replace_permute;not constraint;next_to,problems/real/corpus.json
real,265,essence,unsolved,,384,0.123672,CoSoEncodingError,CoSo backend does not support Cofola sequence objects; use TupleDef/tuple(...) for CoSo-compatible ordered arrangements.,set;sequence;choose_replace_permute;not constraint;next_to,problems/real/corpus.json
real,266,wfomc,solved,210,210,0.250802,,,set;choose,problems/real/corpus.json
real,266,propositionalwfomc,error,,210,0.399803,GanakError,ganak exited with code 255,set;choose,problems/real/corpus.json
real,266,coso,solved,210,210,0.130068,,,set;choose,problems/real/corpus.json
real,266,asp,solved,210,210,0.132096,,,set;choose,problems/real/corpus.json
real,266,essence,solved,210,210,1.881936,,,set;choose,problems/real/corpus.json
real,268,wfomc,solved,4,4,0.492009,,,bag;partition,problems/real/corpus.json
real,268,propositionalwfomc,error,,4,0.394177,GanakError,ganak exited with code 255,bag;partition,problems/real/corpus.json
real,268,coso,solved,4,4,0.115330,,,bag;partition,problems/real/corpus.json
real,268,asp,unsolved,,4,0.100304,BaselineUnsupportedError,ASP baseline translator does not support partition.,bag;partition,problems/real/corpus.json
real,268,essence,unsolved,1,4,0.615693,WrongAnswer,"expected 4, got 1",bag;partition,problems/real/corpus.json
real,269,wfomc,solved,240,240,0.458984,,,set;circle;next_to,problems/real/corpus.json
real,269,propositionalwfomc,error,,240,3.289990,GanakError,ganak exited with code 255,set;circle;next_to,problems/real/corpus.json
real,269,coso,error,,240,0.131757,CoSoEncodingError,CoSo backend does not support Cofola circle objects.,set;circle;next_to,problems/real/corpus.json
real,269,asp,unsolved,,240,0.119528,CoSoEncodingError,CoSo backend does not support Cofola circle objects.,set;circle;next_to,problems/real/corpus.json
real,269,essence,unsolved,,240,0.108655,CoSoEncodingError,CoSo backend does not support Cofola circle objects.,set;circle;next_to,problems/real/corpus.json
real,271,wfomc,solved,6,6,0.538713,,,bag;tuple,problems/real/corpus.json
real,271,propositionalwfomc,error,,6,1.047252,GanakError,ganak exited with code 255,bag;tuple,problems/real/corpus.json
real,271,coso,solved,6,6,0.134735,,,bag;tuple,problems/real/corpus.json
real,271,asp,solved,6,6,0.111143,,,bag;tuple,problems/real/corpus.json
real,271,essence,solved,6,6,0.866246,,,bag;tuple,problems/real/corpus.json
real,272,wfomc,solved,5416,5416,3.537468,,,set;choose_replace_permute;tuple;or constraint;in,problems/real/corpus.json
real,272,propositionalwfomc,error,,5416,3.308084,GanakError,ganak exited with code 255,set;choose_replace_permute;tuple;or constraint;in,problems/real/corpus.json
real,272,coso,wrong,5470,5416,3.371738,WrongAnswer,"expected 5416, got 5470",set;choose_replace_permute;tuple;or constraint;in,problems/real/corpus.json
real,272,asp,solved,5416,5416,10.672949,,,set;choose_replace_permute;tuple;or constraint;in,problems/real/corpus.json
real,272,essence,solved,5416,5416,10.671536,,,set;choose_replace_permute;tuple;or constraint;in,problems/real/corpus.json
real,273,wfomc,solved,4,4,0.222399,,,set;choose;size constraint,problems/real/corpus.json
real,273,propositionalwfomc,error,,4,0.197063,GanakError,ganak exited with code 255,set;choose;size constraint,problems/real/corpus.json
real,273,coso,solved,4,4,0.124001,,,set;choose;size constraint,problems/real/corpus.json
real,273,asp,solved,4,4,0.105612,,,set;choose;size constraint,problems/real/corpus.json
real,273,essence,solved,4,4,1.187825,,,set;choose;size constraint,problems/real/corpus.json
real,274,wfomc,solved,2598960,2598960,0.224758,,,set;choose,problems/real/corpus.json
real,274,propositionalwfomc,error,,2598960,1.046262,GanakError,ganak exited with code 255,set;choose,problems/real/corpus.json
real,274,coso,solved,2598960,2598960,0.131342,,,set;choose,problems/real/corpus.json
real,274,asp,unsolved,,2598960,100.010192,TimeoutError,Timed out after 100.000s,set;choose,problems/real/corpus.json
real,274,essence,unsolved,,2598960,100.103954,TimeoutError,Timed out after 100.000s,set;choose,problems/real/corpus.json
real,275,wfomc,solved,768,768,0.470414,,,set;choose;multiple choosing,problems/real/corpus.json
real,275,propositionalwfomc,error,,768,0.275929,GanakError,ganak exited with code 255,set;choose;multiple choosing,problems/real/corpus.json
real,275,coso,wrong,255,768,0.214566,WrongAnswer,"expected 768, got 255",set;choose;multiple choosing,problems/real/corpus.json
real,275,asp,unsolved,255,768,0.216993,WrongAnswer,"expected 768, got 255",set;choose;multiple choosing,problems/real/corpus.json
real,275,essence,unsolved,255,768,12.575545,WrongAnswer,"expected 768, got 255",set;choose;multiple choosing,problems/real/corpus.json
real,277,wfomc,solved,100,100,0.848707,,,set;tuple;choose_replace_permute;index;not constraint;compare element,problems/real/corpus.json
real,277,propositionalwfomc,error,,100,2.800815,GanakError,ganak exited with code 255,set;tuple;choose_replace_permute;index;not constraint;compare element,problems/real/corpus.json
real,277,coso,solved,100,100,0.296075,,,set;tuple;choose_replace_permute;index;not constraint;compare element,problems/real/corpus.json
real,277,asp,solved,100,100,0.137932,,,set;tuple;choose_replace_permute;index;not constraint;compare element,problems/real/corpus.json
real,277,essence,solved,100,100,1.785876,,,set;tuple;choose_replace_permute;index;not constraint;compare element,problems/real/corpus.json
real,278,wfomc,solved,1951,1951,0.406568,,,set;tuple;choose_replace_permute;in,problems/real/corpus.json
real,278,propositionalwfomc,error,,1951,6.118528,GanakError,ganak exited with code 255,set;tuple;choose_replace_permute;in,problems/real/corpus.json
real,278,coso,wrong,1875,1951,0.159611,WrongAnswer,"expected 1951, got 1875",set;tuple;choose_replace_permute;in,problems/real/corpus.json
real,278,asp,solved,1951,1951,7.086432,,,set;tuple;choose_replace_permute;in,problems/real/corpus.json
real,278,essence,solved,1951,1951,2.816812,,,set;tuple;choose_replace_permute;in,problems/real/corpus.json
real,279,wfomc,solved,210,210,0.387508,,,set;choose;multiple choosing;subset;not constraint,problems/real/corpus.json
real,279,propositionalwfomc,error,,210,1.532704,GanakError,ganak exited with code 255,set;choose;multiple choosing;subset;not constraint,problems/real/corpus.json
real,279,coso,error,,210,0.136160,CoSoEncodingError,CoSo backend does not support tuple dedup_count atoms.,set;choose;multiple choosing;subset;not constraint,problems/real/corpus.json
real,279,asp,unsolved,,210,0.117766,CoSoEncodingError,CoSo backend does not support tuple dedup_count atoms.,set;choose;multiple choosing;subset;not constraint,problems/real/corpus.json
real,279,essence,unsolved,,210,0.111940,CoSoEncodingError,CoSo backend does not support tuple dedup_count atoms.,set;choose;multiple choosing;subset;not constraint,problems/real/corpus.json
real,280,wfomc,solved,12,12,0.958520,,,set;choose_replace_permute;tuple;index;in,problems/real/corpus.json
real,280,propositionalwfomc,error,,12,2.472989,GanakError,ganak exited with code 255,set;choose_replace_permute;tuple;index;in,problems/real/corpus.json
real,280,coso,solved,12,12,0.587792,,,set;choose_replace_permute;tuple;index;in,problems/real/corpus.json
real,280,asp,solved,12,12,0.172431,,,set;choose_replace_permute;tuple;index;in,problems/real/corpus.json
real,280,essence,solved,12,12,1.121823,,,set;choose_replace_permute;tuple;index;in,problems/real/corpus.json
real,281,wfomc,solved,75,75,0.884663,,,set;bag;choose;multiple choosing,problems/real/corpus.json
real,281,propositionalwfomc,error,,75,2.414087,GanakError,ganak exited with code 255,set;bag;choose;multiple choosing,problems/real/corpus.json
real,281,coso,solved,75,75,0.344563,,,set;bag;choose;multiple choosing,problems/real/corpus.json
real,281,asp,unsolved,150,75,0.530500,WrongAnswer,"expected 75, got 150",set;bag;choose;multiple choosing,problems/real/corpus.json
real,281,essence,solved,75,75,2.907475,,,set;bag;choose;multiple choosing,problems/real/corpus.json
real,284,wfomc,solved,1440,1440,0.369873,,,set;circle;next_to;not constraint,problems/real/corpus.json
real,284,propositionalwfomc,error,,1440,1.322986,GanakError,ganak exited with code 255,set;circle;next_to;not constraint,problems/real/corpus.json
real,284,coso,error,,1440,0.155231,CoSoEncodingError,CoSo backend does not support Cofola circle objects.,set;circle;next_to;not constraint,problems/real/corpus.json
real,284,asp,unsolved,,1440,0.129011,CoSoEncodingError,CoSo backend does not support Cofola circle objects.,set;circle;next_to;not constraint,problems/real/corpus.json
real,284,essence,unsolved,,1440,0.137079,CoSoEncodingError,CoSo backend does not support Cofola circle objects.,set;circle;next_to;not constraint,problems/real/corpus.json
real,285,wfomc,solved,14,14,0.304936,,,set;partition,problems/real/corpus.json
real,285,propositionalwfomc,error,,14,0.325013,GanakError,ganak exited with code 255,set;partition,problems/real/corpus.json
real,285,coso,solved,14,14,0.120371,,,set;partition,problems/real/corpus.json
real,285,asp,unsolved,,14,0.116757,BaselineUnsupportedError,ASP baseline translator does not support partition.,set;partition,problems/real/corpus.json
real,285,essence,unsolved,1,14,0.639680,WrongAnswer,"expected 14, got 1",set;partition,problems/real/corpus.json
real,286,wfomc,solved,4242,4242,0.340840,,,set;choose;intersection;size constraint,problems/real/corpus.json
real,286,propositionalwfomc,error,,4242,0.860828,GanakError,ganak exited with code 255,set;choose;intersection;size constraint,problems/real/corpus.json
real,286,coso,solved,4242,4242,0.453937,,,set;choose;intersection;size constraint,problems/real/corpus.json
real,286,asp,solved,4242,4242,0.995673,,,set;choose;intersection;size constraint,problems/real/corpus.json
real,286,essence,solved,4242,4242,9.402953,,,set;choose;intersection;size constraint,problems/real/corpus.json
real,287,wfomc,solved,210,210,0.233621,,,set;choose,problems/real/corpus.json
real,287,propositionalwfomc,error,,210,0.240058,GanakError,ganak exited with code 255,set;choose,problems/real/corpus.json
real,287,coso,solved,210,210,0.135585,,,set;choose,problems/real/corpus.json
real,287,asp,solved,210,210,0.141777,,,set;choose,problems/real/corpus.json
real,287,essence,solved,210,210,1.981087,,,set;choose,problems/real/corpus.json
real,288,wfomc,solved,210,210,0.292733,,,set;choose;multiple choosing,problems/real/corpus.json
real,288,propositionalwfomc,error,,210,0.247818,GanakError,ganak exited with code 255,set;choose;multiple choosing,problems/real/corpus.json
real,288,coso,solved,210,210,0.160663,,,set;choose;multiple choosing,problems/real/corpus.json
real,288,asp,solved,210,210,0.150772,,,set;choose;multiple choosing,problems/real/corpus.json
real,288,essence,solved,210,210,2.639652,,,set;choose;multiple choosing,problems/real/corpus.json
real,290,wfomc,solved,60,60,0.446415,,,bag;tuple,problems/real/corpus.json
real,290,propositionalwfomc,error,,60,1.330846,GanakError,ganak exited with code 255,bag;tuple,problems/real/corpus.json
real,290,coso,solved,60,60,0.137322,,,bag;tuple,problems/real/corpus.json
real,290,asp,solved,60,60,0.159397,,,bag;tuple,problems/real/corpus.json
real,290,essence,solved,60,60,1.055255,,,bag;tuple,problems/real/corpus.json
real,291,wfomc,solved,180,180,1.219555,,,set;sequence;choose_replace_permute;pred;succ,problems/real/corpus.json
real,291,propositionalwfomc,error,,180,8.344583,GanakError,ganak exited with code 255,set;sequence;choose_replace_permute;pred;succ,problems/real/corpus.json
real,291,coso,error,,180,0.201385,CoSoEncodingError,CoSo backend does not support Cofola sequence objects; use TupleDef/tuple(...) for CoSo-compatible ordered arrangements.,set;sequence;choose_replace_permute;pred;succ,problems/real/corpus.json
real,291,asp,unsolved,,180,0.178864,CoSoEncodingError,CoSo backend does not support Cofola sequence objects; use TupleDef/tuple(...) for CoSo-compatible ordered arrangements.,set;sequence;choose_replace_permute;pred;succ,problems/real/corpus.json
real,291,essence,unsolved,,180,0.183294,CoSoEncodingError,CoSo backend does not support Cofola sequence objects; use TupleDef/tuple(...) for CoSo-compatible ordered arrangements.,set;sequence;choose_replace_permute;pred;succ,problems/real/corpus.json
real,292,wfomc,solved,720,720,0.377663,,,set;sequence;together,problems/real/corpus.json
real,292,propositionalwfomc,error,,720,1.430756,GanakError,ganak exited with code 255,set;sequence;together,problems/real/corpus.json
real,292,coso,error,,720,0.156281,CoSoEncodingError,CoSo backend does not support Cofola sequence objects; use TupleDef/tuple(...) for CoSo-compatible ordered arrangements.,set;sequence;together,problems/real/corpus.json
real,292,asp,unsolved,,720,0.146741,CoSoEncodingError,CoSo backend does not support Cofola sequence objects; use TupleDef/tuple(...) for CoSo-compatible ordered arrangements.,set;sequence;together,problems/real/corpus.json
real,292,essence,unsolved,,720,0.144745,CoSoEncodingError,CoSo backend does not support Cofola sequence objects; use TupleDef/tuple(...) for CoSo-compatible ordered arrangements.,set;sequence;together,problems/real/corpus.json
real,294,wfomc,solved,14,14,0.317238,,,set;partition,problems/real/corpus.json
real,294,propositionalwfomc,error,,14,0.349689,GanakError,ganak exited with code 255,set;partition,problems/real/corpus.json
real,294,coso,solved,14,14,0.132320,,,set;partition,problems/real/corpus.json
real,294,asp,unsolved,,14,0.120546,BaselineUnsupportedError,ASP baseline translator does not support partition.,set;partition,problems/real/corpus.json
real,294,essence,unsolved,1,14,0.641441,WrongAnswer,"expected 14, got 1",set;partition,problems/real/corpus.json
real,295,wfomc,solved,41,41,0.316067,,,set;partition,problems/real/corpus.json
real,295,propositionalwfomc,error,,41,0.377009,GanakError,ganak exited with code 255,set;partition,problems/real/corpus.json
real,295,coso,solved,41,41,0.137512,,,set;partition,problems/real/corpus.json
real,295,asp,unsolved,,41,0.123371,BaselineUnsupportedError,ASP baseline translator does not support partition.,set;partition,problems/real/corpus.json
real,295,essence,unsolved,1,41,0.684466,WrongAnswer,"expected 41, got 1",set;partition,problems/real/corpus.json
real,296,wfomc,solved,80,80,0.347599,,,set;choose;multiple choosing,problems/real/corpus.json
real,296,propositionalwfomc,error,,80,0.568856,GanakError,ganak exited with code 255,set;choose;multiple choosing,problems/real/corpus.json
real,296,coso,error,,80,0.158520,CoSoEncodingError,"CoSo backend supports exactly one target configuration per component; found 2 (#2, #3).",set;choose;multiple choosing,problems/real/corpus.json
real,296,asp,unsolved,,80,0.140191,CoSoEncodingError,"CoSo backend supports exactly one target configuration per component; found 2 (#2, #3).",set;choose;multiple choosing,problems/real/corpus.json
real,296,essence,unsolved,,80,0.144149,CoSoEncodingError,"CoSo backend supports exactly one target configuration per component; found 2 (#2, #3).",set;choose;multiple choosing,problems/real/corpus.json
real,297,wfomc,solved,16,16,0.748442,,,set;choose;difference;multiple choosing,problems/real/corpus.json
real,297,propositionalwfomc,error,,16,1.279339,GanakError,ganak exited with code 255,set;choose;difference;multiple choosing,problems/real/corpus.json
real,297,coso,error,,16,0.180853,CoSoEncodingError,"CoSo backend supports exactly one target configuration per component; found 4 (winner1, winner2, winner3, winner4).",set;choose;difference;multiple choosing,problems/real/corpus.json
real,297,asp,unsolved,,16,0.161494,CoSoEncodingError,"CoSo backend supports exactly one target configuration per component; found 4 (winner1, winner2, winner3, winner4).",set;choose;difference;multiple choosing,problems/real/corpus.json
real,297,essence,unsolved,,16,0.155750,CoSoEncodingError,"CoSo backend supports exactly one target configuration per component; found 4 (winner1, winner2, winner3, winner4).",set;choose;difference;multiple choosing,problems/real/corpus.json
real,298,wfomc,solved,45,45,0.238436,,,set;choose,problems/real/corpus.json
real,298,propositionalwfomc,error,,45,0.244366,GanakError,ganak exited with code 255,set;choose,problems/real/corpus.json
real,298,coso,solved,45,45,0.138797,,,set;choose,problems/real/corpus.json
real,298,asp,solved,45,45,0.121173,,,set;choose,problems/real/corpus.json
real,298,essence,solved,45,45,1.821819,,,set;choose,problems/real/corpus.json
real,299,wfomc,solved,420,420,0.460326,,,set;composition;index;size constraint;in,problems/real/corpus.json
real,299,propositionalwfomc,error,,420,0.825479,GanakError,ganak exited with code 255,set;composition;index;size constraint;in,problems/real/corpus.json
real,299,coso,wrong,2520,420,0.253798,WrongAnswer,"expected 420, got 2520",set;composition;index;size constraint;in,problems/real/corpus.json
real,299,asp,unsolved,0,420,0.222942,WrongAnswer,"expected 420, got 0",set;composition;index;size constraint;in,problems/real/corpus.json
real,299,essence,unsolved,,420,0.480291,RuntimeError,Error:,set;composition;index;size constraint;in,problems/real/corpus.json
real,300,wfomc,solved,380,380,0.312496,,,set;choose;multiple choosing,problems/real/corpus.json
real,300,propositionalwfomc,error,,380,1.294007,GanakError,ganak exited with code 255,set;choose;multiple choosing,problems/real/corpus.json
real,300,coso,error,,380,0.146976,CoSoEncodingError,"CoSo backend supports exactly one target configuration per component; found 2 (president, vice_president).",set;choose;multiple choosing,problems/real/corpus.json
real,300,asp,unsolved,,380,0.120944,CoSoEncodingError,"CoSo backend supports exactly one target configuration per component; found 2 (president, vice_president).",set;choose;multiple choosing,problems/real/corpus.json
real,300,essence,unsolved,,380,0.128388,CoSoEncodingError,"CoSo backend supports exactly one target configuration per component; found 2 (president, vice_president).",set;choose;multiple choosing,problems/real/corpus.json
real,301,wfomc,solved,48,48,0.402465,,,set;tuple;composition,problems/real/corpus.json
real,301,propositionalwfomc,error,,48,0.766355,GanakError,ganak exited with code 255,set;tuple;composition,problems/real/corpus.json
real,301,coso,wrong,8,48,0.142567,WrongAnswer,"expected 48, got 8",set;tuple;composition,problems/real/corpus.json
real,301,asp,unsolved,,48,0.125818,CoSoEncodingError,"CoSo backend supports exactly one target configuration per component; found 2 (take_off, runways).",set;tuple;composition,problems/real/corpus.json
real,301,essence,unsolved,,48,0.127499,CoSoEncodingError,"CoSo backend supports exactly one target configuration per component; found 2 (take_off, runways).",set;tuple;composition,problems/real/corpus.json
real,302,wfomc,solved,16,16,0.230843,,,set;composition,problems/real/corpus.json
real,302,propositionalwfomc,error,,16,0.242321,GanakError,ganak exited with code 255,set;composition,problems/real/corpus.json
real,302,coso,solved,16,16,0.133557,,,set;composition,problems/real/corpus.json
real,302,asp,unsolved,0,16,0.124796,WrongAnswer,"expected 16, got 0",set;composition,problems/real/corpus.json
real,302,essence,unsolved,14,16,1.121177,WrongAnswer,"expected 16, got 14",set;composition,problems/real/corpus.json
real,303,wfomc,solved,60,60,0.216243,,,circle;reflection,problems/real/corpus.json
real,303,propositionalwfomc,error,,60,0.228131,GanakError,ganak exited with code 255,circle;reflection,problems/real/corpus.json
real,303,coso,error,,60,0.131087,CoSoEncodingError,CoSo backend does not support Cofola circle objects.,circle;reflection,problems/real/corpus.json
real,303,asp,unsolved,,60,0.111050,CoSoEncodingError,CoSo backend does not support Cofola circle objects.,circle;reflection,problems/real/corpus.json
real,303,essence,unsolved,,60,0.111486,CoSoEncodingError,CoSo backend does not support Cofola circle objects.,circle;reflection,problems/real/corpus.json
real,304,wfomc,solved,1848,1848,0.347686,,,set;choose;intersection;size constraint,problems/real/corpus.json
real,304,propositionalwfomc,error,,1848,0.727226,GanakError,ganak exited with code 255,set;choose;intersection;size constraint,problems/real/corpus.json
real,304,coso,solved,1848,1848,0.262696,,,set;choose;intersection;size constraint,problems/real/corpus.json
real,304,asp,solved,1848,1848,0.594746,,,set;choose;intersection;size constraint,problems/real/corpus.json
real,304,essence,solved,1848,1848,5.074449,,,set;choose;intersection;size constraint,problems/real/corpus.json
real,305,wfomc,solved,1050,1050,0.431320,,,set;choose;intersection;size constraint,problems/real/corpus.json
real,305,propositionalwfomc,error,,1050,3.504148,GanakError,ganak exited with code 255,set;choose;intersection;size constraint,problems/real/corpus.json
real,305,coso,solved,1050,1050,0.486973,,,set;choose;intersection;size constraint,problems/real/corpus.json
real,305,asp,solved,1050,1050,0.441512,,,set;choose;intersection;size constraint,problems/real/corpus.json
real,305,essence,solved,1050,1050,8.394059,,,set;choose;intersection;size constraint,problems/real/corpus.json
real,306,wfomc,solved,6840,6840,0.401348,,,set;choose;multiple choosing;difference,problems/real/corpus.json
real,306,propositionalwfomc,error,,6840,2.535254,GanakError,ganak exited with code 255,set;choose;multiple choosing;difference,problems/real/corpus.json
real,306,coso,error,,6840,0.164164,CoSoEncodingError,"CoSo backend supports exactly one target configuration per component; found 3 (president, vice_president, treasurer).",set;choose;multiple choosing;difference,problems/real/corpus.json
real,306,asp,unsolved,,6840,0.145012,CoSoEncodingError,"CoSo backend supports exactly one target configuration per component; found 3 (president, vice_president, treasurer).",set;choose;multiple choosing;difference,problems/real/corpus.json
real,306,essence,unsolved,,6840,0.144907,CoSoEncodingError,"CoSo backend supports exactly one target configuration per component; found 3 (president, vice_president, treasurer).",set;choose;multiple choosing;difference,problems/real/corpus.json
real,307,wfomc,solved,192,192,0.528887,,,set;sequence;choose_replace_permute;pred;not constraint,problems/real/corpus.json
real,307,propositionalwfomc,error,,192,3.286504,GanakError,ganak exited with code 255,set;sequence;choose_replace_permute;pred;not constraint,problems/real/corpus.json
real,307,coso,error,,192,0.204820,CoSoEncodingError,CoSo backend does not support Cofola sequence objects; use TupleDef/tuple(...) for CoSo-compatible ordered arrangements.,set;sequence;choose_replace_permute;pred;not constraint,problems/real/corpus.json
real,307,asp,unsolved,,192,0.193064,CoSoEncodingError,CoSo backend does not support Cofola sequence objects; use TupleDef/tuple(...) for CoSo-compatible ordered arrangements.,set;sequence;choose_replace_permute;pred;not constraint,problems/real/corpus.json
real,307,essence,unsolved,,192,0.194135,CoSoEncodingError,CoSo backend does not support Cofola sequence objects; use TupleDef/tuple(...) for CoSo-compatible ordered arrangements.,set;sequence;choose_replace_permute;pred;not constraint,problems/real/corpus.json
real,308,wfomc,timeout,,33800000,100.009486,TimeoutError,Timed out after 100.000s,set;sequence;TAG;choose_replace;next_to;timeout,problems/real/corpus.json
real,308,propositionalwfomc,timeout,,33800000,100.021699,TimeoutError,Timed out after 100.000s,set;sequence;TAG;choose_replace;next_to;timeout,problems/real/corpus.json
real,308,coso,error,,33800000,2.069553,CoSoEncodingError,"CoSo backend supports exactly one target configuration per component; found 3 (chosen_digits, chosen_letters, license_plate).",set;sequence;TAG;choose_replace;next_to;timeout,problems/real/corpus.json
real,308,asp,unsolved,,33800000,2.067738,CoSoEncodingError,"CoSo backend supports exactly one target configuration per component; found 3 (chosen_digits, chosen_letters, license_plate).",set;sequence;TAG;choose_replace;next_to;timeout,problems/real/corpus.json
real,308,essence,unsolved,,33800000,2.007119,CoSoEncodingError,"CoSo backend supports exactly one target configuration per component; found 3 (chosen_digits, chosen_letters, license_plate).",set;sequence;TAG;choose_replace;next_to;timeout,problems/real/corpus.json
real,309,wfomc,solved,6,6,0.383871,,,set;circle;next_to;reflection,problems/real/corpus.json
real,309,propositionalwfomc,error,,6,0.926965,GanakError,ganak exited with code 255,set;circle;next_to;reflection,problems/real/corpus.json
real,309,coso,error,,6,0.146129,CoSoEncodingError,CoSo backend does not support Cofola circle objects.,set;circle;next_to;reflection,problems/real/corpus.json
real,309,asp,unsolved,,6,0.124097,CoSoEncodingError,CoSo backend does not support Cofola circle objects.,set;circle;next_to;reflection,problems/real/corpus.json
real,309,essence,unsolved,,6,0.121195,CoSoEncodingError,CoSo backend does not support Cofola circle objects.,set;circle;next_to;reflection,problems/real/corpus.json
real,325,wfomc,solved,452,452,2.891243,,,set;choose_replace_permute;tuple;in;not constraint;compare element,problems/real/corpus.json
real,325,propositionalwfomc,error,,452,3.092036,GanakError,ganak exited with code 255,set;choose_replace_permute;tuple;in;not constraint;compare element,problems/real/corpus.json
real,325,coso,solved,452,452,1.961558,,,set;choose_replace_permute;tuple;in;not constraint;compare element,problems/real/corpus.json
real,325,asp,solved,452,452,0.254398,,,set;choose_replace_permute;tuple;in;not constraint;compare element,problems/real/corpus.json
real,325,essence,solved,452,452,6.154631,,,set;choose_replace_permute;tuple;in;not constraint;compare element,problems/real/corpus.json
real,335,wfomc,solved,320,320,0.920917,,,set;choose_replace_permute;tuple;index;in;supp,problems/real/corpus.json
real,335,propositionalwfomc,error,,320,4.590891,GanakError,ganak exited with code 255,set;choose_replace_permute;tuple;index;in;supp,problems/real/corpus.json
real,335,coso,error,,320,0.167336,CoSoEncodingError,CoSo backend does not support tuple dedup_count atoms.,set;choose_replace_permute;tuple;index;in;supp,problems/real/corpus.json
real,335,asp,unsolved,,320,0.142730,CoSoEncodingError,CoSo backend does not support tuple dedup_count atoms.,set;choose_replace_permute;tuple;index;in;supp,problems/real/corpus.json
real,335,essence,unsolved,,320,0.135112,CoSoEncodingError,CoSo backend does not support tuple dedup_count atoms.,set;choose_replace_permute;tuple;index;in;supp,problems/real/corpus.json
real,371,wfomc,solved,26,26,1.060259,,,set;choose_replace_permute;tuple;multiplicity constraint;not constraint,problems/real/corpus.json
real,371,propositionalwfomc,error,,26,2.991558,GanakError,ganak exited with code 255,set;choose_replace_permute;tuple;multiplicity constraint;not constraint,problems/real/corpus.json
real,371,coso,wrong,0,26,0.197679,WrongAnswer,"expected 26, got 0",set;choose_replace_permute;tuple;multiplicity constraint;not constraint,problems/real/corpus.json
real,371,asp,solved,26,26,0.167254,,,set;choose_replace_permute;tuple;multiplicity constraint;not constraint,problems/real/corpus.json
real,371,essence,solved,26,26,2.020821,,,set;choose_replace_permute;tuple;multiplicity constraint;not constraint,problems/real/corpus.json
real,375,wfomc,solved,728,728,1.004938,,,set;choose_replace_permute;tuple;index;in;supp;size constraint,problems/real/corpus.json
real,375,propositionalwfomc,error,,728,4.216924,GanakError,ganak exited with code 255,set;choose_replace_permute;tuple;index;in;supp;size constraint,problems/real/corpus.json
real,375,coso,solved,728,728,0.496050,,,set;choose_replace_permute;tuple;index;in;supp;size constraint,problems/real/corpus.json
real,375,asp,solved,728,728,0.201139,,,set;choose_replace_permute;tuple;index;in;supp;size constraint,problems/real/corpus.json
real,375,essence,solved,728,728,2.666442,,,set;choose_replace_permute;tuple;index;in;supp;size constraint,problems/real/corpus.json
growing,mathcounts_00,wfomc,solved,100,100,0.598736,,,mathcounts;bag;choose;count;growing,MATHCOUNTS bag choose
growing,mathcounts_00,propositionalwfomc,error,,100,1.296278,GanakError,ganak exited with code 255,mathcounts;bag;choose;count;growing,MATHCOUNTS bag choose
growing,mathcounts_00,coso,solved,100,100,0.486147,,,mathcounts;bag;choose;count;growing,MATHCOUNTS bag choose
growing,mathcounts_00,asp,unsolved,430,100,0.282181,WrongAnswer,"expected 100, got 430",mathcounts;bag;choose;count;growing,MATHCOUNTS bag choose
growing,mathcounts_00,essence,solved,100,100,2.700257,,,mathcounts;bag;choose;count;growing,MATHCOUNTS bag choose
growing,mathcounts_01,wfomc,solved,214,214,0.585293,,,mathcounts;bag;choose;count;growing,MATHCOUNTS bag choose
growing,mathcounts_01,propositionalwfomc,error,,214,1.694685,GanakError,ganak exited with code 255,mathcounts;bag;choose;count;growing,MATHCOUNTS bag choose
growing,mathcounts_01,coso,solved,214,214,0.524771,,,mathcounts;bag;choose;count;growing,MATHCOUNTS bag choose
growing,mathcounts_01,asp,unsolved,1075,214,0.524003,WrongAnswer,"expected 214, got 1075",mathcounts;bag;choose;count;growing,MATHCOUNTS bag choose
growing,mathcounts_01,essence,solved,214,214,3.095341,,,mathcounts;bag;choose;count;growing,MATHCOUNTS bag choose
growing,mathcounts_02,wfomc,solved,406,406,0.743631,,,mathcounts;bag;choose;count;growing,MATHCOUNTS bag choose
growing,mathcounts_02,propositionalwfomc,error,,406,2.288761,GanakError,ganak exited with code 255,mathcounts;bag;choose;count;growing,MATHCOUNTS bag choose
growing,mathcounts_02,coso,solved,406,406,0.570181,,,mathcounts;bag;choose;count;growing,MATHCOUNTS bag choose
growing,mathcounts_02,asp,unsolved,2271,406,1.698571,WrongAnswer,"expected 406, got 2271",mathcounts;bag;choose;count;growing,MATHCOUNTS bag choose
growing,mathcounts_02,essence,solved,406,406,3.628838,,,mathcounts;bag;choose;count;growing,MATHCOUNTS bag choose
growing,mathcounts_03,wfomc,solved,706,706,0.702055,,,mathcounts;bag;choose;count;growing,MATHCOUNTS bag choose
growing,mathcounts_03,propositionalwfomc,error,,706,2.868098,GanakError,ganak exited with code 255,mathcounts;bag;choose;count;growing,MATHCOUNTS bag choose
growing,mathcounts_03,coso,solved,706,706,0.643200,,,mathcounts;bag;choose;count;growing,MATHCOUNTS bag choose
growing,mathcounts_03,asp,unsolved,4270,706,6.231652,WrongAnswer,"expected 706, got 4270",mathcounts;bag;choose;count;growing,MATHCOUNTS bag choose
growing,mathcounts_03,essence,solved,706,706,4.340708,,,mathcounts;bag;choose;count;growing,MATHCOUNTS bag choose
growing,mathcounts_04,wfomc,solved,1149,1149,0.708102,,,mathcounts;bag;choose;count;growing,MATHCOUNTS bag choose
growing,mathcounts_04,propositionalwfomc,error,,1149,3.504713,GanakError,ganak exited with code 255,mathcounts;bag;choose;count;growing,MATHCOUNTS bag choose
growing,mathcounts_04,coso,solved,1149,1149,0.642551,,,mathcounts;bag;choose;count;growing,MATHCOUNTS bag choose
growing,mathcounts_04,asp,unsolved,7372,1149,19.109100,WrongAnswer,"expected 1149, got 7372",mathcounts;bag;choose;count;growing,MATHCOUNTS bag choose
growing,mathcounts_04,essence,solved,1149,1149,5.132707,,,mathcounts;bag;choose;count;growing,MATHCOUNTS bag choose
growing,mathcounts_05,wfomc,solved,1775,1775,0.691200,,,mathcounts;bag;choose;count;growing,MATHCOUNTS bag choose
growing,mathcounts_05,propositionalwfomc,error,,1775,4.227316,GanakError,ganak exited with code 255,mathcounts;bag;choose;count;growing,MATHCOUNTS bag choose
growing,mathcounts_05,coso,solved,1775,1775,0.680185,,,mathcounts;bag;choose;count;growing,MATHCOUNTS bag choose
growing,mathcounts_05,asp,unsolved,11925,1775,65.710576,WrongAnswer,"expected 1775, got 11925",mathcounts;bag;choose;count;growing,MATHCOUNTS bag choose
growing,mathcounts_05,essence,solved,1775,1775,6.312262,,,mathcounts;bag;choose;count;growing,MATHCOUNTS bag choose
growing,mathcounts_06,wfomc,solved,2629,2629,0.707482,,,mathcounts;bag;choose;count;growing,MATHCOUNTS bag choose
growing,mathcounts_06,propositionalwfomc,error,,2629,5.167222,GanakError,ganak exited with code 255,mathcounts;bag;choose;count;growing,MATHCOUNTS bag choose
growing,mathcounts_06,coso,solved,2629,2629,0.735258,,,mathcounts;bag;choose;count;growing,MATHCOUNTS bag choose
growing,mathcounts_06,asp,unsolved,,2629,100.040542,TimeoutError,Timed out after 100.000s,mathcounts;bag;choose;count;growing,MATHCOUNTS bag choose
growing,mathcounts_06,essence,solved,2629,2629,7.789114,,,mathcounts;bag;choose;count;growing,MATHCOUNTS bag choose
growing,mathcounts_07,wfomc,solved,3761,3761,0.708973,,,mathcounts;bag;choose;count;growing,MATHCOUNTS bag choose
growing,mathcounts_07,propositionalwfomc,error,,3761,6.139836,GanakError,ganak exited with code 255,mathcounts;bag;choose;count;growing,MATHCOUNTS bag choose
growing,mathcounts_07,coso,solved,3761,3761,0.774896,,,mathcounts;bag;choose;count;growing,MATHCOUNTS bag choose
growing,mathcounts_07,asp,unsolved,,3761,100.088743,TimeoutError,Timed out after 100.000s,mathcounts;bag;choose;count;growing,MATHCOUNTS bag choose
growing,mathcounts_07,essence,solved,3761,3761,9.576089,,,mathcounts;bag;choose;count;growing,MATHCOUNTS bag choose
growing,mathcounts_08,wfomc,solved,5226,5226,0.716903,,,mathcounts;bag;choose;count;growing,MATHCOUNTS bag choose
growing,mathcounts_08,propositionalwfomc,error,,5226,7.084153,GanakError,ganak exited with code 255,mathcounts;bag;choose;count;growing,MATHCOUNTS bag choose
growing,mathcounts_08,coso,solved,5226,5226,0.824114,,,mathcounts;bag;choose;count;growing,MATHCOUNTS bag choose
growing,mathcounts_08,asp,unsolved,,5226,100.104337,TimeoutError,Timed out after 100.000s,mathcounts;bag;choose;count;growing,MATHCOUNTS bag choose
growing,mathcounts_08,essence,solved,5226,5226,11.491469,,,mathcounts;bag;choose;count;growing,MATHCOUNTS bag choose
growing,mathcounts_09,wfomc,solved,7084,7084,0.802828,,,mathcounts;bag;choose;count;growing,MATHCOUNTS bag choose
growing,mathcounts_09,propositionalwfomc,error,,7084,8.158354,GanakError,ganak exited with code 255,mathcounts;bag;choose;count;growing,MATHCOUNTS bag choose
growing,mathcounts_09,coso,solved,7084,7084,0.855160,,,mathcounts;bag;choose;count;growing,MATHCOUNTS bag choose
growing,mathcounts_09,asp,unsolved,,7084,100.008410,TimeoutError,Timed out after 100.000s,mathcounts;bag;choose;count;growing,MATHCOUNTS bag choose
growing,mathcounts_09,essence,solved,7084,7084,16.223591,,,mathcounts;bag;choose;count;growing,MATHCOUNTS bag choose
growing,mathcounts_10,wfomc,solved,9400,9400,0.794834,,,mathcounts;bag;choose;count;growing,MATHCOUNTS bag choose
growing,mathcounts_10,propositionalwfomc,error,,9400,10.326018,GanakError,ganak exited with code 255,mathcounts;bag;choose;count;growing,MATHCOUNTS bag choose
growing,mathcounts_10,coso,solved,9400,9400,0.972742,,,mathcounts;bag;choose;count;growing,MATHCOUNTS bag choose
growing,mathcounts_10,asp,unsolved,,9400,100.082554,TimeoutError,Timed out after 100.000s,mathcounts;bag;choose;count;growing,MATHCOUNTS bag choose
growing,mathcounts_10,essence,solved,9400,9400,19.870505,,,mathcounts;bag;choose;count;growing,MATHCOUNTS bag choose
growing,fourletter_00,wfomc,solved,36,36,1.063065,,,fourletter;set;tuple;position;count;growing,four-letter arrangements
growing,fourletter_00,propositionalwfomc,error,,36,2.644776,GanakError,ganak exited with code 255,fourletter;set;tuple;position;count;growing,four-letter arrangements
growing,fourletter_00,coso,solved,36,36,0.226686,,,fourletter;set;tuple;position;count;growing,four-letter arrangements
growing,fourletter_00,asp,solved,36,36,0.150030,,,fourletter;set;tuple;position;count;growing,four-letter arrangements
growing,fourletter_00,essence,solved,36,36,2.318755,,,fourletter;set;tuple;position;count;growing,four-letter arrangements
growing,fourletter_01,wfomc,solved,60,60,1.062013,,,fourletter;set;tuple;position;count;growing,four-letter arrangements
growing,fourletter_01,propositionalwfomc,error,,60,3.219863,GanakError,ganak exited with code 255,fourletter;set;tuple;position;count;growing,four-letter arrangements
growing,fourletter_01,coso,solved,60,60,0.221977,,,fourletter;set;tuple;position;count;growing,four-letter arrangements
growing,fourletter_01,asp,solved,60,60,0.151411,,,fourletter;set;tuple;position;count;growing,four-letter arrangements
growing,fourletter_01,essence,solved,60,60,2.188937,,,fourletter;set;tuple;position;count;growing,four-letter arrangements
growing,fourletter_02,wfomc,solved,90,90,0.960865,,,fourletter;set;tuple;position;count;growing,four-letter arrangements
growing,fourletter_02,propositionalwfomc,error,,90,3.702549,GanakError,ganak exited with code 255,fourletter;set;tuple;position;count;growing,four-letter arrangements
growing,fourletter_02,coso,solved,90,90,0.222432,,,fourletter;set;tuple;position;count;growing,four-letter arrangements
growing,fourletter_02,asp,solved,90,90,0.145019,,,fourletter;set;tuple;position;count;growing,four-letter arrangements
growing,fourletter_02,essence,solved,90,90,2.370543,,,fourletter;set;tuple;position;count;growing,four-letter arrangements
growing,fourletter_03,wfomc,solved,126,126,0.956683,,,fourletter;set;tuple;position;count;growing,four-letter arrangements
growing,fourletter_03,propositionalwfomc,error,,126,4.819082,GanakError,ganak exited with code 255,fourletter;set;tuple;position;count;growing,four-letter arrangements
growing,fourletter_03,coso,solved,126,126,0.223081,,,fourletter;set;tuple;position;count;growing,four-letter arrangements
growing,fourletter_03,asp,solved,126,126,0.185261,,,fourletter;set;tuple;position;count;growing,four-letter arrangements
growing,fourletter_03,essence,solved,126,126,2.415575,,,fourletter;set;tuple;position;count;growing,four-letter arrangements
growing,fourletter_04,wfomc,solved,168,168,0.975692,,,fourletter;set;tuple;position;count;growing,four-letter arrangements
growing,fourletter_04,propositionalwfomc,error,,168,4.976546,GanakError,ganak exited with code 255,fourletter;set;tuple;position;count;growing,four-letter arrangements
growing,fourletter_04,coso,solved,168,168,0.215079,,,fourletter;set;tuple;position;count;growing,four-letter arrangements
growing,fourletter_04,asp,solved,168,168,0.167542,,,fourletter;set;tuple;position;count;growing,four-letter arrangements
growing,fourletter_04,essence,solved,168,168,2.619346,,,fourletter;set;tuple;position;count;growing,four-letter arrangements
growing,fourletter_05,wfomc,solved,216,216,1.226028,,,fourletter;set;tuple;position;count;growing,four-letter arrangements
growing,fourletter_05,propositionalwfomc,error,,216,5.711657,GanakError,ganak exited with code 255,fourletter;set;tuple;position;count;growing,four-letter arrangements
growing,fourletter_05,coso,solved,216,216,0.217267,,,fourletter;set;tuple;position;count;growing,four-letter arrangements
growing,fourletter_05,asp,solved,216,216,0.184447,,,fourletter;set;tuple;position;count;growing,four-letter arrangements
growing,fourletter_05,essence,solved,216,216,2.904115,,,fourletter;set;tuple;position;count;growing,four-letter arrangements
growing,fourletter_06,wfomc,solved,270,270,1.264350,,,fourletter;set;tuple;position;count;growing,four-letter arrangements
growing,fourletter_06,propositionalwfomc,error,,270,7.017712,GanakError,ganak exited with code 255,fourletter;set;tuple;position;count;growing,four-letter arrangements
growing,fourletter_06,coso,solved,270,270,0.220961,,,fourletter;set;tuple;position;count;growing,four-letter arrangements
growing,fourletter_06,asp,solved,270,270,0.184799,,,fourletter;set;tuple;position;count;growing,four-letter arrangements
growing,fourletter_06,essence,solved,270,270,2.950979,,,fourletter;set;tuple;position;count;growing,four-letter arrangements
growing,fourletter_07,wfomc,solved,330,330,1.177806,,,fourletter;set;tuple;position;count;growing,four-letter arrangements
growing,fourletter_07,propositionalwfomc,error,,330,7.309782,GanakError,ganak exited with code 255,fourletter;set;tuple;position;count;growing,four-letter arrangements
growing,fourletter_07,coso,solved,330,330,0.216034,,,fourletter;set;tuple;position;count;growing,four-letter arrangements
growing,fourletter_07,asp,solved,330,330,0.203147,,,fourletter;set;tuple;position;count;growing,four-letter arrangements
growing,fourletter_07,essence,solved,330,330,3.345896,,,fourletter;set;tuple;position;count;growing,four-letter arrangements
growing,fourletter_08,wfomc,solved,396,396,1.209341,,,fourletter;set;tuple;position;count;growing,four-letter arrangements
growing,fourletter_08,propositionalwfomc,error,,396,8.408211,GanakError,ganak exited with code 255,fourletter;set;tuple;position;count;growing,four-letter arrangements
growing,fourletter_08,coso,solved,396,396,0.200240,,,fourletter;set;tuple;position;count;growing,four-letter arrangements
growing,fourletter_08,asp,solved,396,396,0.219797,,,fourletter;set;tuple;position;count;growing,four-letter arrangements
growing,fourletter_08,essence,solved,396,396,3.345353,,,fourletter;set;tuple;position;count;growing,four-letter arrangements
growing,fourletter_09,wfomc,solved,468,468,1.228457,,,fourletter;set;tuple;position;count;growing,four-letter arrangements
growing,fourletter_09,propositionalwfomc,error,,468,9.039801,GanakError,ganak exited with code 255,fourletter;set;tuple;position;count;growing,four-letter arrangements
growing,fourletter_09,coso,solved,468,468,0.215196,,,fourletter;set;tuple;position;count;growing,four-letter arrangements
growing,fourletter_09,asp,solved,468,468,0.286525,,,fourletter;set;tuple;position;count;growing,four-letter arrangements
growing,fourletter_09,essence,solved,468,468,3.488190,,,fourletter;set;tuple;position;count;growing,four-letter arrangements
growing,fourletter_10,wfomc,solved,546,546,1.291192,,,fourletter;set;tuple;position;count;growing,four-letter arrangements
growing,fourletter_10,propositionalwfomc,error,,546,10.434072,GanakError,ganak exited with code 255,fourletter;set;tuple;position;count;growing,four-letter arrangements
growing,fourletter_10,coso,solved,546,546,0.222315,,,fourletter;set;tuple;position;count;growing,four-letter arrangements
growing,fourletter_10,asp,solved,546,546,0.330050,,,fourletter;set;tuple;position;count;growing,four-letter arrangements
growing,fourletter_10,essence,solved,546,546,4.179075,,,fourletter;set;tuple;position;count;growing,four-letter arrangements
growing,tvs_00,wfomc,solved,288,288,0.386273,,,tvs;set;choose;count;growing,defective TVs purchase
growing,tvs_00,propositionalwfomc,error,,288,0.688622,GanakError,ganak exited with code 255,tvs;set;choose;count;growing,defective TVs purchase
growing,tvs_00,coso,solved,288,288,0.310022,,,tvs;set;choose;count;growing,defective TVs purchase
growing,tvs_00,asp,solved,288,288,0.256515,,,tvs;set;choose;count;growing,defective TVs purchase
growing,tvs_00,essence,solved,288,288,4.086407,,,tvs;set;choose;count;growing,defective TVs purchase
growing,tvs_01,wfomc,solved,910,910,0.385913,,,tvs;set;choose;count;growing,defective TVs purchase
growing,tvs_01,propositionalwfomc,error,,910,0.837681,GanakError,ganak exited with code 255,tvs;set;choose;count;growing,defective TVs purchase
growing,tvs_01,coso,solved,910,910,0.357558,,,tvs;set;choose;count;growing,defective TVs purchase
growing,tvs_01,asp,solved,910,910,0.505315,,,tvs;set;choose;count;growing,defective TVs purchase
growing,tvs_01,essence,solved,910,910,5.509101,,,tvs;set;choose;count;growing,defective TVs purchase
growing,tvs_02,wfomc,solved,2256,2256,0.392561,,,tvs;set;choose;count;growing,defective TVs purchase
growing,tvs_02,propositionalwfomc,error,,2256,0.880976,GanakError,ganak exited with code 255,tvs;set;choose;count;growing,defective TVs purchase
growing,tvs_02,coso,solved,2256,2256,0.411692,,,tvs;set;choose;count;growing,defective TVs purchase
growing,tvs_02,asp,solved,2256,2256,1.367563,,,tvs;set;choose;count;growing,defective TVs purchase
growing,tvs_02,essence,solved,2256,2256,6.943838,,,tvs;set;choose;count;growing,defective TVs purchase
growing,tvs_03,wfomc,solved,4806,4806,0.374047,,,tvs;set;choose;count;growing,defective TVs purchase
growing,tvs_03,propositionalwfomc,error,,4806,1.096362,GanakError,ganak exited with code 255,tvs;set;choose;count;growing,defective TVs purchase
growing,tvs_03,coso,solved,4806,4806,0.417547,,,tvs;set;choose;count;growing,defective TVs purchase
growing,tvs_03,asp,solved,4806,4806,2.180015,,,tvs;set;choose;count;growing,defective TVs purchase
growing,tvs_03,essence,solved,4806,4806,10.386803,,,tvs;set;choose;count;growing,defective TVs purchase
growing,tvs_04,wfomc,solved,9212,9212,0.372239,,,tvs;set;choose;count;growing,defective TVs purchase
growing,tvs_04,propositionalwfomc,error,,9212,1.290598,GanakError,ganak exited with code 255,tvs;set;choose;count;growing,defective TVs purchase
growing,tvs_04,coso,solved,9212,9212,0.455403,,,tvs;set;choose;count;growing,defective TVs purchase
growing,tvs_04,asp,solved,9212,9212,7.418438,,,tvs;set;choose;count;growing,defective TVs purchase
growing,tvs_04,essence,solved,9212,9212,16.256288,,,tvs;set;choose;count;growing,defective TVs purchase
growing,tvs_05,wfomc,solved,16324,16324,0.373979,,,tvs;set;choose;count;growing,defective TVs purchase
growing,tvs_05,propositionalwfomc,error,,16324,1.525252,GanakError,ganak exited with code 255,tvs;set;choose;count;growing,defective TVs purchase
growing,tvs_05,coso,solved,16324,16324,0.481903,,,tvs;set;choose;count;growing,defective TVs purchase
growing,tvs_05,asp,solved,16324,16324,18.860464,,,tvs;set;choose;count;growing,defective TVs purchase
growing,tvs_05,essence,solved,16324,16324,25.422810,,,tvs;set;choose;count;growing,defective TVs purchase
growing,tvs_06,wfomc,solved,27216,27216,0.382268,,,tvs;set;choose;count;growing,defective TVs purchase
growing,tvs_06,propositionalwfomc,error,,27216,1.750428,GanakError,ganak exited with code 255,tvs;set;choose;count;growing,defective TVs purchase
growing,tvs_06,coso,solved,27216,27216,0.508829,,,tvs;set;choose;count;growing,defective TVs purchase
growing,tvs_06,asp,solved,27216,27216,49.514985,,,tvs;set;choose;count;growing,defective TVs purchase
growing,tvs_06,essence,solved,27216,27216,36.732863,,,tvs;set;choose;count;growing,defective TVs purchase
growing,tvs_07,wfomc,solved,43212,43212,0.383657,,,tvs;set;choose;count;growing,defective TVs purchase
growing,tvs_07,propositionalwfomc,error,,43212,1.963788,GanakError,ganak exited with code 255,tvs;set;choose;count;growing,defective TVs purchase
growing,tvs_07,coso,solved,43212,43212,0.527411,,,tvs;set;choose;count;growing,defective TVs purchase
growing,tvs_07,asp,unsolved,,43212,100.100271,TimeoutError,Timed out after 100.000s,tvs;set;choose;count;growing,defective TVs purchase
growing,tvs_07,essence,solved,43212,43212,58.802718,,,tvs;set;choose;count;growing,defective TVs purchase
growing,tvs_08,wfomc,solved,65912,65912,0.375315,,,tvs;set;choose;count;growing,defective TVs purchase
growing,tvs_08,propositionalwfomc,error,,65912,2.008912,GanakError,ganak exited with code 255,tvs;set;choose;count;growing,defective TVs purchase
growing,tvs_08,coso,solved,65912,65912,0.521514,,,tvs;set;choose;count;growing,defective TVs purchase
growing,tvs_08,asp,unsolved,,65912,100.106407,TimeoutError,Timed out after 100.000s,tvs;set;choose;count;growing,defective TVs purchase
growing,tvs_08,essence,solved,65912,65912,86.793072,,,tvs;set;choose;count;growing,defective TVs purchase
growing,tvs_09,wfomc,solved,97218,97218,0.438700,,,tvs;set;choose;count;growing,defective TVs purchase
growing,tvs_09,propositionalwfomc,error,,97218,2.436095,GanakError,ganak exited with code 255,tvs;set;choose;count;growing,defective TVs purchase
growing,tvs_09,coso,solved,97218,97218,0.597091,,,tvs;set;choose;count;growing,defective TVs purchase
growing,tvs_09,asp,unsolved,,97218,100.013765,TimeoutError,Timed out after 100.000s,tvs;set;choose;count;growing,defective TVs purchase
growing,tvs_09,essence,unsolved,,97218,100.010581,TimeoutError,Timed out after 100.000s,tvs;set;choose;count;growing,defective TVs purchase
growing,tvs_10,wfomc,solved,139360,139360,0.393853,,,tvs;set;choose;count;growing,defective TVs purchase
growing,tvs_10,propositionalwfomc,error,,139360,3.005608,GanakError,ganak exited with code 255,tvs;set;choose;count;growing,defective TVs purchase
growing,tvs_10,coso,solved,139360,139360,0.624349,,,tvs;set;choose;count;growing,defective TVs purchase
growing,tvs_10,asp,unsolved,,139360,100.010304,TimeoutError,Timed out after 100.000s,tvs;set;choose;count;growing,defective TVs purchase
growing,tvs_10,essence,unsolved,,139360,100.054275,TimeoutError,Timed out after 100.000s,tvs;set;choose;count;growing,defective TVs purchase
growing,workers_00,wfomc,solved,72072,72072,0.479810,,,workers;set;composition;index;size;growing,workers composition
growing,workers_00,propositionalwfomc,error,,72072,1.214916,GanakError,ganak exited with code 255,workers;set;composition;index;size;growing,workers composition
growing,workers_00,coso,solved,72072,72072,0.249878,,,workers;set;composition;index;size;growing,workers composition
growing,workers_00,asp,unsolved,0,72072,0.215612,WrongAnswer,"expected 72072, got 0",workers;set;composition;index;size;growing,workers composition
growing,workers_00,essence,unsolved,,72072,0.528193,RuntimeError,Error:,workers;set;composition;index;size;growing,workers composition
growing,workers_01,wfomc,solved,135135,135135,0.468544,,,workers;set;composition;index;size;growing,workers composition
growing,workers_01,propositionalwfomc,error,,135135,1.514948,GanakError,ganak exited with code 255,workers;set;composition;index;size;growing,workers composition
growing,workers_01,coso,solved,135135,135135,0.246666,,,workers;set;composition;index;size;growing,workers composition
growing,workers_01,asp,unsolved,0,135135,0.231642,WrongAnswer,"expected 135135, got 0",workers;set;composition;index;size;growing,workers composition
growing,workers_01,essence,unsolved,,135135,0.525751,RuntimeError,Error:,workers;set;composition;index;size;growing,workers composition
growing,workers_02,wfomc,solved,360360,360360,0.469937,,,workers;set;composition;index;size;growing,workers composition
growing,workers_02,propositionalwfomc,error,,360360,1.640136,GanakError,ganak exited with code 255,workers;set;composition;index;size;growing,workers composition
growing,workers_02,coso,solved,360360,360360,0.386465,,,workers;set;composition;index;size;growing,workers composition
growing,workers_02,asp,unsolved,0,360360,0.276786,WrongAnswer,"expected 360360, got 0",workers;set;composition;index;size;growing,workers composition
growing,workers_02,essence,unsolved,,360360,0.520873,RuntimeError,Error:,workers;set;composition;index;size;growing,workers composition
growing,workers_03,wfomc,solved,2042040,2042040,0.470990,,,workers;set;composition;index;size;growing,workers composition
growing,workers_03,propositionalwfomc,error,,2042040,1.835525,GanakError,ganak exited with code 255,workers;set;composition;index;size;growing,workers composition
growing,workers_03,coso,solved,2042040,2042040,0.245333,,,workers;set;composition;index;size;growing,workers composition
growing,workers_03,asp,unsolved,0,2042040,0.223840,WrongAnswer,"expected 2042040, got 0",workers;set;composition;index;size;growing,workers composition
growing,workers_03,essence,unsolved,,2042040,0.528072,RuntimeError,Error:,workers;set;composition;index;size;growing,workers composition
growing,workers_04,wfomc,solved,4084080,4084080,0.468094,,,workers;set;composition;index;size;growing,workers composition
growing,workers_04,propositionalwfomc,error,,4084080,2.047061,GanakError,ganak exited with code 255,workers;set;composition;index;size;growing,workers composition
growing,workers_04,coso,solved,4084080,4084080,0.243556,,,workers;set;composition;index;size;growing,workers composition
growing,workers_04,asp,unsolved,0,4084080,0.210977,WrongAnswer,"expected 4084080, got 0",workers;set;composition;index;size;growing,workers composition
growing,workers_04,essence,unsolved,,4084080,0.532355,RuntimeError,Error:,workers;set;composition;index;size;growing,workers composition
growing,workers_05,wfomc,solved,11085360,11085360,0.472657,,,workers;set;composition;index;size;growing,workers composition
growing,workers_05,propositionalwfomc,error,,11085360,2.174346,GanakError,ganak exited with code 255,workers;set;composition;index;size;growing,workers composition
growing,workers_05,coso,solved,11085360,11085360,0.233031,,,workers;set;composition;index;size;growing,workers composition
growing,workers_05,asp,unsolved,0,11085360,0.226329,WrongAnswer,"expected 11085360, got 0",workers;set;composition;index;size;growing,workers composition
growing,workers_05,essence,unsolved,,11085360,0.523463,RuntimeError,Error:,workers;set;composition;index;size;growing,workers composition
growing,workers_06,wfomc,solved,55426800,55426800,0.466531,,,workers;set;composition;index;size;growing,workers composition
growing,workers_06,propositionalwfomc,error,,55426800,2.431533,GanakError,ganak exited with code 255,workers;set;composition;index;size;growing,workers composition
growing,workers_06,coso,solved,55426800,55426800,0.255200,,,workers;set;composition;index;size;growing,workers composition
growing,workers_06,asp,unsolved,0,55426800,0.230640,WrongAnswer,"expected 55426800, got 0",workers;set;composition;index;size;growing,workers composition
growing,workers_06,essence,unsolved,,55426800,0.527504,RuntimeError,Error:,workers;set;composition;index;size;growing,workers composition
growing,workers_07,wfomc,solved,116396280,116396280,0.457343,,,workers;set;composition;index;size;growing,workers composition
growing,workers_07,propositionalwfomc,error,,116396280,2.390392,GanakError,ganak exited with code 255,workers;set;composition;index;size;growing,workers composition
growing,workers_07,coso,solved,116396280,116396280,0.246219,,,workers;set;composition;index;size;growing,workers composition
growing,workers_07,asp,unsolved,0,116396280,0.221648,WrongAnswer,"expected 116396280, got 0",workers;set;composition;index;size;growing,workers composition
growing,workers_07,essence,unsolved,,116396280,0.535251,RuntimeError,Error:,workers;set;composition;index;size;growing,workers composition
growing,workers_08,wfomc,solved,320089770,320089770,0.465411,,,workers;set;composition;index;size;growing,workers composition
growing,workers_08,propositionalwfomc,error,,320089770,2.795894,GanakError,ganak exited with code 255,workers;set;composition;index;size;growing,workers composition
growing,workers_08,coso,solved,320089770,320089770,0.249686,,,workers;set;composition;index;size;growing,workers composition
growing,workers_08,asp,unsolved,0,320089770,0.222925,WrongAnswer,"expected 320089770, got 0",workers;set;composition;index;size;growing,workers composition
growing,workers_08,essence,unsolved,,320089770,0.530315,RuntimeError,Error:,workers;set;composition;index;size;growing,workers composition
growing,workers_09,wfomc,solved,1472412942,1472412942,0.454038,,,workers;set;composition;index;size;growing,workers composition
growing,workers_09,propositionalwfomc,error,,1472412942,2.723793,GanakError,ganak exited with code 255,workers;set;composition;index;size;growing,workers composition
growing,workers_09,coso,solved,1472412942,1472412942,0.259338,,,workers;set;composition;index;size;growing,workers composition
growing,workers_09,asp,unsolved,0,1472412942,0.228264,WrongAnswer,"expected 1472412942, got 0",workers;set;composition;index;size;growing,workers composition
growing,workers_09,essence,unsolved,,1472412942,0.505780,RuntimeError,Error:,workers;set;composition;index;size;growing,workers composition
growing,workers_10,wfomc,solved,3212537328,3212537328,0.438393,,,workers;set;composition;index;size;growing,workers composition
growing,workers_10,propositionalwfomc,error,,3212537328,3.065494,GanakError,ganak exited with code 255,workers;set;composition;index;size;growing,workers composition
growing,workers_10,coso,solved,3212537328,3212537328,0.252636,,,workers;set;composition;index;size;growing,workers composition
growing,workers_10,asp,unsolved,0,3212537328,0.238541,WrongAnswer,"expected 3212537328, got 0",workers;set;composition;index;size;growing,workers composition
growing,workers_10,essence,unsolved,,3212537328,0.500709,RuntimeError,Error:,workers;set;composition;index;size;growing,workers composition
growing,banana_02,wfomc,solved,9,9,1.897831,,,banana;bag;tuple;growing,BANANA bag tuple
growing,banana_02,propositionalwfomc,error,,9,2.977053,GanakError,ganak exited with code 255,banana;bag;tuple;growing,BANANA bag tuple
growing,banana_02,coso,solved,9,9,0.159041,,,banana;bag;tuple;growing,BANANA bag tuple
growing,banana_02,asp,solved,9,9,0.137019,,,banana;bag;tuple;growing,BANANA bag tuple
growing,banana_02,essence,solved,9,9,1.116848,,,banana;bag;tuple;growing,BANANA bag tuple
growing,banana_03,wfomc,solved,26,26,1.933830,,,banana;bag;tuple;growing,BANANA bag tuple
growing,banana_03,propositionalwfomc,error,,26,3.869684,GanakError,ganak exited with code 255,banana;bag;tuple;growing,BANANA bag tuple
growing,banana_03,coso,solved,26,26,0.143829,,,banana;bag;tuple;growing,BANANA bag tuple
growing,banana_03,asp,solved,26,26,0.144870,,,banana;bag;tuple;growing,BANANA bag tuple
growing,banana_03,essence,solved,26,26,1.102710,,,banana;bag;tuple;growing,BANANA bag tuple
growing,banana_04,wfomc,solved,72,72,1.892327,,,banana;bag;tuple;growing,BANANA bag tuple
growing,banana_04,propositionalwfomc,error,,72,4.771396,GanakError,ganak exited with code 255,banana;bag;tuple;growing,BANANA bag tuple
growing,banana_04,coso,solved,72,72,0.163443,,,banana;bag;tuple;growing,BANANA bag tuple
growing,banana_04,asp,solved,72,72,0.134662,,,banana;bag;tuple;growing,BANANA bag tuple
growing,banana_04,essence,solved,72,72,1.173244,,,banana;bag;tuple;growing,BANANA bag tuple
growing,banana_05,wfomc,solved,191,191,1.954078,,,banana;bag;tuple;growing,BANANA bag tuple
growing,banana_05,propositionalwfomc,error,,191,5.880173,GanakError,ganak exited with code 255,banana;bag;tuple;growing,BANANA bag tuple
growing,banana_05,coso,solved,191,191,0.163509,,,banana;bag;tuple;growing,BANANA bag tuple
growing,banana_05,asp,solved,191,191,0.157999,,,banana;bag;tuple;growing,BANANA bag tuple
growing,banana_05,essence,solved,191,191,1.298257,,,banana;bag;tuple;growing,BANANA bag tuple
growing,banana_06,wfomc,solved,483,483,1.926820,,,banana;bag;tuple;growing,BANANA bag tuple
growing,banana_06,propositionalwfomc,error,,483,7.359051,GanakError,ganak exited with code 255,banana;bag;tuple;growing,BANANA bag tuple
growing,banana_06,coso,solved,483,483,0.152138,,,banana;bag;tuple;growing,BANANA bag tuple
growing,banana_06,asp,solved,483,483,0.230058,,,banana;bag;tuple;growing,BANANA bag tuple
growing,banana_06,essence,solved,483,483,1.476476,,,banana;bag;tuple;growing,BANANA bag tuple
growing,banana_07,wfomc,solved,1148,1148,1.845943,,,banana;bag;tuple;growing,BANANA bag tuple
growing,banana_07,propositionalwfomc,error,,1148,8.308731,GanakError,ganak exited with code 255,banana;bag;tuple;growing,BANANA bag tuple
growing,banana_07,coso,solved,1148,1148,0.149352,,,banana;bag;tuple;growing,BANANA bag tuple
growing,banana_07,asp,solved,1148,1148,1.123171,,,banana;bag;tuple;growing,BANANA bag tuple
growing,banana_07,essence,solved,1148,1148,2.031042,,,banana;bag;tuple;growing,BANANA bag tuple
growing,banana_08,wfomc,solved,2534,2534,1.771148,,,banana;bag;tuple;growing,BANANA bag tuple
growing,banana_08,propositionalwfomc,error,,2534,9.899187,GanakError,ganak exited with code 255,banana;bag;tuple;growing,BANANA bag tuple
growing,banana_08,coso,solved,2534,2534,0.152282,,,banana;bag;tuple;growing,BANANA bag tuple
growing,banana_08,asp,solved,2534,2534,18.589871,,,banana;bag;tuple;growing,BANANA bag tuple
growing,banana_08,essence,solved,2534,2534,3.296627,,,banana;bag;tuple;growing,BANANA bag tuple
growing,banana_09,wfomc,solved,5124,5124,1.817089,,,banana;bag;tuple;growing,BANANA bag tuple
growing,banana_09,propositionalwfomc,error,,5124,11.761493,GanakError,ganak exited with code 255,banana;bag;tuple;growing,BANANA bag tuple
growing,banana_09,coso,solved,5124,5124,0.154008,,,banana;bag;tuple;growing,BANANA bag tuple
growing,banana_09,asp,solved,5124,5124,48.307118,,,banana;bag;tuple;growing,BANANA bag tuple
growing,banana_09,essence,solved,5124,5124,5.753050,,,banana;bag;tuple;growing,BANANA bag tuple
growing,banana_10,wfomc,solved,9240,9240,1.807434,,,banana;bag;tuple;growing,BANANA bag tuple
growing,banana_10,propositionalwfomc,error,,9240,13.982642,GanakError,ganak exited with code 255,banana;bag;tuple;growing,BANANA bag tuple
growing,banana_10,coso,solved,9240,9240,0.150707,,,banana;bag;tuple;growing,BANANA bag tuple
growing,banana_10,asp,unsolved,,9240,100.100174,TimeoutError,Timed out after 100.000s,banana;bag;tuple;growing,BANANA bag tuple
growing,banana_10,essence,solved,9240,9240,10.158971,,,banana;bag;tuple;growing,BANANA bag tuple
growing,banana_11,wfomc,solved,13860,13860,1.931656,,,banana;bag;tuple;growing,BANANA bag tuple
growing,banana_11,propositionalwfomc,error,,13860,16.073853,GanakError,ganak exited with code 255,banana;bag;tuple;growing,BANANA bag tuple
growing,banana_11,coso,solved,13860,13860,0.153161,,,banana;bag;tuple;growing,BANANA bag tuple
growing,banana_11,asp,unsolved,,13860,100.015943,TimeoutError,Timed out after 100.000s,banana;bag;tuple;growing,BANANA bag tuple
growing,banana_11,essence,solved,13860,13860,14.096688,,,banana;bag;tuple;growing,BANANA bag tuple
growing,banana_12,wfomc,solved,13860,13860,1.885388,,,banana;bag;tuple;growing,BANANA bag tuple
growing,banana_12,propositionalwfomc,error,,13860,17.505884,GanakError,ganak exited with code 255,banana;bag;tuple;growing,BANANA bag tuple
growing,banana_12,coso,solved,13860,13860,0.146302,,,banana;bag;tuple;growing,BANANA bag tuple
growing,banana_12,asp,unsolved,,13860,100.040082,TimeoutError,Timed out after 100.000s,banana;bag;tuple;growing,BANANA bag tuple
growing,banana_12,essence,solved,13860,13860,15.008537,,,banana;bag;tuple;growing,BANANA bag tuple
