suite,case_id,expected,tags,source,program_path,program_sha256
real,0,3003,set;choose;benchmark,problems/real/corpus.json,real/0.cfl,48ed94912cc1232ec620efc7749cb7c767c738db27c04ede31e84dc3747b4926
real,1,609,set;choose_replace_permute;tuple;size constraint;intersection;benchmark,problems/real/corpus.json,real/1.cfl,f4d04c515033184718ddb9db4afa15b5e62b531f86cd341e100fcc045d27d856
real,2,23,bag;choose;size constraint;benchmark,problems/real/corpus.json,real/2.cfl,f157bcf4fc3052f6e4e0457514a7f0a865d11c6ce35a2cc8272c2b68b3a3ac56
real,3,165,set;choose,problems/real/corpus.json,real/3.cfl,fa2c02fa60fdeca78db3f944516dac9c8f14ba5535587dc55acbb11ee58b08d3
real,4,6732,set;choose;not constraint;or constraint;benchmark,problems/real/corpus.json,real/4.cfl,815471b4dbf99a03ca097508fb186bb1dd2042e2d72c990244da5361b9ef2e55
real,5,36,set;choose;tuple;index;count;benchmark,problems/real/corpus.json,real/5.cfl,a11dca51ba4b861e39ad09fed6ee33be54fc8eaa2bde95428adc7033e01206ac
real,6,200,bag;composition;index;size constraint;benchmark,problems/real/corpus.json,real/6.cfl,085a7f248fe090ca12b53eaa45b774ac907812fe832a7c5abb0d9f50c498ef13
real,7,1440,set;sequence;together;benchmark,problems/real/corpus.json,real/7.cfl,ab30ef3760896b4a639faeabb3cbc261cd46bd44152bdfa7c52740194984e1e1
real,11,28,bag;composition;benchmark,problems/real/corpus.json,real/11.cfl,5b41440fc4df29c6f852f15011eacc17f4b7743a85feb44c95726999bd7698f5
real,12,540,set;composition;none_empty,problems/real/corpus.json,real/12.cfl,24fbc41bc7023b4e3b199ddb9cef6acf5fd6507fabcbe68a392f8c779061bd9d
real,13,6,bag;composition,problems/real/corpus.json,real/13.cfl,4b99cebd289d40f210503e3e3e9a0bf0f6b1e3a826799a066e2335a8c2b7591d
real,14,9240,set;choose;multiple choosing,problems/real/corpus.json,real/14.cfl,58514813cffd7d29aebfc25e5b02ad60f440956b6896f3d9506cba27fee5032f
real,15,729,set;composition,problems/real/corpus.json,real/15.cfl,da4d300cf9875498ea6bae75fa1da2cadf574fef3b205bfd1559ae156e3956db
real,18,12,set;choose;tuple;index;in,problems/real/corpus.json,real/18.cfl,1c902a6a80f51d408cbd70185be36bf20e6041972d9c4a670a2043fe410cdc7c
real,19,4,bag;partition,problems/real/corpus.json,real/19.cfl,af480251679a63bff0ac178c0966e4d2a5364db0ad7cdbfd84ea4c68a40307f2
real,20,10,set;choose,problems/real/corpus.json,real/20.cfl,c5804aad64df4ecab3b813a3c4355c1d11ca059c8bf28d9f6258e552c9984311
real,21,15,bag;choose_replace;benchmark,problems/real/corpus.json,real/21.cfl,846916658b39474bde2092f27bac70d36890c4f151e4feacff259393d4b7b0c3
real,22,36,set;choose;multiple choosing;size constraint;intersection,problems/real/corpus.json,real/22.cfl,b90386f55e491a199f121ee42bb52318cfb833f63289fd5fec2e1637986b366a
real,23,10080,set;sequence;together,problems/real/corpus.json,real/23.cfl,844d7a107faf755a4116e346293febdf7eb6c2a67de509b9ba9ca88d671c2b2e
real,24,1296540,set;choose;multiple choosing;second order logic,problems/real/corpus.json,real/24.cfl,3fd4c52a224429e48c08e58b55fba88136fbdcdc5657d6be65f74a503cc77499
real,25,72,set;choose;multiple choosing,problems/real/corpus.json,real/25.cfl,c81f69a695b9e0e4180d9dbc95a94dbe88c778c397a83fb5833d667815921bb1
real,26,13,set;choose;or constraint;subset;benchmark,problems/real/corpus.json,real/26.cfl,8f5c880b81d59d35dc771bc1aa2c78c3321d6f23150c77534d8290a16acda174
real,27,15,set;choose,problems/real/corpus.json,real/27.cfl,6715d8f8e8fbf36c89c04567e871d10d361c2a3d2a685468d797d6974a297c47
real,28,243,set;composition,problems/real/corpus.json,real/28.cfl,5b1a226de7d9f75ad68e4fa4896de279fcb454d9af7b7a2e908e6409685aa0c6
real,29,720,set;sequence;together;leq,problems/real/corpus.json,real/29.cfl,094959985f37818741371d4190cef8f17ea2fa88c22049fe54ac0555a85d21ee
real,30,25200,set;choose;tuple;multiple choosing;difference,problems/real/corpus.json,real/30.cfl,7c9ff8c7b8d40b5c71d6d43fadfbc932b673d5ce573a3e96be3bc05baf271883
real,31,12,set;sequence;next_to;not constraint;benchmark,problems/real/corpus.json,real/31.cfl,7ffe503c37cedb917de42899ed5820d106f63ccb743439dd918b86e3a0574403
real,32,21,bag;tuple,problems/real/corpus.json,real/32.cfl,f1c3bb0e0809330e0d60190e870ed51beef2d3413605289ed88d11d2f84893ae
real,34,3,bag;sequence;pred;not constraint;benchmark,problems/real/corpus.json,real/34.cfl,f4e46bce0f30afde02fc13fc4ba421aa81ed55aaca2c23a6769609da9ce3d6d6
real,35,60,bag;tuple;index;in,problems/real/corpus.json,real/35.cfl,243a88f3db6d8cd21b12cc52433ec6273d3419cecb464da76f7f94fcb68177f4
real,36,240,set;tuple;index;in,problems/real/corpus.json,real/36.cfl,d00a5aaabeb067eec92c39b3014c689a067800eb5265aeca0801e7352243e74a
real,38,3,bag;partition,problems/real/corpus.json,real/38.cfl,d52c84a0fd4bec754c10a890335ddd756d11e9f73ed8e78d79b6984fed5bf2f7
real,40,560,bag;choose_replace_permute;sequence;pred;count pred,problems/real/corpus.json,real/40.cfl,82af0696160d47d965c56d8b759ea9038de659ddb68ff5819ed98350c41ecc95
real,41,1386,set;choose;size constraint;intersection,problems/real/corpus.json,real/41.cfl,2fa43ec9260d41ac718764676e379839d7a0d0c7a8d69d1ca57c68ad8d834d65
real,42,17280,set;sequence;together,problems/real/corpus.json,real/42.cfl,2f38c4df9e6593dcad6bd5fefc2856a3cbbe387725d522fa9c38029df905b093
real,43,15,set;choose;size constraint,problems/real/corpus.json,real/43.cfl,a5a1b5fdb7b14f0b077b12228ff6b5e223e218d5510e02e27caf27c6527a64b9
real,44,672,set;choose;intersection;size constraint,problems/real/corpus.json,real/44.cfl,dceaac4f99b52db9be5cbc89bf3d3b0f487e30b6513165534b89f60a67d4a792
real,45,2880,set;sequence;together,problems/real/corpus.json,real/45.cfl,f0d4c566a3cc206c1c6876a247dbfa5363fb908170be616ee0ae2ea65515c4e4
real,46,25,bag;tuple;index;compare element;or constraint;benchmark,problems/real/corpus.json,real/46.cfl,459077d40151fa1a83fa3fe49065734afffe905ee8842493742325b2ba47f48c
real,48,35,bag;tuple,problems/real/corpus.json,real/48.cfl,e0e8ab5002f3160f14e6cee60e53bb1c8669c2adff9d0ad6224ca9451eb157ea
real,49,12441600,set;tuple,problems/real/corpus.json,real/49.cfl,2e887dd1130742e3171662d0aecbd3297fdab87a902665032edc8046b0de7cbc
real,50,34650,bag;tuple,problems/real/corpus.json,real/50.cfl,5ce0941a5718a1281f35f6f59c1d76e5d411004660f12b266282d0731809247e
real,55,18,set;tuple;index;not constraint;compare element,problems/real/corpus.json,real/55.cfl,fe1170fce3f3e262850bab3afe9691a8f018989433cf126a85b1cf52fe697481
real,56,45045,set;choose;multiple choosing,problems/real/corpus.json,real/56.cfl,af9974f2a9cc4b2c8ae87c3c9e78b8f5c2e8dba0c3b9a12c6ddd6216f7ca50f4
real,57,25972650,set;choose;multiple choosing,problems/real/corpus.json,real/57.cfl,583ba244e1acaa67db695f29ebe759fb5696130153893d0c52f2e44c2ae04174
real,58,280,set;choose;multiple choosing,problems/real/corpus.json,real/58.cfl,7daf4fbf56a14a111aebc76979a0a2ef2cece36913bdc20d57058295cff931da
real,59,10,set;choose,problems/real/corpus.json,real/59.cfl,75cb8fcbdbf5d7c4e89af3682123e5628e49bc4789b12a5c67885129aa880541
real,60,36,set;choose,problems/real/corpus.json,real/60.cfl,dcbff53524c6588c351217c7de4a025c630f5fbf48c8865d98e35880dff9abe0
real,61,5120,set;choose;multiple choosing,problems/real/corpus.json,real/61.cfl,dc45000e9916c8b146536c6456bfdbae9c6ac7b9d680a787aa21b592ca275ccb
real,62,1920,set;choose;multiple choosing;choose_permute;tuple,problems/real/corpus.json,real/62.cfl,b95a3711a49d59d14c828327c289176ebbc7eea3105b0e3c3f5a72505ce483cb
real,63,220,set;choose,problems/real/corpus.json,real/63.cfl,d4a3ced23bf3b16839cb52b5aae1cee8a01ca5f37c5a1bfdbf8b5df7bac42efe
real,65,61328,set;choose_replace_permute;tuple;index;compare element;count element;not constraint;or constraint,problems/real/corpus.json,real/65.cfl,1dc67686f9672b2d17509c870261075a63a51313fbb8c0c4eef1cf1ac2043be1
real,66,750,set;choose;multiple choosing,problems/real/corpus.json,real/66.cfl,8bd0c4dca39c7ebe5447fe00ff7dc3d08f8725b91c2be34d4f4cbc446b1681ae
real,68,252,set;choose;intersection;size constraint,problems/real/corpus.json,real/68.cfl,20458fbb195055e5fd8e8c93f5dbfe75acc7061578b8320800340c5bcb921e25
real,69,840,bag;tuple,problems/real/corpus.json,real/69.cfl,eb92c54e0b28d7ae81a44ec3d7770a18312b45aefca6c83f411b0eb5163b91a0
real,70,28,set;choose_replace,problems/real/corpus.json,real/70.cfl,2cac8f6c2f2028798f7a341d68a7eb3fdb59e1ec30e0ebd36ea94c76bb119775
real,71,12650,set;choose,problems/real/corpus.json,real/71.cfl,2c4a5b08303782051d5034e6c05b28fe1055db3277e54e08e6db28b7329579f8
real,72,75075,set;choose;multiple choosing,problems/real/corpus.json,real/72.cfl,96e8019960dc4c6b9120af19514a9b2330a589c9bf6b8b59c9c6d7bf4fb5179f
real,73,48,bag;tuple;choose_permute;in,problems/real/corpus.json,real/73.cfl,249dd3682d563afa843d095cf638c42aa2ce928cd2a888fd11f73a0e14a78446
real,74,30951,set;choose_replace_permute;index;compare element;multiplicity constraint;not constraint;benchmark,problems/real/corpus.json,real/74.cfl,c94734a54bc7ab2681a3fa88f480627d7e8dc321417bd4a9a79ea24bd30b1bdc
real,75,6,bag;tuple,problems/real/corpus.json,real/75.cfl,aca17554e7c16791bccaafe64a6e0f449b618cb2f37d0606c9458d803b93b9ac
real,76,70,set;partition;not constraint;subset;benchmark,problems/real/corpus.json,real/76.cfl,c6d5a6830024b6b27816cbf9fb906b352b55c30d1c4f049ada2a17f01ea5a3e0
real,78,1414,set;choose;intersection;size constraint,problems/real/corpus.json,real/78.cfl,9ad47f537963ac01731d4592bfcc917028383fbb3d6096acc0b1259cbda1ff31
real,80,24,set;sequence;next_to;not constraint,problems/real/corpus.json,real/80.cfl,a583bcdc804dde3fb58f354539187f8ef119601413347009b9f4c45b3f8b101c
real,81,840,set;choose;intersection;size constraint,problems/real/corpus.json,real/81.cfl,3a5c9c97fed72124591a30d6a4926592caa8f87ac38c527e136d022aec9262f1
real,83,195,set;choose;intersection;size constraint,problems/real/corpus.json,real/83.cfl,b959603a8e011901cc62556e26dfe329d971c461b3ff95f37138caa0315b0b27
real,84,28,set;choose,problems/real/corpus.json,real/84.cfl,6ed2fbeee3f403efb6debfb6edba502fdb8dda77689552f05c75ba21e4544dc8
real,85,225,set;choose;multiple choosing,problems/real/corpus.json,real/85.cfl,1a08a4c161515123b9d9a4811cefe329e9ace87fa840477aa4a7fdc198e8b562
real,86,10,bag;tuple;index;compare element;not constraint,problems/real/corpus.json,real/86.cfl,089c1a81fd73331d499af560bcea03caaf312a7d5e20d8c5390b80c8fb5f43a5
real,87,2838,set;choose;intersection;size constraint,problems/real/corpus.json,real/87.cfl,83de40865e665cf9eb81abf15bbbfc8f070cafde77247d56279c1c3927a49b78
real,91,771400,set;choose;multiple choosing,problems/real/corpus.json,real/91.cfl,9e4e82ec289a9bc3ea80342042b45478205be164346cb39c882917b4b01ddecb
real,92,15600,set;choose;multiple choosing;union;size constraint,problems/real/corpus.json,real/92.cfl,e28e008370f3b0939be5788e8a76e1629375e29da2032dbbde18b09d2d08a1a0
real,93,5,bag;choose;size constraint,problems/real/corpus.json,real/93.cfl,b20913d94e359a6d1567fd2b33190ede8ac134f8ebfe69e9b6aae0cbfd3bd103
real,94,56,set;choose;subset,problems/real/corpus.json,real/94.cfl,8aee1cf911dc8794d95148deda491446bcb936ddc493aff6ad1d491bfb7b5cfd
real,95,6,bag;tuple;index;compare element;not constraint,problems/real/corpus.json,real/95.cfl,410edf4812205e22820fdbe2bc85809be020c096fa5e0b12640f601eaec83adb
real,96,480,set;sequence;next_to;not constraint,problems/real/corpus.json,real/96.cfl,d7d315f7f0fb366ce35b47ffb2f936882a11a5e34e969c0a9fbd85fdef4a287a
real,97,16,set;choose;in,problems/real/corpus.json,real/97.cfl,f07cc2ea723ff93ecf0b61ba74da243edb8e3c36030a60f54592d6a6ac68e4e8
real,98,12,set;tuple;index;compare element,problems/real/corpus.json,real/98.cfl,9924396b3e8763d44407709956465531c4067090f99e702a6ffface4a230202c
real,99,360,set;sequence;leq,problems/real/corpus.json,real/99.cfl,afe38e15b0356ec66aaa996d4c8ad7cc8bdda107a86f9f26394b43714f3a457b
real,100,650,set;choose;tuple,problems/real/corpus.json,real/100.cfl,90e35826e5faaf380c9dc597f92b297b78ee1237841a0c22fdc5606710e0912b
real,101,5,bag;composition,problems/real/corpus.json,real/101.cfl,3d753aa3cad42be3ddce0c1f815ab64df74c74bf3796a1f8a6e70c193c725187
real,102,432,set;sequence;together,problems/real/corpus.json,real/102.cfl,f4e63b662349bc3fe4dd9aa783a2ff048e1de45c4d45396c5137f1b8c8373b6f
real,103,495,set;choose,problems/real/corpus.json,real/103.cfl,c6ea0797ecb8dda8e6e8c00aba7f16c15ab7c421fc21aff47ef5307f610c774f
real,104,840,set;choose;intersection;size constraint,problems/real/corpus.json,real/104.cfl,385cd174451d5f2a21697e7f7057bd7a25ef7f441bbdb51618024371e15481e1
real,105,720,set;tuple,problems/real/corpus.json,real/105.cfl,4347050e0edab84b8c08b9f95a3560457ab66e349b4645d4dcbf0ec5ae4ac116
real,106,15,bag;partition,problems/real/corpus.json,real/106.cfl,9e4a371305e9bbcd60ba7249e7e4598aeec7f9961d286f42eb3f1fdff2289de1
real,107,15,bag;composition,problems/real/corpus.json,real/107.cfl,7ddd03713066fe5b95fbe798c8a57ef8d5db23028de6b92ed58f3f9815194adc
real,108,126,partition;benchmark,problems/real/corpus.json,real/108.cfl,d6c20144a0962d96cce82b4c6910a872ce54573d86d189e0f6ad8b69526c833e
real,109,140,set;choose;multiple choosing;not constraint,problems/real/corpus.json,real/109.cfl,678f9e1143977ef24b0eea337299f81176f0875182f5b57b5d63f9003b56d254
real,110,504,set;choose;multiple choosing,problems/real/corpus.json,real/110.cfl,d55d4af68540ac92267a3c7b10e2afa99407bffa2119cb76ad38966a0836e7b4
real,111,3,bag;partition,problems/real/corpus.json,real/111.cfl,c964d2cfd24ef5e0c8126f15d6108caf7215a798e36814fd6bcf7f36c8e6a6ac
real,112,1940,set;choose;intersection;size constraint,problems/real/corpus.json,real/112.cfl,4290aef00224700d70234d979ba61fe41e7d83ba58f9b75d61927c3ee0a92f0c
real,114,21,set;choose,problems/real/corpus.json,real/114.cfl,9ae6b94a0996ef6525741e664f596239b5e67e914dbfb128735cbe8779322234
real,116,126,set;choose,problems/real/corpus.json,real/116.cfl,888133b31b1bcb89e4f56a9d5a4e51d6690704a65d65ae3197f588e48a95c99e
real,117,5,bag;partition,problems/real/corpus.json,real/117.cfl,564e5dacfec4918343c0e3ac7b8356e3edbe7d99e3ec5b0c67fe11c03553ba1e
real,118,1024,set;composition,problems/real/corpus.json,real/118.cfl,fbb18fe2b87671ca5c37193bc131bed7ff13d34128ca92ce24a875abd17b3eab
real,119,30,set;choose;multiple choosing,problems/real/corpus.json,real/119.cfl,069eaa781fa449f5f338212cb6c05458d49b21a260e62a75957d326403740741
real,120,30860,tuple;unknown length,problems/real/corpus.json,real/120.cfl,087af79fba032a13d7f00028e13d629eb6c71351e0cc4cf8c2784ae2240b6bc2
real,121,4,set;choose;or constraint;subset,problems/real/corpus.json,real/121.cfl,bf8cf7872ab58631772ed9602c8632552b0fabadcc392604d65b9f936b50709b
real,124,32,set;composition,problems/real/corpus.json,real/124.cfl,b66ddcac27470447668853913434a566b2b78bad43d443f76b4de2dd8e6a5451
real,125,100000,set;choose_replace_permute,problems/real/corpus.json,real/125.cfl,9ee3f6f3977acd3ac0b6f683d2caa54f3dd399c27a86c396710e127a49f92435
real,126,6,set;choose,problems/real/corpus.json,real/126.cfl,00b8949d38260918f0ff678ad95c287e72677216cf913f115e8dfd6a29a7e84c
real,127,43,bag;tuple;choose_permute,problems/real/corpus.json,real/127.cfl,44c07849954af6b309588436eef8cca4536989dc23ac4ba1de10bda6cc3243a3
real,128,12500,set;choose_permute;tuple;index;in,problems/real/corpus.json,real/128.cfl,5bebd60140a4973e31ed25c310c50d00763d85b5ed8389f771bc7af995baaa3d
real,129,36,bag;composition,problems/real/corpus.json,real/129.cfl,40d64f1dc553fc330e6e6cc26b4f6ebcfe04b5ae575799b4b40da05396c477e1
real,130,34560,set;sequence;together,problems/real/corpus.json,real/130.cfl,fe9edee922d053e22ab5ad191e08be997d78e9d9bc355b1ec5e64fefb46a36b5
real,131,1512,set;choose_permute;tuple;index;in,problems/real/corpus.json,real/131.cfl,bf9f2a0998bcdc862604129a062f0e68d77c6260d1f5c8a19d1cd3b495bdbf77
real,132,72,bag;choose;multiple choosing;benchmark,problems/real/corpus.json,real/132.cfl,0a51bffe677d6bc053dc7de884ecf8e2823f9766befa201533bace593abe6095
real,133,880,set;choose_replace_permute;sequence;count pred,problems/real/corpus.json,real/133.cfl,cd07e461bd4308f5b30cc349af8ac3c3f922080c84fe60175d0918ed91bc4965
real,134,4320,set;tuple;index;in,problems/real/corpus.json,real/134.cfl,42290a0c2d3f3453f41351d930872e307311d4b5cc8bc5bd2ac8e92b8ac57bb9
real,135,60,set;sequence;leq,problems/real/corpus.json,real/135.cfl,df1c3764fc50637ae9991b16bca261dc39e596e5855e5803884f397f20b46e14
real,136,4320,set;choose;tuple;intersection;size constraint,problems/real/corpus.json,real/136.cfl,884e37c6f4cf4029264c7775904ba8cfcc1d58efa88ff740577134b2776f254f
real,138,7000,set;choose;multiple choosing,problems/real/corpus.json,real/138.cfl,4650ed967a95676ab7acdf7ded5969b326f1196638d46492df601098d5a266cd
real,139,165,set;choose;subset,problems/real/corpus.json,real/139.cfl,3bba1ed8db8a096bdd7930d6abbf5efdb769bc769115b13b3bd4691bf2b5090f
real,141,120,set;choose;subset,problems/real/corpus.json,real/141.cfl,f4e4ee5d37d865208f1ca33d0055a997badbf2c8b03a46586f73647de86ad7a0
real,142,151200,set;choose;multiple choosing,problems/real/corpus.json,real/142.cfl,25b8096e78bd8c1d776215bf65ea90ead96b8f2c70b944bd3d134c7e9dc5e839
real,143,10,bag;composition;none_empty,problems/real/corpus.json,real/143.cfl,5578f4c020a22ce23a71e7f0fdb022bf4afd6aeaab229e82ac47adc804928865
real,144,15,set;partition,problems/real/corpus.json,real/144.cfl,45bbce5ccedeed74a0c9a4b013bc8f583a310b9b0b991f9c75fbb897b2d16bba
real,145,59049,set;composition,problems/real/corpus.json,real/145.cfl,ab6b1f6e42473b283afadce30bc1653baa5290f3e7a41c8a3e29ed02ff78608a
real,146,371043400,set;choose;intersection;size constraint,problems/real/corpus.json,real/146.cfl,4f967873dcafa1aab1e2ed135ece3b3bfa1bc5a9a0512fab2d5acc10cb800e0e
real,147,33800,set;choose_replace_permute;tuple;intersection;size constraint,problems/real/corpus.json,real/147.cfl,95a88e4696c1583140982c913c9af84dd24f4c95eff9480909e2376b9a6c41a1
real,148,29700,over partitioned sets,problems/real/corpus.json,real/148.cfl,5f7915341b88869682e2b3ac8546ef8586153440e9eed22d72ce6d48a8e3c72a
real,151,180,set;choose;multiple choosing;subset;or constraint,problems/real/corpus.json,real/151.cfl,3e8b20895140fce0790a51598ea967f791da238b29c0771223412d0d8d125f17
real,152,36,set;choose;size constraint,problems/real/corpus.json,real/152.cfl,c5b25354c86993c387091c01f951b4dc83433457c3e891969862333cb186db50
real,153,8,set;partition,problems/real/corpus.json,real/153.cfl,836d0d2e64fe32e15f1b4ddde79539533967d0e385013ebcf88155415f264d8e
real,156,62,set;composition;none_empty,problems/real/corpus.json,real/156.cfl,32e4971ba75da9997be713485cc09655f95ea5fd87bf2262b6ae04c6c50801c1
real,157,156,set;choose;not constraint;subset,problems/real/corpus.json,real/157.cfl,b5d475e88b34598ee2014717439996af6627500c753c8d84d3641f68d1a5afa9
real,158,125,set;choose_replace_permute;tuple,problems/real/corpus.json,real/158.cfl,43b38ce43e3ea2749b904aa1bd10dbf30015dd5afe22a6fea993c1ca7056a569
real,160,49,set;choose;multiple choosing;subset;or constraint,problems/real/corpus.json,real/160.cfl,5d38951f26a9ed9cfb9b390ca78abfeb7ac51ec7a25f40232edd9e68bb7a803c
real,161,864,set;composition;index;in,problems/real/corpus.json,real/161.cfl,ad03177c6be75e85a637a113ea070ed85c4bcea8f58131c8055efc10cae1ec2a
real,162,56,set;choose,problems/real/corpus.json,real/162.cfl,c026c506d62d48fcb46e0dfaf24d2c0c7f160c16170e865675dbcb02131aab59
real,163,3003,set;choose,problems/real/corpus.json,real/163.cfl,e4cead0cc1951d4af7b21a4ac8432082065e125656b9bdf242d0bafc1bb2e11c
real,164,968,set;composition;index;size constraint,problems/real/corpus.json,real/164.cfl,5991b60eae9252c9c4152f689f685963ebe249a52786b6d56169a8b220588c0d
real,165,7,bag;choose,problems/real/corpus.json,real/165.cfl,d0c9b5d6be9810be221f73d79f7a5a5d84a25c71ebaa31dc8fc08d5efd2d152d
real,166,58500,set;choose_permute;tuple;multiple choosing,problems/real/corpus.json,real/166.cfl,37cba90ec6620d0331d5716e86de4c1bcbad0be231caae96754c1ce970b4dc09
real,167,48048,set;choose;multiple choosing,problems/real/corpus.json,real/167.cfl,b980ee616c3908551eee6be3e217b68eb99bc8bbecce251ca820bc5e1264dc89
real,168,12,set;choose;multiple choosing;tuple;difference;subset,problems/real/corpus.json,real/168.cfl,aae8f84a159b9122166748681c3a279fffd8f98580bfd0cd45630b65bc61e744
real,169,14,bag;composition;partition,problems/real/corpus.json,real/169.cfl,f05bb226ba9d27406d79f8e467acd06a7fecae5be8052b2c02931f6c3b3d5623
real,170,325,set;choose;intersection;size constraint,problems/real/corpus.json,real/170.cfl,d49cba268ca6889ca13926f318c33de7561c265486321f71890b686f25891522
real,171,60,set;choose;multiple choosing,problems/real/corpus.json,real/171.cfl,dd8484af8e5e99dafd87c1943cbeb3d3ba2f2f18e551166e54548de856d18d9c
real,172,12441600,set;sequence;together;timeout,problems/real/corpus.json,real/172.cfl,0b5d7199d8aa423bf49119ff77e537f53f462650cde27e81cd14f0cbc6b9d875
real,173,21,bag;composition,problems/real/corpus.json,real/173.cfl,be5aa4beb067804b7d545fb344494b6ebb197f361aa319d2353f50b719e43983
real,175,3600,set;sequence;next_to;not constraint,problems/real/corpus.json,real/175.cfl,78db1d01124f8b0891864483e2e4521fbeaa46971198a5c24e2c6fb83897c173
real,176,30,tuple;unknown length,problems/real/corpus.json,real/176.cfl,b179823f0e9b03c6e29b1a4920d613c0e0ca357359c26ae1ba7737c772683406
real,178,560,bag;tuple,problems/real/corpus.json,real/178.cfl,5d30280efdc8ba3fde9e23b4c27a5c60e9b05ae6b7f1702a876ba3ae11c81f80
real,179,12,set;choose;tuple;difference;index;in,problems/real/corpus.json,real/179.cfl,eeba20d8b772570dbc5236606d87ffd2d0dacbbe2269f38129487be2a7a7efe5
real,180,37,set;choose_replace_permute;tuple;in,problems/real/corpus.json,real/180.cfl,cff1f407f434669ebc2ea6536e4bf2d86fdde0f18cb00e963777bd4a984f57f9
real,181,1295,set;choose_replace_permute;tuple;count element;disjoint,problems/real/corpus.json,real/181.cfl,7323b501855f0eba7bd12297373ccdab6106dbaa54f4e2be3ba42fdcd25ad4ce
real,182,90,bag;tuple,problems/real/corpus.json,real/182.cfl,60190c8755a87f13e4d0d878a702c3ba7a6402df3701263e17a3a58d0e0f53b7
real,183,200,set;choose;tuple;intersection;difference;size constraint,problems/real/corpus.json,real/183.cfl,b3976b5fe01d8ac7ae6b9c28dc12c3d45adf4b09551db928dfb7008a9a456d1e
real,184,70,set;choose,problems/real/corpus.json,real/184.cfl,2c0cb7fccb988efe1b991e081040a55eee8fa0dea41cf7d7d929ac9c204c6584
real,185,56,set;choose,problems/real/corpus.json,real/185.cfl,fce0446ed1919b61a5411574a69d37e2fb99b0bf4d6a3c9351eb5e5803cca6a8
real,186,504,set;choose;permute;tuple;index;in;compare element;or constraint;not constraint,problems/real/corpus.json,real/186.cfl,e1f1d80c541549ed8fbf211b21a4d8495a3172c79887bff97cfb3779204bf8a4
real,187,990,set;choose;intersection;size constraint,problems/real/corpus.json,real/187.cfl,de4efc64144cfe662c2aa07c83b456371e137d3eb88a5be3c3467c930a60e076
real,188,351,set;choose;choose_replace;additive union;size constraint,problems/real/corpus.json,real/188.cfl,b1e97d58bcd8469dec4ad54778a2fdc552f2e46f1c25b3cd5238884310f3735b
real,189,81,set;composition,problems/real/corpus.json,real/189.cfl,0993b9bad30fb70e51402d91d5016d0e37975f11e066793ff8e332855c791ac6
real,190,16,set;partition,problems/real/corpus.json,real/190.cfl,1c0c1d9fea406d4bb577b9c3ee81db88a50c648b4b565b694191c7b1f1e2f321
real,191,36,bag;multiplicity constraint;over partitioned sets,problems/real/corpus.json,real/191.cfl,fb573355e55939134470a5a6c4abda30cfc674609f93e193b918f9fe3d428580
real,192,31250,bag;sequence;TAG;timeout;pred;succ,problems/real/corpus.json,real/192.cfl,a301f52ea3ae4dbf608ef587bbc7ca20972d4481124e22378792c7290137a3e8
real,193,2880,set;sequence;pred;succ,problems/real/corpus.json,real/193.cfl,4783c9f0d93d4b91e472596f1b892bd2ebfca38b58937064413369ef367eccb5
real,194,9,set;choose;intersection;in;size constraint,problems/real/corpus.json,real/194.cfl,8983a271ffa6c0f933756d3aafb1e2a9fd245989c866e536e97f97e5b5b7e233
real,196,200,set;choose_replace_permute;not constraint;index;compare element;in,problems/real/corpus.json,real/196.cfl,2c0108c2c0385f8760fe50177bc5692e0e369f6114de7cd6bf6b0a85563dd964
real,199,180,bag;tuple,problems/real/corpus.json,real/199.cfl,fe4bc49283837639cad2cf503db1b599873aa57696d7647b7d5613775a20fd3f
real,200,31,set;choose;size constraint,problems/real/corpus.json,real/200.cfl,95b4d4154a6af42c3fbf81075f4da162f80d9db2a689e9d93ee3632c35e7f1a3
real,201,288,set;choose;multiple choosing;intersection;size constraint,problems/real/corpus.json,real/201.cfl,df3633c480d914bbf4d574a82fa59601c2eac6a6f4e0f078f3404324de71d076
real,202,5,bag;partition,problems/real/corpus.json,real/202.cfl,3d91767b5a2739c32219c01fbc1424c0461864f881ddcc52ee9e9bde56c16eee
real,203,8788,set;choose;subset;not constraint,problems/real/corpus.json,real/203.cfl,cdd7c02ab1b89f7b65f90c415deffe87651052fc5d76add1c35122622d5506d6
real,204,56,set;choose,problems/real/corpus.json,real/204.cfl,75a5c84b5507578cba4794622ca5f4f042936bd22cf11b31297c6cc5b429b55a
real,207,3110400,set;sequence;together;timeout,problems/real/corpus.json,real/207.cfl,58b572267504c9c20e59acad722b3bb9d8a49cc6676c17631cf682b75c86fde4
real,208,520,set;tuple;index;in;counting quantifier,problems/real/corpus.json,real/208.cfl,5d95853bfb0be36cc989708c79cd615498cd7e6abd868019a9da7d1968bcf5fd
real,209,210,bag;tuple,problems/real/corpus.json,real/209.cfl,c60f16adb87dbf3ed069753edd9d27ab98d9dcdac30266cbf178857cce332431
real,211,15,set;choose,problems/real/corpus.json,real/211.cfl,337c221d16713f6aec2b609cafc1c488532a9b005a4ff01e6624331cf9c1b2f8
real,212,2250,set;choose;multiple choosing,problems/real/corpus.json,real/212.cfl,1b26919a38ab790d38958aab5f743f5219c961b8f0f596212df8767049af6da3
real,215,12600,set;choose;multiple choosing,problems/real/corpus.json,real/215.cfl,f5c714ebc37033675ed86872ffae29469cc7725c78fb12761c514872f187f902
real,216,448,set;choose;tuple;not constraint;in,problems/real/corpus.json,real/216.cfl,cc76aeca11eda4da94dbaffe9a494d6ed1fabf81de5d798d7bc7d49b334e6563
real,219,165,bag;composition,problems/real/corpus.json,real/219.cfl,7741e344ba9015d92186a6e292e543a67b362ace34ee7879fd5d493d7be6de55
real,221,18,set;tuple;not constraint;index;compare element,problems/real/corpus.json,real/221.cfl,afd37701a3ab77cd3b3dcca8c9dcc8e47f88d2b27506a66f6423ddb2cfe1e1b3
real,222,111,set;choose;multiple choosing;subset;not constraint,problems/real/corpus.json,real/222.cfl,5118651a819df3351547036a5e01d28afe2a33f057d0f6dd29b05bfd82f6799c
real,223,120,bag;tuple,problems/real/corpus.json,real/223.cfl,814b04876fb9f44477a25f876a58016ef69594231235578f17573bdc1be93b45
real,225,28,set;choose,problems/real/corpus.json,real/225.cfl,cc5aba04d069f738bd2bf28a764eb00a5503b01837a350ddc00456b00674009c
real,227,544,set;choose;tuple;intersection;size constraint,problems/real/corpus.json,real/227.cfl,9df4aeaceffb33e90fadfc357b570433df2b9c6fdb663b1ee061f57a867eacb8
real,229,5,set;choose;multiple choosing;in;or constraint,problems/real/corpus.json,real/229.cfl,180d51af7fa09fe2ce2a3cc4cedfe70c7152b66f4b3f8d1eb361db9af7f37a49
real,230,495,set;choose,problems/real/corpus.json,real/230.cfl,cedfcb0322e4ca1a1b74f3a562ff0c456cfdd5829968f1c1ab7cc4ed9a9d8ce4
real,231,36000,set;sequence;not constraint;pred,problems/real/corpus.json,real/231.cfl,d1756d2dcc1c196d9ee6d6372f70ec05838dd1270387a432c768649f656ac5d9
real,232,864000,set;choose;tuple;multiple choosing;index;in,problems/real/corpus.json,real/232.cfl,8ee116a4982370b11b959d7741d79e146efd08bfc11c6dd4a77ad45872506b20
real,233,360,set;choose;multiple choosing,problems/real/corpus.json,real/233.cfl,794a4ebd36e3fa41a5eecf05d1f1817b4fde1735686642b77f7de635948e5114
real,234,65,bag;choose;size constraint,problems/real/corpus.json,real/234.cfl,ec16ba0fd525eacccb37bc6cfe2b1eff02d3a2d53efa5b6198ad97545ad0c94f
real,237,48,set;tuple;index;in,problems/real/corpus.json,real/237.cfl,966016d47ecf48fe602cb8ee7b3cebed4901e39ca3f616bb0e805e7360dd8acf
real,238,6,bag;tuple,problems/real/corpus.json,real/238.cfl,6fe417dfc67f96dac17be7c045150bae148158a64223426998193b60f5083034
real,239,10,set;choose_replace;multiplicity constraint,problems/real/corpus.json,real/239.cfl,0b26d75fb7e32f80ea01f66da271ea4a002766eee2a41c66ab9200027ed344f9
real,241,6,set;tuple,problems/real/corpus.json,real/241.cfl,63d33248cb9a13fcc033340d19d7cc3e36dcd6175b7068c8589b7c3a9cb45071
real,242,62,set;choose;multiple choosing;set equality;or constraint,problems/real/corpus.json,real/242.cfl,64a16c63a87d7f2e442efbf665344f1dbbb40a1b8072515d5600ec3757c56f83
real,243,4896,set;sequence;count sequence,problems/real/corpus.json,real/243.cfl,b1579ce3231e6b1965259df70c4094c672e29182cdf288fabbb9f1362863732e
real,244,480,set;choose;multiple choosing;subset;not constraint,problems/real/corpus.json,real/244.cfl,e7445e8a510c27dd7c4123b12b61dbd5b297696f8167cd27183f87096380a73c
real,245,35,set;choose,problems/real/corpus.json,real/245.cfl,a89b01570b401bad3247be795d8397c2d9636bf15ad7d196c67019f1f4995a7f
real,246,35,set;choose,problems/real/corpus.json,real/246.cfl,dc790bc2e4ce7be89562fcec99be0915fbbe485f0bd4093d8bd1ecd58ba1c11d
real,248,6960,set;choose;multiple choosing;subset;difference;not constraint;or constraint,problems/real/corpus.json,real/248.cfl,6249264422363dd71a1c8daf8313161ab7f4c49606c0c87961efad8af7f5524a
real,249,14,bag;partition,problems/real/corpus.json,real/249.cfl,6d639dd7f8d2662328a93cc9f65cdc0af66866b1c30bec585755ee5410f8a3eb
real,250,29,set;choose;multiple choosing;intersection;size constraint,problems/real/corpus.json,real/250.cfl,e659e2a46b7146a67597d31b535f02c6b3ec07395fe1a432a2ca015c584979de
real,252,48,bag;tuple;index;not constraint;compare element,problems/real/corpus.json,real/252.cfl,5ccbfdb543f6dd76978b98c98ae2f205a0cbde4e52234844ef6f177a47e34f7d
real,253,1120,set;choose;intersection;size constraint,problems/real/corpus.json,real/253.cfl,291f86016365879a75535c9440c5ceb46ac617ad9a1edc2ae2ce57c6be0ac543
real,254,36,set;choose;multiple choosing;tuple;not constraint;subset;difference;in,problems/real/corpus.json,real/254.cfl,3318132b5f3b38fe746aaef4e7776cd924fc51c3b7a7095997984b2e49a72bd2
real,255,50,bag;tuple;index;not constraint;compare element,problems/real/corpus.json,real/255.cfl,acd0d30593362ebaf0ba093963fe1a5362959715cfc02a53d450d4df507828d7
real,256,28,set;choose,problems/real/corpus.json,real/256.cfl,6938221a2088c69e09dbd427af6d655b63327aa6d146180da4b60b9ec476790f
real,258,105,set;choose,problems/real/corpus.json,real/258.cfl,a4297ffb4075fdfdacaee033ecf6d10ab57de8bcee4cabcf56401f5b0f6425c5
real,259,432,counting quantifier,problems/real/corpus.json,real/259.cfl,512c0a6348d2fb39145d125fad3b46b73c4e92ff6ea6ad7e48d1be0639908780
real,261,10,set;choose,problems/real/corpus.json,real/261.cfl,38551a2a609af9432ab91d2bcf380b67dbdf9efb87d08e2dae4d10660480c926
real,262,9240,set;composition;size constraint;index;in,problems/real/corpus.json,real/262.cfl,cb8c2f50c1b71e7f063669ef3965c93031e592fded68b33d71801a0749416d25
real,264,15,set;choose;subset,problems/real/corpus.json,real/264.cfl,e310c7f7f197b9f69bb6cf65383ca40d08ff48588d0ff96d80461721cc1ca918
real,265,384,set;sequence;choose_replace_permute;not constraint;next_to,problems/real/corpus.json,real/265.cfl,d51590444c52d24f9383e675b1b3b2a12c391539da7ff71015c81219a2b2e766
real,266,210,set;choose,problems/real/corpus.json,real/266.cfl,bce702f6d3e90cbbaa0b4359c469ee00e700c09dc9b4230e4ff93788c4fe2e7b
real,268,4,bag;partition,problems/real/corpus.json,real/268.cfl,a8927a2c6ad30725862245e5177b1598607b1c9c5b689bb5adf00d03915592ff
real,271,6,bag;tuple,problems/real/corpus.json,real/271.cfl,5366d6e9456fa9a2bbf79ba7d148d1e0d150cc417bfc53b40ec4dfc939ecb337
real,272,5416,set;choose_replace_permute;tuple;or constraint;in,problems/real/corpus.json,real/272.cfl,dc14c78137dc006a158eda3742e12a6ccdbc72dde07c5365f157b591efc2f326
real,273,4,set;choose;size constraint,problems/real/corpus.json,real/273.cfl,7be74e04008e5337f3f913ed2dc984c98e10dad38869faf34f08f841b8ec6982
real,274,2598960,set;choose,problems/real/corpus.json,real/274.cfl,0a2b528c311f0243ce731465ca144b6f8da005176a4e28e036e8ecdd2dc6a5d3
real,275,768,set;choose;multiple choosing,problems/real/corpus.json,real/275.cfl,64eb9f9de83dbc84aba2b995edb33e7a2d3b03453ddb28aa1c08ea52aaf12f71
real,277,100,set;tuple;choose_replace_permute;index;not constraint;compare element,problems/real/corpus.json,real/277.cfl,1151201b3781422c723c4c6ba3905bdadedc4183b8de11e1fe1a5581de9699c3
real,278,1951,set;tuple;choose_replace_permute;in,problems/real/corpus.json,real/278.cfl,9df839393a1b032b7b323c260b47b9fbbe1f4424c7afe94dd9fb60410729342d
real,279,210,set;choose;multiple choosing;subset;not constraint,problems/real/corpus.json,real/279.cfl,2e376adb0d90e6d79dfc0ee24de77cf705f4a67dd7c11f99167c237a3b6f8a80
real,280,12,set;choose_replace_permute;tuple;index;in,problems/real/corpus.json,real/280.cfl,61e79689e90635d37e24ef5ac46996367a9f4ed4c68608b14f3b22ef6f785720
real,281,75,set;bag;choose;multiple choosing,problems/real/corpus.json,real/281.cfl,1a205c19964db5d54ac6205723f607d5423e81a8700c78d33f9a91817d0d003d
real,285,14,set;partition,problems/real/corpus.json,real/285.cfl,600734afb92079c006e8e2889182d001d35d1ecc8f8d217c9610baf15aad027c
real,286,4242,set;choose;intersection;size constraint,problems/real/corpus.json,real/286.cfl,ed1960093686c7d0b70f435011ff156568f463d9b79425e4826e853b2801af7e
real,287,210,set;choose,problems/real/corpus.json,real/287.cfl,eb5f764f8deb18f13b5e1ec47a35b6e68c586f5446e2af8118fbde5bc1857cb1
real,288,210,set;choose;multiple choosing,problems/real/corpus.json,real/288.cfl,43a800d1478a4aebb83ce12ad549e3a52617460da19c2758fb03b421aa8413a6
real,290,60,bag;tuple,problems/real/corpus.json,real/290.cfl,6042046a15a86dfcbd23e5b649f54f0f843f0193b497099d9641e8e6c46d4071
real,291,180,set;sequence;choose_replace_permute;pred;succ,problems/real/corpus.json,real/291.cfl,361dd5a5078e38172820a09d1c789347db4defd9969a89745282edee12608e59
real,292,720,set;sequence;together,problems/real/corpus.json,real/292.cfl,4736975dd85ad9e1a6e2ae78b01a1a4ba68370f62fb95bc288d1bbdcd75bd110
real,294,14,set;partition,problems/real/corpus.json,real/294.cfl,a070b01a49a0460106298e1f195b9c734eadc3aaf13b732f20d5a4bf40aafab2
real,295,41,set;partition,problems/real/corpus.json,real/295.cfl,4b0e039250a9e07d4fcc04bf9918f052ed20ef9cfe3963fe6cbc5b79d0cb3566
real,296,80,set;choose;multiple choosing,problems/real/corpus.json,real/296.cfl,fe386205815ba69c5c6f3dee3be60e2b9e72ecbf0a0725ec8161535ce5bb3f2b
real,297,16,set;choose;difference;multiple choosing,problems/real/corpus.json,real/297.cfl,320f79cdd879cf796a55c32ca164e76a903fd8e95b203f3ad7ec876daa8990b6
real,298,45,set;choose,problems/real/corpus.json,real/298.cfl,36fa83498bd88e9bfe73806b96650e3f48f0819278c5a6c4a863a96c8f7a916b
real,299,420,set;composition;index;size constraint;in,problems/real/corpus.json,real/299.cfl,723b45d7a3afec78c5c9c83d4c5f418868a23c34fa18bd6cd5de38818758645b
real,300,380,set;choose;multiple choosing,problems/real/corpus.json,real/300.cfl,f05fdbf9320fc09d3acd2aec4ff62a921abcd37a7fc35a19a1b8b0f3366cb19e
real,301,48,set;tuple;composition,problems/real/corpus.json,real/301.cfl,3eae1872d998edff1129869b5b456e0ccfa3178651a33652c5e92304e9f2c793
real,302,16,set;composition,problems/real/corpus.json,real/302.cfl,c770b59f507ab9212426f6193dd711b83073d25aa5cff34c9df2873aa0dcf379
real,304,1848,set;choose;intersection;size constraint,problems/real/corpus.json,real/304.cfl,651b1a0e253545f52cb09caca4a45a913f1ec547ce5bdb957328a629cc874532
real,305,1050,set;choose;intersection;size constraint,problems/real/corpus.json,real/305.cfl,777cb522097c2bfd8add6372f670bed521440f86c34dcf4b4e4cbbf4554efc9e
real,306,6840,set;choose;multiple choosing;difference,problems/real/corpus.json,real/306.cfl,9e7ae187e7097999ca5e714010be212feaaf746cdfaae6e4c40f2036032f4e52
real,307,192,set;sequence;choose_replace_permute;pred;not constraint,problems/real/corpus.json,real/307.cfl,ac514479758b6fb737c130c06b06b25c3913aab8b06daff7d32c257309ebc1c9
real,308,33800000,set;sequence;TAG;choose_replace;next_to;timeout,problems/real/corpus.json,real/308.cfl,c51bdc867c650f2b8c16b88b1451725eb4a7575bd0a19754b1bada48d83b086c
real,325,452,set;choose_replace_permute;tuple;in;not constraint;compare element,problems/real/corpus.json,real/325.cfl,4f99470dd0074bdbb460bcc4bc623c6ac8c7df6d504031717c6be1e68552d6ae
real,335,320,set;choose_replace_permute;tuple;index;in;supp,problems/real/corpus.json,real/335.cfl,f8285e606d2ae3b3b07878b08920271c1e88e4ab8161a8ce13b649a77f88590f
real,371,26,set;choose_replace_permute;tuple;multiplicity constraint;not constraint,problems/real/corpus.json,real/371.cfl,213cf73c7bbf71541ec8c647792aeea5415b070069d4b28721b00c03a185d624
real,375,728,set;choose_replace_permute;tuple;index;in;supp;size constraint,problems/real/corpus.json,real/375.cfl,2eaf8e99e914961ff10c7dd489a7278e97c43208e9a8c6f477dfb16f9672131b
growing,mathcounts_005,4,mathcounts;bag;choose;count;growing;family=mathcounts;domain=5,MATHCOUNTS bag choose,growing/mathcounts_005.cfl,380cd85098783d4f229f89570e40968c2ac0aa662294b0314d01eedbdb9c076d
growing,mathcounts_010,100,mathcounts;bag;choose;count;growing;family=mathcounts;domain=10,MATHCOUNTS bag choose,growing/mathcounts_010.cfl,00b0efbdfb48121d7d0f9894b1519bdd7392e1c8eb40d81c057cbc76c6d56366
growing,mathcounts_015,614,mathcounts;bag;choose;count;growing;family=mathcounts;domain=15,MATHCOUNTS bag choose,growing/mathcounts_015.cfl,abc0cdb9e66aac4ff930aad333a392dd3abfab9bfa8115ba81cd38c8227bf8b0
growing,mathcounts_020,2569,mathcounts;bag;choose;count;growing;family=mathcounts;domain=20,MATHCOUNTS bag choose,growing/mathcounts_020.cfl,fb87a2aedde8563f319690c68d6ba05111a79b2838080dedf6f996dfb7676cb9
growing,mathcounts_025,6525,mathcounts;bag;choose;count;growing;family=mathcounts;domain=25,MATHCOUNTS bag choose,growing/mathcounts_025.cfl,e09e69c7e2955ddf517efed5fa8b90fdf43fcd4592c2d95670caf3d78ef10001
growing,mathcounts_030,13899,mathcounts;bag;choose;count;growing;family=mathcounts;domain=30,MATHCOUNTS bag choose,growing/mathcounts_030.cfl,ff085349d2e3e8cb7ca1b3ec026c67292246e17ca103c3f676da7eb5982eb546
growing,mathcounts_035,28809,mathcounts;bag;choose;count;growing;family=mathcounts;domain=35,MATHCOUNTS bag choose,growing/mathcounts_035.cfl,cd6873239b13c9de359ef4cb1c5414030cab922cf79a2ba8ee9b6f8f97252026
growing,mathcounts_040,49375,mathcounts;bag;choose;count;growing;family=mathcounts;domain=40,MATHCOUNTS bag choose,growing/mathcounts_040.cfl,e59cd206acbd7e1801afd58b9c0821b1b6c11115869ea972a3502a0ed0b6371f
growing,mathcounts_045,79359,mathcounts;bag;choose;count;growing;family=mathcounts;domain=45,MATHCOUNTS bag choose,growing/mathcounts_045.cfl,bf8d30458b3a9414281f1785455bbf640d9f30b695e43e5642d410cbe3ee4368
growing,mathcounts_050,129224,mathcounts;bag;choose;count;growing;family=mathcounts;domain=50,MATHCOUNTS bag choose,growing/mathcounts_050.cfl,361e46f22d3e4f3f18170f07890074bbbf84c41c302d889ba5c4abca232547e2
growing,mathcounts_055,188650,mathcounts;bag;choose;count;growing;family=mathcounts;domain=55,MATHCOUNTS bag choose,growing/mathcounts_055.cfl,8a96e2c6e5c1080738bb495343dc1640aa8ee4e2a09a5909ecc92c759b4bf33e
growing,mathcounts_060,266494,mathcounts;bag;choose;count;growing;family=mathcounts;domain=60,MATHCOUNTS bag choose,growing/mathcounts_060.cfl,fdba551f8753f3a107250e11dcbf99696d68e690c43054c3f7fa8b7c5d7eea04
growing,mathcounts_065,384314,mathcounts;bag;choose;count;growing;family=mathcounts;domain=65,MATHCOUNTS bag choose,growing/mathcounts_065.cfl,cbc03de0d7f1b4e4d59d9cb1a2f06cb8e6243fb1126e543ac63927c0d07f0e75
growing,mathcounts_070,514350,mathcounts;bag;choose;count;growing;family=mathcounts;domain=70,MATHCOUNTS bag choose,growing/mathcounts_070.cfl,8c8a44d4f865c0160e0bc4c997da3a0b9d2e586f8424f4220035a44049c0c88b
growing,mathcounts_075,674804,mathcounts;bag;choose;count;growing;family=mathcounts;domain=75,MATHCOUNTS bag choose,growing/mathcounts_075.cfl,f55e0145056e5ba8e2a9820a4e60c801e4ca60a2a01986a695ff2b5441444494
growing,mathcounts_080,904579,mathcounts;bag;choose;count;growing;family=mathcounts;domain=80,MATHCOUNTS bag choose,growing/mathcounts_080.cfl,04fb8af11fd279e8214a270d31c084c470305aa7b4cbf2e796da8129da2d499f
growing,mathcounts_085,1146475,mathcounts;bag;choose;count;growing;family=mathcounts;domain=85,MATHCOUNTS bag choose,growing/mathcounts_085.cfl,162e1e095f203fd340eae6d824f66fc807abe6e12350a3e71bb02a8c8b4e6381
growing,mathcounts_090,1433789,mathcounts;bag;choose;count;growing;family=mathcounts;domain=90,MATHCOUNTS bag choose,growing/mathcounts_090.cfl,c28946bc7efdd6adcb42b6c936cfaf05af4e73bba3cb414d6454c24422ec6b90
growing,mathcounts_095,1830519,mathcounts;bag;choose;count;growing;family=mathcounts;domain=95,MATHCOUNTS bag choose,growing/mathcounts_095.cfl,43fb961ea6ebf2e2977586dad2abef1e4cba6b41b748f9209882d3cd1b5c322b
growing,mathcounts_100,2235025,mathcounts;bag;choose;count;growing;family=mathcounts;domain=100,MATHCOUNTS bag choose,growing/mathcounts_100.cfl,51ac2874ecd6a1d103d3025a1290a7618bfd1bc0335eeb81a1011cf51efe5f6f
growing,fourletter_005,18,fourletter;set;tuple;position;count;growing;family=fourletter;domain=5,four-letter arrangements,growing/fourletter_005.cfl,4cc85030b8e034c5c425b2b322cf30c69de6da9d28c01a31a37d338d1b871b78
growing,fourletter_010,168,fourletter;set;tuple;position;count;growing;family=fourletter;domain=10,four-letter arrangements,growing/fourletter_010.cfl,d57925e18aabfb1f1231c743a3e5ff98eada638fed90aaa20c107b0148174664
growing,fourletter_015,468,fourletter;set;tuple;position;count;growing;family=fourletter;domain=15,four-letter arrangements,growing/fourletter_015.cfl,531cb3d4c572f8f339f6710b4c5de7fbdbe1640044a7b02d4f7951d284e709a4
growing,fourletter_020,918,fourletter;set;tuple;position;count;growing;family=fourletter;domain=20,four-letter arrangements,growing/fourletter_020.cfl,045b1b9b1e7419e05ca621d2e6a849ccb64e1fcc8188cca723e439c7117cd56e
growing,fourletter_025,1518,fourletter;set;tuple;position;count;growing;family=fourletter;domain=25,four-letter arrangements,growing/fourletter_025.cfl,647fcdb6048341c81281f90477f39164e3f4ac5a48eea467c40db52247a59418
growing,fourletter_030,2268,fourletter;set;tuple;position;count;growing;family=fourletter;domain=30,four-letter arrangements,growing/fourletter_030.cfl,336557895f6c7af990663fc9d36ce0c3a3a0adedded5195ed42bd69912447c0e
growing,fourletter_035,3168,fourletter;set;tuple;position;count;growing;family=fourletter;domain=35,four-letter arrangements,growing/fourletter_035.cfl,939fcac1ccc8c75c45e092869c8e5974fa4c289138df37e774e71edd56ec07df
growing,fourletter_040,4218,fourletter;set;tuple;position;count;growing;family=fourletter;domain=40,four-letter arrangements,growing/fourletter_040.cfl,318f7e52b3251cecd4d90e629428047219fa78fbc9ed8b0815fd18213d236773
growing,fourletter_045,5418,fourletter;set;tuple;position;count;growing;family=fourletter;domain=45,four-letter arrangements,growing/fourletter_045.cfl,dd9c196f53e00c9403f91b39094358eb57f269b3ce0f2a5efc51122cb7089e92
growing,fourletter_050,6768,fourletter;set;tuple;position;count;growing;family=fourletter;domain=50,four-letter arrangements,growing/fourletter_050.cfl,c7a2c40f4cc61b14e943150694e4b563a1ae954912df86689239cb87b8a5db68
growing,fourletter_055,8268,fourletter;set;tuple;position;count;growing;family=fourletter;domain=55,four-letter arrangements,growing/fourletter_055.cfl,676ded884910cc4155b9f00ab260da770c116ba288ab794135de9fc39cf12d32
growing,fourletter_060,9918,fourletter;set;tuple;position;count;growing;family=fourletter;domain=60,four-letter arrangements,growing/fourletter_060.cfl,08ff666a3d74a47e0aa5ec025cc1cea0b19c4111aec255073ed0fdfb278b440c
growing,fourletter_065,11718,fourletter;set;tuple;position;count;growing;family=fourletter;domain=65,four-letter arrangements,growing/fourletter_065.cfl,eac09f4d6f7cadbd9c4edbd0c2b074f0706391a91916ba2e9f51c3a7c8631110
growing,fourletter_070,13668,fourletter;set;tuple;position;count;growing;family=fourletter;domain=70,four-letter arrangements,growing/fourletter_070.cfl,bca87725d85fe8a537b36594d86c1882f95de2f7f4a609d4d4803cf60d815240
growing,fourletter_075,15768,fourletter;set;tuple;position;count;growing;family=fourletter;domain=75,four-letter arrangements,growing/fourletter_075.cfl,abc5fe22593cb8af00ac1446ca3c7428a31385ebb2960bee92f3dde6bd9af0f5
growing,fourletter_080,18018,fourletter;set;tuple;position;count;growing;family=fourletter;domain=80,four-letter arrangements,growing/fourletter_080.cfl,14550d6594ac0a852bec8a4ed1c70943d384d7268f27f726f564f53d0955648a
growing,fourletter_085,20418,fourletter;set;tuple;position;count;growing;family=fourletter;domain=85,four-letter arrangements,growing/fourletter_085.cfl,353f91f04cf86b892f42e5466de438b00d801d8533be71af1106491b4fe01d7f
growing,fourletter_090,22968,fourletter;set;tuple;position;count;growing;family=fourletter;domain=90,four-letter arrangements,growing/fourletter_090.cfl,e32f6599360ebb3e504881cdd407030b93c49305d327bf89cba8f2be284023a3
growing,fourletter_095,25668,fourletter;set;tuple;position;count;growing;family=fourletter;domain=95,four-letter arrangements,growing/fourletter_095.cfl,b360b14ea45927c58c9c387b45b6572fa1cb367e32cdfaa413bb056c71b1fbe4
growing,fourletter_100,28518,fourletter;set;tuple;position;count;growing;family=fourletter;domain=100,four-letter arrangements,growing/fourletter_100.cfl,b3efb02f434caaf0cdf26e6376e593960bd1bbef08bff1561233587eeac71408
growing,tvs_005,1,tvs;set;choose;count;growing;family=tvs;domain=5,defective TVs purchase,growing/tvs_005.cfl,033625df8c8f967d9e60bc3b2e549d19879707e335f9ce3009950ebc686e35af
growing,tvs_010,56,tvs;set;choose;count;growing;family=tvs;domain=10,defective TVs purchase,growing/tvs_010.cfl,c2397ae8898cf3b0ec01eeadf9cafa7229349db5fa5a3b4627015d677addf12b
growing,tvs_015,726,tvs;set;choose;count;growing;family=tvs;domain=15,defective TVs purchase,growing/tvs_015.cfl,63dd2acd8a7c8c1dd10c8213d83ba1b40404dfa0df52bfefebb4301724e0b81a
growing,tvs_020,5676,tvs;set;choose;count;growing;family=tvs;domain=20,defective TVs purchase,growing/tvs_020.cfl,5cc5df101d2f5fd8c9d73b9385f14232a87854a96ebce8b778732d3933efed83
growing,tvs_025,18246,tvs;set;choose;count;growing;family=tvs;domain=25,defective TVs purchase,growing/tvs_025.cfl,02450453a11a119daad6b1a3ffd57536f3369324193dba7a24a2a863e815bcdd
growing,tvs_030,46872,tvs;set;choose;count;growing;family=tvs;domain=30,defective TVs purchase,growing/tvs_030.cfl,d282cc45dc9f9340b0911e3069be7d9a181f69071c0a776a0a0c42804ea8d91a
growing,tvs_035,103502,tvs;set;choose;count;growing;family=tvs;domain=35,defective TVs purchase,growing/tvs_035.cfl,aed13e31737d228897aaf2db19ce3a4aec1f292f96f471d41c1f554aeebc5c65
growing,tvs_040,241452,tvs;set;choose;count;growing;family=tvs;domain=40,defective TVs purchase,growing/tvs_040.cfl,282dd77a69b6fcb41fc594539cd7813b26e6a5580bcc75ef9d020977a33d7e64
growing,tvs_045,433367,tvs;set;choose;count;growing;family=tvs;domain=45,defective TVs purchase,growing/tvs_045.cfl,c280ba89bb3708e2e2bf0773a911d3a01dbd0d1266e95fef5165922f0910e2ec
growing,tvs_050,731038,tvs;set;choose;count;growing;family=tvs;domain=50,defective TVs purchase,growing/tvs_050.cfl,3090528dc2b898c8158c35967058dcf9c277d0c49c139d0ff1db72db61fbafd2
growing,tvs_055,1173003,tvs;set;choose;count;growing;family=tvs;domain=55,defective TVs purchase,growing/tvs_055.cfl,7257824d48858bd6b3037e0f5a0a59d20f39168a1cecff51518961463dd584d2
growing,tvs_060,2004828,tvs;set;choose;count;growing;family=tvs;domain=60,defective TVs purchase,growing/tvs_060.cfl,b632532699b333e326e274c13db6261e762f784007db0d0ff68b076a6adb7b87
growing,tvs_065,2962988,tvs;set;choose;count;growing;family=tvs;domain=65,defective TVs purchase,growing/tvs_065.cfl,9ba6537fb2394b0f68517f2b00250440865268598b0200ffcda800a8a0a8bf3e
growing,tvs_070,4255304,tvs;set;choose;count;growing;family=tvs;domain=70,defective TVs purchase,growing/tvs_070.cfl,03f5b3b8d656ae6d078c2f259dc91283774a5e423f3195127e68c3ee73153713
growing,tvs_075,5962104,tvs;set;choose;count;growing;family=tvs;domain=75,defective TVs purchase,growing/tvs_075.cfl,0b9d0679a4b156faca773a87a1ee67fe9f8d8232a7049c110bf5f642d6bbb50b
growing,tvs_080,8825804,tvs;set;choose;count;growing;family=tvs;domain=80,defective TVs purchase,growing/tvs_080.cfl,d2cb7a9e3222f4f131ac90bbda87b9b0cece4eed534474fc388998757f4dd13b
growing,tvs_085,11834109,tvs;set;choose;count;growing;family=tvs;domain=85,defective TVs purchase,growing/tvs_085.cfl,7f5b8f75b580f4f65b08bf569815bf8678c532234004bbab49a174f2a8adb79b
growing,tvs_090,15608670,tvs;set;choose;count;growing;family=tvs;domain=90,defective TVs purchase,growing/tvs_090.cfl,b8a8362765f2503ddb013258243fca8fd235c76412d49dfa807945341ca0d8f0
growing,tvs_095,20286805,tvs;set;choose;count;growing;family=tvs;domain=95,defective TVs purchase,growing/tvs_095.cfl,7d675b4d2fb4c9060bd6416b0c08070f7c8ed5d43fbbef5b607cef2f9c5fb149
growing,tvs_100,27641880,tvs;set;choose;count;growing;family=tvs;domain=100,defective TVs purchase,growing/tvs_100.cfl,9bb7b93d357394c66a71b7f4cff5087a150301aef5270a685f007893ea9702e7
growing,workers_005,30,workers;set;composition;index;size;growing;family=workers;domain=5,workers composition,growing/workers_005.cfl,1a88372067630ae7dd4b593615ffe7c43c1964d13933069974a545838cbbb847
growing,workers_010,2520,workers;set;composition;index;size;growing;family=workers;domain=10,workers composition,growing/workers_010.cfl,728aa7901df60b17adf5b76a649607c38620dc8dc5761a1bcdbcfeec3a9196ea
growing,workers_015,360360,workers;set;composition;index;size;growing;family=workers;domain=15,workers composition,growing/workers_015.cfl,bd7d980f7c959d6ee28b4e3e09bc8a5b638caf5b8576169d62c31a882c6309e9
growing,workers_020,38798760,workers;set;composition;index;size;growing;family=workers;domain=20,workers composition,growing/workers_020.cfl,b00ef48b04cfd27bfaa00d9cd52ffd6730d4e9c509fd531092202bc3190fb9f3
growing,workers_025,6692786100,workers;set;composition;index;size;growing;family=workers;domain=25,workers composition,growing/workers_025.cfl,77b3877413eaab14810ce226bb6845afe05c1065073042124cc812d2779d3bdc
growing,workers_030,465817912560,workers;set;composition;index;size;growing;family=workers;domain=30,workers composition,growing/workers_030.cfl,985b980d967afe37cb3d4b90ed221399606c120b0ccbba4917ceef4bb1b1eabb
growing,workers_035,144403552893600,workers;set;composition;index;size;growing;family=workers;domain=35,workers composition,growing/workers_035.cfl,e64594750b675612cbfebf8a2ba91f17d8c1a3dab542e2435b04f0c89d78d618
growing,workers_040,10685862914126400,workers;set;composition;index;size;growing;family=workers;domain=40,workers composition,growing/workers_040.cfl,548a45aaa4aea11d2bb83b49de2d7e372d52758bad1433a33d4338917aa09501
growing,workers_045,2018483176886233200,workers;set;composition;index;size;growing;family=workers;domain=45,workers composition,growing/workers_045.cfl,a341418c22b363681407f01df52d7b9a0b3bf5f2bb8a9c7cc05cf77f9f496740
growing,workers_050,258253708687166392200,workers;set;composition;index;size;growing;family=workers;domain=50,workers composition,growing/workers_050.cfl,ca7d32ce01a12c2aba97cc5f0313cc8a94176b34a011fe9e31d14b52bc3df3ce
growing,workers_055,50187304054872668884200,workers;set;composition;index;size;growing;family=workers;domain=55,workers composition,growing/workers_055.cfl,2c179c00bd0645097dc991a6c1fc9732ffd4441695d6a5104f290e519b6eee27
growing,workers_060,3553261127084984957001360,workers;set;composition;index;size;growing;family=workers;domain=60,workers composition,growing/workers_060.cfl,8724ef84c5527d571756099201309ce7fde45fe675edf1c1520a9271c2691e99
growing,workers_065,1280789124444724123137308400,workers;set;composition;index;size;growing;family=workers;domain=65,workers composition,growing/workers_065.cfl,e4a4051ed40ef6bc6f41832757ba2153679ea4cc0f19584d9ed33b29a50f07bd
growing,workers_070,93614041459414381363854177600,workers;set;composition;index;size;growing;family=workers;domain=70,workers composition,growing/workers_070.cfl,ff165b08eba783459c2955871516f1ba89a176d0f0b680d3d78ea07de167278b
growing,workers_075,18661599110928643792648315480800,workers;set;composition;index;size;growing;family=workers;domain=75,workers composition,growing/workers_075.cfl,716543ff880e8a43db3e1525329357cbc4caac2b238c512f2b6208134a0a436c
growing,workers_080,2494912250368767916278674792740800,workers;set;composition;index;size;growing;family=workers;domain=80,workers composition,growing/workers_080.cfl,e5c5b3eba00fa84ab717b969a8673e2b91476161d843d9474e1819af4ed48c4c
growing,workers_085,502903026467190218552744304651038400,workers;set;composition;index;size;growing;family=workers;domain=85,workers composition,growing/workers_085.cfl,0c826deac69af273d980b1c087674a626601ceef550b5a3f22cb920c26d15290
growing,workers_090,35806695484463943560955394491153934080,workers;set;composition;index;size;growing;family=workers;domain=90,workers composition,growing/workers_090.cfl,b878ab4bd52a48d45ee30057583e5b8333b7b0d18e0ffeb860c4cf36ebb47453
growing,workers_095,13656568343964299650784972884236430593600,workers;set;composition;index;size;growing;family=workers;domain=95,workers composition,growing/workers_095.cfl,f4b77e89b90ae2456fe9dbe815cc098d6cec9cc69eaa68f339ba3919d7ec81ae
growing,workers_100,993515347023402799594606777328200325684400,workers;set;composition;index;size;growing;family=workers;domain=100,workers composition,growing/workers_100.cfl,dbce13fd03af9d488a1095cffb4a8e3aebd841ca2b17bbcdddf01b685c951cd3
growing,banana_005,30,banana;bag;tuple;growing;family=banana;domain=5,BANANA bag tuple,growing/banana_005.cfl,8e1baf74724e406115f8b3518cddcceeff1db7d1402bb48644e30c1cdabc0caf
growing,banana_010,1260,banana;bag;tuple;growing;family=banana;domain=10,BANANA bag tuple,growing/banana_010.cfl,4d2515f99996828b6b4d075a148bd7fd7f954ec8a8d05d8a06f093eab024e887
growing,banana_015,180180,banana;bag;tuple;growing;family=banana;domain=15,BANANA bag tuple,growing/banana_015.cfl,49afd8d68accf9eefc3555f8fb83be92249f84e7472144a9116e4d3f20fdf100
growing,banana_020,22170720,banana;bag;tuple;growing;family=banana;domain=20,BANANA bag tuple,growing/banana_020.cfl,8ba9ed8d7fdf0996be91861a1a7888e828570dc5d4dc9434b871005042661875
growing,banana_025,3718214500,banana;bag;tuple;growing;family=banana;domain=25,BANANA bag tuple,growing/banana_025.cfl,86da9f0a9796559e3879999ad07e35810e423813dc81b46a0bbeec9042f723b1
growing,banana_030,465817912560,banana;bag;tuple;growing;family=banana;domain=30,BANANA bag tuple,growing/banana_030.cfl,fb73609045abf0a69f26270986664bc180b9262362f39e5d23b7ea964b679e57
growing,banana_035,38877879625200,banana;bag;tuple;growing;family=banana;domain=35,BANANA bag tuple,growing/banana_035.cfl,1e92436572b5c5b762b9e4a32246865bc1880857119e64c9224de232d8e4c4a4
growing,banana_040,5342931457063200,banana;bag;tuple;growing;family=banana;domain=40,BANANA bag tuple,growing/banana_040.cfl,ed883af82f38d540cf0c1a6a7a529513f387d266b0420011558fb3f9d744ba78
growing,banana_045,1009241588443116600,banana;bag;tuple;growing;family=banana;domain=45,BANANA bag tuple,growing/banana_045.cfl,37e4e9de6a7e8af7828665a6ab1e545f0dda392db6cb5e1bb983642c018a8cd2
growing,banana_050,136722551657911619400,banana;bag;tuple;growing;family=banana;domain=50,BANANA bag tuple,growing/banana_050.cfl,273cf7125f97a722fc115313ec21ea59a6da2c994855fd5fcb98d1ed9c8195c2
growing,banana_055,26414370555196141518000,banana;bag;tuple;growing;family=banana;domain=55,BANANA bag tuple,growing/banana_055.cfl,e5cd6aaa0f205e4ee6ec3aa282b243c3353974a941c2fa57d0a9ed93788f8a7b
growing,banana_060,3553261127084984957001360,banana;bag;tuple;growing;family=banana;domain=60,BANANA bag tuple,growing/banana_060.cfl,aaa23f4392b736b3c84721b0fa0477b6528b2c44dbd910d7dd53f28a0140cc11
growing,banana_065,334118902029058466905384800,banana;bag;tuple;growing;family=banana;domain=65,BANANA bag tuple,growing/banana_065.cfl,9d7a87c01a5ab356f7c164c51d68f00c6caaf62e745bd3de19e502698bb24ff8
growing,banana_070,46807020729707190681927088800,banana;bag;tuple;growing;family=banana;domain=70,BANANA bag tuple,growing/banana_070.cfl,2d8d4a6d644ad44d614c84f8d983eef6710679f3bb1a3917a522a649b3cafb2c
growing,banana_075,9330799555464321896324157740400,banana;bag;tuple;growing;family=banana;domain=75,BANANA bag tuple,growing/banana_075.cfl,2d267798380fdca3cce04f22bd54d0d31c953ddccd225b4d6c35d0c05a0e4278
growing,banana_080,1293658203894916697329683225865600,banana;bag;tuple;growing;family=banana;domain=80,BANANA bag tuple,growing/banana_080.cfl,4e1a3d51964586db7b977bf49332563e1ee631cfa17ff6b37641d41ff370d7fc
growing,banana_085,260122255069236319941074640336744000,banana;bag;tuple;growing;family=banana;domain=85,BANANA bag tuple,growing/banana_085.cfl,40368e1e1206d747620eb68d1fba051a9ed4d2d0031eb45edefc21a0bfef5081
growing,banana_090,35806695484463943560955394491153934080,banana;bag;tuple;growing;family=banana;domain=90,BANANA bag tuple,growing/banana_090.cfl,ddc83890538ad796669d59038c0482e8842ae3a298e450ad2c85ed57adbdef84
growing,banana_095,3517600937081713546414311197454838183200,banana;bag;tuple;growing;family=banana;domain=95,BANANA bag tuple,growing/banana_095.cfl,699544ac32f4655661c76d2a653b0bcb92298376fd0915d77e8184e33ad97c85
growing,banana_100,496757673511701399797303388664100162842200,banana;bag;tuple;growing;family=banana;domain=100,BANANA bag tuple,growing/banana_100.cfl,9e834778f8ea9244f615efa20a5a9ab18e6e9b6a63f0d84b54b570ff868099a4
growing,nested_choice_005,20,nested_choice;set;choose;dependent_configuration;outside_cola_fragment;growing;family=nested_choice;domain=5,choose a team and then its captain,growing/nested_choice_005.cfl,437c9e43835bb2ca3516dc0ad923c3eebb3338f3b34f6d382d04f8fe38bcf2fc
growing,nested_choice_010,840,nested_choice;set;choose;dependent_configuration;outside_cola_fragment;growing;family=nested_choice;domain=10,choose a team and then its captain,growing/nested_choice_010.cfl,bae57d12962ed31158922d1837a09ec2611fd96812dbe1b4ad22aa7470905781
growing,nested_choice_015,5460,nested_choice;set;choose;dependent_configuration;outside_cola_fragment;growing;family=nested_choice;domain=15,choose a team and then its captain,growing/nested_choice_015.cfl,bcf5c6f0cd7432fbdd444b4f37f0959348593d2c0f664a697561e75d1bd72075
growing,nested_choice_020,19380,nested_choice;set;choose;dependent_configuration;outside_cola_fragment;growing;family=nested_choice;domain=20,choose a team and then its captain,growing/nested_choice_020.cfl,3f56e4c068c253e641467c70044270c8aa3d60a9432b445f559e97033214a5a7
growing,nested_choice_025,50600,nested_choice;set;choose;dependent_configuration;outside_cola_fragment;growing;family=nested_choice;domain=25,choose a team and then its captain,growing/nested_choice_025.cfl,3184b1c23fe8b20ec2b30f16360d0104be3fad8206ea5d21eb0f45820b5bda67
growing,nested_choice_030,109620,nested_choice;set;choose;dependent_configuration;outside_cola_fragment;growing;family=nested_choice;domain=30,choose a team and then its captain,growing/nested_choice_030.cfl,040a280237894a663e0b0e48a4e930ff2202090a26075d322371e9ae79f3f223
growing,nested_choice_035,209440,nested_choice;set;choose;dependent_configuration;outside_cola_fragment;growing;family=nested_choice;domain=35,choose a team and then its captain,growing/nested_choice_035.cfl,5c6c7f8394f95ea0ca655aeabbf6ccc52d0ca80a4745395bb8c21ce7df8f59b5
growing,nested_choice_040,365560,nested_choice;set;choose;dependent_configuration;outside_cola_fragment;growing;family=nested_choice;domain=40,choose a team and then its captain,growing/nested_choice_040.cfl,5168988b9add0a17997d3a4bd9ddb84a808b4c3fa1cbb15e117c0afc1480ab94
growing,nested_choice_045,595980,nested_choice;set;choose;dependent_configuration;outside_cola_fragment;growing;family=nested_choice;domain=45,choose a team and then its captain,growing/nested_choice_045.cfl,85a12b1de5f88363dbdba48fd2da07728ce5b15890f5d9dafe4a4d2ed8dfb38b
growing,nested_choice_050,921200,nested_choice;set;choose;dependent_configuration;outside_cola_fragment;growing;family=nested_choice;domain=50,choose a team and then its captain,growing/nested_choice_050.cfl,98523456d23e50a07d954fef678bf3df712b7571b07e7a8c192045175480adc0
growing,nested_choice_055,1364220,nested_choice;set;choose;dependent_configuration;outside_cola_fragment;growing;family=nested_choice;domain=55,choose a team and then its captain,growing/nested_choice_055.cfl,cce455afd427d91eb411a624053edc6bd99f5efcc12c1e894c2ff1c9340f8d5e
growing,nested_choice_060,1950540,nested_choice;set;choose;dependent_configuration;outside_cola_fragment;growing;family=nested_choice;domain=60,choose a team and then its captain,growing/nested_choice_060.cfl,0cde63a9a0dc5a7d1230c5e3b7f11eef986696c74d96a08602eca0fd0949c620
growing,nested_choice_065,2708160,nested_choice;set;choose;dependent_configuration;outside_cola_fragment;growing;family=nested_choice;domain=65,choose a team and then its captain,growing/nested_choice_065.cfl,8292f2192e8122e976e8abef4338a7ae555af637f296f143e58868f19e1f2651
growing,nested_choice_070,3667580,nested_choice;set;choose;dependent_configuration;outside_cola_fragment;growing;family=nested_choice;domain=70,choose a team and then its captain,growing/nested_choice_070.cfl,77caec4a6f401997b080f83572df3ca8558226fda9d526325a61caed0cb4db2d
growing,nested_choice_075,4861800,nested_choice;set;choose;dependent_configuration;outside_cola_fragment;growing;family=nested_choice;domain=75,choose a team and then its captain,growing/nested_choice_075.cfl,aa5112f7232122e975e448c1afa49a4715d628253cab519535bbbdc2c8de7bc1
growing,nested_choice_080,6326320,nested_choice;set;choose;dependent_configuration;outside_cola_fragment;growing;family=nested_choice;domain=80,choose a team and then its captain,growing/nested_choice_080.cfl,a90d1da4b1041887f7b78e5015c78b7940b340f14983f4303feb3ad2d643150f
growing,nested_choice_085,8099140,nested_choice;set;choose;dependent_configuration;outside_cola_fragment;growing;family=nested_choice;domain=85,choose a team and then its captain,growing/nested_choice_085.cfl,e1ba79359fd2abee8ac39aa3e28eeb726a71ef55951d602e00464aec26b697f7
growing,nested_choice_090,10220760,nested_choice;set;choose;dependent_configuration;outside_cola_fragment;growing;family=nested_choice;domain=90,choose a team and then its captain,growing/nested_choice_090.cfl,8549f951e9f16e18efa30d3b60b24e286f91d7a9f2e6a27b336e8b143a13c14f
growing,nested_choice_095,12734180,nested_choice;set;choose;dependent_configuration;outside_cola_fragment;growing;family=nested_choice;domain=95,choose a team and then its captain,growing/nested_choice_095.cfl,f559d408db875b47bc11e6b8a253f69e0120a15905081bc755659e8c32194655
growing,nested_choice_100,15684900,nested_choice;set;choose;dependent_configuration;outside_cola_fragment;growing;family=nested_choice;domain=100,choose a team and then its captain,growing/nested_choice_100.cfl,3d8032dfee2d5ff71e8c25e2e362faac3fe4e093d67d70fbdd9b9bdb1fe1e5c7
growing,selected_pairs_005,15,selected_pairs;set;choose;partition;dependent_configuration;outside_cola_fragment;growing;family=selected_pairs;domain=5,choose four people and partition them into pairs,growing/selected_pairs_005.cfl,bdffd2cc37e1eeb69105021e63f751b776b219685366c1f93e7155986ac1ffc9
growing,selected_pairs_010,630,selected_pairs;set;choose;partition;dependent_configuration;outside_cola_fragment;growing;family=selected_pairs;domain=10,choose four people and partition them into pairs,growing/selected_pairs_010.cfl,a07ee68283b510ba64b717005e7f4bea13f2ec6b8e3c4f00165b72264547a05d
growing,selected_pairs_015,4095,selected_pairs;set;choose;partition;dependent_configuration;outside_cola_fragment;growing;family=selected_pairs;domain=15,choose four people and partition them into pairs,growing/selected_pairs_015.cfl,449e21bb24eb71bc9f057378868047fa6cd16689bd7d3adb3be2f1f2067b10cc
growing,selected_pairs_020,14535,selected_pairs;set;choose;partition;dependent_configuration;outside_cola_fragment;growing;family=selected_pairs;domain=20,choose four people and partition them into pairs,growing/selected_pairs_020.cfl,db247b06e79388bd8a115f7fbed5c43a99fdba0561765e51a21e7b507622e6e1
growing,selected_pairs_025,37950,selected_pairs;set;choose;partition;dependent_configuration;outside_cola_fragment;growing;family=selected_pairs;domain=25,choose four people and partition them into pairs,growing/selected_pairs_025.cfl,d2cb7d24188f80e1b88edff1ff8103dd05616e6c3f96071732e3e7305691ae0b
growing,selected_pairs_030,82215,selected_pairs;set;choose;partition;dependent_configuration;outside_cola_fragment;growing;family=selected_pairs;domain=30,choose four people and partition them into pairs,growing/selected_pairs_030.cfl,dceac75999c6198c0f30dc17ac06ad1595bb7d34c0747701a8649b90d2c98a46
growing,selected_pairs_035,157080,selected_pairs;set;choose;partition;dependent_configuration;outside_cola_fragment;growing;family=selected_pairs;domain=35,choose four people and partition them into pairs,growing/selected_pairs_035.cfl,3a60fa6f9a037506f9e88b9a821a262ed1d03a9509bec9c27b166ef534bfc583
growing,selected_pairs_040,274170,selected_pairs;set;choose;partition;dependent_configuration;outside_cola_fragment;growing;family=selected_pairs;domain=40,choose four people and partition them into pairs,growing/selected_pairs_040.cfl,f10aea80f6de73c8118430207513940aaf85ad3cdcc3a253eed18d98d4001773
growing,selected_pairs_045,446985,selected_pairs;set;choose;partition;dependent_configuration;outside_cola_fragment;growing;family=selected_pairs;domain=45,choose four people and partition them into pairs,growing/selected_pairs_045.cfl,2faefdd149ddf3d1c2f1c3a18e0e2c2792d99c6b5b031f1dc0557bfbde6deb27
growing,selected_pairs_050,690900,selected_pairs;set;choose;partition;dependent_configuration;outside_cola_fragment;growing;family=selected_pairs;domain=50,choose four people and partition them into pairs,growing/selected_pairs_050.cfl,c4329a09dac1cf4dc7324a25915ab4a583c7114abb47cc7d4c006628c462c604
growing,selected_pairs_055,1023165,selected_pairs;set;choose;partition;dependent_configuration;outside_cola_fragment;growing;family=selected_pairs;domain=55,choose four people and partition them into pairs,growing/selected_pairs_055.cfl,2c0de6ef40d712251413776d5c816b73f40672ab799d796e5c58c63d942c0bce
growing,selected_pairs_060,1462905,selected_pairs;set;choose;partition;dependent_configuration;outside_cola_fragment;growing;family=selected_pairs;domain=60,choose four people and partition them into pairs,growing/selected_pairs_060.cfl,5892c3386b4b15e5c26ccd3382a75a2ee1747008dd08db97741769f676e1c4a3
growing,selected_pairs_065,2031120,selected_pairs;set;choose;partition;dependent_configuration;outside_cola_fragment;growing;family=selected_pairs;domain=65,choose four people and partition them into pairs,growing/selected_pairs_065.cfl,9c50b8f4b022f4c26ba39511e63e7a2e3a26534d9e99c2b165c454237fcfa98d
growing,selected_pairs_070,2750685,selected_pairs;set;choose;partition;dependent_configuration;outside_cola_fragment;growing;family=selected_pairs;domain=70,choose four people and partition them into pairs,growing/selected_pairs_070.cfl,0d80bd60cc2b67a6979ce71c08dd9330fa0ce87978ada13c795291d47134b2a9
growing,selected_pairs_075,3646350,selected_pairs;set;choose;partition;dependent_configuration;outside_cola_fragment;growing;family=selected_pairs;domain=75,choose four people and partition them into pairs,growing/selected_pairs_075.cfl,d0d738a7c49cfd0f1965b349c95c49a45cce5a7dd8f970f9cfe73a7ff4274e26
growing,selected_pairs_080,4744740,selected_pairs;set;choose;partition;dependent_configuration;outside_cola_fragment;growing;family=selected_pairs;domain=80,choose four people and partition them into pairs,growing/selected_pairs_080.cfl,11a23e6e3bb893debc71648ae933f750b52b2cdd3d8045bafe700846de6958b2
growing,selected_pairs_085,6074355,selected_pairs;set;choose;partition;dependent_configuration;outside_cola_fragment;growing;family=selected_pairs;domain=85,choose four people and partition them into pairs,growing/selected_pairs_085.cfl,c9fa3b7f395dcfabe62e37e0e8c89f3b2963a89ad697ebb13d7eb9c14a48ddd8
growing,selected_pairs_090,7665570,selected_pairs;set;choose;partition;dependent_configuration;outside_cola_fragment;growing;family=selected_pairs;domain=90,choose four people and partition them into pairs,growing/selected_pairs_090.cfl,52040b69cccff714a1159a20db95de306503e2bbaa4d61733ce2881a68f3a097
growing,selected_pairs_095,9550635,selected_pairs;set;choose;partition;dependent_configuration;outside_cola_fragment;growing;family=selected_pairs;domain=95,choose four people and partition them into pairs,growing/selected_pairs_095.cfl,e3b9d47433627ddc2f85deb16d0118e2a90ec891279ae23c8e2230830002da51
growing,selected_pairs_100,11763675,selected_pairs;set;choose;partition;dependent_configuration;outside_cola_fragment;growing;family=selected_pairs;domain=100,choose four people and partition them into pairs,growing/selected_pairs_100.cfl,e03673e0a3d4ddba05b0b1387dd773ab8fe400d2a2767eb53d2a6ca519ba929b
growing,selected_sequence_005,48,selected_sequence;set;choose;sequence;adjacency;dependent_configuration;outside_cola_fragment;growing;family=selected_sequence;domain=5,"choose five items, order them, and keep two adjacent",growing/selected_sequence_005.cfl,a1e4d8b1337fd8640e3132b063dd2d583fe817a25d010c2da4a936e326d081bb
growing,selected_sequence_010,2688,selected_sequence;set;choose;sequence;adjacency;dependent_configuration;outside_cola_fragment;growing;family=selected_sequence;domain=10,"choose five items, order them, and keep two adjacent",growing/selected_sequence_010.cfl,eace46bac95e10aa2e81eb0b281e8643cafe64bb2e9f302413366b52881c99ce
growing,selected_sequence_015,13728,selected_sequence;set;choose;sequence;adjacency;dependent_configuration;outside_cola_fragment;growing;family=selected_sequence;domain=15,"choose five items, order them, and keep two adjacent",growing/selected_sequence_015.cfl,d56d29edb511a33907f9f4d8a7f8e9ec9d97ce09d4418389b67dd9e37c467a57
growing,selected_sequence_020,39168,selected_sequence;set;choose;sequence;adjacency;dependent_configuration;outside_cola_fragment;growing;family=selected_sequence;domain=20,"choose five items, order them, and keep two adjacent",growing/selected_sequence_020.cfl,a7da28c672abd285b9c85817006447c6ff2bc6303eefb4433afefd82d6c7f1bd
growing,selected_sequence_025,85008,selected_sequence;set;choose;sequence;adjacency;dependent_configuration;outside_cola_fragment;growing;family=selected_sequence;domain=25,"choose five items, order them, and keep two adjacent",growing/selected_sequence_025.cfl,ee3988eb1f8c322ae847225394de110bd634ba313dcb753bc733d37cee91d592
growing,selected_sequence_030,157248,selected_sequence;set;choose;sequence;adjacency;dependent_configuration;outside_cola_fragment;growing;family=selected_sequence;domain=30,"choose five items, order them, and keep two adjacent",growing/selected_sequence_030.cfl,6019cd4f7672ac7cdb76f0668860551a2aaaea4a257f5d619f233d85ef9c7bb2
growing,selected_sequence_035,261888,selected_sequence;set;choose;sequence;adjacency;dependent_configuration;outside_cola_fragment;growing;family=selected_sequence;domain=35,"choose five items, order them, and keep two adjacent",growing/selected_sequence_035.cfl,652c2355bee27071319a71153b9911665344eaacc8c596b063d8d551ac01518c
growing,selected_sequence_040,404928,selected_sequence;set;choose;sequence;adjacency;dependent_configuration;outside_cola_fragment;growing;family=selected_sequence;domain=40,"choose five items, order them, and keep two adjacent",growing/selected_sequence_040.cfl,f0ad2eae04daa5c0d9b298059cc0c9248ce652cf294507bb87ab48a23201723f
growing,selected_sequence_045,592368,selected_sequence;set;choose;sequence;adjacency;dependent_configuration;outside_cola_fragment;growing;family=selected_sequence;domain=45,"choose five items, order them, and keep two adjacent",growing/selected_sequence_045.cfl,895b10421f6c31a1f2d8a1ccc9e5b1d10cdfa14b6a8447d2b751f720c10f0a7b
growing,selected_sequence_050,830208,selected_sequence;set;choose;sequence;adjacency;dependent_configuration;outside_cola_fragment;growing;family=selected_sequence;domain=50,"choose five items, order them, and keep two adjacent",growing/selected_sequence_050.cfl,fef31c73ceae7795cdf91a860b0d53a1caae9a5c68bba533049d42490f4d08b3
growing,selected_sequence_055,1124448,selected_sequence;set;choose;sequence;adjacency;dependent_configuration;outside_cola_fragment;growing;family=selected_sequence;domain=55,"choose five items, order them, and keep two adjacent",growing/selected_sequence_055.cfl,8695fa1dc361c28e073b7119aab64de5b315cca6bfab5347955a55bf96b93a94
growing,selected_sequence_060,1481088,selected_sequence;set;choose;sequence;adjacency;dependent_configuration;outside_cola_fragment;growing;family=selected_sequence;domain=60,"choose five items, order them, and keep two adjacent",growing/selected_sequence_060.cfl,a278d85f3387db1cf3bee01471919c38180904d7d1d1e8deab65fa658e506701
growing,selected_sequence_065,1906128,selected_sequence;set;choose;sequence;adjacency;dependent_configuration;outside_cola_fragment;growing;family=selected_sequence;domain=65,"choose five items, order them, and keep two adjacent",growing/selected_sequence_065.cfl,751a7e598711365c867ceb0abd10bc109478749f1689081b50a297b260b0a017
growing,selected_sequence_070,2405568,selected_sequence;set;choose;sequence;adjacency;dependent_configuration;outside_cola_fragment;growing;family=selected_sequence;domain=70,"choose five items, order them, and keep two adjacent",growing/selected_sequence_070.cfl,ff545b47edbe4cb81e58f2e2beedf6f0c222379e64c385154017e9d2f26681c4
growing,selected_sequence_075,2985408,selected_sequence;set;choose;sequence;adjacency;dependent_configuration;outside_cola_fragment;growing;family=selected_sequence;domain=75,"choose five items, order them, and keep two adjacent",growing/selected_sequence_075.cfl,84266832f94aef5ed59d4430c46c237d1ab7f8a7f3bb52d5dcd30c8fca464158
growing,selected_sequence_080,3651648,selected_sequence;set;choose;sequence;adjacency;dependent_configuration;outside_cola_fragment;growing;family=selected_sequence;domain=80,"choose five items, order them, and keep two adjacent",growing/selected_sequence_080.cfl,e9f6231d63c23f1b5cb0a59656ad51249b9f2196d9088c7d3dffdbd42ceb02e2
growing,selected_sequence_085,4410288,selected_sequence;set;choose;sequence;adjacency;dependent_configuration;outside_cola_fragment;growing;family=selected_sequence;domain=85,"choose five items, order them, and keep two adjacent",growing/selected_sequence_085.cfl,29b0142884bf6cce5e7aa35a05c5b652d2fa693a07c1efe6b5675f97e666052f
growing,selected_sequence_090,5267328,selected_sequence;set;choose;sequence;adjacency;dependent_configuration;outside_cola_fragment;growing;family=selected_sequence;domain=90,"choose five items, order them, and keep two adjacent",growing/selected_sequence_090.cfl,837daed13d1eeee6b266f11e2cba69fd2073edf964e0ad92bbbb68d46be653e1
growing,selected_sequence_095,6228768,selected_sequence;set;choose;sequence;adjacency;dependent_configuration;outside_cola_fragment;growing;family=selected_sequence;domain=95,"choose five items, order them, and keep two adjacent",growing/selected_sequence_095.cfl,8ad7be0cb50eabe7c6f218f061a4caa89624ebad9a8366bad60abd82c0989da2
growing,selected_sequence_100,7300608,selected_sequence;set;choose;sequence;adjacency;dependent_configuration;outside_cola_fragment;growing;family=selected_sequence;domain=100,"choose five items, order them, and keep two adjacent",growing/selected_sequence_100.cfl,db471e95b00b7dcffebdd869ba906abe647804111d4f5e1ef743a52fce5c92f5
synthetic,syn-set_choice_intersection-small-00,30,synthetic;stratified;stratum=set_choice_intersection;family=set_choice_intersection;difficulty=small;domain=8;variant=0;seed=20260811;operatorcount=1;constraintcount=1;depth=1;set;choose;intersection;size,problems/benchmarks/synthetic/manifest.json,synthetic/syn-set_choice_intersection-small-00.cfl,83b0d5133293b15c96d33a20b30fdeec435d8a8000c847ddbd7b935b0367c5f3
synthetic,syn-set_choice_intersection-small-01,24,synthetic;stratified;stratum=set_choice_intersection;family=set_choice_intersection;difficulty=small;domain=8;variant=1;seed=20260811;operatorcount=1;constraintcount=1;depth=1;set;choose;intersection;size,problems/benchmarks/synthetic/manifest.json,synthetic/syn-set_choice_intersection-small-01.cfl,85cce5e9f6e00af2b63883b7b34bf48bf2af756d8b9fe3c69d450ef7dcb72626
synthetic,syn-set_choice_intersection-small-02,30,synthetic;stratified;stratum=set_choice_intersection;family=set_choice_intersection;difficulty=small;domain=8;variant=2;seed=20260811;operatorcount=1;constraintcount=1;depth=1;set;choose;intersection;size,problems/benchmarks/synthetic/manifest.json,synthetic/syn-set_choice_intersection-small-02.cfl,fd29cf5423aa577fbea601e5e497a5efb7c49c25e0bf5667f7ac5f29df756dd6
synthetic,syn-set_choice_intersection-small-03,30,synthetic;stratified;stratum=set_choice_intersection;family=set_choice_intersection;difficulty=small;domain=8;variant=3;seed=20260811;operatorcount=1;constraintcount=1;depth=1;set;choose;intersection;size,problems/benchmarks/synthetic/manifest.json,synthetic/syn-set_choice_intersection-small-03.cfl,995741c2d1c692d16aaf3aee2b0d8e8e17ebee48470e33ba93a7e7203696fa30
synthetic,syn-set_choice_intersection-small-04,10,synthetic;stratified;stratum=set_choice_intersection;family=set_choice_intersection;difficulty=small;domain=8;variant=4;seed=20260811;operatorcount=1;constraintcount=1;depth=1;set;choose;intersection;size,problems/benchmarks/synthetic/manifest.json,synthetic/syn-set_choice_intersection-small-04.cfl,a55202093ef82c8e8554fd18317ce5c4e338c7ec5c2c1bae8c08b758b4874c7f
synthetic,syn-set_choice_intersection-small-05,3,synthetic;stratified;stratum=set_choice_intersection;family=set_choice_intersection;difficulty=small;domain=8;variant=5;seed=20260811;operatorcount=1;constraintcount=1;depth=1;set;choose;intersection;size,problems/benchmarks/synthetic/manifest.json,synthetic/syn-set_choice_intersection-small-05.cfl,c2d12502edeb6a470967b546d60fac22ab88c5cbd290a47cd31138e1c9a2b506
synthetic,syn-set_choice_intersection-small-06,10,synthetic;stratified;stratum=set_choice_intersection;family=set_choice_intersection;difficulty=small;domain=8;variant=6;seed=20260811;operatorcount=1;constraintcount=1;depth=1;set;choose;intersection;size,problems/benchmarks/synthetic/manifest.json,synthetic/syn-set_choice_intersection-small-06.cfl,f99a4c6b4ee4872c90abbb015b95a8e6714505eb9f136c6ca932adf6917cda90
synthetic,syn-set_choice_intersection-small-07,15,synthetic;stratified;stratum=set_choice_intersection;family=set_choice_intersection;difficulty=small;domain=8;variant=7;seed=20260811;operatorcount=1;constraintcount=1;depth=1;set;choose;intersection;size,problems/benchmarks/synthetic/manifest.json,synthetic/syn-set_choice_intersection-small-07.cfl,e4687bc78a84937ad9d9695cb7a101d520a267ed9e1ea681cb1a138cd8274665
synthetic,syn-bag_choice_multiplicity-small-00,3,synthetic;stratified;stratum=bag_choice_multiplicity;family=bag_choice_multiplicity;difficulty=small;domain=8;variant=0;seed=20260811;operatorcount=1;constraintcount=1;depth=1;bag;choose;count,problems/benchmarks/synthetic/manifest.json,synthetic/syn-bag_choice_multiplicity-small-00.cfl,074da0f0ce78b105f9a2d367b78da2967c34115bd38310500c4cab7f5b0337db
synthetic,syn-bag_choice_multiplicity-small-01,4,synthetic;stratified;stratum=bag_choice_multiplicity;family=bag_choice_multiplicity;difficulty=small;domain=8;variant=1;seed=20260811;operatorcount=1;constraintcount=1;depth=1;bag;choose;count,problems/benchmarks/synthetic/manifest.json,synthetic/syn-bag_choice_multiplicity-small-01.cfl,8a217a660320610d4cca43208ff793ff4f1acf7ef5700eee69cfe78a52c359a8
synthetic,syn-bag_choice_multiplicity-small-02,10,synthetic;stratified;stratum=bag_choice_multiplicity;family=bag_choice_multiplicity;difficulty=small;domain=8;variant=2;seed=20260811;operatorcount=1;constraintcount=1;depth=1;bag;choose;count,problems/benchmarks/synthetic/manifest.json,synthetic/syn-bag_choice_multiplicity-small-02.cfl,ca4c05eac131777461e5d5213d415b6ee26e7a7f2218d5bf550eb266902851e6
synthetic,syn-bag_choice_multiplicity-small-03,6,synthetic;stratified;stratum=bag_choice_multiplicity;family=bag_choice_multiplicity;difficulty=small;domain=8;variant=3;seed=20260811;operatorcount=1;constraintcount=1;depth=1;bag;choose;count,problems/benchmarks/synthetic/manifest.json,synthetic/syn-bag_choice_multiplicity-small-03.cfl,1f299776c0456c6f6cd959fac853510833d23abc698a7bee801a1d9485cff6d1
synthetic,syn-bag_choice_multiplicity-small-04,6,synthetic;stratified;stratum=bag_choice_multiplicity;family=bag_choice_multiplicity;difficulty=small;domain=8;variant=4;seed=20260811;operatorcount=1;constraintcount=1;depth=1;bag;choose;count,problems/benchmarks/synthetic/manifest.json,synthetic/syn-bag_choice_multiplicity-small-04.cfl,de1431568a1c728116408fb77e64be28644172264b3d5e25b78047c24d2491bf
synthetic,syn-bag_choice_multiplicity-small-05,3,synthetic;stratified;stratum=bag_choice_multiplicity;family=bag_choice_multiplicity;difficulty=small;domain=8;variant=5;seed=20260811;operatorcount=1;constraintcount=1;depth=1;bag;choose;count,problems/benchmarks/synthetic/manifest.json,synthetic/syn-bag_choice_multiplicity-small-05.cfl,65b0bb319e510a444a95550e07009da7be1c674ae179142624bf6a4f88c821ee
synthetic,syn-bag_choice_multiplicity-small-06,5,synthetic;stratified;stratum=bag_choice_multiplicity;family=bag_choice_multiplicity;difficulty=small;domain=8;variant=6;seed=20260811;operatorcount=1;constraintcount=1;depth=1;bag;choose;count,problems/benchmarks/synthetic/manifest.json,synthetic/syn-bag_choice_multiplicity-small-06.cfl,b7eca8cc3b41e5449d709093d6ac6c82357c1c7c3d77304a298f37d11dbe9a94
synthetic,syn-bag_choice_multiplicity-small-07,4,synthetic;stratified;stratum=bag_choice_multiplicity;family=bag_choice_multiplicity;difficulty=small;domain=8;variant=7;seed=20260811;operatorcount=1;constraintcount=1;depth=1;bag;choose;count,problems/benchmarks/synthetic/manifest.json,synthetic/syn-bag_choice_multiplicity-small-07.cfl,22e68374606eabd2a32bafaf9a089d82bb9a3fef2ca43ce53d3d8a7b02613a35
synthetic,syn-set_tuple_position_count-small-00,2880,synthetic;stratified;stratum=set_tuple_position_count;family=set_tuple_position_count;difficulty=small;domain=8;variant=0;seed=20260811;operatorcount=1;constraintcount=2;depth=1;set;tuple;position;count,problems/benchmarks/synthetic/manifest.json,synthetic/syn-set_tuple_position_count-small-00.cfl,8b323ca09eadc4e3e52b91ee6ef67edce22ba024168c092d5350320de8ed3443
synthetic,syn-set_tuple_position_count-small-01,1200,synthetic;stratified;stratum=set_tuple_position_count;family=set_tuple_position_count;difficulty=small;domain=8;variant=1;seed=20260811;operatorcount=1;constraintcount=2;depth=1;set;tuple;position;count,problems/benchmarks/synthetic/manifest.json,synthetic/syn-set_tuple_position_count-small-01.cfl,1498d60332a1ef7713ee90654290b290443d53cd1d81a680d20ce4989ce9cc8e
synthetic,syn-set_tuple_position_count-small-02,1440,synthetic;stratified;stratum=set_tuple_position_count;family=set_tuple_position_count;difficulty=small;domain=8;variant=2;seed=20260811;operatorcount=1;constraintcount=2;depth=1;set;tuple;position;count,problems/benchmarks/synthetic/manifest.json,synthetic/syn-set_tuple_position_count-small-02.cfl,f709d7512262dd8f5d8b627e3e8f3f8097c96b242bfaf4951cc2f21906ff3eae
synthetic,syn-set_tuple_position_count-small-03,1440,synthetic;stratified;stratum=set_tuple_position_count;family=set_tuple_position_count;difficulty=small;domain=8;variant=3;seed=20260811;operatorcount=1;constraintcount=2;depth=1;set;tuple;position;count,problems/benchmarks/synthetic/manifest.json,synthetic/syn-set_tuple_position_count-small-03.cfl,a89cd85422ed31fa5169ab4d24e8f674a046c8ab6e5c188200cab5543f5206cb
synthetic,syn-set_tuple_position_count-small-04,120,synthetic;stratified;stratum=set_tuple_position_count;family=set_tuple_position_count;difficulty=small;domain=8;variant=4;seed=20260811;operatorcount=1;constraintcount=2;depth=1;set;tuple;position;count,problems/benchmarks/synthetic/manifest.json,synthetic/syn-set_tuple_position_count-small-04.cfl,63297698fa35a14f3f5bb7293bf779d72befdd324efc21df1f9e09c324afaa74
synthetic,syn-set_tuple_position_count-small-05,2160,synthetic;stratified;stratum=set_tuple_position_count;family=set_tuple_position_count;difficulty=small;domain=8;variant=5;seed=20260811;operatorcount=1;constraintcount=2;depth=1;set;tuple;position;count,problems/benchmarks/synthetic/manifest.json,synthetic/syn-set_tuple_position_count-small-05.cfl,85deb37abc5cc4424ac9333d480cf7ff61d4bdd5094ec3f16af5a5467b352cd8
synthetic,syn-set_tuple_position_count-small-06,108,synthetic;stratified;stratum=set_tuple_position_count;family=set_tuple_position_count;difficulty=small;domain=8;variant=6;seed=20260811;operatorcount=1;constraintcount=2;depth=1;set;tuple;position;count,problems/benchmarks/synthetic/manifest.json,synthetic/syn-set_tuple_position_count-small-06.cfl,ffc069ba0d1c0915bd4e1ec3f03826cfe2612be5467dcd39b4fdf941c921b02e
synthetic,syn-set_tuple_position_count-small-07,1440,synthetic;stratified;stratum=set_tuple_position_count;family=set_tuple_position_count;difficulty=small;domain=8;variant=7;seed=20260811;operatorcount=1;constraintcount=2;depth=1;set;tuple;position;count,problems/benchmarks/synthetic/manifest.json,synthetic/syn-set_tuple_position_count-small-07.cfl,afc06a9270e846271c87ac18f27f2cf3ddd0b80b1886bb3ad9f514315a5da3af
synthetic,syn-bag_tuple_multiplicity-small-00,504,synthetic;stratified;stratum=bag_tuple_multiplicity;family=bag_tuple_multiplicity;difficulty=small;domain=8;variant=0;seed=20260811;operatorcount=2;constraintcount=1;depth=1;bag;tuple;set;choose;membership;decomposition,problems/benchmarks/synthetic/manifest.json,synthetic/syn-bag_tuple_multiplicity-small-00.cfl,71fc501b80fbd43560c051685797523ddd9d1bee5949d8e8eaceba38ab1546fe
synthetic,syn-bag_tuple_multiplicity-small-01,1176,synthetic;stratified;stratum=bag_tuple_multiplicity;family=bag_tuple_multiplicity;difficulty=small;domain=8;variant=1;seed=20260811;operatorcount=2;constraintcount=1;depth=1;bag;tuple;set;choose;membership;decomposition,problems/benchmarks/synthetic/manifest.json,synthetic/syn-bag_tuple_multiplicity-small-01.cfl,1e0096c4cecb063e89a1b6fb181baeb87df43d3d4f544e7a3ab96824497a32ba
synthetic,syn-bag_tuple_multiplicity-small-02,392,synthetic;stratified;stratum=bag_tuple_multiplicity;family=bag_tuple_multiplicity;difficulty=small;domain=8;variant=2;seed=20260811;operatorcount=2;constraintcount=1;depth=1;bag;tuple;set;choose;membership;decomposition,problems/benchmarks/synthetic/manifest.json,synthetic/syn-bag_tuple_multiplicity-small-02.cfl,ecaeeecedb07d4a457b129d1339ccc9274251bda513cb9c7c41a3831fb96b866
synthetic,syn-bag_tuple_multiplicity-small-03,280,synthetic;stratified;stratum=bag_tuple_multiplicity;family=bag_tuple_multiplicity;difficulty=small;domain=8;variant=3;seed=20260811;operatorcount=2;constraintcount=1;depth=1;bag;tuple;set;choose;membership;decomposition,problems/benchmarks/synthetic/manifest.json,synthetic/syn-bag_tuple_multiplicity-small-03.cfl,7791c255392383eb9f9a449fc8318e85cff5b846e2d7f5cbd4f9e9ae8182bb26
synthetic,syn-bag_tuple_multiplicity-small-04,1680,synthetic;stratified;stratum=bag_tuple_multiplicity;family=bag_tuple_multiplicity;difficulty=small;domain=8;variant=4;seed=20260811;operatorcount=2;constraintcount=1;depth=1;bag;tuple;set;choose;membership;decomposition,problems/benchmarks/synthetic/manifest.json,synthetic/syn-bag_tuple_multiplicity-small-04.cfl,42b9fdd55b60dfe955e61354ed9d987b41903920f2b8eb5846c2a5fcc9e8239b
synthetic,syn-bag_tuple_multiplicity-small-05,6300,synthetic;stratified;stratum=bag_tuple_multiplicity;family=bag_tuple_multiplicity;difficulty=small;domain=8;variant=5;seed=20260811;operatorcount=2;constraintcount=1;depth=1;bag;tuple;set;choose;membership;decomposition,problems/benchmarks/synthetic/manifest.json,synthetic/syn-bag_tuple_multiplicity-small-05.cfl,faca8733c51785317d2ace3cec40d24bd88d0a11b129c863bf3bc32f99cfffa7
synthetic,syn-bag_tuple_multiplicity-small-06,5880,synthetic;stratified;stratum=bag_tuple_multiplicity;family=bag_tuple_multiplicity;difficulty=small;domain=8;variant=6;seed=20260811;operatorcount=2;constraintcount=1;depth=1;bag;tuple;set;choose;membership;decomposition,problems/benchmarks/synthetic/manifest.json,synthetic/syn-bag_tuple_multiplicity-small-06.cfl,9f3bb1c2b6f27d9d932a97f1dc32c489aedad4f71bcb502f0cc5d21ec9891951
synthetic,syn-bag_tuple_multiplicity-small-07,1120,synthetic;stratified;stratum=bag_tuple_multiplicity;family=bag_tuple_multiplicity;difficulty=small;domain=8;variant=7;seed=20260811;operatorcount=2;constraintcount=1;depth=1;bag;tuple;set;choose;membership;decomposition,problems/benchmarks/synthetic/manifest.json,synthetic/syn-bag_tuple_multiplicity-small-07.cfl,09826c8ba5df929a54ffaf3933497631eb5387d60278447de9c1c6c4f2c3808a
synthetic,syn-set_sequence_patterns-small-00,2520,synthetic;stratified;stratum=set_sequence_patterns;family=set_sequence_patterns;difficulty=small;domain=8;variant=0;seed=20260811;operatorcount=1;constraintcount=3;depth=1;set;sequence;adjacency;order,problems/benchmarks/synthetic/manifest.json,synthetic/syn-set_sequence_patterns-small-00.cfl,6f738a56881632de98e239130227d2764dc0a980ab59b5318309efe9025eb8da
synthetic,syn-set_sequence_patterns-small-01,1260,synthetic;stratified;stratum=set_sequence_patterns;family=set_sequence_patterns;difficulty=small;domain=8;variant=1;seed=20260811;operatorcount=1;constraintcount=4;depth=1;set;sequence;adjacency;order,problems/benchmarks/synthetic/manifest.json,synthetic/syn-set_sequence_patterns-small-01.cfl,6dfe2e5dc9db46503fbe3aa90a41672b41592a8b607dc2626be14bee73d0e6f4
synthetic,syn-set_sequence_patterns-small-02,1260,synthetic;stratified;stratum=set_sequence_patterns;family=set_sequence_patterns;difficulty=small;domain=8;variant=2;seed=20260811;operatorcount=1;constraintcount=4;depth=1;set;sequence;adjacency;order,problems/benchmarks/synthetic/manifest.json,synthetic/syn-set_sequence_patterns-small-02.cfl,aee8431ab9bf2d806ecae14fd1a088403b4416eeece54663177276f466a26eb5
synthetic,syn-set_sequence_patterns-small-03,5040,synthetic;stratified;stratum=set_sequence_patterns;family=set_sequence_patterns;difficulty=small;domain=8;variant=3;seed=20260811;operatorcount=1;constraintcount=2;depth=1;set;sequence;adjacency;order,problems/benchmarks/synthetic/manifest.json,synthetic/syn-set_sequence_patterns-small-03.cfl,35187a029d094be60185f14fd7ce3212a4a2aaf0ed2cadbc86d7d2f002fbd37d
synthetic,syn-set_sequence_patterns-small-04,5040,synthetic;stratified;stratum=set_sequence_patterns;family=set_sequence_patterns;difficulty=small;domain=8;variant=4;seed=20260811;operatorcount=1;constraintcount=2;depth=1;set;sequence;adjacency;order,problems/benchmarks/synthetic/manifest.json,synthetic/syn-set_sequence_patterns-small-04.cfl,49cd61d6763f7989d7ce626b1fe8cd7d13df72b24b44f36c7a49dac4d647c043
synthetic,syn-set_sequence_patterns-small-05,2520,synthetic;stratified;stratum=set_sequence_patterns;family=set_sequence_patterns;difficulty=small;domain=8;variant=5;seed=20260811;operatorcount=1;constraintcount=3;depth=1;set;sequence;adjacency;order,problems/benchmarks/synthetic/manifest.json,synthetic/syn-set_sequence_patterns-small-05.cfl,311fa884ee081a65e29e1813a3baba60a2d4fc7c5971a5b24c998233d423bd8f
synthetic,syn-set_sequence_patterns-small-06,5040,synthetic;stratified;stratum=set_sequence_patterns;family=set_sequence_patterns;difficulty=small;domain=8;variant=6;seed=20260811;operatorcount=1;constraintcount=2;depth=1;set;sequence;adjacency;order,problems/benchmarks/synthetic/manifest.json,synthetic/syn-set_sequence_patterns-small-06.cfl,8f73052c65bb15ae847a1dd224989cf056436c5b495fbb4307e98b450c0ca21d
synthetic,syn-set_sequence_patterns-small-07,2520,synthetic;stratified;stratum=set_sequence_patterns;family=set_sequence_patterns;difficulty=small;domain=8;variant=7;seed=20260811;operatorcount=1;constraintcount=3;depth=1;set;sequence;adjacency;order,problems/benchmarks/synthetic/manifest.json,synthetic/syn-set_sequence_patterns-small-07.cfl,361a26e872da8353086c74e88ff81cf0dc832e8e1e36aa4d2622c6afc81cca9f
synthetic,syn-bag_sequence_adjacency-small-00,420,synthetic;stratified;stratum=bag_sequence_adjacency;family=bag_sequence_adjacency;difficulty=small;domain=8;variant=0;seed=20260811;operatorcount=1;constraintcount=1;depth=1;bag;sequence;adjacency,problems/benchmarks/synthetic/manifest.json,synthetic/syn-bag_sequence_adjacency-small-00.cfl,ffb9ab3df3309560c19baccff751a61557e8149a4c39905afa652d46ef323272
synthetic,syn-bag_sequence_adjacency-small-01,840,synthetic;stratified;stratum=bag_sequence_adjacency;family=bag_sequence_adjacency;difficulty=small;domain=8;variant=1;seed=20260811;operatorcount=1;constraintcount=1;depth=1;bag;sequence;adjacency,problems/benchmarks/synthetic/manifest.json,synthetic/syn-bag_sequence_adjacency-small-01.cfl,1b0ba5c48413e146ad88464dc37a21e6728ea3a203d69eabb04ce54796f76261
synthetic,syn-bag_sequence_adjacency-small-02,420,synthetic;stratified;stratum=bag_sequence_adjacency;family=bag_sequence_adjacency;difficulty=small;domain=8;variant=2;seed=20260811;operatorcount=1;constraintcount=1;depth=1;bag;sequence;adjacency,problems/benchmarks/synthetic/manifest.json,synthetic/syn-bag_sequence_adjacency-small-02.cfl,91aae5e8ec7aeec9b200241d7ecfcf10c3ae999c470709a65a97fb79fb9fbf48
synthetic,syn-bag_sequence_adjacency-small-03,1260,synthetic;stratified;stratum=bag_sequence_adjacency;family=bag_sequence_adjacency;difficulty=small;domain=8;variant=3;seed=20260811;operatorcount=1;constraintcount=1;depth=1;bag;sequence;adjacency,problems/benchmarks/synthetic/manifest.json,synthetic/syn-bag_sequence_adjacency-small-03.cfl,3953b2a33e02e241d0d9e5c35da843c6643a201c638e29970cfe934aa10fdfa7
synthetic,syn-bag_sequence_adjacency-small-04,840,synthetic;stratified;stratum=bag_sequence_adjacency;family=bag_sequence_adjacency;difficulty=small;domain=8;variant=4;seed=20260811;operatorcount=1;constraintcount=1;depth=1;bag;sequence;adjacency,problems/benchmarks/synthetic/manifest.json,synthetic/syn-bag_sequence_adjacency-small-04.cfl,fb5c725e889290b0ac196d4535ad2e20e09ffaa4fd2b10620b79a12606c2ac90
synthetic,syn-bag_sequence_adjacency-small-05,840,synthetic;stratified;stratum=bag_sequence_adjacency;family=bag_sequence_adjacency;difficulty=small;domain=8;variant=5;seed=20260811;operatorcount=1;constraintcount=1;depth=1;bag;sequence;adjacency,problems/benchmarks/synthetic/manifest.json,synthetic/syn-bag_sequence_adjacency-small-05.cfl,79267c43d76c245e72a4fdb364bf8c5098efc0f6b1aa39bd01c22dbecdf0c027
synthetic,syn-bag_sequence_adjacency-small-06,840,synthetic;stratified;stratum=bag_sequence_adjacency;family=bag_sequence_adjacency;difficulty=small;domain=8;variant=6;seed=20260811;operatorcount=1;constraintcount=1;depth=1;bag;sequence;adjacency,problems/benchmarks/synthetic/manifest.json,synthetic/syn-bag_sequence_adjacency-small-06.cfl,262c408447aa32671dda7164ae61de647b932e463413eade585e4cf20a0512ab
synthetic,syn-bag_sequence_adjacency-small-07,840,synthetic;stratified;stratum=bag_sequence_adjacency;family=bag_sequence_adjacency;difficulty=small;domain=8;variant=7;seed=20260811;operatorcount=1;constraintcount=1;depth=1;bag;sequence;adjacency,problems/benchmarks/synthetic/manifest.json,synthetic/syn-bag_sequence_adjacency-small-07.cfl,279078ff0d38a5cf89bd8b116f07b8922f8b9ef8e8ac8ebf3658d4ab3794019a
synthetic,syn-set_partition_min_size-small-00,966,synthetic;stratified;stratum=set_partition_min_size;family=set_partition_min_size;difficulty=small;domain=8;variant=0;seed=20260811;operatorcount=1;constraintcount=1;depth=1;set;partition;size,problems/benchmarks/synthetic/manifest.json,synthetic/syn-set_partition_min_size-small-00.cfl,4f3d294363c76b96a53f6f14f413b174ba0ca0229f15cface04203a4f086b823
synthetic,syn-set_partition_min_size-small-01,1701,synthetic;stratified;stratum=set_partition_min_size;family=set_partition_min_size;difficulty=small;domain=8;variant=1;seed=20260811;operatorcount=1;constraintcount=1;depth=1;set;partition;size,problems/benchmarks/synthetic/manifest.json,synthetic/syn-set_partition_min_size-small-01.cfl,4077d5ae5a777bc2fd795fe1b86390c46d82c990d985bae4ab931e0229f8694e
synthetic,syn-set_partition_min_size-small-02,35,synthetic;stratified;stratum=set_partition_min_size;family=set_partition_min_size;difficulty=small;domain=8;variant=2;seed=20260811;operatorcount=1;constraintcount=1;depth=1;set;partition;size,problems/benchmarks/synthetic/manifest.json,synthetic/syn-set_partition_min_size-small-02.cfl,389e2a044e31c1d0a51f7cbd67e7b703ca355d882dbd4606e4dc0e1c93a07b26
synthetic,syn-set_partition_min_size-small-03,105,synthetic;stratified;stratum=set_partition_min_size;family=set_partition_min_size;difficulty=small;domain=8;variant=3;seed=20260811;operatorcount=1;constraintcount=1;depth=1;set;partition;size,problems/benchmarks/synthetic/manifest.json,synthetic/syn-set_partition_min_size-small-03.cfl,3a1c342fe825612045875a0366a76be297fbca298951dd86b5102e8d3a0597f7
synthetic,syn-set_partition_min_size-small-04,119,synthetic;stratified;stratum=set_partition_min_size;family=set_partition_min_size;difficulty=small;domain=8;variant=4;seed=20260811;operatorcount=1;constraintcount=1;depth=1;set;partition;size,problems/benchmarks/synthetic/manifest.json,synthetic/syn-set_partition_min_size-small-04.cfl,3ee4b31fd1d2c1c512f6dd09b9815941ec36529b1674ad108c351425e53e7ebf
synthetic,syn-set_partition_min_size-small-05,490,synthetic;stratified;stratum=set_partition_min_size;family=set_partition_min_size;difficulty=small;domain=8;variant=5;seed=20260811;operatorcount=1;constraintcount=1;depth=1;set;partition;size,problems/benchmarks/synthetic/manifest.json,synthetic/syn-set_partition_min_size-small-05.cfl,4a43caf387fc09c9625a3a582558c6e04b73e228c3bb83682b2a37f8e0e8fff0
synthetic,syn-set_partition_min_size-small-06,91,synthetic;stratified;stratum=set_partition_min_size;family=set_partition_min_size;difficulty=small;domain=8;variant=6;seed=20260811;operatorcount=1;constraintcount=1;depth=1;set;partition;size,problems/benchmarks/synthetic/manifest.json,synthetic/syn-set_partition_min_size-small-06.cfl,81688b74e2cebae25b7360f616238364b7c1e3ff5578d4139ca4c8aacdb83eac
synthetic,syn-set_partition_min_size-small-07,127,synthetic;stratified;stratum=set_partition_min_size;family=set_partition_min_size;difficulty=small;domain=8;variant=7;seed=20260811;operatorcount=1;constraintcount=1;depth=1;set;partition;size,problems/benchmarks/synthetic/manifest.json,synthetic/syn-set_partition_min_size-small-07.cfl,bcc6b704078d230db8e9825779f48f4fed5eb336101f4b2dfea9763116972700
synthetic,syn-set_composition_sizes-small-00,336,synthetic;stratified;stratum=set_composition_sizes;family=set_composition_sizes;difficulty=small;domain=8;variant=0;seed=20260811;operatorcount=1;constraintcount=4;depth=1;set;composition;size,problems/benchmarks/synthetic/manifest.json,synthetic/syn-set_composition_sizes-small-00.cfl,a372da8352b1c47ed424b959b4413324477dc8caa60eff7bd78a9c16bf864fcb
synthetic,syn-set_composition_sizes-small-01,8,synthetic;stratified;stratum=set_composition_sizes;family=set_composition_sizes;difficulty=small;domain=8;variant=1;seed=20260811;operatorcount=1;constraintcount=2;depth=1;set;composition;size,problems/benchmarks/synthetic/manifest.json,synthetic/syn-set_composition_sizes-small-01.cfl,1ab8887085f2c20ed3887eff7195983fed88dc28fa79cf54cfbced25b91dc5c4
synthetic,syn-set_composition_sizes-small-02,56,synthetic;stratified;stratum=set_composition_sizes;family=set_composition_sizes;difficulty=small;domain=8;variant=2;seed=20260811;operatorcount=1;constraintcount=2;depth=1;set;composition;size,problems/benchmarks/synthetic/manifest.json,synthetic/syn-set_composition_sizes-small-02.cfl,0260bf83d52231f834999aa87f8106b6a57c988c57439bfc9e1e1da4cbdae03a
synthetic,syn-set_composition_sizes-small-03,168,synthetic;stratified;stratum=set_composition_sizes;family=set_composition_sizes;difficulty=small;domain=8;variant=3;seed=20260811;operatorcount=1;constraintcount=3;depth=1;set;composition;size,problems/benchmarks/synthetic/manifest.json,synthetic/syn-set_composition_sizes-small-03.cfl,4e88255decb229538245d1babe5e5708bbfaebddc96e8d2c241452a235fbc439
synthetic,syn-set_composition_sizes-small-04,56,synthetic;stratified;stratum=set_composition_sizes;family=set_composition_sizes;difficulty=small;domain=8;variant=4;seed=20260811;operatorcount=1;constraintcount=2;depth=1;set;composition;size,problems/benchmarks/synthetic/manifest.json,synthetic/syn-set_composition_sizes-small-04.cfl,90dd351b55081fe9a1fb540863fb5b431aa59730b9f8253610191245074989e6
synthetic,syn-set_composition_sizes-small-05,1680,synthetic;stratified;stratum=set_composition_sizes;family=set_composition_sizes;difficulty=small;domain=8;variant=5;seed=20260811;operatorcount=1;constraintcount=4;depth=1;set;composition;size,problems/benchmarks/synthetic/manifest.json,synthetic/syn-set_composition_sizes-small-05.cfl,6ec4b4b511512e54284df83f7efbef8aeef1823a757a5ecd4f6653a0aa4c0fb8
synthetic,syn-set_composition_sizes-small-06,3360,synthetic;stratified;stratum=set_composition_sizes;family=set_composition_sizes;difficulty=small;domain=8;variant=6;seed=20260811;operatorcount=1;constraintcount=5;depth=1;set;composition;size,problems/benchmarks/synthetic/manifest.json,synthetic/syn-set_composition_sizes-small-06.cfl,3a8e4888ac0999b1bf415da81e07a5059b9d70719fe472b165b4ee34b2c32edd
synthetic,syn-set_composition_sizes-small-07,8,synthetic;stratified;stratum=set_composition_sizes;family=set_composition_sizes;difficulty=small;domain=8;variant=7;seed=20260811;operatorcount=1;constraintcount=2;depth=1;set;composition;size,problems/benchmarks/synthetic/manifest.json,synthetic/syn-set_composition_sizes-small-07.cfl,f2aa881fcb9e553a571341e68322cc2e1827280126c8e9f6dfee246d357e759a
synthetic,syn-dependent_choice_disjoint-small-00,840,synthetic;stratified;stratum=dependent_choice_disjoint;family=dependent_choice_disjoint;difficulty=small;domain=8;variant=0;seed=20260811;operatorcount=3;constraintcount=1;depth=2;set;choose;disjoint;dependent_configuration;outside_cola_fragment,problems/benchmarks/synthetic/manifest.json,synthetic/syn-dependent_choice_disjoint-small-00.cfl,7e817c87b033be4df8495471a61172aed565a7896b3556771d1c5b7572e24cf2
synthetic,syn-dependent_choice_disjoint-small-01,840,synthetic;stratified;stratum=dependent_choice_disjoint;family=dependent_choice_disjoint;difficulty=small;domain=8;variant=1;seed=20260811;operatorcount=3;constraintcount=1;depth=2;set;choose;disjoint;dependent_configuration;outside_cola_fragment,problems/benchmarks/synthetic/manifest.json,synthetic/syn-dependent_choice_disjoint-small-01.cfl,6dda39e790fdf72015186c9059a4a41f2d32735eca8ac0f060f2b32f744cf5a8
synthetic,syn-dependent_choice_disjoint-small-02,336,synthetic;stratified;stratum=dependent_choice_disjoint;family=dependent_choice_disjoint;difficulty=small;domain=8;variant=2;seed=20260811;operatorcount=3;constraintcount=1;depth=2;set;choose;disjoint;dependent_configuration;outside_cola_fragment,problems/benchmarks/synthetic/manifest.json,synthetic/syn-dependent_choice_disjoint-small-02.cfl,56dceaa5fc9fe72e7d2d64b64b8ccff637e2bae94b35127450d57e1c88f55ece
synthetic,syn-dependent_choice_disjoint-small-03,840,synthetic;stratified;stratum=dependent_choice_disjoint;family=dependent_choice_disjoint;difficulty=small;domain=8;variant=3;seed=20260811;operatorcount=3;constraintcount=1;depth=2;set;choose;disjoint;dependent_configuration;outside_cola_fragment,problems/benchmarks/synthetic/manifest.json,synthetic/syn-dependent_choice_disjoint-small-03.cfl,d294b783db430123fd15e42e8e788626216fb036e24d032eca7b362ef464f40f
synthetic,syn-dependent_choice_disjoint-small-04,336,synthetic;stratified;stratum=dependent_choice_disjoint;family=dependent_choice_disjoint;difficulty=small;domain=8;variant=4;seed=20260811;operatorcount=3;constraintcount=1;depth=2;set;choose;disjoint;dependent_configuration;outside_cola_fragment,problems/benchmarks/synthetic/manifest.json,synthetic/syn-dependent_choice_disjoint-small-04.cfl,c51477d8988aff95ccd3aca0755ccfc3f2fdd87c35c9ff7135f7427c797f8740
synthetic,syn-dependent_choice_disjoint-small-05,840,synthetic;stratified;stratum=dependent_choice_disjoint;family=dependent_choice_disjoint;difficulty=small;domain=8;variant=5;seed=20260811;operatorcount=3;constraintcount=1;depth=2;set;choose;disjoint;dependent_configuration;outside_cola_fragment,problems/benchmarks/synthetic/manifest.json,synthetic/syn-dependent_choice_disjoint-small-05.cfl,64352b89c9fa47914cde1572ccc53fcb0773236ee54176b81e790d8fb4d797ae
synthetic,syn-dependent_choice_disjoint-small-06,1120,synthetic;stratified;stratum=dependent_choice_disjoint;family=dependent_choice_disjoint;difficulty=small;domain=8;variant=6;seed=20260811;operatorcount=3;constraintcount=1;depth=2;set;choose;disjoint;dependent_configuration;outside_cola_fragment,problems/benchmarks/synthetic/manifest.json,synthetic/syn-dependent_choice_disjoint-small-06.cfl,d5547c0eb7924eba6342410324f3953e91e7688a38ca4a0d0b837f57880b545d
synthetic,syn-dependent_choice_disjoint-small-07,1120,synthetic;stratified;stratum=dependent_choice_disjoint;family=dependent_choice_disjoint;difficulty=small;domain=8;variant=7;seed=20260811;operatorcount=3;constraintcount=1;depth=2;set;choose;disjoint;dependent_configuration;outside_cola_fragment,problems/benchmarks/synthetic/manifest.json,synthetic/syn-dependent_choice_disjoint-small-07.cfl,637bb801878b952bd785afc558a060e71689a064de8bf8433919428f35e77a01
synthetic,syn-dependent_tuple_position_count-small-00,3600,synthetic;stratified;stratum=dependent_tuple_position_count;family=dependent_tuple_position_count;difficulty=small;domain=8;variant=0;seed=20260811;operatorcount=2;constraintcount=2;depth=2;set;choose;tuple;position;count;dependent_configuration;outside_cola_fragment,problems/benchmarks/synthetic/manifest.json,synthetic/syn-dependent_tuple_position_count-small-00.cfl,77cc5000efdce160e354dfc9ed24e82dee20cbee2fe2d6b2c6a4cd43304360d6
synthetic,syn-dependent_tuple_position_count-small-01,1200,synthetic;stratified;stratum=dependent_tuple_position_count;family=dependent_tuple_position_count;difficulty=small;domain=8;variant=1;seed=20260811;operatorcount=2;constraintcount=2;depth=2;set;choose;tuple;position;count;dependent_configuration;outside_cola_fragment,problems/benchmarks/synthetic/manifest.json,synthetic/syn-dependent_tuple_position_count-small-01.cfl,da44290b3c9e01af010c4ea6457ca6d8c589089046f792fbf6dc001c10077fc6
synthetic,syn-dependent_tuple_position_count-small-02,96,synthetic;stratified;stratum=dependent_tuple_position_count;family=dependent_tuple_position_count;difficulty=small;domain=8;variant=2;seed=20260811;operatorcount=2;constraintcount=2;depth=2;set;choose;tuple;position;count;dependent_configuration;outside_cola_fragment,problems/benchmarks/synthetic/manifest.json,synthetic/syn-dependent_tuple_position_count-small-02.cfl,ed8c94d43076831c17e0a818affb51d09a80ee2ea8ffef0027b72ad2045c357b
synthetic,syn-dependent_tuple_position_count-small-03,240,synthetic;stratified;stratum=dependent_tuple_position_count;family=dependent_tuple_position_count;difficulty=small;domain=8;variant=3;seed=20260811;operatorcount=2;constraintcount=2;depth=2;set;choose;tuple;position;count;dependent_configuration;outside_cola_fragment,problems/benchmarks/synthetic/manifest.json,synthetic/syn-dependent_tuple_position_count-small-03.cfl,2c8f4addb18154728c4d3baf7bcf9573e1ac5b961138f8f1da705a6abd6820f6
synthetic,syn-dependent_tuple_position_count-small-04,3600,synthetic;stratified;stratum=dependent_tuple_position_count;family=dependent_tuple_position_count;difficulty=small;domain=8;variant=4;seed=20260811;operatorcount=2;constraintcount=2;depth=2;set;choose;tuple;position;count;dependent_configuration;outside_cola_fragment,problems/benchmarks/synthetic/manifest.json,synthetic/syn-dependent_tuple_position_count-small-04.cfl,20e09200b1c4a380b2cdf6dd3fd7549d3bd7e0c014f5f84993495d53af44d087
synthetic,syn-dependent_tuple_position_count-small-05,240,synthetic;stratified;stratum=dependent_tuple_position_count;family=dependent_tuple_position_count;difficulty=small;domain=8;variant=5;seed=20260811;operatorcount=2;constraintcount=2;depth=2;set;choose;tuple;position;count;dependent_configuration;outside_cola_fragment,problems/benchmarks/synthetic/manifest.json,synthetic/syn-dependent_tuple_position_count-small-05.cfl,82c790c58a6ffc057caabb4c044be5e415bb773ac0c60a5520ee273b4024817c
synthetic,syn-dependent_tuple_position_count-small-06,2880,synthetic;stratified;stratum=dependent_tuple_position_count;family=dependent_tuple_position_count;difficulty=small;domain=8;variant=6;seed=20260811;operatorcount=2;constraintcount=2;depth=2;set;choose;tuple;position;count;dependent_configuration;outside_cola_fragment,problems/benchmarks/synthetic/manifest.json,synthetic/syn-dependent_tuple_position_count-small-06.cfl,09004b402eab158a038b5eae2e6505e89364fe3d7f971904c5b9f059dbd2f39f
synthetic,syn-dependent_tuple_position_count-small-07,1200,synthetic;stratified;stratum=dependent_tuple_position_count;family=dependent_tuple_position_count;difficulty=small;domain=8;variant=7;seed=20260811;operatorcount=2;constraintcount=2;depth=2;set;choose;tuple;position;count;dependent_configuration;outside_cola_fragment,problems/benchmarks/synthetic/manifest.json,synthetic/syn-dependent_tuple_position_count-small-07.cfl,00d6d3f0898744a6211c17ced8aa55ec2bf14a380571562c237f0cf12eb9d96c
synthetic,syn-dependent_sequence_patterns-small-00,720,synthetic;stratified;stratum=dependent_sequence_patterns;family=dependent_sequence_patterns;difficulty=small;domain=8;variant=0;seed=20260811;operatorcount=2;constraintcount=9;depth=2;set;choose;sequence;adjacency;order;dependent_configuration;outside_cola_fragment,problems/benchmarks/synthetic/manifest.json,synthetic/syn-dependent_sequence_patterns-small-00.cfl,a965474d363205068e8d75eedee43865dedb4928615dae9b33a68f886c72b0e7
synthetic,syn-dependent_sequence_patterns-small-01,2880,synthetic;stratified;stratum=dependent_sequence_patterns;family=dependent_sequence_patterns;difficulty=small;domain=8;variant=1;seed=20260811;operatorcount=2;constraintcount=6;depth=2;set;choose;sequence;adjacency;order;dependent_configuration;outside_cola_fragment,problems/benchmarks/synthetic/manifest.json,synthetic/syn-dependent_sequence_patterns-small-01.cfl,d6d40c9ee47327d433575a386f791b8e84ac36c1317a4c4f4abdc83ddfd49581
synthetic,syn-dependent_sequence_patterns-small-02,720,synthetic;stratified;stratum=dependent_sequence_patterns;family=dependent_sequence_patterns;difficulty=small;domain=8;variant=2;seed=20260811;operatorcount=2;constraintcount=9;depth=2;set;choose;sequence;adjacency;order;dependent_configuration;outside_cola_fragment,problems/benchmarks/synthetic/manifest.json,synthetic/syn-dependent_sequence_patterns-small-02.cfl,4ec5efe4de233df0fb975fb48409dfec1c33071ab7ade049500cf838779d959c
synthetic,syn-dependent_sequence_patterns-small-03,96,synthetic;stratified;stratum=dependent_sequence_patterns;family=dependent_sequence_patterns;difficulty=small;domain=8;variant=3;seed=20260811;operatorcount=2;constraintcount=6;depth=2;set;choose;sequence;adjacency;order;dependent_configuration;outside_cola_fragment,problems/benchmarks/synthetic/manifest.json,synthetic/syn-dependent_sequence_patterns-small-03.cfl,51f875a4f17c5b0a200d65d1a1cef291a4f6cdd9ef5e6ed99f39a876ddda6479
synthetic,syn-dependent_sequence_patterns-small-04,720,synthetic;stratified;stratum=dependent_sequence_patterns;family=dependent_sequence_patterns;difficulty=small;domain=8;variant=4;seed=20260811;operatorcount=2;constraintcount=9;depth=2;set;choose;sequence;adjacency;order;dependent_configuration;outside_cola_fragment,problems/benchmarks/synthetic/manifest.json,synthetic/syn-dependent_sequence_patterns-small-04.cfl,44ce0e4be3b25a93f13113e71ec28d722bf89c39beb99ccd64892e434bf08907
synthetic,syn-dependent_sequence_patterns-small-05,2880,synthetic;stratified;stratum=dependent_sequence_patterns;family=dependent_sequence_patterns;difficulty=small;domain=8;variant=5;seed=20260811;operatorcount=2;constraintcount=6;depth=2;set;choose;sequence;adjacency;order;dependent_configuration;outside_cola_fragment,problems/benchmarks/synthetic/manifest.json,synthetic/syn-dependent_sequence_patterns-small-05.cfl,7bb54fd8755c2d1c0de1fa4c10abef6f088a2deb6d9a7a91a33c14378383c170
synthetic,syn-dependent_sequence_patterns-small-06,720,synthetic;stratified;stratum=dependent_sequence_patterns;family=dependent_sequence_patterns;difficulty=small;domain=8;variant=6;seed=20260811;operatorcount=2;constraintcount=9;depth=2;set;choose;sequence;adjacency;order;dependent_configuration;outside_cola_fragment,problems/benchmarks/synthetic/manifest.json,synthetic/syn-dependent_sequence_patterns-small-06.cfl,f77d44d64c804cf3ee602ee288546f2aaf3252ae03596364ee140560881d6663
synthetic,syn-dependent_sequence_patterns-small-07,720,synthetic;stratified;stratum=dependent_sequence_patterns;family=dependent_sequence_patterns;difficulty=small;domain=8;variant=7;seed=20260811;operatorcount=2;constraintcount=6;depth=2;set;choose;sequence;adjacency;order;dependent_configuration;outside_cola_fragment,problems/benchmarks/synthetic/manifest.json,synthetic/syn-dependent_sequence_patterns-small-07.cfl,8e011b8f1a31f354dfbac2d7dc5096d95cd3296df53c5b960428f67606d43bed
synthetic,syn-dependent_partition_min_size-small-00,840,synthetic;stratified;stratum=dependent_partition_min_size;family=dependent_partition_min_size;difficulty=small;domain=8;variant=0;seed=20260811;operatorcount=2;constraintcount=1;depth=2;set;choose;partition;size;dependent_configuration;outside_cola_fragment,problems/benchmarks/synthetic/manifest.json,synthetic/syn-dependent_partition_min_size-small-00.cfl,d31007e11811906adee09100503d1e515721f02f3cca188de70ad2535e601abb
synthetic,syn-dependent_partition_min_size-small-01,840,synthetic;stratified;stratum=dependent_partition_min_size;family=dependent_partition_min_size;difficulty=small;domain=8;variant=1;seed=20260811;operatorcount=2;constraintcount=1;depth=2;set;choose;partition;size;dependent_configuration;outside_cola_fragment,problems/benchmarks/synthetic/manifest.json,synthetic/syn-dependent_partition_min_size-small-01.cfl,df9da8c8d9ca1d9e1aca8e255cfc2ace95418e9304f575a817324590b8ef972b
synthetic,syn-dependent_partition_min_size-small-02,448,synthetic;stratified;stratum=dependent_partition_min_size;family=dependent_partition_min_size;difficulty=small;domain=8;variant=2;seed=20260811;operatorcount=2;constraintcount=1;depth=2;set;choose;partition;size;dependent_configuration;outside_cola_fragment,problems/benchmarks/synthetic/manifest.json,synthetic/syn-dependent_partition_min_size-small-02.cfl,3e02d1765dee677201d3fb84b68ecbe8759d90b32b88ae82924b2b6105aca489
synthetic,syn-dependent_partition_min_size-small-03,280,synthetic;stratified;stratum=dependent_partition_min_size;family=dependent_partition_min_size;difficulty=small;domain=8;variant=3;seed=20260811;operatorcount=2;constraintcount=1;depth=2;set;choose;partition;size;dependent_configuration;outside_cola_fragment,problems/benchmarks/synthetic/manifest.json,synthetic/syn-dependent_partition_min_size-small-03.cfl,eb00b8e5866bbb757a5e64cd8e1e0680c8d083fc975b134f5bf70c7be88dc5b4
synthetic,syn-dependent_partition_min_size-small-04,504,synthetic;stratified;stratum=dependent_partition_min_size;family=dependent_partition_min_size;difficulty=small;domain=8;variant=4;seed=20260811;operatorcount=2;constraintcount=1;depth=2;set;choose;partition;size;dependent_configuration;outside_cola_fragment,problems/benchmarks/synthetic/manifest.json,synthetic/syn-dependent_partition_min_size-small-04.cfl,921cc64b3a8bbcf5acc6a025debba902a6d115efc97c62bcb36ceebbbf1fd673
synthetic,syn-dependent_partition_min_size-small-05,868,synthetic;stratified;stratum=dependent_partition_min_size;family=dependent_partition_min_size;difficulty=small;domain=8;variant=5;seed=20260811;operatorcount=2;constraintcount=1;depth=2;set;choose;partition;size;dependent_configuration;outside_cola_fragment,problems/benchmarks/synthetic/manifest.json,synthetic/syn-dependent_partition_min_size-small-05.cfl,775e8c402ee5a2e33ec914df548e9c51dfc8123d9e92773dcda58f762374cb1b
synthetic,syn-dependent_partition_min_size-small-06,560,synthetic;stratified;stratum=dependent_partition_min_size;family=dependent_partition_min_size;difficulty=small;domain=8;variant=6;seed=20260811;operatorcount=2;constraintcount=1;depth=2;set;choose;partition;size;dependent_configuration;outside_cola_fragment,problems/benchmarks/synthetic/manifest.json,synthetic/syn-dependent_partition_min_size-small-06.cfl,b3e9158489475976039d76b85a51281343371a331f588c417c72bab824c3a6db
synthetic,syn-dependent_partition_min_size-small-07,700,synthetic;stratified;stratum=dependent_partition_min_size;family=dependent_partition_min_size;difficulty=small;domain=8;variant=7;seed=20260811;operatorcount=2;constraintcount=1;depth=2;set;choose;partition;size;dependent_configuration;outside_cola_fragment,problems/benchmarks/synthetic/manifest.json,synthetic/syn-dependent_partition_min_size-small-07.cfl,fd60b02ea013b27d22460999a6411278611507a26e52f184a142f63e2c625927
synthetic,syn-dependent_composition_sizes-small-00,10080,synthetic;stratified;stratum=dependent_composition_sizes;family=dependent_composition_sizes;difficulty=small;domain=8;variant=0;seed=20260811;operatorcount=2;constraintcount=5;depth=2;set;choose;composition;size;dependent_configuration;outside_cola_fragment,problems/benchmarks/synthetic/manifest.json,synthetic/syn-dependent_composition_sizes-small-00.cfl,dcf644d33c18240d35d9fa87bf2f8cc89579d71bfe66435b567297cb9fdf7c53
synthetic,syn-dependent_composition_sizes-small-01,1680,synthetic;stratified;stratum=dependent_composition_sizes;family=dependent_composition_sizes;difficulty=small;domain=8;variant=1;seed=20260811;operatorcount=2;constraintcount=3;depth=2;set;choose;composition;size;dependent_configuration;outside_cola_fragment,problems/benchmarks/synthetic/manifest.json,synthetic/syn-dependent_composition_sizes-small-01.cfl,501eef58fce29093ed1d997d1888df404707a83dbe629bb2db5b5f0fe6f72ebe
synthetic,syn-dependent_composition_sizes-small-02,1680,synthetic;stratified;stratum=dependent_composition_sizes;family=dependent_composition_sizes;difficulty=small;domain=8;variant=2;seed=20260811;operatorcount=2;constraintcount=4;depth=2;set;choose;composition;size;dependent_configuration;outside_cola_fragment,problems/benchmarks/synthetic/manifest.json,synthetic/syn-dependent_composition_sizes-small-02.cfl,239ce03ec153442a22a9cea8a7a92c2082b68e18fdcbc90bbd42635e1ce7c0f7
synthetic,syn-dependent_composition_sizes-small-03,1680,synthetic;stratified;stratum=dependent_composition_sizes;family=dependent_composition_sizes;difficulty=small;domain=8;variant=3;seed=20260811;operatorcount=2;constraintcount=3;depth=2;set;choose;composition;size;dependent_configuration;outside_cola_fragment,problems/benchmarks/synthetic/manifest.json,synthetic/syn-dependent_composition_sizes-small-03.cfl,560dbeeee5981450ddbfdf8281a49adc35d85651376b12b00ab3272492a9e942
synthetic,syn-dependent_composition_sizes-small-04,840,synthetic;stratified;stratum=dependent_composition_sizes;family=dependent_composition_sizes;difficulty=small;domain=8;variant=4;seed=20260811;operatorcount=2;constraintcount=3;depth=2;set;choose;composition;size;dependent_configuration;outside_cola_fragment,problems/benchmarks/synthetic/manifest.json,synthetic/syn-dependent_composition_sizes-small-04.cfl,eab6bbd575560bc5471382b2979a74208ff17a46aa7146c521f65d0b43cc6ed4
synthetic,syn-dependent_composition_sizes-small-05,420,synthetic;stratified;stratum=dependent_composition_sizes;family=dependent_composition_sizes;difficulty=small;domain=8;variant=5;seed=20260811;operatorcount=2;constraintcount=2;depth=2;set;choose;composition;size;dependent_configuration;outside_cola_fragment,problems/benchmarks/synthetic/manifest.json,synthetic/syn-dependent_composition_sizes-small-05.cfl,09aff99604d03c81405abe7a4d960017c33ac1c0975292065d7c1fcfa794def2
synthetic,syn-dependent_composition_sizes-small-06,1680,synthetic;stratified;stratum=dependent_composition_sizes;family=dependent_composition_sizes;difficulty=small;domain=8;variant=6;seed=20260811;operatorcount=2;constraintcount=3;depth=2;set;choose;composition;size;dependent_configuration;outside_cola_fragment,problems/benchmarks/synthetic/manifest.json,synthetic/syn-dependent_composition_sizes-small-06.cfl,bc10a320785559fa9dbc767e0a6d229e36d9ccaae20879737ca4eb6762749a83
synthetic,syn-dependent_composition_sizes-small-07,10080,synthetic;stratified;stratum=dependent_composition_sizes;family=dependent_composition_sizes;difficulty=small;domain=8;variant=7;seed=20260811;operatorcount=2;constraintcount=5;depth=2;set;choose;composition;size;dependent_configuration;outside_cola_fragment,problems/benchmarks/synthetic/manifest.json,synthetic/syn-dependent_composition_sizes-small-07.cfl,c413da2447767750deef1723595f00660ac90624e360249e063da0fe01e5fb47
synthetic,syn-dependent_bag_tuple-small-00,392,synthetic;stratified;stratum=dependent_bag_tuple;family=dependent_bag_tuple;difficulty=small;domain=8;variant=0;seed=20260811;operatorcount=3;constraintcount=1;depth=2;bag;choose;tuple;set;membership;decomposition;dependent_configuration;outside_cola_fragment,problems/benchmarks/synthetic/manifest.json,synthetic/syn-dependent_bag_tuple-small-00.cfl,5cc57528eb5f2e410285211e7f8821d5bf15388fb9d70e1aeabb8524a3fdf7b6
synthetic,syn-dependent_bag_tuple-small-01,3360,synthetic;stratified;stratum=dependent_bag_tuple;family=dependent_bag_tuple;difficulty=small;domain=8;variant=1;seed=20260811;operatorcount=3;constraintcount=1;depth=2;bag;choose;tuple;set;membership;decomposition;dependent_configuration;outside_cola_fragment,problems/benchmarks/synthetic/manifest.json,synthetic/syn-dependent_bag_tuple-small-01.cfl,e683bac2c971e7169bb4a0ba48149a82b842e86ad45c9168704a318d87f67962
synthetic,syn-dependent_bag_tuple-small-02,672,synthetic;stratified;stratum=dependent_bag_tuple;family=dependent_bag_tuple;difficulty=small;domain=8;variant=2;seed=20260811;operatorcount=3;constraintcount=1;depth=2;bag;choose;tuple;set;membership;decomposition;dependent_configuration;outside_cola_fragment,problems/benchmarks/synthetic/manifest.json,synthetic/syn-dependent_bag_tuple-small-02.cfl,209a09fbd25d02de9371704b9dedb6fece009a0088a70a41e93eddc0a780e6ca
synthetic,syn-dependent_bag_tuple-small-03,4200,synthetic;stratified;stratum=dependent_bag_tuple;family=dependent_bag_tuple;difficulty=small;domain=8;variant=3;seed=20260811;operatorcount=3;constraintcount=1;depth=2;bag;choose;tuple;set;membership;decomposition;dependent_configuration;outside_cola_fragment,problems/benchmarks/synthetic/manifest.json,synthetic/syn-dependent_bag_tuple-small-03.cfl,378668806efd4e64ad038ceb96790324c0177ec0dfff33dff70e066d69700848
synthetic,syn-dependent_bag_tuple-small-04,840,synthetic;stratified;stratum=dependent_bag_tuple;family=dependent_bag_tuple;difficulty=small;domain=8;variant=4;seed=20260811;operatorcount=3;constraintcount=1;depth=2;bag;choose;tuple;set;membership;decomposition;dependent_configuration;outside_cola_fragment,problems/benchmarks/synthetic/manifest.json,synthetic/syn-dependent_bag_tuple-small-04.cfl,4a14f7da4dd6f827bfe4f39719731e0c7d832b2f09f2a636318678f95206a52a
synthetic,syn-dependent_bag_tuple-small-05,2240,synthetic;stratified;stratum=dependent_bag_tuple;family=dependent_bag_tuple;difficulty=small;domain=8;variant=5;seed=20260811;operatorcount=3;constraintcount=1;depth=2;bag;choose;tuple;set;membership;decomposition;dependent_configuration;outside_cola_fragment,problems/benchmarks/synthetic/manifest.json,synthetic/syn-dependent_bag_tuple-small-05.cfl,0aeb0e6e6b44320e6eef5c8f272b88dde13ec60733bed7c7493193a67827513b
synthetic,syn-dependent_bag_tuple-small-06,1680,synthetic;stratified;stratum=dependent_bag_tuple;family=dependent_bag_tuple;difficulty=small;domain=8;variant=6;seed=20260811;operatorcount=3;constraintcount=1;depth=2;bag;choose;tuple;set;membership;decomposition;dependent_configuration;outside_cola_fragment,problems/benchmarks/synthetic/manifest.json,synthetic/syn-dependent_bag_tuple-small-06.cfl,17a30af0fb739e3c267292319966a791a405404c5d33501a66ec67fa249ed501
synthetic,syn-dependent_bag_tuple-small-07,1260,synthetic;stratified;stratum=dependent_bag_tuple;family=dependent_bag_tuple;difficulty=small;domain=8;variant=7;seed=20260811;operatorcount=3;constraintcount=1;depth=2;bag;choose;tuple;set;membership;decomposition;dependent_configuration;outside_cola_fragment,problems/benchmarks/synthetic/manifest.json,synthetic/syn-dependent_bag_tuple-small-07.cfl,7278d3fad0b24ffb3118bf7419389433124f1824ae554d73d068250890b9b99d
synthetic,syn-nested_choice_chain-small-00,1050,synthetic;stratified;stratum=nested_choice_chain;family=nested_choice_chain;difficulty=small;domain=8;variant=0;seed=20260811;operatorcount=3;constraintcount=1;depth=3;set;choose;membership;dependent_configuration;outside_cola_fragment,problems/benchmarks/synthetic/manifest.json,synthetic/syn-nested_choice_chain-small-00.cfl,7900b5d0be58426ea3b30a436aee19a23438d8146a9fa8d6bb7708d3fdae1659
synthetic,syn-nested_choice_chain-small-01,630,synthetic;stratified;stratum=nested_choice_chain;family=nested_choice_chain;difficulty=small;domain=8;variant=1;seed=20260811;operatorcount=3;constraintcount=1;depth=3;set;choose;membership;dependent_configuration;outside_cola_fragment,problems/benchmarks/synthetic/manifest.json,synthetic/syn-nested_choice_chain-small-01.cfl,1cf878a83a6a3d5ab346f8b335ce0673a55a3c2acd7b620a61212f00cf9103e9
synthetic,syn-nested_choice_chain-small-02,700,synthetic;stratified;stratum=nested_choice_chain;family=nested_choice_chain;difficulty=small;domain=8;variant=2;seed=20260811;operatorcount=3;constraintcount=1;depth=3;set;choose;membership;dependent_configuration;outside_cola_fragment,problems/benchmarks/synthetic/manifest.json,synthetic/syn-nested_choice_chain-small-02.cfl,5f616eaf6b58cb82cfaacb253a7ec6292fb0bb6975269b4af29d2be810f03248
synthetic,syn-nested_choice_chain-small-03,1260,synthetic;stratified;stratum=nested_choice_chain;family=nested_choice_chain;difficulty=small;domain=8;variant=3;seed=20260811;operatorcount=3;constraintcount=1;depth=3;set;choose;membership;dependent_configuration;outside_cola_fragment,problems/benchmarks/synthetic/manifest.json,synthetic/syn-nested_choice_chain-small-03.cfl,74f0d973d453a45f4f17125bff163c374a385ee0a86413ce77e1c0d648a0d391
synthetic,syn-nested_choice_chain-small-04,630,synthetic;stratified;stratum=nested_choice_chain;family=nested_choice_chain;difficulty=small;domain=8;variant=4;seed=20260811;operatorcount=3;constraintcount=1;depth=3;set;choose;membership;dependent_configuration;outside_cola_fragment,problems/benchmarks/synthetic/manifest.json,synthetic/syn-nested_choice_chain-small-04.cfl,82fd7cb2ab776cb0ce9e681f1537ca07ea92372d658c7f4eb5ffae35757a8575
synthetic,syn-nested_choice_chain-small-05,735,synthetic;stratified;stratum=nested_choice_chain;family=nested_choice_chain;difficulty=small;domain=8;variant=5;seed=20260811;operatorcount=3;constraintcount=1;depth=3;set;choose;membership;dependent_configuration;outside_cola_fragment,problems/benchmarks/synthetic/manifest.json,synthetic/syn-nested_choice_chain-small-05.cfl,c64ef0f5bc7a464c8c48a65ea8434b35cc0c34e0c3044dda6551a29d76cc9d43
synthetic,syn-nested_choice_chain-small-06,294,synthetic;stratified;stratum=nested_choice_chain;family=nested_choice_chain;difficulty=small;domain=8;variant=6;seed=20260811;operatorcount=3;constraintcount=1;depth=3;set;choose;membership;dependent_configuration;outside_cola_fragment,problems/benchmarks/synthetic/manifest.json,synthetic/syn-nested_choice_chain-small-06.cfl,acb21c354a8b8eafc24a74fd3ac9d15e2f223167442af88ad10bc386aaebc0ca
synthetic,syn-nested_choice_chain-small-07,735,synthetic;stratified;stratum=nested_choice_chain;family=nested_choice_chain;difficulty=small;domain=8;variant=7;seed=20260811;operatorcount=3;constraintcount=1;depth=3;set;choose;membership;dependent_configuration;outside_cola_fragment,problems/benchmarks/synthetic/manifest.json,synthetic/syn-nested_choice_chain-small-07.cfl,d4fc0014fb49cb86ad749823b70a52397f2a60d75c94178814f1574c97c6fdb9
synthetic,syn-dependent_selected_subsets-small-00,336,synthetic;stratified;stratum=dependent_selected_subsets;family=dependent_selected_subsets;difficulty=small;domain=8;variant=0;seed=20260811;operatorcount=3;constraintcount=1;depth=2;set;choose;disjoint;dependent_configuration;outside_cola_fragment,problems/benchmarks/synthetic/manifest.json,synthetic/syn-dependent_selected_subsets-small-00.cfl,5dfdcfd5b1ad26be42eaf235d98190043a3c392d61dd393fb42b411200311223
synthetic,syn-dependent_selected_subsets-small-01,1680,synthetic;stratified;stratum=dependent_selected_subsets;family=dependent_selected_subsets;difficulty=small;domain=8;variant=1;seed=20260811;operatorcount=3;constraintcount=1;depth=2;set;choose;disjoint;dependent_configuration;outside_cola_fragment,problems/benchmarks/synthetic/manifest.json,synthetic/syn-dependent_selected_subsets-small-01.cfl,f2c2177d6431d62b00f7c9934f4485c634d5f54bb5ab37929d540ee7637564a6
synthetic,syn-dependent_selected_subsets-small-02,840,synthetic;stratified;stratum=dependent_selected_subsets;family=dependent_selected_subsets;difficulty=small;domain=8;variant=2;seed=20260811;operatorcount=3;constraintcount=1;depth=2;set;choose;disjoint;dependent_configuration;outside_cola_fragment,problems/benchmarks/synthetic/manifest.json,synthetic/syn-dependent_selected_subsets-small-02.cfl,665ec39f107b289355c60156fbebaf77f603aae1ae745e0250f65aae9800cc45
synthetic,syn-dependent_selected_subsets-small-03,1120,synthetic;stratified;stratum=dependent_selected_subsets;family=dependent_selected_subsets;difficulty=small;domain=8;variant=3;seed=20260811;operatorcount=3;constraintcount=1;depth=2;set;choose;disjoint;dependent_configuration;outside_cola_fragment,problems/benchmarks/synthetic/manifest.json,synthetic/syn-dependent_selected_subsets-small-03.cfl,15b3d53e17154097433ade26027703c4d775a9b6babd6bc2f4c64014a09e4726
synthetic,syn-dependent_selected_subsets-small-04,1680,synthetic;stratified;stratum=dependent_selected_subsets;family=dependent_selected_subsets;difficulty=small;domain=8;variant=4;seed=20260811;operatorcount=3;constraintcount=1;depth=2;set;choose;disjoint;dependent_configuration;outside_cola_fragment,problems/benchmarks/synthetic/manifest.json,synthetic/syn-dependent_selected_subsets-small-04.cfl,1310f21f9747bcaccd64f6b0a8328041e90308391e5d33ee3011683c85867e7d
synthetic,syn-dependent_selected_subsets-small-05,840,synthetic;stratified;stratum=dependent_selected_subsets;family=dependent_selected_subsets;difficulty=small;domain=8;variant=5;seed=20260811;operatorcount=3;constraintcount=1;depth=2;set;choose;disjoint;dependent_configuration;outside_cola_fragment,problems/benchmarks/synthetic/manifest.json,synthetic/syn-dependent_selected_subsets-small-05.cfl,9aa08313ae9f83a264c48cf410caf1563062de70da37de450d475aa8846b8d6a
synthetic,syn-dependent_selected_subsets-small-06,1120,synthetic;stratified;stratum=dependent_selected_subsets;family=dependent_selected_subsets;difficulty=small;domain=8;variant=6;seed=20260811;operatorcount=3;constraintcount=1;depth=2;set;choose;disjoint;dependent_configuration;outside_cola_fragment,problems/benchmarks/synthetic/manifest.json,synthetic/syn-dependent_selected_subsets-small-06.cfl,68c25af3028aae2d2d8cebaafd4d88842728d4a9d3808561bcd62b54c62850ca
synthetic,syn-dependent_selected_subsets-small-07,336,synthetic;stratified;stratum=dependent_selected_subsets;family=dependent_selected_subsets;difficulty=small;domain=8;variant=7;seed=20260811;operatorcount=3;constraintcount=1;depth=2;set;choose;disjoint;dependent_configuration;outside_cola_fragment,problems/benchmarks/synthetic/manifest.json,synthetic/syn-dependent_selected_subsets-small-07.cfl,0ef827c78a3bc217c8d913d8121bcc956982ec875172caba935a144841b32bf8
synthetic,syn-set_choice_intersection-medium-00,350,synthetic;stratified;stratum=set_choice_intersection;family=set_choice_intersection;difficulty=medium;domain=12;variant=0;seed=20260811;operatorcount=1;constraintcount=1;depth=1;set;choose;intersection;size,problems/benchmarks/synthetic/manifest.json,synthetic/syn-set_choice_intersection-medium-00.cfl,d198591246962820930cc66c4cdd98a5c0ef3c359b272fe8b6165ed4ff459952
synthetic,syn-set_choice_intersection-medium-01,15,synthetic;stratified;stratum=set_choice_intersection;family=set_choice_intersection;difficulty=medium;domain=12;variant=1;seed=20260811;operatorcount=1;constraintcount=1;depth=1;set;choose;intersection;size,problems/benchmarks/synthetic/manifest.json,synthetic/syn-set_choice_intersection-medium-01.cfl,02fe055234a6af29302cc989b5260fc9f35a3bcaf7bfc2a910101ffe3610d168
synthetic,syn-set_choice_intersection-medium-02,7,synthetic;stratified;stratum=set_choice_intersection;family=set_choice_intersection;difficulty=medium;domain=12;variant=2;seed=20260811;operatorcount=1;constraintcount=1;depth=1;set;choose;intersection;size,problems/benchmarks/synthetic/manifest.json,synthetic/syn-set_choice_intersection-medium-02.cfl,6de73177ce23d62876dd2abf13e3fcd5ea83b6956325a7b27f446e408303cb84
synthetic,syn-set_choice_intersection-medium-03,252,synthetic;stratified;stratum=set_choice_intersection;family=set_choice_intersection;difficulty=medium;domain=12;variant=3;seed=20260811;operatorcount=1;constraintcount=1;depth=1;set;choose;intersection;size,problems/benchmarks/synthetic/manifest.json,synthetic/syn-set_choice_intersection-medium-03.cfl,af1321f03d0e8e982a4ee34eeadb1ccba5ff3598d5d41a6ca9be4ae36efa47d5
synthetic,syn-set_choice_intersection-medium-04,225,synthetic;stratified;stratum=set_choice_intersection;family=set_choice_intersection;difficulty=medium;domain=12;variant=4;seed=20260811;operatorcount=1;constraintcount=1;depth=1;set;choose;intersection;size,problems/benchmarks/synthetic/manifest.json,synthetic/syn-set_choice_intersection-medium-04.cfl,6db44c0910ba60f80f8969c32a1fbb90acb0d9ca1ed1cf8a724f77989e4fd505
synthetic,syn-set_choice_intersection-medium-05,8,synthetic;stratified;stratum=set_choice_intersection;family=set_choice_intersection;difficulty=medium;domain=12;variant=5;seed=20260811;operatorcount=1;constraintcount=1;depth=1;set;choose;intersection;size,problems/benchmarks/synthetic/manifest.json,synthetic/syn-set_choice_intersection-medium-05.cfl,1bcca2ba28581f90da166d5e5e129fb0203ff571c727632b978ed2bfb2da98f5
synthetic,syn-set_choice_intersection-medium-06,126,synthetic;stratified;stratum=set_choice_intersection;family=set_choice_intersection;difficulty=medium;domain=12;variant=6;seed=20260811;operatorcount=1;constraintcount=1;depth=1;set;choose;intersection;size,problems/benchmarks/synthetic/manifest.json,synthetic/syn-set_choice_intersection-medium-06.cfl,6d2f10bbd8c4c5b4f3733cd78fc6f0efb4b8c6df6cc76b8896218acaa160449e
synthetic,syn-set_choice_intersection-medium-07,70,synthetic;stratified;stratum=set_choice_intersection;family=set_choice_intersection;difficulty=medium;domain=12;variant=7;seed=20260811;operatorcount=1;constraintcount=1;depth=1;set;choose;intersection;size,problems/benchmarks/synthetic/manifest.json,synthetic/syn-set_choice_intersection-medium-07.cfl,4e211d4c6594c4a31d855c085cd0a37ebb57064433e6a160c37a0ac73d58ae8b
synthetic,syn-bag_choice_multiplicity-medium-00,56,synthetic;stratified;stratum=bag_choice_multiplicity;family=bag_choice_multiplicity;difficulty=medium;domain=12;variant=0;seed=20260811;operatorcount=1;constraintcount=1;depth=1;bag;choose;count,problems/benchmarks/synthetic/manifest.json,synthetic/syn-bag_choice_multiplicity-medium-00.cfl,d7c953979e5391f6510431ce555c9ce6afa87682cd8c8cb3386c5f4b08757f0e
synthetic,syn-bag_choice_multiplicity-medium-01,252,synthetic;stratified;stratum=bag_choice_multiplicity;family=bag_choice_multiplicity;difficulty=medium;domain=12;variant=1;seed=20260811;operatorcount=1;constraintcount=1;depth=1;bag;choose;count,problems/benchmarks/synthetic/manifest.json,synthetic/syn-bag_choice_multiplicity-medium-01.cfl,54264022c48b571195750b705804604c92487fd2567062fd57158a896c4229ce
synthetic,syn-bag_choice_multiplicity-medium-02,84,synthetic;stratified;stratum=bag_choice_multiplicity;family=bag_choice_multiplicity;difficulty=medium;domain=12;variant=2;seed=20260811;operatorcount=1;constraintcount=1;depth=1;bag;choose;count,problems/benchmarks/synthetic/manifest.json,synthetic/syn-bag_choice_multiplicity-medium-02.cfl,c706f6742ad570da7202002b23890b9296441d65a372972cb7c0cd645e56cb46
synthetic,syn-bag_choice_multiplicity-medium-03,210,synthetic;stratified;stratum=bag_choice_multiplicity;family=bag_choice_multiplicity;difficulty=medium;domain=12;variant=3;seed=20260811;operatorcount=1;constraintcount=1;depth=1;bag;choose;count,problems/benchmarks/synthetic/manifest.json,synthetic/syn-bag_choice_multiplicity-medium-03.cfl,7dcad8d8ef31f5d43adf0583ed51e47b4f0ebbdcef1b1572e3655bde23a8b950
synthetic,syn-bag_choice_multiplicity-medium-04,21,synthetic;stratified;stratum=bag_choice_multiplicity;family=bag_choice_multiplicity;difficulty=medium;domain=12;variant=4;seed=20260811;operatorcount=1;constraintcount=1;depth=1;bag;choose;count,problems/benchmarks/synthetic/manifest.json,synthetic/syn-bag_choice_multiplicity-medium-04.cfl,955f25df98fec5dd94f1c2c3c1176fe06c2ebd53fe46ce2ad7495f6952efed35
synthetic,syn-bag_choice_multiplicity-medium-05,56,synthetic;stratified;stratum=bag_choice_multiplicity;family=bag_choice_multiplicity;difficulty=medium;domain=12;variant=5;seed=20260811;operatorcount=1;constraintcount=1;depth=1;bag;choose;count,problems/benchmarks/synthetic/manifest.json,synthetic/syn-bag_choice_multiplicity-medium-05.cfl,9d72de256035efb8192d1b082d2b0f204b91670f71a0da7af88b72777758b3c7
synthetic,syn-bag_choice_multiplicity-medium-06,7,synthetic;stratified;stratum=bag_choice_multiplicity;family=bag_choice_multiplicity;difficulty=medium;domain=12;variant=6;seed=20260811;operatorcount=1;constraintcount=1;depth=1;bag;choose;count,problems/benchmarks/synthetic/manifest.json,synthetic/syn-bag_choice_multiplicity-medium-06.cfl,fb1437f9b191879c087cdfc47c31a9fea3abd97a8616d1ef5d5f13aede24d47f
synthetic,syn-bag_choice_multiplicity-medium-07,126,synthetic;stratified;stratum=bag_choice_multiplicity;family=bag_choice_multiplicity;difficulty=medium;domain=12;variant=7;seed=20260811;operatorcount=1;constraintcount=1;depth=1;bag;choose;count,problems/benchmarks/synthetic/manifest.json,synthetic/syn-bag_choice_multiplicity-medium-07.cfl,09d0eabcbcb0d77ead268ef25b38a94fe06c9b541ccc785c50cacf8964d55a6d
synthetic,syn-set_tuple_position_count-medium-00,54,synthetic;stratified;stratum=set_tuple_position_count;family=set_tuple_position_count;difficulty=medium;domain=12;variant=0;seed=20260811;operatorcount=1;constraintcount=2;depth=1;set;tuple;position;count,problems/benchmarks/synthetic/manifest.json,synthetic/syn-set_tuple_position_count-medium-00.cfl,06166c7631947021acbe2db0fbd3de3b96dfab05d0bb568be42130ab5558f415
synthetic,syn-set_tuple_position_count-medium-01,120960,synthetic;stratified;stratum=set_tuple_position_count;family=set_tuple_position_count;difficulty=medium;domain=12;variant=1;seed=20260811;operatorcount=1;constraintcount=2;depth=1;set;tuple;position;count,problems/benchmarks/synthetic/manifest.json,synthetic/syn-set_tuple_position_count-medium-01.cfl,14f849f93c539de3ef234a61dc23cd5b5001c9e5aa55b6006d693b127155cdcd
synthetic,syn-set_tuple_position_count-medium-02,635040,synthetic;stratified;stratum=set_tuple_position_count;family=set_tuple_position_count;difficulty=medium;domain=12;variant=2;seed=20260811;operatorcount=1;constraintcount=2;depth=1;set;tuple;position;count,problems/benchmarks/synthetic/manifest.json,synthetic/syn-set_tuple_position_count-medium-02.cfl,2361b193106dc291d7dc80ec7d0336a942fa96feae9b8d8c13ff1e6e3be32c01
synthetic,syn-set_tuple_position_count-medium-03,181440,synthetic;stratified;stratum=set_tuple_position_count;family=set_tuple_position_count;difficulty=medium;domain=12;variant=3;seed=20260811;operatorcount=1;constraintcount=2;depth=1;set;tuple;position;count,problems/benchmarks/synthetic/manifest.json,synthetic/syn-set_tuple_position_count-medium-03.cfl,f7160dd5b149d945e45d47a1eb36b926135522784ef2115a6151e1c8825a6d2c
synthetic,syn-set_tuple_position_count-medium-04,864,synthetic;stratified;stratum=set_tuple_position_count;family=set_tuple_position_count;difficulty=medium;domain=12;variant=4;seed=20260811;operatorcount=1;constraintcount=2;depth=1;set;tuple;position;count,problems/benchmarks/synthetic/manifest.json,synthetic/syn-set_tuple_position_count-medium-04.cfl,1bf4b1846018ea5a61d6ddf62a68dbc308dfd2b9d1fb3bb9ca5115104a4a10fc
synthetic,syn-set_tuple_position_count-medium-05,252,synthetic;stratified;stratum=set_tuple_position_count;family=set_tuple_position_count;difficulty=medium;domain=12;variant=5;seed=20260811;operatorcount=1;constraintcount=2;depth=1;set;tuple;position;count,problems/benchmarks/synthetic/manifest.json,synthetic/syn-set_tuple_position_count-medium-05.cfl,15b7d493aea955afd8608574496416f49bc852211a2bcc8dacbf749cfa7958e4
synthetic,syn-set_tuple_position_count-medium-06,4032,synthetic;stratified;stratum=set_tuple_position_count;family=set_tuple_position_count;difficulty=medium;domain=12;variant=6;seed=20260811;operatorcount=1;constraintcount=2;depth=1;set;tuple;position;count,problems/benchmarks/synthetic/manifest.json,synthetic/syn-set_tuple_position_count-medium-06.cfl,f17aedcac317a8039c8b134b7746f2a0afa36e1f3324751156982e8c280f80fe
synthetic,syn-set_tuple_position_count-medium-07,423360,synthetic;stratified;stratum=set_tuple_position_count;family=set_tuple_position_count;difficulty=medium;domain=12;variant=7;seed=20260811;operatorcount=1;constraintcount=2;depth=1;set;tuple;position;count,problems/benchmarks/synthetic/manifest.json,synthetic/syn-set_tuple_position_count-medium-07.cfl,284947e5e76f63f3d8e66d4b0b950216d4511f5fdeb427c15a52ab2c1f7c0cbc
synthetic,syn-bag_tuple_multiplicity-medium-00,83160,synthetic;stratified;stratum=bag_tuple_multiplicity;family=bag_tuple_multiplicity;difficulty=medium;domain=12;variant=0;seed=20260811;operatorcount=2;constraintcount=1;depth=1;bag;tuple;set;choose;membership;decomposition,problems/benchmarks/synthetic/manifest.json,synthetic/syn-bag_tuple_multiplicity-medium-00.cfl,4d9db51168713feba57be718824f63698f37924350f11d530af702f54a670305
synthetic,syn-bag_tuple_multiplicity-medium-01,7920,synthetic;stratified;stratum=bag_tuple_multiplicity;family=bag_tuple_multiplicity;difficulty=medium;domain=12;variant=1;seed=20260811;operatorcount=2;constraintcount=1;depth=1;bag;tuple;set;choose;membership;decomposition,problems/benchmarks/synthetic/manifest.json,synthetic/syn-bag_tuple_multiplicity-medium-01.cfl,2ad38b898bb3a8c006ae624c2055398f3adb2f8218bd57f23ec264c09429c14d
synthetic,syn-bag_tuple_multiplicity-medium-02,528,synthetic;stratified;stratum=bag_tuple_multiplicity;family=bag_tuple_multiplicity;difficulty=medium;domain=12;variant=2;seed=20260811;operatorcount=2;constraintcount=1;depth=1;bag;tuple;set;choose;membership;decomposition,problems/benchmarks/synthetic/manifest.json,synthetic/syn-bag_tuple_multiplicity-medium-02.cfl,b695e447b4bc4f7c948c5c3e36a5278bf54d4173517827376851c1a7a8180e68
synthetic,syn-bag_tuple_multiplicity-medium-03,6600,synthetic;stratified;stratum=bag_tuple_multiplicity;family=bag_tuple_multiplicity;difficulty=medium;domain=12;variant=3;seed=20260811;operatorcount=2;constraintcount=1;depth=1;bag;tuple;set;choose;membership;decomposition,problems/benchmarks/synthetic/manifest.json,synthetic/syn-bag_tuple_multiplicity-medium-03.cfl,b0f0fbe0da891852ca619417a23676c14e2b17b225c96b6bc7ac4dee76280858
synthetic,syn-bag_tuple_multiplicity-medium-04,11880,synthetic;stratified;stratum=bag_tuple_multiplicity;family=bag_tuple_multiplicity;difficulty=medium;domain=12;variant=4;seed=20260811;operatorcount=2;constraintcount=1;depth=1;bag;tuple;set;choose;membership;decomposition,problems/benchmarks/synthetic/manifest.json,synthetic/syn-bag_tuple_multiplicity-medium-04.cfl,b53dbd92245c1523bbf387652b1056ab3eaf1d36266dd87d2f37a573436e10e0
synthetic,syn-bag_tuple_multiplicity-medium-05,5940,synthetic;stratified;stratum=bag_tuple_multiplicity;family=bag_tuple_multiplicity;difficulty=medium;domain=12;variant=5;seed=20260811;operatorcount=2;constraintcount=1;depth=1;bag;tuple;set;choose;membership;decomposition,problems/benchmarks/synthetic/manifest.json,synthetic/syn-bag_tuple_multiplicity-medium-05.cfl,1994c23457dc8d4f288c17f00d6fae727f78da33b85b900fa84e31239c4d37db
synthetic,syn-bag_tuple_multiplicity-medium-06,83160,synthetic;stratified;stratum=bag_tuple_multiplicity;family=bag_tuple_multiplicity;difficulty=medium;domain=12;variant=6;seed=20260811;operatorcount=2;constraintcount=1;depth=1;bag;tuple;set;choose;membership;decomposition,problems/benchmarks/synthetic/manifest.json,synthetic/syn-bag_tuple_multiplicity-medium-06.cfl,2d0d3d6e8e3135ac77aa2c1efda35253c1ad7f310314398aeb22a98a09fa9682
synthetic,syn-bag_tuple_multiplicity-medium-07,3300,synthetic;stratified;stratum=bag_tuple_multiplicity;family=bag_tuple_multiplicity;difficulty=medium;domain=12;variant=7;seed=20260811;operatorcount=2;constraintcount=1;depth=1;bag;tuple;set;choose;membership;decomposition,problems/benchmarks/synthetic/manifest.json,synthetic/syn-bag_tuple_multiplicity-medium-07.cfl,df99d645f8f4dec81a57c426180e0e4f234407b9ba2c7f5aa238b4786a5ef543
synthetic,syn-set_sequence_patterns-medium-00,9979200,synthetic;stratified;stratum=set_sequence_patterns;family=set_sequence_patterns;difficulty=medium;domain=12;variant=0;seed=20260811;operatorcount=1;constraintcount=4;depth=1;set;sequence;adjacency;order,problems/benchmarks/synthetic/manifest.json,synthetic/syn-set_sequence_patterns-medium-00.cfl,bb6c1256640c7192dbbac56bd55eb400d0a643107c11e2f3c4f860602c973c30
synthetic,syn-set_sequence_patterns-medium-01,9979200,synthetic;stratified;stratum=set_sequence_patterns;family=set_sequence_patterns;difficulty=medium;domain=12;variant=1;seed=20260811;operatorcount=1;constraintcount=4;depth=1;set;sequence;adjacency;order,problems/benchmarks/synthetic/manifest.json,synthetic/syn-set_sequence_patterns-medium-01.cfl,45d9802b903c2869918cecaa3b6af3d623266879783e1a27d466b3f60352e78a
synthetic,syn-set_sequence_patterns-medium-02,19958400,synthetic;stratified;stratum=set_sequence_patterns;family=set_sequence_patterns;difficulty=medium;domain=12;variant=2;seed=20260811;operatorcount=1;constraintcount=3;depth=1;set;sequence;adjacency;order,problems/benchmarks/synthetic/manifest.json,synthetic/syn-set_sequence_patterns-medium-02.cfl,42916db428ed5c37e8fb0efae3fcb218c7738bbcf3e7acf3e1540ffae85671c3
synthetic,syn-set_sequence_patterns-medium-03,9979200,synthetic;stratified;stratum=set_sequence_patterns;family=set_sequence_patterns;difficulty=medium;domain=12;variant=3;seed=20260811;operatorcount=1;constraintcount=4;depth=1;set;sequence;adjacency;order,problems/benchmarks/synthetic/manifest.json,synthetic/syn-set_sequence_patterns-medium-03.cfl,9a4d57c02cab326ce53107396f0627a50f240bfce91bf30bdaf46b9195ac032a
synthetic,syn-set_sequence_patterns-medium-04,39916800,synthetic;stratified;stratum=set_sequence_patterns;family=set_sequence_patterns;difficulty=medium;domain=12;variant=4;seed=20260811;operatorcount=1;constraintcount=2;depth=1;set;sequence;adjacency;order,problems/benchmarks/synthetic/manifest.json,synthetic/syn-set_sequence_patterns-medium-04.cfl,494fc0de1da00ecf288a1f578c60ab9d37e87ac7de8b663728dd992b0b87b91e
synthetic,syn-set_sequence_patterns-medium-05,19958400,synthetic;stratified;stratum=set_sequence_patterns;family=set_sequence_patterns;difficulty=medium;domain=12;variant=5;seed=20260811;operatorcount=1;constraintcount=3;depth=1;set;sequence;adjacency;order,problems/benchmarks/synthetic/manifest.json,synthetic/syn-set_sequence_patterns-medium-05.cfl,2044e4d6180f27606606a6c77297e82d2b392ec408938785e6ec87d51cc56274
synthetic,syn-set_sequence_patterns-medium-06,39916800,synthetic;stratified;stratum=set_sequence_patterns;family=set_sequence_patterns;difficulty=medium;domain=12;variant=6;seed=20260811;operatorcount=1;constraintcount=2;depth=1;set;sequence;adjacency;order,problems/benchmarks/synthetic/manifest.json,synthetic/syn-set_sequence_patterns-medium-06.cfl,ddbbdfd3ab5273030990e03a1bed7044ee241ec4561d430759ce50f50d702cca
synthetic,syn-set_sequence_patterns-medium-07,19958400,synthetic;stratified;stratum=set_sequence_patterns;family=set_sequence_patterns;difficulty=medium;domain=12;variant=7;seed=20260811;operatorcount=1;constraintcount=3;depth=1;set;sequence;adjacency;order,problems/benchmarks/synthetic/manifest.json,synthetic/syn-set_sequence_patterns-medium-07.cfl,14d4acbf82bb3c2d806f03b28cc5c23f903261dad3274decf351afd0860b6cff
synthetic,syn-bag_sequence_adjacency-medium-00,18480,synthetic;stratified;stratum=bag_sequence_adjacency;family=bag_sequence_adjacency;difficulty=medium;domain=12;variant=0;seed=20260811;operatorcount=1;constraintcount=1;depth=1;bag;sequence;adjacency,problems/benchmarks/synthetic/manifest.json,synthetic/syn-bag_sequence_adjacency-medium-00.cfl,7d8d61f6076331a0b45fff3f04bc2e563962780a60e272944a4a01d6d5ebf6d1
synthetic,syn-bag_sequence_adjacency-medium-01,7920,synthetic;stratified;stratum=bag_sequence_adjacency;family=bag_sequence_adjacency;difficulty=medium;domain=12;variant=1;seed=20260811;operatorcount=1;constraintcount=1;depth=1;bag;sequence;adjacency,problems/benchmarks/synthetic/manifest.json,synthetic/syn-bag_sequence_adjacency-medium-01.cfl,901ee1f65b00c3ff99e9922005eca7f69cf87e4a460e9a189a4b3c5cd4a697e1
synthetic,syn-bag_sequence_adjacency-medium-02,27720,synthetic;stratified;stratum=bag_sequence_adjacency;family=bag_sequence_adjacency;difficulty=medium;domain=12;variant=2;seed=20260811;operatorcount=1;constraintcount=1;depth=1;bag;sequence;adjacency,problems/benchmarks/synthetic/manifest.json,synthetic/syn-bag_sequence_adjacency-medium-02.cfl,c77ad020cd2c3bbedd1bbe48213e20a284d6cf82eefead2fe88b03303842dbfc
synthetic,syn-bag_sequence_adjacency-medium-03,69300,synthetic;stratified;stratum=bag_sequence_adjacency;family=bag_sequence_adjacency;difficulty=medium;domain=12;variant=3;seed=20260811;operatorcount=1;constraintcount=1;depth=1;bag;sequence;adjacency,problems/benchmarks/synthetic/manifest.json,synthetic/syn-bag_sequence_adjacency-medium-03.cfl,fa7fd3bce56dad3321dd3790322baf89cab6bfdea6888122a0d0c6b4102563b0
synthetic,syn-bag_sequence_adjacency-medium-04,7920,synthetic;stratified;stratum=bag_sequence_adjacency;family=bag_sequence_adjacency;difficulty=medium;domain=12;variant=4;seed=20260811;operatorcount=1;constraintcount=1;depth=1;bag;sequence;adjacency,problems/benchmarks/synthetic/manifest.json,synthetic/syn-bag_sequence_adjacency-medium-04.cfl,3832a31d3037094c45e8310f9cedf3fee7ec042e99d8e325e29ac576e9614d59
synthetic,syn-bag_sequence_adjacency-medium-05,7920,synthetic;stratified;stratum=bag_sequence_adjacency;family=bag_sequence_adjacency;difficulty=medium;domain=12;variant=5;seed=20260811;operatorcount=1;constraintcount=1;depth=1;bag;sequence;adjacency,problems/benchmarks/synthetic/manifest.json,synthetic/syn-bag_sequence_adjacency-medium-05.cfl,54ecee5bf8b7425a901187ef835235aae5b98c86026fc8324c132b7b73a09a87
synthetic,syn-bag_sequence_adjacency-medium-06,27720,synthetic;stratified;stratum=bag_sequence_adjacency;family=bag_sequence_adjacency;difficulty=medium;domain=12;variant=6;seed=20260811;operatorcount=1;constraintcount=1;depth=1;bag;sequence;adjacency,problems/benchmarks/synthetic/manifest.json,synthetic/syn-bag_sequence_adjacency-medium-06.cfl,d3a10032abc1464ab6be5e05c1a30f1976165d33149f2c20b906220e64b239f7
synthetic,syn-bag_sequence_adjacency-medium-07,92400,synthetic;stratified;stratum=bag_sequence_adjacency;family=bag_sequence_adjacency;difficulty=medium;domain=12;variant=7;seed=20260811;operatorcount=1;constraintcount=1;depth=1;bag;sequence;adjacency,problems/benchmarks/synthetic/manifest.json,synthetic/syn-bag_sequence_adjacency-medium-07.cfl,9230334ebe640476946c4b18456f58168fb474829bde7aff3fc87be32797dde5
synthetic,syn-set_partition_min_size-medium-00,462,synthetic;stratified;stratum=set_partition_min_size;family=set_partition_min_size;difficulty=medium;domain=12;variant=0;seed=20260811;operatorcount=1;constraintcount=1;depth=1;set;partition;size,problems/benchmarks/synthetic/manifest.json,synthetic/syn-set_partition_min_size-medium-00.cfl,7a9b1c75e123bc283deb64eede06c6977c14ca38d32aa13c1fdd8bd284eaf73e
synthetic,syn-set_partition_min_size-medium-01,15400,synthetic;stratified;stratum=set_partition_min_size;family=set_partition_min_size;difficulty=medium;domain=12;variant=1;seed=20260811;operatorcount=1;constraintcount=1;depth=1;set;partition;size,problems/benchmarks/synthetic/manifest.json,synthetic/syn-set_partition_min_size-medium-01.cfl,074e08c256a54ae1e23baa30cd62b55b2e7e461abfb2a2058527c1ff9a92230f
synthetic,syn-set_partition_min_size-medium-02,86526,synthetic;stratified;stratum=set_partition_min_size;family=set_partition_min_size;difficulty=medium;domain=12;variant=2;seed=20260811;operatorcount=1;constraintcount=1;depth=1;set;partition;size,problems/benchmarks/synthetic/manifest.json,synthetic/syn-set_partition_min_size-medium-02.cfl,3d4e3cb53595fd89aa5c4d0f623e0e94f42a80a8792214c55aaec9cfcbb3d882
synthetic,syn-set_partition_min_size-medium-03,74316,synthetic;stratified;stratum=set_partition_min_size;family=set_partition_min_size;difficulty=medium;domain=12;variant=3;seed=20260811;operatorcount=1;constraintcount=1;depth=1;set;partition;size,problems/benchmarks/synthetic/manifest.json,synthetic/syn-set_partition_min_size-medium-03.cfl,9ea5dd814d30b3bcf930d7fdae80f4147e7e4616bbe378218586e341dc540186
synthetic,syn-set_partition_min_size-medium-04,611501,synthetic;stratified;stratum=set_partition_min_size;family=set_partition_min_size;difficulty=medium;domain=12;variant=4;seed=20260811;operatorcount=1;constraintcount=1;depth=1;set;partition;size,problems/benchmarks/synthetic/manifest.json,synthetic/syn-set_partition_min_size-medium-04.cfl,7f082211c4ae3c6c66732686236cd14f6a760b9537f9f221e94914fea42d116a
synthetic,syn-set_partition_min_size-medium-05,42735,synthetic;stratified;stratum=set_partition_min_size;family=set_partition_min_size;difficulty=medium;domain=12;variant=5;seed=20260811;operatorcount=1;constraintcount=1;depth=1;set;partition;size,problems/benchmarks/synthetic/manifest.json,synthetic/syn-set_partition_min_size-medium-05.cfl,186bc19328dbef96bd10da4d0d754b6de9c7b7aaf57119bd9799b7d3ea67bdd1
synthetic,syn-set_partition_min_size-medium-06,5775,synthetic;stratified;stratum=set_partition_min_size;family=set_partition_min_size;difficulty=medium;domain=12;variant=6;seed=20260811;operatorcount=1;constraintcount=1;depth=1;set;partition;size,problems/benchmarks/synthetic/manifest.json,synthetic/syn-set_partition_min_size-medium-06.cfl,132f8b701a3f2454aacc3d20d5701772d6af02b832d64783a6fb9e5a030c8ac3
synthetic,syn-set_partition_min_size-medium-07,302995,synthetic;stratified;stratum=set_partition_min_size;family=set_partition_min_size;difficulty=medium;domain=12;variant=7;seed=20260811;operatorcount=1;constraintcount=1;depth=1;set;partition;size,problems/benchmarks/synthetic/manifest.json,synthetic/syn-set_partition_min_size-medium-07.cfl,a3e38a3086a1606252a088cfe5a7fe5103ae30a81442cef8feca8faef33a5129
synthetic,syn-set_composition_sizes-medium-00,495,synthetic;stratified;stratum=set_composition_sizes;family=set_composition_sizes;difficulty=medium;domain=12;variant=0;seed=20260811;operatorcount=1;constraintcount=2;depth=1;set;composition;size,problems/benchmarks/synthetic/manifest.json,synthetic/syn-set_composition_sizes-medium-00.cfl,f610f2ef1f5d9385fc606cc04813bdc997701efa6dbe64002551f71528f4299d
synthetic,syn-set_composition_sizes-medium-01,3960,synthetic;stratified;stratum=set_composition_sizes;family=set_composition_sizes;difficulty=medium;domain=12;variant=1;seed=20260811;operatorcount=1;constraintcount=3;depth=1;set;composition;size,problems/benchmarks/synthetic/manifest.json,synthetic/syn-set_composition_sizes-medium-01.cfl,ef1384940700d821d7e5a24c23c61eb4766784ed382b64262c38aed1ca0fd6cb
synthetic,syn-set_composition_sizes-medium-02,23760,synthetic;stratified;stratum=set_composition_sizes;family=set_composition_sizes;difficulty=medium;domain=12;variant=2;seed=20260811;operatorcount=1;constraintcount=4;depth=1;set;composition;size,problems/benchmarks/synthetic/manifest.json,synthetic/syn-set_composition_sizes-medium-02.cfl,be27838ad6b6b4fd9b9aa672fb79aa1f061e9d68eead8a7d276b77d45e9cde08
synthetic,syn-set_composition_sizes-medium-03,12,synthetic;stratified;stratum=set_composition_sizes;family=set_composition_sizes;difficulty=medium;domain=12;variant=3;seed=20260811;operatorcount=1;constraintcount=2;depth=1;set;composition;size,problems/benchmarks/synthetic/manifest.json,synthetic/syn-set_composition_sizes-medium-03.cfl,3011c8a84c02707577916d08df03734857c47df9845c53cdae1a720d71f30053
synthetic,syn-set_composition_sizes-medium-04,660,synthetic;stratified;stratum=set_composition_sizes;family=set_composition_sizes;difficulty=medium;domain=12;variant=4;seed=20260811;operatorcount=1;constraintcount=3;depth=1;set;composition;size,problems/benchmarks/synthetic/manifest.json,synthetic/syn-set_composition_sizes-medium-04.cfl,6d74ca428f1e38ac75c881087880f01d1e30b8150ca54a1c6e3ad9c487c1b5f0
synthetic,syn-set_composition_sizes-medium-05,495,synthetic;stratified;stratum=set_composition_sizes;family=set_composition_sizes;difficulty=medium;domain=12;variant=5;seed=20260811;operatorcount=1;constraintcount=2;depth=1;set;composition;size,problems/benchmarks/synthetic/manifest.json,synthetic/syn-set_composition_sizes-medium-05.cfl,3dd2bc431c7e4e5da88ec277219b0b69154245ea2bb415ee40231a358c6b2ce7
synthetic,syn-set_composition_sizes-medium-06,138600,synthetic;stratified;stratum=set_composition_sizes;family=set_composition_sizes;difficulty=medium;domain=12;variant=6;seed=20260811;operatorcount=1;constraintcount=4;depth=1;set;composition;size,problems/benchmarks/synthetic/manifest.json,synthetic/syn-set_composition_sizes-medium-06.cfl,8a87f393f847829116ab4a772cbcd80845638b364b3ba47407a3215d589d0b97
synthetic,syn-set_composition_sizes-medium-07,332640,synthetic;stratified;stratum=set_composition_sizes;family=set_composition_sizes;difficulty=medium;domain=12;variant=7;seed=20260811;operatorcount=1;constraintcount=5;depth=1;set;composition;size,problems/benchmarks/synthetic/manifest.json,synthetic/syn-set_composition_sizes-medium-07.cfl,6ea9df2297aadc6164f82a54faff3335a9a53f17e921f44139bad883e780e9a3
synthetic,syn-dependent_choice_disjoint-medium-00,15840,synthetic;stratified;stratum=dependent_choice_disjoint;family=dependent_choice_disjoint;difficulty=medium;domain=12;variant=0;seed=20260811;operatorcount=3;constraintcount=1;depth=2;set;choose;disjoint;dependent_configuration;outside_cola_fragment,problems/benchmarks/synthetic/manifest.json,synthetic/syn-dependent_choice_disjoint-medium-00.cfl,21c998f6520540116bad4e75539d2c5fa1b765395deaafc5bd6da0f8328fd369
synthetic,syn-dependent_choice_disjoint-medium-01,5940,synthetic;stratified;stratum=dependent_choice_disjoint;family=dependent_choice_disjoint;difficulty=medium;domain=12;variant=1;seed=20260811;operatorcount=3;constraintcount=1;depth=2;set;choose;disjoint;dependent_configuration;outside_cola_fragment,problems/benchmarks/synthetic/manifest.json,synthetic/syn-dependent_choice_disjoint-medium-01.cfl,ada676dc32da73fe59802c29f9fef9f51f6bb49d3d8cb931aacf3d20bca98c8c
synthetic,syn-dependent_choice_disjoint-medium-02,83160,synthetic;stratified;stratum=dependent_choice_disjoint;family=dependent_choice_disjoint;difficulty=medium;domain=12;variant=2;seed=20260811;operatorcount=3;constraintcount=1;depth=2;set;choose;disjoint;dependent_configuration;outside_cola_fragment,problems/benchmarks/synthetic/manifest.json,synthetic/syn-dependent_choice_disjoint-medium-02.cfl,c09952dd630fb2f0487ce6a4f73b5b2aa160c140b7489a18ebf6c035389d2b09
synthetic,syn-dependent_choice_disjoint-medium-03,5940,synthetic;stratified;stratum=dependent_choice_disjoint;family=dependent_choice_disjoint;difficulty=medium;domain=12;variant=3;seed=20260811;operatorcount=3;constraintcount=1;depth=2;set;choose;disjoint;dependent_configuration;outside_cola_fragment,problems/benchmarks/synthetic/manifest.json,synthetic/syn-dependent_choice_disjoint-medium-03.cfl,669b4ba6786ca9c35923a5f1a0c38757ea06687d4e55e13854f0063aebcac6fc
synthetic,syn-dependent_choice_disjoint-medium-04,33264,synthetic;stratified;stratum=dependent_choice_disjoint;family=dependent_choice_disjoint;difficulty=medium;domain=12;variant=4;seed=20260811;operatorcount=3;constraintcount=1;depth=2;set;choose;disjoint;dependent_configuration;outside_cola_fragment,problems/benchmarks/synthetic/manifest.json,synthetic/syn-dependent_choice_disjoint-medium-04.cfl,b62115e68730f2a2ac0741b2df0997ac27198edbfce160e1cd32a3c9069b5850
synthetic,syn-dependent_choice_disjoint-medium-05,33264,synthetic;stratified;stratum=dependent_choice_disjoint;family=dependent_choice_disjoint;difficulty=medium;domain=12;variant=5;seed=20260811;operatorcount=3;constraintcount=1;depth=2;set;choose;disjoint;dependent_configuration;outside_cola_fragment,problems/benchmarks/synthetic/manifest.json,synthetic/syn-dependent_choice_disjoint-medium-05.cfl,467eee275355f6dd5d48d3f92faf4331dbcf731925b21d1f07a1f93277d8be67
synthetic,syn-dependent_choice_disjoint-medium-06,27720,synthetic;stratified;stratum=dependent_choice_disjoint;family=dependent_choice_disjoint;difficulty=medium;domain=12;variant=6;seed=20260811;operatorcount=3;constraintcount=1;depth=2;set;choose;disjoint;dependent_configuration;outside_cola_fragment,problems/benchmarks/synthetic/manifest.json,synthetic/syn-dependent_choice_disjoint-medium-06.cfl,7af3df2db84147467f65e699e232ff9d49d31166302eda3dffa0cfc940739a4b
synthetic,syn-dependent_choice_disjoint-medium-07,55440,synthetic;stratified;stratum=dependent_choice_disjoint;family=dependent_choice_disjoint;difficulty=medium;domain=12;variant=7;seed=20260811;operatorcount=3;constraintcount=1;depth=2;set;choose;disjoint;dependent_configuration;outside_cola_fragment,problems/benchmarks/synthetic/manifest.json,synthetic/syn-dependent_choice_disjoint-medium-07.cfl,761f9e9c6b7e253c292c592e71be3b19f18cd98a44af2f834307103fa19f517b
synthetic,syn-dependent_tuple_position_count-medium-00,432,synthetic;stratified;stratum=dependent_tuple_position_count;family=dependent_tuple_position_count;difficulty=medium;domain=12;variant=0;seed=20260811;operatorcount=2;constraintcount=2;depth=2;set;choose;tuple;position;count;dependent_configuration;outside_cola_fragment,problems/benchmarks/synthetic/manifest.json,synthetic/syn-dependent_tuple_position_count-medium-00.cfl,922b11461560b14e5daceb4a9f6871eb22aadb06d9e382185578734191767f27
synthetic,syn-dependent_tuple_position_count-medium-01,864,synthetic;stratified;stratum=dependent_tuple_position_count;family=dependent_tuple_position_count;difficulty=medium;domain=12;variant=1;seed=20260811;operatorcount=2;constraintcount=2;depth=2;set;choose;tuple;position;count;dependent_configuration;outside_cola_fragment,problems/benchmarks/synthetic/manifest.json,synthetic/syn-dependent_tuple_position_count-medium-01.cfl,8bd755f745d59ebebad4830d0302fe502f5fa57e621d0002971e2f6d698a9747
synthetic,syn-dependent_tuple_position_count-medium-02,144,synthetic;stratified;stratum=dependent_tuple_position_count;family=dependent_tuple_position_count;difficulty=medium;domain=12;variant=2;seed=20260811;operatorcount=2;constraintcount=2;depth=2;set;choose;tuple;position;count;dependent_configuration;outside_cola_fragment,problems/benchmarks/synthetic/manifest.json,synthetic/syn-dependent_tuple_position_count-medium-02.cfl,d8323467fa14fd5be301b23eb3924437460f5f9b6d363b6ca5b895f342eaddb8
synthetic,syn-dependent_tuple_position_count-medium-03,75600,synthetic;stratified;stratum=dependent_tuple_position_count;family=dependent_tuple_position_count;difficulty=medium;domain=12;variant=3;seed=20260811;operatorcount=2;constraintcount=2;depth=2;set;choose;tuple;position;count;dependent_configuration;outside_cola_fragment,problems/benchmarks/synthetic/manifest.json,synthetic/syn-dependent_tuple_position_count-medium-03.cfl,241fa8ef5ee7d9d59de2703daea66d1d0ab854b6d3e2b177d17f1f8cab63caa0
synthetic,syn-dependent_tuple_position_count-medium-04,450,synthetic;stratified;stratum=dependent_tuple_position_count;family=dependent_tuple_position_count;difficulty=medium;domain=12;variant=4;seed=20260811;operatorcount=2;constraintcount=2;depth=2;set;choose;tuple;position;count;dependent_configuration;outside_cola_fragment,problems/benchmarks/synthetic/manifest.json,synthetic/syn-dependent_tuple_position_count-medium-04.cfl,9cb58965614800e86d6f64c84cfc7ba4a418a47c86f7d9890a5b0402b6809e69
synthetic,syn-dependent_tuple_position_count-medium-05,705600,synthetic;stratified;stratum=dependent_tuple_position_count;family=dependent_tuple_position_count;difficulty=medium;domain=12;variant=5;seed=20260811;operatorcount=2;constraintcount=2;depth=2;set;choose;tuple;position;count;dependent_configuration;outside_cola_fragment,problems/benchmarks/synthetic/manifest.json,synthetic/syn-dependent_tuple_position_count-medium-05.cfl,c1186bacbd6af43dcf646f1448dabd4480be12c404ee691ba4904e673b7f1716
synthetic,syn-dependent_tuple_position_count-medium-06,4032,synthetic;stratified;stratum=dependent_tuple_position_count;family=dependent_tuple_position_count;difficulty=medium;domain=12;variant=6;seed=20260811;operatorcount=2;constraintcount=2;depth=2;set;choose;tuple;position;count;dependent_configuration;outside_cola_fragment,problems/benchmarks/synthetic/manifest.json,synthetic/syn-dependent_tuple_position_count-medium-06.cfl,35a7757b44230c6f52fc0395872760a4a8e1da83e6993bd072bee4a08352b3f3
synthetic,syn-dependent_tuple_position_count-medium-07,192,synthetic;stratified;stratum=dependent_tuple_position_count;family=dependent_tuple_position_count;difficulty=medium;domain=12;variant=7;seed=20260811;operatorcount=2;constraintcount=2;depth=2;set;choose;tuple;position;count;dependent_configuration;outside_cola_fragment,problems/benchmarks/synthetic/manifest.json,synthetic/syn-dependent_tuple_position_count-medium-07.cfl,91208d17f79d17d90e3fd136ae946b25738f922d09f01f2b069729fc49f7a9b6
synthetic,syn-dependent_sequence_patterns-medium-00,37800,synthetic;stratified;stratum=dependent_sequence_patterns;family=dependent_sequence_patterns;difficulty=medium;domain=12;variant=0;seed=20260811;operatorcount=2;constraintcount=9;depth=2;set;choose;sequence;adjacency;order;dependent_configuration;outside_cola_fragment,problems/benchmarks/synthetic/manifest.json,synthetic/syn-dependent_sequence_patterns-medium-00.cfl,90907fecc39f42dffbf5eeb1bfdde1ae22778114088ff5185716720d586cb330
synthetic,syn-dependent_sequence_patterns-medium-01,2160,synthetic;stratified;stratum=dependent_sequence_patterns;family=dependent_sequence_patterns;difficulty=medium;domain=12;variant=1;seed=20260811;operatorcount=2;constraintcount=9;depth=2;set;choose;sequence;adjacency;order;dependent_configuration;outside_cola_fragment,problems/benchmarks/synthetic/manifest.json,synthetic/syn-dependent_sequence_patterns-medium-01.cfl,fb12bbf60859dc29caedd3c6c1b64fdea56276df8f520645bf76db8595d7d070
synthetic,syn-dependent_sequence_patterns-medium-02,2721600,synthetic;stratified;stratum=dependent_sequence_patterns;family=dependent_sequence_patterns;difficulty=medium;domain=12;variant=2;seed=20260811;operatorcount=2;constraintcount=9;depth=2;set;choose;sequence;adjacency;order;dependent_configuration;outside_cola_fragment,problems/benchmarks/synthetic/manifest.json,synthetic/syn-dependent_sequence_patterns-medium-02.cfl,b696e0548c466b169f3af2ceaebc6eceae26134b68d052490b1c0084222b2346
synthetic,syn-dependent_sequence_patterns-medium-03,2257920,synthetic;stratified;stratum=dependent_sequence_patterns;family=dependent_sequence_patterns;difficulty=medium;domain=12;variant=3;seed=20260811;operatorcount=2;constraintcount=6;depth=2;set;choose;sequence;adjacency;order;dependent_configuration;outside_cola_fragment,problems/benchmarks/synthetic/manifest.json,synthetic/syn-dependent_sequence_patterns-medium-03.cfl,7cc29b2d163b4d28d76cf64f9ff794829543bf33f1ec46974227bf33a4421e1e
synthetic,syn-dependent_sequence_patterns-medium-04,10160640,synthetic;stratified;stratum=dependent_sequence_patterns;family=dependent_sequence_patterns;difficulty=medium;domain=12;variant=4;seed=20260811;operatorcount=2;constraintcount=6;depth=2;set;choose;sequence;adjacency;order;dependent_configuration;outside_cola_fragment,problems/benchmarks/synthetic/manifest.json,synthetic/syn-dependent_sequence_patterns-medium-04.cfl,4953dfe0c1cc13cc211789d09215fcf1b5d8c7bcc427083c088b70d76efec7ce
synthetic,syn-dependent_sequence_patterns-medium-05,40320,synthetic;stratified;stratum=dependent_sequence_patterns;family=dependent_sequence_patterns;difficulty=medium;domain=12;variant=5;seed=20260811;operatorcount=2;constraintcount=6;depth=2;set;choose;sequence;adjacency;order;dependent_configuration;outside_cola_fragment,problems/benchmarks/synthetic/manifest.json,synthetic/syn-dependent_sequence_patterns-medium-05.cfl,4d46a5667aa270a384fb42659bc65a0b9de0999e45bb67e816e676c14341f65e
synthetic,syn-dependent_sequence_patterns-medium-06,2160,synthetic;stratified;stratum=dependent_sequence_patterns;family=dependent_sequence_patterns;difficulty=medium;domain=12;variant=6;seed=20260811;operatorcount=2;constraintcount=9;depth=2;set;choose;sequence;adjacency;order;dependent_configuration;outside_cola_fragment,problems/benchmarks/synthetic/manifest.json,synthetic/syn-dependent_sequence_patterns-medium-06.cfl,40b143ba850ad416eb4da87caf13a4904bf01733f51364fda3f1a1f5e47bd533
synthetic,syn-dependent_sequence_patterns-medium-07,40320,synthetic;stratified;stratum=dependent_sequence_patterns;family=dependent_sequence_patterns;difficulty=medium;domain=12;variant=7;seed=20260811;operatorcount=2;constraintcount=12;depth=2;set;choose;sequence;adjacency;order;dependent_configuration;outside_cola_fragment,problems/benchmarks/synthetic/manifest.json,synthetic/syn-dependent_sequence_patterns-medium-07.cfl,a1f79d77c7aed5c98f465942de0e793b4c8065554be230c39b8b7f281083fa87
synthetic,syn-dependent_partition_min_size-medium-00,478170,synthetic;stratified;stratum=dependent_partition_min_size;family=dependent_partition_min_size;difficulty=medium;domain=12;variant=0;seed=20260811;operatorcount=2;constraintcount=1;depth=2;set;choose;partition;size;dependent_configuration;outside_cola_fragment,problems/benchmarks/synthetic/manifest.json,synthetic/syn-dependent_partition_min_size-medium-00.cfl,e353063b92b749f7fc231497bf21d2107e42b3ad1adf7abe46e087ead83ceb62
synthetic,syn-dependent_partition_min_size-medium-01,275220,synthetic;stratified;stratum=dependent_partition_min_size;family=dependent_partition_min_size;difficulty=medium;domain=12;variant=1;seed=20260811;operatorcount=2;constraintcount=1;depth=2;set;choose;partition;size;dependent_configuration;outside_cola_fragment,problems/benchmarks/synthetic/manifest.json,synthetic/syn-dependent_partition_min_size-medium-01.cfl,ea769ad105741c8a70ba065ca4c5e5e01707054530425dfcba3e20eee2d27efd
synthetic,syn-dependent_partition_min_size-medium-02,12276,synthetic;stratified;stratum=dependent_partition_min_size;family=dependent_partition_min_size;difficulty=medium;domain=12;variant=2;seed=20260811;operatorcount=2;constraintcount=1;depth=2;set;choose;partition;size;dependent_configuration;outside_cola_fragment,problems/benchmarks/synthetic/manifest.json,synthetic/syn-dependent_partition_min_size-medium-02.cfl,75e88bbe74517b41b0ccacc67859ee3179db738665cc905e4f3c7a4c714d47d5
synthetic,syn-dependent_partition_min_size-medium-03,33066,synthetic;stratified;stratum=dependent_partition_min_size;family=dependent_partition_min_size;difficulty=medium;domain=12;variant=3;seed=20260811;operatorcount=2;constraintcount=1;depth=2;set;choose;partition;size;dependent_configuration;outside_cola_fragment,problems/benchmarks/synthetic/manifest.json,synthetic/syn-dependent_partition_min_size-medium-03.cfl,1f796dc4f3e7b67a23762265a2896ad058d7fecfb2053ff8c87ed063728f808a
synthetic,syn-dependent_partition_min_size-medium-04,238392,synthetic;stratified;stratum=dependent_partition_min_size;family=dependent_partition_min_size;difficulty=medium;domain=12;variant=4;seed=20260811;operatorcount=2;constraintcount=1;depth=2;set;choose;partition;size;dependent_configuration;outside_cola_fragment,problems/benchmarks/synthetic/manifest.json,synthetic/syn-dependent_partition_min_size-medium-04.cfl,c7618f4985edfa24cafd7b0d95ace96ce3248a7a4bfadf7cf95a0c5435aaef51
synthetic,syn-dependent_partition_min_size-medium-05,421960,synthetic;stratified;stratum=dependent_partition_min_size;family=dependent_partition_min_size;difficulty=medium;domain=12;variant=5;seed=20260811;operatorcount=2;constraintcount=1;depth=2;set;choose;partition;size;dependent_configuration;outside_cola_fragment,problems/benchmarks/synthetic/manifest.json,synthetic/syn-dependent_partition_min_size-medium-05.cfl,b027fc15724946b3480bb4a2f3df6d98178d6ae39ae2f2b724a9407fc77d2179
synthetic,syn-dependent_partition_min_size-medium-06,11880,synthetic;stratified;stratum=dependent_partition_min_size;family=dependent_partition_min_size;difficulty=medium;domain=12;variant=6;seed=20260811;operatorcount=2;constraintcount=1;depth=2;set;choose;partition;size;dependent_configuration;outside_cola_fragment,problems/benchmarks/synthetic/manifest.json,synthetic/syn-dependent_partition_min_size-medium-06.cfl,c326e1da3f7dea4de3bb17bb1c24c10bb9965fc65b5c093474b4c845cdb3b7f0
synthetic,syn-dependent_partition_min_size-medium-07,841995,synthetic;stratified;stratum=dependent_partition_min_size;family=dependent_partition_min_size;difficulty=medium;domain=12;variant=7;seed=20260811;operatorcount=2;constraintcount=1;depth=2;set;choose;partition;size;dependent_configuration;outside_cola_fragment,problems/benchmarks/synthetic/manifest.json,synthetic/syn-dependent_partition_min_size-medium-07.cfl,64f775b248645f485956c8cce5d496533902703ca5536248825472c0985010c6
synthetic,syn-dependent_composition_sizes-medium-00,332640,synthetic;stratified;stratum=dependent_composition_sizes;family=dependent_composition_sizes;difficulty=medium;domain=12;variant=0;seed=20260811;operatorcount=2;constraintcount=4;depth=2;set;choose;composition;size;dependent_configuration;outside_cola_fragment,problems/benchmarks/synthetic/manifest.json,synthetic/syn-dependent_composition_sizes-medium-00.cfl,3d08f4a7b580fec089eab55e0e40c04e8b27990d719d724e1dc67e2ffe22a0ba
synthetic,syn-dependent_composition_sizes-medium-01,332640,synthetic;stratified;stratum=dependent_composition_sizes;family=dependent_composition_sizes;difficulty=medium;domain=12;variant=1;seed=20260811;operatorcount=2;constraintcount=4;depth=2;set;choose;composition;size;dependent_configuration;outside_cola_fragment,problems/benchmarks/synthetic/manifest.json,synthetic/syn-dependent_composition_sizes-medium-01.cfl,78f90115975a2790c96b5a8ba68668096ad15a19b954af07bf2c1eac95d3477c
synthetic,syn-dependent_composition_sizes-medium-02,138600,synthetic;stratified;stratum=dependent_composition_sizes;family=dependent_composition_sizes;difficulty=medium;domain=12;variant=2;seed=20260811;operatorcount=2;constraintcount=3;depth=2;set;choose;composition;size;dependent_configuration;outside_cola_fragment,problems/benchmarks/synthetic/manifest.json,synthetic/syn-dependent_composition_sizes-medium-02.cfl,ec8df6bfef38a54bcc6ae44262b2e80cb05d32a4dab57c7aa8bec394478ad9c8
synthetic,syn-dependent_composition_sizes-medium-03,2494800,synthetic;stratified;stratum=dependent_composition_sizes;family=dependent_composition_sizes;difficulty=medium;domain=12;variant=3;seed=20260811;operatorcount=2;constraintcount=5;depth=2;set;choose;composition;size;dependent_configuration;outside_cola_fragment,problems/benchmarks/synthetic/manifest.json,synthetic/syn-dependent_composition_sizes-medium-03.cfl,cfb0a3d69923e5f87b00a8627c852dc1948968ae2e8286a1ae6bad21e3f0d394
synthetic,syn-dependent_composition_sizes-medium-04,660,synthetic;stratified;stratum=dependent_composition_sizes;family=dependent_composition_sizes;difficulty=medium;domain=12;variant=4;seed=20260811;operatorcount=2;constraintcount=2;depth=2;set;choose;composition;size;dependent_configuration;outside_cola_fragment,problems/benchmarks/synthetic/manifest.json,synthetic/syn-dependent_composition_sizes-medium-04.cfl,a648598f044d02c1e2cc73dbcbfefbd09574b939e7317bcccc86a3a4349ed4ac
synthetic,syn-dependent_composition_sizes-medium-05,15840,synthetic;stratified;stratum=dependent_composition_sizes;family=dependent_composition_sizes;difficulty=medium;domain=12;variant=5;seed=20260811;operatorcount=2;constraintcount=3;depth=2;set;choose;composition;size;dependent_configuration;outside_cola_fragment,problems/benchmarks/synthetic/manifest.json,synthetic/syn-dependent_composition_sizes-medium-05.cfl,0b6f36286a5c0290480b94cc1c3359751087baf3235c8e329e2a4fe5f325168d
synthetic,syn-dependent_composition_sizes-medium-06,332640,synthetic;stratified;stratum=dependent_composition_sizes;family=dependent_composition_sizes;difficulty=medium;domain=12;variant=6;seed=20260811;operatorcount=2;constraintcount=5;depth=2;set;choose;composition;size;dependent_configuration;outside_cola_fragment,problems/benchmarks/synthetic/manifest.json,synthetic/syn-dependent_composition_sizes-medium-06.cfl,5c19c7ca0d7786e3af5c3e0e7cebff2da4f1badc42411ead134fde0e90a94ed2
synthetic,syn-dependent_composition_sizes-medium-07,27720,synthetic;stratified;stratum=dependent_composition_sizes;family=dependent_composition_sizes;difficulty=medium;domain=12;variant=7;seed=20260811;operatorcount=2;constraintcount=2;depth=2;set;choose;composition;size;dependent_configuration;outside_cola_fragment,problems/benchmarks/synthetic/manifest.json,synthetic/syn-dependent_composition_sizes-medium-07.cfl,3e4feb554229c7a354f7cfa2e14e6bbb3160be5c49f7d9086cf6f2c75af733fd
synthetic,syn-dependent_bag_tuple-medium-00,29700,synthetic;stratified;stratum=dependent_bag_tuple;family=dependent_bag_tuple;difficulty=medium;domain=12;variant=0;seed=20260811;operatorcount=3;constraintcount=1;depth=2;bag;choose;tuple;set;membership;decomposition;dependent_configuration;outside_cola_fragment,problems/benchmarks/synthetic/manifest.json,synthetic/syn-dependent_bag_tuple-medium-00.cfl,b4a025fc735b766c0a5e5fe1c7d87d32fee455f4d313c5a18437c47db2c806d9
synthetic,syn-dependent_bag_tuple-medium-01,5940,synthetic;stratified;stratum=dependent_bag_tuple;family=dependent_bag_tuple;difficulty=medium;domain=12;variant=1;seed=20260811;operatorcount=3;constraintcount=1;depth=2;bag;choose;tuple;set;membership;decomposition;dependent_configuration;outside_cola_fragment,problems/benchmarks/synthetic/manifest.json,synthetic/syn-dependent_bag_tuple-medium-01.cfl,a0c70c02ea107d01472e5a1e8ea5d7532ca8dafa1e92796094fe017fbccd8a55
synthetic,syn-dependent_bag_tuple-medium-02,3300,synthetic;stratified;stratum=dependent_bag_tuple;family=dependent_bag_tuple;difficulty=medium;domain=12;variant=2;seed=20260811;operatorcount=3;constraintcount=1;depth=2;bag;choose;tuple;set;membership;decomposition;dependent_configuration;outside_cola_fragment,problems/benchmarks/synthetic/manifest.json,synthetic/syn-dependent_bag_tuple-medium-02.cfl,957edc0ba8be4b391c25f7cef7e3d5720ac3658991cecb6a4375ed824ae8dece
synthetic,syn-dependent_bag_tuple-medium-03,194040,synthetic;stratified;stratum=dependent_bag_tuple;family=dependent_bag_tuple;difficulty=medium;domain=12;variant=3;seed=20260811;operatorcount=3;constraintcount=1;depth=2;bag;choose;tuple;set;membership;decomposition;dependent_configuration;outside_cola_fragment,problems/benchmarks/synthetic/manifest.json,synthetic/syn-dependent_bag_tuple-medium-03.cfl,8f54d7ba90057b5baaa4d4bc7e431e5b9d7323c84ff4f218606093e1d49a7cca
synthetic,syn-dependent_bag_tuple-medium-04,2772,synthetic;stratified;stratum=dependent_bag_tuple;family=dependent_bag_tuple;difficulty=medium;domain=12;variant=4;seed=20260811;operatorcount=3;constraintcount=1;depth=2;bag;choose;tuple;set;membership;decomposition;dependent_configuration;outside_cola_fragment,problems/benchmarks/synthetic/manifest.json,synthetic/syn-dependent_bag_tuple-medium-04.cfl,7329bcf1a3f73b4f083853be595039d79f1552965d9caa4320be038023ab2bf5
synthetic,syn-dependent_bag_tuple-medium-05,118800,synthetic;stratified;stratum=dependent_bag_tuple;family=dependent_bag_tuple;difficulty=medium;domain=12;variant=5;seed=20260811;operatorcount=3;constraintcount=1;depth=2;bag;choose;tuple;set;membership;decomposition;dependent_configuration;outside_cola_fragment,problems/benchmarks/synthetic/manifest.json,synthetic/syn-dependent_bag_tuple-medium-05.cfl,9e3f65010f4fdc5d92f0403af2a35ecc67f198dccae642397396bb6fae6b3446
synthetic,syn-dependent_bag_tuple-medium-06,485100,synthetic;stratified;stratum=dependent_bag_tuple;family=dependent_bag_tuple;difficulty=medium;domain=12;variant=6;seed=20260811;operatorcount=3;constraintcount=1;depth=2;bag;choose;tuple;set;membership;decomposition;dependent_configuration;outside_cola_fragment,problems/benchmarks/synthetic/manifest.json,synthetic/syn-dependent_bag_tuple-medium-06.cfl,2e749230bbb97bff1a2d91ea6769f3f58a9a164931b68dabbabd490308c8cc33
synthetic,syn-dependent_bag_tuple-medium-07,83160,synthetic;stratified;stratum=dependent_bag_tuple;family=dependent_bag_tuple;difficulty=medium;domain=12;variant=7;seed=20260811;operatorcount=3;constraintcount=1;depth=2;bag;choose;tuple;set;membership;decomposition;dependent_configuration;outside_cola_fragment,problems/benchmarks/synthetic/manifest.json,synthetic/syn-dependent_bag_tuple-medium-07.cfl,5c0052a03f1ea4ea9e2cc3a470dd83eafc1937fe1c8dc16cc784b049e18198d5
synthetic,syn-nested_choice_chain-medium-00,11880,synthetic;stratified;stratum=nested_choice_chain;family=nested_choice_chain;difficulty=medium;domain=12;variant=0;seed=20260811;operatorcount=3;constraintcount=1;depth=3;set;choose;membership;dependent_configuration;outside_cola_fragment,problems/benchmarks/synthetic/manifest.json,synthetic/syn-nested_choice_chain-medium-00.cfl,77dda87befd95587889865d611b1cc3b44e9d7a2181cfbc5bc7ec237acaa9dd9
synthetic,syn-nested_choice_chain-medium-01,1980,synthetic;stratified;stratum=nested_choice_chain;family=nested_choice_chain;difficulty=medium;domain=12;variant=1;seed=20260811;operatorcount=3;constraintcount=1;depth=3;set;choose;membership;dependent_configuration;outside_cola_fragment,problems/benchmarks/synthetic/manifest.json,synthetic/syn-nested_choice_chain-medium-01.cfl,1addf653b34ddd14ef4ae3d894e8cff893b5e0526888f2202fae6fa69c006e6f
synthetic,syn-nested_choice_chain-medium-02,18480,synthetic;stratified;stratum=nested_choice_chain;family=nested_choice_chain;difficulty=medium;domain=12;variant=2;seed=20260811;operatorcount=3;constraintcount=1;depth=3;set;choose;membership;dependent_configuration;outside_cola_fragment,problems/benchmarks/synthetic/manifest.json,synthetic/syn-nested_choice_chain-medium-02.cfl,cd98aa2e998cc4c5f2847de9829b201ef175f8668eeba3ed8cea365bd174f3a8
synthetic,syn-nested_choice_chain-medium-03,6600,synthetic;stratified;stratum=nested_choice_chain;family=nested_choice_chain;difficulty=medium;domain=12;variant=3;seed=20260811;operatorcount=3;constraintcount=1;depth=3;set;choose;membership;dependent_configuration;outside_cola_fragment,problems/benchmarks/synthetic/manifest.json,synthetic/syn-nested_choice_chain-medium-03.cfl,90c6801e3c907811700a67fedcf77c0a02e8994d2e09b1638f410d7a96712d5e
synthetic,syn-nested_choice_chain-medium-04,1980,synthetic;stratified;stratum=nested_choice_chain;family=nested_choice_chain;difficulty=medium;domain=12;variant=4;seed=20260811;operatorcount=3;constraintcount=1;depth=3;set;choose;membership;dependent_configuration;outside_cola_fragment,problems/benchmarks/synthetic/manifest.json,synthetic/syn-nested_choice_chain-medium-04.cfl,213bdcaa2a053542e162e5c6a6a3f7c9a9d4f446dc582423f27b6ee5b9a9a25a
synthetic,syn-nested_choice_chain-medium-05,83160,synthetic;stratified;stratum=nested_choice_chain;family=nested_choice_chain;difficulty=medium;domain=12;variant=5;seed=20260811;operatorcount=3;constraintcount=1;depth=3;set;choose;membership;dependent_configuration;outside_cola_fragment,problems/benchmarks/synthetic/manifest.json,synthetic/syn-nested_choice_chain-medium-05.cfl,9b963d90ff1fcde65318499a5cce3ceab194896494ca98030e89055b6757a397
synthetic,syn-nested_choice_chain-medium-06,92400,synthetic;stratified;stratum=nested_choice_chain;family=nested_choice_chain;difficulty=medium;domain=12;variant=6;seed=20260811;operatorcount=3;constraintcount=1;depth=3;set;choose;membership;dependent_configuration;outside_cola_fragment,problems/benchmarks/synthetic/manifest.json,synthetic/syn-nested_choice_chain-medium-06.cfl,28a28ddc01ade61b51da2ad60dc589e467edf3a3d8480778fe62b8a7537d70b4
synthetic,syn-nested_choice_chain-medium-07,6600,synthetic;stratified;stratum=nested_choice_chain;family=nested_choice_chain;difficulty=medium;domain=12;variant=7;seed=20260811;operatorcount=3;constraintcount=1;depth=3;set;choose;membership;dependent_configuration;outside_cola_fragment,problems/benchmarks/synthetic/manifest.json,synthetic/syn-nested_choice_chain-medium-07.cfl,17208505baa5193c40344c5116f97a1075e8ff92c617c5beded59b0301e5483b
synthetic,syn-dependent_selected_subsets-medium-00,33264,synthetic;stratified;stratum=dependent_selected_subsets;family=dependent_selected_subsets;difficulty=medium;domain=12;variant=0;seed=20260811;operatorcount=3;constraintcount=1;depth=2;set;choose;disjoint;dependent_configuration;outside_cola_fragment,problems/benchmarks/synthetic/manifest.json,synthetic/syn-dependent_selected_subsets-medium-00.cfl,b189ee44247f2eac322acfbc6f25f05c2716b8d387f4934be5d627b8020a00a9
synthetic,syn-dependent_selected_subsets-medium-01,83160,synthetic;stratified;stratum=dependent_selected_subsets;family=dependent_selected_subsets;difficulty=medium;domain=12;variant=1;seed=20260811;operatorcount=3;constraintcount=1;depth=2;set;choose;disjoint;dependent_configuration;outside_cola_fragment,problems/benchmarks/synthetic/manifest.json,synthetic/syn-dependent_selected_subsets-medium-01.cfl,56eccb93f03d7f0eccfc2fd125763d1126ebbc6b6272a7e3735100cdc039933f
synthetic,syn-dependent_selected_subsets-medium-02,23760,synthetic;stratified;stratum=dependent_selected_subsets;family=dependent_selected_subsets;difficulty=medium;domain=12;variant=2;seed=20260811;operatorcount=3;constraintcount=1;depth=2;set;choose;disjoint;dependent_configuration;outside_cola_fragment,problems/benchmarks/synthetic/manifest.json,synthetic/syn-dependent_selected_subsets-medium-02.cfl,362855dc25913f00d274045e7bea796646434069f889cb89730bfbb638af9784
synthetic,syn-dependent_selected_subsets-medium-03,15840,synthetic;stratified;stratum=dependent_selected_subsets;family=dependent_selected_subsets;difficulty=medium;domain=12;variant=3;seed=20260811;operatorcount=3;constraintcount=1;depth=2;set;choose;disjoint;dependent_configuration;outside_cola_fragment,problems/benchmarks/synthetic/manifest.json,synthetic/syn-dependent_selected_subsets-medium-03.cfl,1d58a32371aef05929b788cdc9a0acf25efa34e442f67fc1b31ef24296caf560
synthetic,syn-dependent_selected_subsets-medium-04,23760,synthetic;stratified;stratum=dependent_selected_subsets;family=dependent_selected_subsets;difficulty=medium;domain=12;variant=4;seed=20260811;operatorcount=3;constraintcount=1;depth=2;set;choose;disjoint;dependent_configuration;outside_cola_fragment,problems/benchmarks/synthetic/manifest.json,synthetic/syn-dependent_selected_subsets-medium-04.cfl,1379c7686718f67da40789275f586311b2f34eab0dcca0015a697471ecde369e
synthetic,syn-dependent_selected_subsets-medium-05,83160,synthetic;stratified;stratum=dependent_selected_subsets;family=dependent_selected_subsets;difficulty=medium;domain=12;variant=5;seed=20260811;operatorcount=3;constraintcount=1;depth=2;set;choose;disjoint;dependent_configuration;outside_cola_fragment,problems/benchmarks/synthetic/manifest.json,synthetic/syn-dependent_selected_subsets-medium-05.cfl,761729eaa076e0b3d15e9a1914bbd672c0837927ad356a137984ad16dafe0027
synthetic,syn-dependent_selected_subsets-medium-06,55440,synthetic;stratified;stratum=dependent_selected_subsets;family=dependent_selected_subsets;difficulty=medium;domain=12;variant=6;seed=20260811;operatorcount=3;constraintcount=1;depth=2;set;choose;disjoint;dependent_configuration;outside_cola_fragment,problems/benchmarks/synthetic/manifest.json,synthetic/syn-dependent_selected_subsets-medium-06.cfl,77988bce0f4ec4638d55889085bf8fb967029247637ea6993f6c5495e179269a
synthetic,syn-dependent_selected_subsets-medium-07,27720,synthetic;stratified;stratum=dependent_selected_subsets;family=dependent_selected_subsets;difficulty=medium;domain=12;variant=7;seed=20260811;operatorcount=3;constraintcount=1;depth=2;set;choose;disjoint;dependent_configuration;outside_cola_fragment,problems/benchmarks/synthetic/manifest.json,synthetic/syn-dependent_selected_subsets-medium-07.cfl,c8aa4e11e5ae94c9ef6293ab0cb49a89d7fe4a623a91d655a27aa9705009068c
synthetic,syn-set_choice_intersection-large-00,756,synthetic;stratified;stratum=set_choice_intersection;family=set_choice_intersection;difficulty=large;domain=16;variant=0;seed=20260811;operatorcount=1;constraintcount=1;depth=1;set;choose;intersection;size,problems/benchmarks/synthetic/manifest.json,synthetic/syn-set_choice_intersection-large-00.cfl,65049d2f76cc4a95cd276f08e443e8237c2ad1aa8d5e6ebc733aa456e379ed5a
synthetic,syn-set_choice_intersection-large-01,784,synthetic;stratified;stratum=set_choice_intersection;family=set_choice_intersection;difficulty=large;domain=16;variant=1;seed=20260811;operatorcount=1;constraintcount=1;depth=1;set;choose;intersection;size,problems/benchmarks/synthetic/manifest.json,synthetic/syn-set_choice_intersection-large-01.cfl,d50467fa6362bd5e802e23587f57946b6f31db470eca0e64f8fe34e0293ae2ec
synthetic,syn-set_choice_intersection-large-02,1960,synthetic;stratified;stratum=set_choice_intersection;family=set_choice_intersection;difficulty=large;domain=16;variant=2;seed=20260811;operatorcount=1;constraintcount=1;depth=1;set;choose;intersection;size,problems/benchmarks/synthetic/manifest.json,synthetic/syn-set_choice_intersection-large-02.cfl,73a413730faa3cdacb1cd9ab43a415debca136ba9781575a4434ba5c34c5f4ad
synthetic,syn-set_choice_intersection-large-03,448,synthetic;stratified;stratum=set_choice_intersection;family=set_choice_intersection;difficulty=large;domain=16;variant=3;seed=20260811;operatorcount=1;constraintcount=1;depth=1;set;choose;intersection;size,problems/benchmarks/synthetic/manifest.json,synthetic/syn-set_choice_intersection-large-03.cfl,f1c026a8c8e6e7c30c137bd69c699bef4a6efb5a3f9e9907978c7adede23fdb6
synthetic,syn-set_choice_intersection-large-04,224,synthetic;stratified;stratum=set_choice_intersection;family=set_choice_intersection;difficulty=large;domain=16;variant=4;seed=20260811;operatorcount=1;constraintcount=1;depth=1;set;choose;intersection;size,problems/benchmarks/synthetic/manifest.json,synthetic/syn-set_choice_intersection-large-04.cfl,a221a9a6af1a507214852c36cea28b386733183bb45a817e2990c5155ed3ebbf
synthetic,syn-set_choice_intersection-large-05,550,synthetic;stratified;stratum=set_choice_intersection;family=set_choice_intersection;difficulty=large;domain=16;variant=5;seed=20260811;operatorcount=1;constraintcount=1;depth=1;set;choose;intersection;size,problems/benchmarks/synthetic/manifest.json,synthetic/syn-set_choice_intersection-large-05.cfl,18c287d8abf5efecbf5b152b0cc7f2cfb6de20b99a33a55852c8aa1d8f517d4d
synthetic,syn-set_choice_intersection-large-06,1260,synthetic;stratified;stratum=set_choice_intersection;family=set_choice_intersection;difficulty=large;domain=16;variant=6;seed=20260811;operatorcount=1;constraintcount=1;depth=1;set;choose;intersection;size,problems/benchmarks/synthetic/manifest.json,synthetic/syn-set_choice_intersection-large-06.cfl,9d1cd123ba8b8241eb3f0ec6aaa7c1216e6db161b1ceb7c9dceeb19da3d145cf
synthetic,syn-set_choice_intersection-large-07,3920,synthetic;stratified;stratum=set_choice_intersection;family=set_choice_intersection;difficulty=large;domain=16;variant=7;seed=20260811;operatorcount=1;constraintcount=1;depth=1;set;choose;intersection;size,problems/benchmarks/synthetic/manifest.json,synthetic/syn-set_choice_intersection-large-07.cfl,1901b825e7cdb9f64194809c59c81616dded02a41c9ec7f269b6aed42d31a2d5
synthetic,syn-bag_choice_multiplicity-large-00,3432,synthetic;stratified;stratum=bag_choice_multiplicity;family=bag_choice_multiplicity;difficulty=large;domain=16;variant=0;seed=20260811;operatorcount=1;constraintcount=1;depth=1;bag;choose;count,problems/benchmarks/synthetic/manifest.json,synthetic/syn-bag_choice_multiplicity-large-00.cfl,408c11e8b1c27cf3567e2c102cc6be9ff5e03da9188015814582644a1923a5d3
synthetic,syn-bag_choice_multiplicity-large-01,13,synthetic;stratified;stratum=bag_choice_multiplicity;family=bag_choice_multiplicity;difficulty=large;domain=16;variant=1;seed=20260811;operatorcount=1;constraintcount=1;depth=1;bag;choose;count,problems/benchmarks/synthetic/manifest.json,synthetic/syn-bag_choice_multiplicity-large-01.cfl,489db6e8ac013dde546777652ea883603238b1532456e5542b8024b27e349561
synthetic,syn-bag_choice_multiplicity-large-02,220,synthetic;stratified;stratum=bag_choice_multiplicity;family=bag_choice_multiplicity;difficulty=large;domain=16;variant=2;seed=20260811;operatorcount=1;constraintcount=1;depth=1;bag;choose;count,problems/benchmarks/synthetic/manifest.json,synthetic/syn-bag_choice_multiplicity-large-02.cfl,ab18f7726df66b6f7f862987b4748d17d18c239e19a6ae2e3d21e94a733055f2
synthetic,syn-bag_choice_multiplicity-large-03,14,synthetic;stratified;stratum=bag_choice_multiplicity;family=bag_choice_multiplicity;difficulty=large;domain=16;variant=3;seed=20260811;operatorcount=1;constraintcount=1;depth=1;bag;choose;count,problems/benchmarks/synthetic/manifest.json,synthetic/syn-bag_choice_multiplicity-large-03.cfl,644f6eac1789d45940d3873a51e6fa9e2486cc8f0b10203e0b07b135f57f3e9e
synthetic,syn-bag_choice_multiplicity-large-04,12,synthetic;stratified;stratum=bag_choice_multiplicity;family=bag_choice_multiplicity;difficulty=large;domain=16;variant=4;seed=20260811;operatorcount=1;constraintcount=1;depth=1;bag;choose;count,problems/benchmarks/synthetic/manifest.json,synthetic/syn-bag_choice_multiplicity-large-04.cfl,2f24504a4739ea4c53d103a20b7b1c241e9c6e67e3d7e68bfbf1924f925e313e
synthetic,syn-bag_choice_multiplicity-large-05,495,synthetic;stratified;stratum=bag_choice_multiplicity;family=bag_choice_multiplicity;difficulty=large;domain=16;variant=5;seed=20260811;operatorcount=1;constraintcount=1;depth=1;bag;choose;count,problems/benchmarks/synthetic/manifest.json,synthetic/syn-bag_choice_multiplicity-large-05.cfl,e2ca436ea9a8892fa71679cb5e266ab1f6b4da471282f50494a7cff98aca5903
synthetic,syn-bag_choice_multiplicity-large-06,2002,synthetic;stratified;stratum=bag_choice_multiplicity;family=bag_choice_multiplicity;difficulty=large;domain=16;variant=6;seed=20260811;operatorcount=1;constraintcount=1;depth=1;bag;choose;count,problems/benchmarks/synthetic/manifest.json,synthetic/syn-bag_choice_multiplicity-large-06.cfl,bc00c9a6423d9dcf18558d753de574cd840f096960285823d7a39e7bdd606fa9
synthetic,syn-bag_choice_multiplicity-large-07,55,synthetic;stratified;stratum=bag_choice_multiplicity;family=bag_choice_multiplicity;difficulty=large;domain=16;variant=7;seed=20260811;operatorcount=1;constraintcount=1;depth=1;bag;choose;count,problems/benchmarks/synthetic/manifest.json,synthetic/syn-bag_choice_multiplicity-large-07.cfl,4f890162c761cd4b7d0c153d059b375047610e087c373947d0fcc4e3924044cf
synthetic,syn-set_tuple_position_count-large-00,12700800,synthetic;stratified;stratum=set_tuple_position_count;family=set_tuple_position_count;difficulty=large;domain=16;variant=0;seed=20260811;operatorcount=1;constraintcount=2;depth=1;set;tuple;position;count,problems/benchmarks/synthetic/manifest.json,synthetic/syn-set_tuple_position_count-large-00.cfl,8d75109ab9ff9e252c5325ecfb959ec837073f83dcb2c877a0e39075c4d68006
synthetic,syn-set_tuple_position_count-large-01,158400,synthetic;stratified;stratum=set_tuple_position_count;family=set_tuple_position_count;difficulty=large;domain=16;variant=1;seed=20260811;operatorcount=1;constraintcount=2;depth=1;set;tuple;position;count,problems/benchmarks/synthetic/manifest.json,synthetic/syn-set_tuple_position_count-large-01.cfl,6694db8b47fada581af2b6d9ac206e59547aa06bf873d8e9be97f3a913e32194
synthetic,syn-set_tuple_position_count-large-02,13970880,synthetic;stratified;stratum=set_tuple_position_count;family=set_tuple_position_count;difficulty=large;domain=16;variant=2;seed=20260811;operatorcount=1;constraintcount=2;depth=1;set;tuple;position;count,problems/benchmarks/synthetic/manifest.json,synthetic/syn-set_tuple_position_count-large-02.cfl,161571886e93c56e74ef11a3ece3595070c5663a2a8e5e248df6d78195148b7b
synthetic,syn-set_tuple_position_count-large-03,90720,synthetic;stratified;stratum=set_tuple_position_count;family=set_tuple_position_count;difficulty=large;domain=16;variant=3;seed=20260811;operatorcount=1;constraintcount=2;depth=1;set;tuple;position;count,problems/benchmarks/synthetic/manifest.json,synthetic/syn-set_tuple_position_count-large-03.cfl,a9b0e01de849539fb1b4e38fc9560a1856b394367fefec47cbd7c9119ecbf3c7
synthetic,syn-set_tuple_position_count-large-04,144000,synthetic;stratified;stratum=set_tuple_position_count;family=set_tuple_position_count;difficulty=large;domain=16;variant=4;seed=20260811;operatorcount=1;constraintcount=2;depth=1;set;tuple;position;count,problems/benchmarks/synthetic/manifest.json,synthetic/syn-set_tuple_position_count-large-04.cfl,2eaa96e3e18515deab1dd92b517832cba505ea07e452261f3b232afb6c398cbf
synthetic,syn-set_tuple_position_count-large-05,12096,synthetic;stratified;stratum=set_tuple_position_count;family=set_tuple_position_count;difficulty=large;domain=16;variant=5;seed=20260811;operatorcount=1;constraintcount=2;depth=1;set;tuple;position;count,problems/benchmarks/synthetic/manifest.json,synthetic/syn-set_tuple_position_count-large-05.cfl,a20a0bc32ce7e73d5d34302de1c63f76f58dedc9b2dea2657724f2048b3a587c
synthetic,syn-set_tuple_position_count-large-06,6000,synthetic;stratified;stratum=set_tuple_position_count;family=set_tuple_position_count;difficulty=large;domain=16;variant=6;seed=20260811;operatorcount=1;constraintcount=2;depth=1;set;tuple;position;count,problems/benchmarks/synthetic/manifest.json,synthetic/syn-set_tuple_position_count-large-06.cfl,6d56987694c19c82535807e75e049d7756beae4a0cccb1a6c123f101e5038fa3
synthetic,syn-set_tuple_position_count-large-07,90720,synthetic;stratified;stratum=set_tuple_position_count;family=set_tuple_position_count;difficulty=large;domain=16;variant=7;seed=20260811;operatorcount=1;constraintcount=2;depth=1;set;tuple;position;count,problems/benchmarks/synthetic/manifest.json,synthetic/syn-set_tuple_position_count-large-07.cfl,123a0cb8b5f2795640c970a53dc9aa0ca6e05b3814dc99746335ff90512fb53c
synthetic,syn-bag_tuple_multiplicity-large-00,3600,synthetic;stratified;stratum=bag_tuple_multiplicity;family=bag_tuple_multiplicity;difficulty=large;domain=16;variant=0;seed=20260811;operatorcount=2;constraintcount=1;depth=1;bag;tuple;set;choose;membership;decomposition,problems/benchmarks/synthetic/manifest.json,synthetic/syn-bag_tuple_multiplicity-large-00.cfl,d5a52a7c5a20302804db73347c480e236af666dd64d1c791ba8d2fd683b517ce
synthetic,syn-bag_tuple_multiplicity-large-01,6720,synthetic;stratified;stratum=bag_tuple_multiplicity;family=bag_tuple_multiplicity;difficulty=large;domain=16;variant=1;seed=20260811;operatorcount=2;constraintcount=1;depth=1;bag;tuple;set;choose;membership;decomposition,problems/benchmarks/synthetic/manifest.json,synthetic/syn-bag_tuple_multiplicity-large-01.cfl,97054b3b046f1416c5ec25133c7ab5b17c7601d770c01b6d6a710ca3a8bf150e
synthetic,syn-bag_tuple_multiplicity-large-02,10080,synthetic;stratified;stratum=bag_tuple_multiplicity;family=bag_tuple_multiplicity;difficulty=large;domain=16;variant=2;seed=20260811;operatorcount=2;constraintcount=1;depth=1;bag;tuple;set;choose;membership;decomposition,problems/benchmarks/synthetic/manifest.json,synthetic/syn-bag_tuple_multiplicity-large-02.cfl,1515ce2f1f2b67d3178c71c0e419b14d2907a0b6dd57c4e0e518ef87160cb3aa
synthetic,syn-bag_tuple_multiplicity-large-03,1544400,synthetic;stratified;stratum=bag_tuple_multiplicity;family=bag_tuple_multiplicity;difficulty=large;domain=16;variant=3;seed=20260811;operatorcount=2;constraintcount=1;depth=1;bag;tuple;set;choose;membership;decomposition,problems/benchmarks/synthetic/manifest.json,synthetic/syn-bag_tuple_multiplicity-large-03.cfl,caffcd368c7a3477e177bca2a3b9edd99b689e2caf35d42114c58a28c0a9fff0
synthetic,syn-bag_tuple_multiplicity-large-04,10090080,synthetic;stratified;stratum=bag_tuple_multiplicity;family=bag_tuple_multiplicity;difficulty=large;domain=16;variant=4;seed=20260811;operatorcount=2;constraintcount=1;depth=1;bag;tuple;set;choose;membership;decomposition,problems/benchmarks/synthetic/manifest.json,synthetic/syn-bag_tuple_multiplicity-large-04.cfl,630bc9f2227e1eb99f65529cff500c09d565d8543ece68c4d6d3d62dd15f1cca
synthetic,syn-bag_tuple_multiplicity-large-05,109200,synthetic;stratified;stratum=bag_tuple_multiplicity;family=bag_tuple_multiplicity;difficulty=large;domain=16;variant=5;seed=20260811;operatorcount=2;constraintcount=1;depth=1;bag;tuple;set;choose;membership;decomposition,problems/benchmarks/synthetic/manifest.json,synthetic/syn-bag_tuple_multiplicity-large-05.cfl,285c0f7d7ca5799cd5983c73b1daf68654d8d048c11e6e079a66129ba141e422
synthetic,syn-bag_tuple_multiplicity-large-06,336336,synthetic;stratified;stratum=bag_tuple_multiplicity;family=bag_tuple_multiplicity;difficulty=large;domain=16;variant=6;seed=20260811;operatorcount=2;constraintcount=1;depth=1;bag;tuple;set;choose;membership;decomposition,problems/benchmarks/synthetic/manifest.json,synthetic/syn-bag_tuple_multiplicity-large-06.cfl,b8b67fe75a34222aa1a7a1779fbf1d2c943606d660b51a38fb84bdf0eb995a13
synthetic,syn-bag_tuple_multiplicity-large-07,2402400,synthetic;stratified;stratum=bag_tuple_multiplicity;family=bag_tuple_multiplicity;difficulty=large;domain=16;variant=7;seed=20260811;operatorcount=2;constraintcount=1;depth=1;bag;tuple;set;choose;membership;decomposition,problems/benchmarks/synthetic/manifest.json,synthetic/syn-bag_tuple_multiplicity-large-07.cfl,3b4b3d0511fd20e55dff8e79f772f6d37480a752534dc22a4fa1c227767bbe77
synthetic,syn-set_sequence_patterns-large-00,326918592000,synthetic;stratified;stratum=set_sequence_patterns;family=set_sequence_patterns;difficulty=large;domain=16;variant=0;seed=20260811;operatorcount=1;constraintcount=4;depth=1;set;sequence;adjacency;order,problems/benchmarks/synthetic/manifest.json,synthetic/syn-set_sequence_patterns-large-00.cfl,a7e0b50a667820c0204a4af16fb314e555a32826d19d73b1788783d5732d9395
synthetic,syn-set_sequence_patterns-large-01,326918592000,synthetic;stratified;stratum=set_sequence_patterns;family=set_sequence_patterns;difficulty=large;domain=16;variant=1;seed=20260811;operatorcount=1;constraintcount=4;depth=1;set;sequence;adjacency;order,problems/benchmarks/synthetic/manifest.json,synthetic/syn-set_sequence_patterns-large-01.cfl,84f0195983ac0a5c1be265aeb42c3601f18f1147ca639a73e5d1c1ac808677e0
synthetic,syn-set_sequence_patterns-large-02,1307674368000,synthetic;stratified;stratum=set_sequence_patterns;family=set_sequence_patterns;difficulty=large;domain=16;variant=2;seed=20260811;operatorcount=1;constraintcount=2;depth=1;set;sequence;adjacency;order,problems/benchmarks/synthetic/manifest.json,synthetic/syn-set_sequence_patterns-large-02.cfl,1a329c2391b0323549058d0640911dc2d068fcb3b270e950488680f6ef77fe60
synthetic,syn-set_sequence_patterns-large-03,326918592000,synthetic;stratified;stratum=set_sequence_patterns;family=set_sequence_patterns;difficulty=large;domain=16;variant=3;seed=20260811;operatorcount=1;constraintcount=4;depth=1;set;sequence;adjacency;order,problems/benchmarks/synthetic/manifest.json,synthetic/syn-set_sequence_patterns-large-03.cfl,73ef272fda7c794145d0c2ddf3bbd7f37373a7ce2e11bd201bf78397a0fad6fd
synthetic,syn-set_sequence_patterns-large-04,653837184000,synthetic;stratified;stratum=set_sequence_patterns;family=set_sequence_patterns;difficulty=large;domain=16;variant=4;seed=20260811;operatorcount=1;constraintcount=3;depth=1;set;sequence;adjacency;order,problems/benchmarks/synthetic/manifest.json,synthetic/syn-set_sequence_patterns-large-04.cfl,5f1fa968a44a8cce57a113e0d5520040e2a0baa39e1836063966b90e7a92d176
synthetic,syn-set_sequence_patterns-large-05,653837184000,synthetic;stratified;stratum=set_sequence_patterns;family=set_sequence_patterns;difficulty=large;domain=16;variant=5;seed=20260811;operatorcount=1;constraintcount=3;depth=1;set;sequence;adjacency;order,problems/benchmarks/synthetic/manifest.json,synthetic/syn-set_sequence_patterns-large-05.cfl,a080992111ab290123148cd3e9d21a568fdaba564eee38c210cda83e9f4d9068
synthetic,syn-set_sequence_patterns-large-06,326918592000,synthetic;stratified;stratum=set_sequence_patterns;family=set_sequence_patterns;difficulty=large;domain=16;variant=6;seed=20260811;operatorcount=1;constraintcount=4;depth=1;set;sequence;adjacency;order,problems/benchmarks/synthetic/manifest.json,synthetic/syn-set_sequence_patterns-large-06.cfl,7b7677966bfd6ac6095877c9316a3c1a894c70f23d23162064003759b4164ce6
synthetic,syn-set_sequence_patterns-large-07,1307674368000,synthetic;stratified;stratum=set_sequence_patterns;family=set_sequence_patterns;difficulty=large;domain=16;variant=7;seed=20260811;operatorcount=1;constraintcount=2;depth=1;set;sequence;adjacency;order,problems/benchmarks/synthetic/manifest.json,synthetic/syn-set_sequence_patterns-large-07.cfl,a60252e7229da173f5e83c75304ce88d1b022e8b805084e713cb60f9823ad31c
synthetic,syn-bag_sequence_adjacency-large-00,180180,synthetic;stratified;stratum=bag_sequence_adjacency;family=bag_sequence_adjacency;difficulty=large;domain=16;variant=0;seed=20260811;operatorcount=1;constraintcount=1;depth=1;bag;sequence;adjacency,problems/benchmarks/synthetic/manifest.json,synthetic/syn-bag_sequence_adjacency-large-00.cfl,321bf26841ea0af6f2ef712cf783ec12369f1f598fe6c415de53b86e24ad7b92
synthetic,syn-bag_sequence_adjacency-large-01,2162160,synthetic;stratified;stratum=bag_sequence_adjacency;family=bag_sequence_adjacency;difficulty=large;domain=16;variant=1;seed=20260811;operatorcount=1;constraintcount=1;depth=1;bag;sequence;adjacency,problems/benchmarks/synthetic/manifest.json,synthetic/syn-bag_sequence_adjacency-large-01.cfl,88359e287a425e1de4b58746570a79959b834f01cc37ff236714000735bc266e
synthetic,syn-bag_sequence_adjacency-large-02,1801800,synthetic;stratified;stratum=bag_sequence_adjacency;family=bag_sequence_adjacency;difficulty=large;domain=16;variant=2;seed=20260811;operatorcount=1;constraintcount=1;depth=1;bag;sequence;adjacency,problems/benchmarks/synthetic/manifest.json,synthetic/syn-bag_sequence_adjacency-large-02.cfl,595f02e625e9302fb5059060e307066ca9ecbd3dfcca1a4875dc77986433c473
synthetic,syn-bag_sequence_adjacency-large-03,5460,synthetic;stratified;stratum=bag_sequence_adjacency;family=bag_sequence_adjacency;difficulty=large;domain=16;variant=3;seed=20260811;operatorcount=1;constraintcount=1;depth=1;bag;sequence;adjacency,problems/benchmarks/synthetic/manifest.json,synthetic/syn-bag_sequence_adjacency-large-03.cfl,efee8bae013a42813126e99a76bcd4d1f68a0d09e0ba9b2724907a8cb345f6e4
synthetic,syn-bag_sequence_adjacency-large-04,540540,synthetic;stratified;stratum=bag_sequence_adjacency;family=bag_sequence_adjacency;difficulty=large;domain=16;variant=4;seed=20260811;operatorcount=1;constraintcount=1;depth=1;bag;sequence;adjacency,problems/benchmarks/synthetic/manifest.json,synthetic/syn-bag_sequence_adjacency-large-04.cfl,5199158b560e694dd4689620aed5336d80e76a855d1230604fbb39f2282e3654
synthetic,syn-bag_sequence_adjacency-large-05,540540,synthetic;stratified;stratum=bag_sequence_adjacency;family=bag_sequence_adjacency;difficulty=large;domain=16;variant=5;seed=20260811;operatorcount=1;constraintcount=1;depth=1;bag;sequence;adjacency,problems/benchmarks/synthetic/manifest.json,synthetic/syn-bag_sequence_adjacency-large-05.cfl,b72c3fa1809661e0f741c5e11979d998fab5145653b868f1c3074502d5ea5c0a
synthetic,syn-bag_sequence_adjacency-large-06,2522520,synthetic;stratified;stratum=bag_sequence_adjacency;family=bag_sequence_adjacency;difficulty=large;domain=16;variant=6;seed=20260811;operatorcount=1;constraintcount=1;depth=1;bag;sequence;adjacency,problems/benchmarks/synthetic/manifest.json,synthetic/syn-bag_sequence_adjacency-large-06.cfl,6f0c01119e7da5a640dfdc26b6df12a551330bb648a5a1c69bf2b8174c4cb3a1
synthetic,syn-bag_sequence_adjacency-large-07,3603600,synthetic;stratified;stratum=bag_sequence_adjacency;family=bag_sequence_adjacency;difficulty=large;domain=16;variant=7;seed=20260811;operatorcount=1;constraintcount=1;depth=1;bag;sequence;adjacency,problems/benchmarks/synthetic/manifest.json,synthetic/syn-bag_sequence_adjacency-large-07.cfl,8bbf20a219eaf78cee42fa49e8845e9c1339d47c6d8f41931c52130cba921eea
synthetic,syn-set_partition_min_size-large-00,57962905,synthetic;stratified;stratum=set_partition_min_size;family=set_partition_min_size;difficulty=large;domain=16;variant=0;seed=20260811;operatorcount=1;constraintcount=1;depth=1;set;partition;size,problems/benchmarks/synthetic/manifest.json,synthetic/syn-set_partition_min_size-large-00.cfl,7ff38dddbc5c6f9dd04329144206602f5239e4a216e051511a950e13c9a066f8
synthetic,syn-set_partition_min_size-large-01,17875,synthetic;stratified;stratum=set_partition_min_size;family=set_partition_min_size;difficulty=large;domain=16;variant=1;seed=20260811;operatorcount=1;constraintcount=1;depth=1;set;partition;size,problems/benchmarks/synthetic/manifest.json,synthetic/syn-set_partition_min_size-large-01.cfl,58a21fd895c2f8b72075c5c2ffcd861608c0e8dcf4eb82005117697ac43dd55f
synthetic,syn-set_partition_min_size-large-02,3741738,synthetic;stratified;stratum=set_partition_min_size;family=set_partition_min_size;difficulty=large;domain=16;variant=2;seed=20260811;operatorcount=1;constraintcount=1;depth=1;set;partition;size,problems/benchmarks/synthetic/manifest.json,synthetic/syn-set_partition_min_size-large-02.cfl,1bb3b61a96d1ba9a33436590b556eed5ee7d74dd8f3d89a68df33501474cb637
synthetic,syn-set_partition_min_size-large-03,32767,synthetic;stratified;stratum=set_partition_min_size;family=set_partition_min_size;difficulty=large;domain=16;variant=3;seed=20260811;operatorcount=1;constraintcount=1;depth=1;set;partition;size,problems/benchmarks/synthetic/manifest.json,synthetic/syn-set_partition_min_size-large-03.cfl,12b91be150fd5488409f07d34865b1d2b9ec9f7b3f043db8d78702efb3d7fde0
synthetic,syn-set_partition_min_size-large-04,25883,synthetic;stratified;stratum=set_partition_min_size;family=set_partition_min_size;difficulty=large;domain=16;variant=4;seed=20260811;operatorcount=1;constraintcount=1;depth=1;set;partition;size,problems/benchmarks/synthetic/manifest.json,synthetic/syn-set_partition_min_size-large-04.cfl,cc32b1e42367cf8c69ae6fcec9ab2cd5d9aae9928a9cff7bd4ae6cf6437664fb
synthetic,syn-set_partition_min_size-large-05,30251,synthetic;stratified;stratum=set_partition_min_size;family=set_partition_min_size;difficulty=large;domain=16;variant=5;seed=20260811;operatorcount=1;constraintcount=1;depth=1;set;partition;size,problems/benchmarks/synthetic/manifest.json,synthetic/syn-set_partition_min_size-large-05.cfl,49d4ccd205189cfb75c6088eaf52a70a6c0e2fa005e54c5d6edc487277c1fb15
synthetic,syn-set_partition_min_size-large-06,32631,synthetic;stratified;stratum=set_partition_min_size;family=set_partition_min_size;difficulty=large;domain=16;variant=6;seed=20260811;operatorcount=1;constraintcount=1;depth=1;set;partition;size,problems/benchmarks/synthetic/manifest.json,synthetic/syn-set_partition_min_size-large-06.cfl,00e210f242976d614974a0423fb45ad3b168ada4a5a33cc4fa74331482dd5996
synthetic,syn-set_partition_min_size-large-07,32071,synthetic;stratified;stratum=set_partition_min_size;family=set_partition_min_size;difficulty=large;domain=16;variant=7;seed=20260811;operatorcount=1;constraintcount=1;depth=1;set;partition;size,problems/benchmarks/synthetic/manifest.json,synthetic/syn-set_partition_min_size-large-07.cfl,744b1548d4ba5c8482f7811503bb5cab8dfe6e934620317ed191a044d08e6075
synthetic,syn-set_composition_sizes-large-00,43243200,synthetic;stratified;stratum=set_composition_sizes;family=set_composition_sizes;difficulty=large;domain=16;variant=0;seed=20260811;operatorcount=1;constraintcount=5;depth=1;set;composition;size,problems/benchmarks/synthetic/manifest.json,synthetic/syn-set_composition_sizes-large-00.cfl,ba52ba1a89b37a668ad6e0e7c24fbb5b7ffee6c6b872e33736b420c5a189dfb3
synthetic,syn-set_composition_sizes-large-01,400400,synthetic;stratified;stratum=set_composition_sizes;family=set_composition_sizes;difficulty=large;domain=16;variant=1;seed=20260811;operatorcount=1;constraintcount=3;depth=1;set;composition;size,problems/benchmarks/synthetic/manifest.json,synthetic/syn-set_composition_sizes-large-01.cfl,5251efc007972452122b51e8ee8045815b6107e6cb1c9a8a15ff8993e6715487
synthetic,syn-set_composition_sizes-large-02,80080,synthetic;stratified;stratum=set_composition_sizes;family=set_composition_sizes;difficulty=large;domain=16;variant=2;seed=20260811;operatorcount=1;constraintcount=3;depth=1;set;composition;size,problems/benchmarks/synthetic/manifest.json,synthetic/syn-set_composition_sizes-large-02.cfl,6155982120f611516aae477372f48943359fafa34ac058bc91cfaae9da8378d2
synthetic,syn-set_composition_sizes-large-03,100900800,synthetic;stratified;stratum=set_composition_sizes;family=set_composition_sizes;difficulty=large;domain=16;variant=3;seed=20260811;operatorcount=1;constraintcount=5;depth=1;set;composition;size,problems/benchmarks/synthetic/manifest.json,synthetic/syn-set_composition_sizes-large-03.cfl,254d01b702961506d52c27fdd06011b2941dea0d3a7ee8ea20cd16811e35253f
synthetic,syn-set_composition_sizes-large-04,11440,synthetic;stratified;stratum=set_composition_sizes;family=set_composition_sizes;difficulty=large;domain=16;variant=4;seed=20260811;operatorcount=1;constraintcount=2;depth=1;set;composition;size,problems/benchmarks/synthetic/manifest.json,synthetic/syn-set_composition_sizes-large-04.cfl,aa3e779f3ab6f06e7ea3e551850a77b1559899a14ae775d42f4b82a48e5fc04e
synthetic,syn-set_composition_sizes-large-05,21840,synthetic;stratified;stratum=set_composition_sizes;family=set_composition_sizes;difficulty=large;domain=16;variant=5;seed=20260811;operatorcount=1;constraintcount=4;depth=1;set;composition;size,problems/benchmarks/synthetic/manifest.json,synthetic/syn-set_composition_sizes-large-05.cfl,af06f311a661f6cf6a587cf80436cb635730a1c6d3b0c61321ea8de876d9d1a9
synthetic,syn-set_composition_sizes-large-06,8008,synthetic;stratified;stratum=set_composition_sizes;family=set_composition_sizes;difficulty=large;domain=16;variant=6;seed=20260811;operatorcount=1;constraintcount=2;depth=1;set;composition;size,problems/benchmarks/synthetic/manifest.json,synthetic/syn-set_composition_sizes-large-06.cfl,2cc24d7b9a173ea17926ecf5140476a87527c65e7e6de081549270a05634b99e
synthetic,syn-set_composition_sizes-large-07,151351200,synthetic;stratified;stratum=set_composition_sizes;family=set_composition_sizes;difficulty=large;domain=16;variant=7;seed=20260811;operatorcount=1;constraintcount=5;depth=1;set;composition;size,problems/benchmarks/synthetic/manifest.json,synthetic/syn-set_composition_sizes-large-07.cfl,7d2ec74faf8484afa83b2ecac341894fcca99802a56baebd4ec6c4825ab815e8
synthetic,syn-dependent_choice_disjoint-large-00,2882880,synthetic;stratified;stratum=dependent_choice_disjoint;family=dependent_choice_disjoint;difficulty=large;domain=16;variant=0;seed=20260811;operatorcount=3;constraintcount=1;depth=2;set;choose;disjoint;dependent_configuration;outside_cola_fragment,problems/benchmarks/synthetic/manifest.json,synthetic/syn-dependent_choice_disjoint-large-00.cfl,d57b68fca74d2c9e511b666da80ab464a650f4d41a4948fa14d8cbdb5e006143
synthetic,syn-dependent_choice_disjoint-large-01,480480,synthetic;stratified;stratum=dependent_choice_disjoint;family=dependent_choice_disjoint;difficulty=large;domain=16;variant=1;seed=20260811;operatorcount=3;constraintcount=1;depth=2;set;choose;disjoint;dependent_configuration;outside_cola_fragment,problems/benchmarks/synthetic/manifest.json,synthetic/syn-dependent_choice_disjoint-large-01.cfl,5227a15a51c08abcd126f197fed044437c3e1630284c4246c3b8967d0eabd722
synthetic,syn-dependent_choice_disjoint-large-02,1201200,synthetic;stratified;stratum=dependent_choice_disjoint;family=dependent_choice_disjoint;difficulty=large;domain=16;variant=2;seed=20260811;operatorcount=3;constraintcount=1;depth=2;set;choose;disjoint;dependent_configuration;outside_cola_fragment,problems/benchmarks/synthetic/manifest.json,synthetic/syn-dependent_choice_disjoint-large-02.cfl,8152458c943261375a435b94bc0d93230146124bf855f86c4ea0783b1e18dcfc
synthetic,syn-dependent_choice_disjoint-large-03,823680,synthetic;stratified;stratum=dependent_choice_disjoint;family=dependent_choice_disjoint;difficulty=large;domain=16;variant=3;seed=20260811;operatorcount=3;constraintcount=1;depth=2;set;choose;disjoint;dependent_configuration;outside_cola_fragment,problems/benchmarks/synthetic/manifest.json,synthetic/syn-dependent_choice_disjoint-large-03.cfl,28558a2aa73a7434349e0806fda3aa03445a65d39b6c256484972fb3dd6e96d4
synthetic,syn-dependent_choice_disjoint-large-04,2162160,synthetic;stratified;stratum=dependent_choice_disjoint;family=dependent_choice_disjoint;difficulty=large;domain=16;variant=4;seed=20260811;operatorcount=3;constraintcount=1;depth=2;set;choose;disjoint;dependent_configuration;outside_cola_fragment,problems/benchmarks/synthetic/manifest.json,synthetic/syn-dependent_choice_disjoint-large-04.cfl,89ec7decc9dd978943df159a507726aff3f663ac066bbed079730b5a7918a0ed
synthetic,syn-dependent_choice_disjoint-large-05,21840,synthetic;stratified;stratum=dependent_choice_disjoint;family=dependent_choice_disjoint;difficulty=large;domain=16;variant=5;seed=20260811;operatorcount=3;constraintcount=1;depth=2;set;choose;disjoint;dependent_configuration;outside_cola_fragment,problems/benchmarks/synthetic/manifest.json,synthetic/syn-dependent_choice_disjoint-large-05.cfl,072283dbb87c0c6bfcf7b003ae167e3b10b9ba789d42315edbdb1190b98ea9fc
synthetic,syn-dependent_choice_disjoint-large-06,21840,synthetic;stratified;stratum=dependent_choice_disjoint;family=dependent_choice_disjoint;difficulty=large;domain=16;variant=6;seed=20260811;operatorcount=3;constraintcount=1;depth=2;set;choose;disjoint;dependent_configuration;outside_cola_fragment,problems/benchmarks/synthetic/manifest.json,synthetic/syn-dependent_choice_disjoint-large-06.cfl,d90406eae0be2d2f59a96cc811beed8b5ad5e683d14c2ba2f39b3a831c821c05
synthetic,syn-dependent_choice_disjoint-large-07,480480,synthetic;stratified;stratum=dependent_choice_disjoint;family=dependent_choice_disjoint;difficulty=large;domain=16;variant=7;seed=20260811;operatorcount=3;constraintcount=1;depth=2;set;choose;disjoint;dependent_configuration;outside_cola_fragment,problems/benchmarks/synthetic/manifest.json,synthetic/syn-dependent_choice_disjoint-large-07.cfl,ec3a35c5c6b3e3f3e39d1d2f3475b5ffcca22b069a5ac8f166345abd8a6967ce
synthetic,syn-dependent_tuple_position_count-large-00,1209600,synthetic;stratified;stratum=dependent_tuple_position_count;family=dependent_tuple_position_count;difficulty=large;domain=16;variant=0;seed=20260811;operatorcount=2;constraintcount=2;depth=2;set;choose;tuple;position;count;dependent_configuration;outside_cola_fragment,problems/benchmarks/synthetic/manifest.json,synthetic/syn-dependent_tuple_position_count-large-00.cfl,511850e3305a66a1e92f63d2e36c949ce782cfe4ee50a55edf145c5560963c9e
synthetic,syn-dependent_tuple_position_count-large-01,6350400,synthetic;stratified;stratum=dependent_tuple_position_count;family=dependent_tuple_position_count;difficulty=large;domain=16;variant=1;seed=20260811;operatorcount=2;constraintcount=2;depth=2;set;choose;tuple;position;count;dependent_configuration;outside_cola_fragment,problems/benchmarks/synthetic/manifest.json,synthetic/syn-dependent_tuple_position_count-large-01.cfl,085f682f4858d161f4d2f39e4ab287dbadd13995adf962b7f323493aae80631e
synthetic,syn-dependent_tuple_position_count-large-02,1058400,synthetic;stratified;stratum=dependent_tuple_position_count;family=dependent_tuple_position_count;difficulty=large;domain=16;variant=2;seed=20260811;operatorcount=2;constraintcount=2;depth=2;set;choose;tuple;position;count;dependent_configuration;outside_cola_fragment,problems/benchmarks/synthetic/manifest.json,synthetic/syn-dependent_tuple_position_count-large-02.cfl,d4509bdcde4b9c2d586eff5cc438ff9131be0ce474c61753d50a70bba3939074
synthetic,syn-dependent_tuple_position_count-large-03,118800,synthetic;stratified;stratum=dependent_tuple_position_count;family=dependent_tuple_position_count;difficulty=large;domain=16;variant=3;seed=20260811;operatorcount=2;constraintcount=2;depth=2;set;choose;tuple;position;count;dependent_configuration;outside_cola_fragment,problems/benchmarks/synthetic/manifest.json,synthetic/syn-dependent_tuple_position_count-large-03.cfl,dba97008d23509f025fba4376c06549e9934be8ab34c3b01d6d7c1f5ee177633
synthetic,syn-dependent_tuple_position_count-large-04,514800,synthetic;stratified;stratum=dependent_tuple_position_count;family=dependent_tuple_position_count;difficulty=large;domain=16;variant=4;seed=20260811;operatorcount=2;constraintcount=2;depth=2;set;choose;tuple;position;count;dependent_configuration;outside_cola_fragment,problems/benchmarks/synthetic/manifest.json,synthetic/syn-dependent_tuple_position_count-large-04.cfl,69f0de096f071d574b15ccc752b84c16755852ef7cbdf5c239a16681fcf43195
synthetic,syn-dependent_tuple_position_count-large-05,544320,synthetic;stratified;stratum=dependent_tuple_position_count;family=dependent_tuple_position_count;difficulty=large;domain=16;variant=5;seed=20260811;operatorcount=2;constraintcount=2;depth=2;set;choose;tuple;position;count;dependent_configuration;outside_cola_fragment,problems/benchmarks/synthetic/manifest.json,synthetic/syn-dependent_tuple_position_count-large-05.cfl,44622ecaa0b8cf533aca6862cec28041a45f7d3230823d98cdafdcdc3e3f7a8f
synthetic,syn-dependent_tuple_position_count-large-06,33600,synthetic;stratified;stratum=dependent_tuple_position_count;family=dependent_tuple_position_count;difficulty=large;domain=16;variant=6;seed=20260811;operatorcount=2;constraintcount=2;depth=2;set;choose;tuple;position;count;dependent_configuration;outside_cola_fragment,problems/benchmarks/synthetic/manifest.json,synthetic/syn-dependent_tuple_position_count-large-06.cfl,a10f7973f8bde8f43f9a7cd98e8013179a2770f83a1d016697ff34a13ed9b7ea
synthetic,syn-dependent_tuple_position_count-large-07,144000,synthetic;stratified;stratum=dependent_tuple_position_count;family=dependent_tuple_position_count;difficulty=large;domain=16;variant=7;seed=20260811;operatorcount=2;constraintcount=2;depth=2;set;choose;tuple;position;count;dependent_configuration;outside_cola_fragment,problems/benchmarks/synthetic/manifest.json,synthetic/syn-dependent_tuple_position_count-large-07.cfl,23518048c1f9e761882a8488d01f270c752f7e0a15232f17d83f23a27247e65d
synthetic,syn-dependent_sequence_patterns-large-00,113400,synthetic;stratified;stratum=dependent_sequence_patterns;family=dependent_sequence_patterns;difficulty=large;domain=16;variant=0;seed=20260811;operatorcount=2;constraintcount=9;depth=2;set;choose;sequence;adjacency;order;dependent_configuration;outside_cola_fragment,problems/benchmarks/synthetic/manifest.json,synthetic/syn-dependent_sequence_patterns-large-00.cfl,9352554a754d45f8da68690fc4442fbb3740e3349feca8b44e210a001d1176c9
synthetic,syn-dependent_sequence_patterns-large-01,60,synthetic;stratified;stratum=dependent_sequence_patterns;family=dependent_sequence_patterns;difficulty=large;domain=16;variant=1;seed=20260811;operatorcount=2;constraintcount=9;depth=2;set;choose;sequence;adjacency;order;dependent_configuration;outside_cola_fragment,problems/benchmarks/synthetic/manifest.json,synthetic/syn-dependent_sequence_patterns-large-01.cfl,a24f0b2f4f150caf059b6c5cdc7329d4b5b1ad70282a89e532f70eb5e5179165
synthetic,syn-dependent_sequence_patterns-large-02,80640,synthetic;stratified;stratum=dependent_sequence_patterns;family=dependent_sequence_patterns;difficulty=large;domain=16;variant=2;seed=20260811;operatorcount=2;constraintcount=12;depth=2;set;choose;sequence;adjacency;order;dependent_configuration;outside_cola_fragment,problems/benchmarks/synthetic/manifest.json,synthetic/syn-dependent_sequence_patterns-large-02.cfl,dd1e2addcb1d548f5eb1098d45cee4164dd243733dcf6e4a5343a82bbb48b95d
synthetic,syn-dependent_sequence_patterns-large-03,2419200,synthetic;stratified;stratum=dependent_sequence_patterns;family=dependent_sequence_patterns;difficulty=large;domain=16;variant=3;seed=20260811;operatorcount=2;constraintcount=9;depth=2;set;choose;sequence;adjacency;order;dependent_configuration;outside_cola_fragment,problems/benchmarks/synthetic/manifest.json,synthetic/syn-dependent_sequence_patterns-large-03.cfl,01a3bcb2083e54fb987647848ed33e83cec9fc8be1f8f1b24fe89475370a2cab
synthetic,syn-dependent_sequence_patterns-large-04,113400,synthetic;stratified;stratum=dependent_sequence_patterns;family=dependent_sequence_patterns;difficulty=large;domain=16;variant=4;seed=20260811;operatorcount=2;constraintcount=9;depth=2;set;choose;sequence;adjacency;order;dependent_configuration;outside_cola_fragment,problems/benchmarks/synthetic/manifest.json,synthetic/syn-dependent_sequence_patterns-large-04.cfl,1a5375d4f8e25387c0927310b8a1bd39438fc7a7edf97187b6e15d61ce0d113d
synthetic,syn-dependent_sequence_patterns-large-05,288,synthetic;stratified;stratum=dependent_sequence_patterns;family=dependent_sequence_patterns;difficulty=large;domain=16;variant=5;seed=20260811;operatorcount=2;constraintcount=6;depth=2;set;choose;sequence;adjacency;order;dependent_configuration;outside_cola_fragment,problems/benchmarks/synthetic/manifest.json,synthetic/syn-dependent_sequence_patterns-large-05.cfl,db0b056bc8621657a6e85ed5c808f1d6db729ca3d3a51e86bf6668ac869fea8d
synthetic,syn-dependent_sequence_patterns-large-06,1260,synthetic;stratified;stratum=dependent_sequence_patterns;family=dependent_sequence_patterns;difficulty=large;domain=16;variant=6;seed=20260811;operatorcount=2;constraintcount=12;depth=2;set;choose;sequence;adjacency;order;dependent_configuration;outside_cola_fragment,problems/benchmarks/synthetic/manifest.json,synthetic/syn-dependent_sequence_patterns-large-06.cfl,c78e6518596243822a5e55e482b4b6f648e964368b36dd00b13a8488a3d026ad
synthetic,syn-dependent_sequence_patterns-large-07,158400,synthetic;stratified;stratum=dependent_sequence_patterns;family=dependent_sequence_patterns;difficulty=large;domain=16;variant=7;seed=20260811;operatorcount=2;constraintcount=6;depth=2;set;choose;sequence;adjacency;order;dependent_configuration;outside_cola_fragment,problems/benchmarks/synthetic/manifest.json,synthetic/syn-dependent_sequence_patterns-large-07.cfl,9453648c3763c6a2a633192600b58c1b1800376aa649d948c81af7e9a0cf4b59
synthetic,syn-dependent_partition_min_size-large-00,1441440,synthetic;stratified;stratum=dependent_partition_min_size;family=dependent_partition_min_size;difficulty=large;domain=16;variant=0;seed=20260811;operatorcount=2;constraintcount=1;depth=2;set;choose;partition;size;dependent_configuration;outside_cola_fragment,problems/benchmarks/synthetic/manifest.json,synthetic/syn-dependent_partition_min_size-large-00.cfl,40c9c12281a30416d72b04495e424595ce7d5af5fc354932549dcc413b874ee3
synthetic,syn-dependent_partition_min_size-large-01,43680,synthetic;stratified;stratum=dependent_partition_min_size;family=dependent_partition_min_size;difficulty=large;domain=16;variant=1;seed=20260811;operatorcount=2;constraintcount=1;depth=2;set;choose;partition;size;dependent_configuration;outside_cola_fragment,problems/benchmarks/synthetic/manifest.json,synthetic/syn-dependent_partition_min_size-large-01.cfl,472006e1acabf97d74b8007faf01e8fd1b1055096d205bae7269c7b5a4a426aa
synthetic,syn-dependent_partition_min_size-large-02,273112840,synthetic;stratified;stratum=dependent_partition_min_size;family=dependent_partition_min_size;difficulty=large;domain=16;variant=2;seed=20260811;operatorcount=2;constraintcount=1;depth=2;set;choose;partition;size;dependent_configuration;outside_cola_fragment,problems/benchmarks/synthetic/manifest.json,synthetic/syn-dependent_partition_min_size-large-02.cfl,239c879f86cf3ab17a4ffb1f50d3de16d10afb226972e6d7c5c84a04ec2c5989
synthetic,syn-dependent_partition_min_size-large-03,124492368,synthetic;stratified;stratum=dependent_partition_min_size;family=dependent_partition_min_size;difficulty=large;domain=16;variant=3;seed=20260811;operatorcount=2;constraintcount=1;depth=2;set;choose;partition;size;dependent_configuration;outside_cola_fragment,problems/benchmarks/synthetic/manifest.json,synthetic/syn-dependent_partition_min_size-large-03.cfl,6dc6c6c3842603c474dbc72ac8aada38425aff6448784b100cc55b1c412fb88c
synthetic,syn-dependent_partition_min_size-large-04,3443440,synthetic;stratified;stratum=dependent_partition_min_size;family=dependent_partition_min_size;difficulty=large;domain=16;variant=4;seed=20260811;operatorcount=2;constraintcount=1;depth=2;set;choose;partition;size;dependent_configuration;outside_cola_fragment,problems/benchmarks/synthetic/manifest.json,synthetic/syn-dependent_partition_min_size-large-04.cfl,73daa93f280ca7669cf23b15a2b108e0d2d18f3d02c171e2addfea8499195039
synthetic,syn-dependent_partition_min_size-large-05,1171170,synthetic;stratified;stratum=dependent_partition_min_size;family=dependent_partition_min_size;difficulty=large;domain=16;variant=5;seed=20260811;operatorcount=2;constraintcount=1;depth=2;set;choose;partition;size;dependent_configuration;outside_cola_fragment,problems/benchmarks/synthetic/manifest.json,synthetic/syn-dependent_partition_min_size-large-05.cfl,16541d94ffe97db8b4537c03a48471ad468019c930cbc4d98ff058dfc50e62c8
synthetic,syn-dependent_partition_min_size-large-06,75675600,synthetic;stratified;stratum=dependent_partition_min_size;family=dependent_partition_min_size;difficulty=large;domain=16;variant=6;seed=20260811;operatorcount=2;constraintcount=1;depth=2;set;choose;partition;size;dependent_configuration;outside_cola_fragment,problems/benchmarks/synthetic/manifest.json,synthetic/syn-dependent_partition_min_size-large-06.cfl,f71f1a956c86e8d844d3c03924416ed40b90cd0b886e7d41190add8e8ed185e8
synthetic,syn-dependent_partition_min_size-large-07,34606000,synthetic;stratified;stratum=dependent_partition_min_size;family=dependent_partition_min_size;difficulty=large;domain=16;variant=7;seed=20260811;operatorcount=2;constraintcount=1;depth=2;set;choose;partition;size;dependent_configuration;outside_cola_fragment,problems/benchmarks/synthetic/manifest.json,synthetic/syn-dependent_partition_min_size-large-07.cfl,d34d1ef05603b4f74d98c9e86a0dfd169aa2c943bdf1face7d9aff7daffa1729
synthetic,syn-dependent_composition_sizes-large-00,17297280,synthetic;stratified;stratum=dependent_composition_sizes;family=dependent_composition_sizes;difficulty=large;domain=16;variant=0;seed=20260811;operatorcount=2;constraintcount=4;depth=2;set;choose;composition;size;dependent_configuration;outside_cola_fragment,problems/benchmarks/synthetic/manifest.json,synthetic/syn-dependent_composition_sizes-large-00.cfl,ae0aa5d4b4468b0f92e9d9c0ff1734f012122ddcdf2a614fb42119dde6239669
synthetic,syn-dependent_composition_sizes-large-01,605404800,synthetic;stratified;stratum=dependent_composition_sizes;family=dependent_composition_sizes;difficulty=large;domain=16;variant=1;seed=20260811;operatorcount=2;constraintcount=5;depth=2;set;choose;composition;size;dependent_configuration;outside_cola_fragment,problems/benchmarks/synthetic/manifest.json,synthetic/syn-dependent_composition_sizes-large-01.cfl,445e30c6f30681a0283b903b14efb6978e3dd50e97cfd4863d55b872fd7ef557
synthetic,syn-dependent_composition_sizes-large-02,1816214400,synthetic;stratified;stratum=dependent_composition_sizes;family=dependent_composition_sizes;difficulty=large;domain=16;variant=2;seed=20260811;operatorcount=2;constraintcount=5;depth=2;set;choose;composition;size;dependent_configuration;outside_cola_fragment,problems/benchmarks/synthetic/manifest.json,synthetic/syn-dependent_composition_sizes-large-02.cfl,9182953c0b405266d7198b654d101530fa9dca086c42752c79bdbfda7481ba73
synthetic,syn-dependent_composition_sizes-large-03,2882880,synthetic;stratified;stratum=dependent_composition_sizes;family=dependent_composition_sizes;difficulty=large;domain=16;variant=3;seed=20260811;operatorcount=2;constraintcount=5;depth=2;set;choose;composition;size;dependent_configuration;outside_cola_fragment,problems/benchmarks/synthetic/manifest.json,synthetic/syn-dependent_composition_sizes-large-03.cfl,5ba4710cf1d82294ec952ec2deb5c4c31554d4a4d135773e855b40b4d45b7df0
synthetic,syn-dependent_composition_sizes-large-04,5765760,synthetic;stratified;stratum=dependent_composition_sizes;family=dependent_composition_sizes;difficulty=large;domain=16;variant=4;seed=20260811;operatorcount=2;constraintcount=3;depth=2;set;choose;composition;size;dependent_configuration;outside_cola_fragment,problems/benchmarks/synthetic/manifest.json,synthetic/syn-dependent_composition_sizes-large-04.cfl,666483dae36d2c460c9b0de2e5bd6995b938e2da8e55a4a0df3cf0caa7af904a
synthetic,syn-dependent_composition_sizes-large-05,43243200,synthetic;stratified;stratum=dependent_composition_sizes;family=dependent_composition_sizes;difficulty=large;domain=16;variant=5;seed=20260811;operatorcount=2;constraintcount=5;depth=2;set;choose;composition;size;dependent_configuration;outside_cola_fragment,problems/benchmarks/synthetic/manifest.json,synthetic/syn-dependent_composition_sizes-large-05.cfl,a2655bb84f91235f9d35a8aa3d34783163bde1d4322c1700641b676f1b28551f
synthetic,syn-dependent_composition_sizes-large-06,960960,synthetic;stratified;stratum=dependent_composition_sizes;family=dependent_composition_sizes;difficulty=large;domain=16;variant=6;seed=20260811;operatorcount=2;constraintcount=2;depth=2;set;choose;composition;size;dependent_configuration;outside_cola_fragment,problems/benchmarks/synthetic/manifest.json,synthetic/syn-dependent_composition_sizes-large-06.cfl,a86ed4c8c8d1009732b4339784581288c83a81b40f4b3a1add0466aab6f3630f
synthetic,syn-dependent_composition_sizes-large-07,28828800,synthetic;stratified;stratum=dependent_composition_sizes;family=dependent_composition_sizes;difficulty=large;domain=16;variant=7;seed=20260811;operatorcount=2;constraintcount=4;depth=2;set;choose;composition;size;dependent_configuration;outside_cola_fragment,problems/benchmarks/synthetic/manifest.json,synthetic/syn-dependent_composition_sizes-large-07.cfl,14d08c70027c35a60b65353ac29d86a3580ba11fee10ebb95c495a9df540bf7f
synthetic,syn-dependent_bag_tuple-large-00,655200,synthetic;stratified;stratum=dependent_bag_tuple;family=dependent_bag_tuple;difficulty=large;domain=16;variant=0;seed=20260811;operatorcount=3;constraintcount=1;depth=2;bag;choose;tuple;set;membership;decomposition;dependent_configuration;outside_cola_fragment,problems/benchmarks/synthetic/manifest.json,synthetic/syn-dependent_bag_tuple-large-00.cfl,23618c1b612043722172cd35e6b04e4a7b658bc7d8cc08df049675c1bcc8538f
synthetic,syn-dependent_bag_tuple-large-01,764400,synthetic;stratified;stratum=dependent_bag_tuple;family=dependent_bag_tuple;difficulty=large;domain=16;variant=1;seed=20260811;operatorcount=3;constraintcount=1;depth=2;bag;choose;tuple;set;membership;decomposition;dependent_configuration;outside_cola_fragment,problems/benchmarks/synthetic/manifest.json,synthetic/syn-dependent_bag_tuple-large-01.cfl,29e66ab9b517ad406fa917b343ad1daf5b64edc3a2d6796985509200527846fc
synthetic,syn-dependent_bag_tuple-large-02,21840,synthetic;stratified;stratum=dependent_bag_tuple;family=dependent_bag_tuple;difficulty=large;domain=16;variant=2;seed=20260811;operatorcount=3;constraintcount=1;depth=2;bag;choose;tuple;set;membership;decomposition;dependent_configuration;outside_cola_fragment,problems/benchmarks/synthetic/manifest.json,synthetic/syn-dependent_bag_tuple-large-02.cfl,4313282b0a316d801f3cbef56b737eb274c7209781fd4a79bda87bfd9de0978b
synthetic,syn-dependent_bag_tuple-large-03,16800,synthetic;stratified;stratum=dependent_bag_tuple;family=dependent_bag_tuple;difficulty=large;domain=16;variant=3;seed=20260811;operatorcount=3;constraintcount=1;depth=2;bag;choose;tuple;set;membership;decomposition;dependent_configuration;outside_cola_fragment,problems/benchmarks/synthetic/manifest.json,synthetic/syn-dependent_bag_tuple-large-03.cfl,94bbf45bc0164ecfef23e15b23c896b932124f5eca165bdc6397e066692f272a
synthetic,syn-dependent_bag_tuple-large-04,514800,synthetic;stratified;stratum=dependent_bag_tuple;family=dependent_bag_tuple;difficulty=large;domain=16;variant=4;seed=20260811;operatorcount=3;constraintcount=1;depth=2;bag;choose;tuple;set;membership;decomposition;dependent_configuration;outside_cola_fragment,problems/benchmarks/synthetic/manifest.json,synthetic/syn-dependent_bag_tuple-large-04.cfl,dd65e1efcc01de9b2d466a82d6452d43a1c803ca487b739e4e32208abb9dd7e2
synthetic,syn-dependent_bag_tuple-large-05,288288,synthetic;stratified;stratum=dependent_bag_tuple;family=dependent_bag_tuple;difficulty=large;domain=16;variant=5;seed=20260811;operatorcount=3;constraintcount=1;depth=2;bag;choose;tuple;set;membership;decomposition;dependent_configuration;outside_cola_fragment,problems/benchmarks/synthetic/manifest.json,synthetic/syn-dependent_bag_tuple-large-05.cfl,4681f7ece5bef2c2dccbe5865d8841dd0a820ad3b25df2ea20ef8e0d50ecf2eb
synthetic,syn-dependent_bag_tuple-large-06,327600,synthetic;stratified;stratum=dependent_bag_tuple;family=dependent_bag_tuple;difficulty=large;domain=16;variant=6;seed=20260811;operatorcount=3;constraintcount=1;depth=2;bag;choose;tuple;set;membership;decomposition;dependent_configuration;outside_cola_fragment,problems/benchmarks/synthetic/manifest.json,synthetic/syn-dependent_bag_tuple-large-06.cfl,150888a678872c8dbe38879286ea1ea5093fe3bf7d91154ecf3915c327c6bf10
synthetic,syn-dependent_bag_tuple-large-07,43680,synthetic;stratified;stratum=dependent_bag_tuple;family=dependent_bag_tuple;difficulty=large;domain=16;variant=7;seed=20260811;operatorcount=3;constraintcount=1;depth=2;bag;choose;tuple;set;membership;decomposition;dependent_configuration;outside_cola_fragment,problems/benchmarks/synthetic/manifest.json,synthetic/syn-dependent_bag_tuple-large-07.cfl,a826829d38f5c4cc3fad056602c24feef899b57d005940bdc0e52db63fbbcd20
synthetic,syn-nested_choice_chain-large-00,5460,synthetic;stratified;stratum=nested_choice_chain;family=nested_choice_chain;difficulty=large;domain=16;variant=0;seed=20260811;operatorcount=3;constraintcount=1;depth=3;set;choose;membership;dependent_configuration;outside_cola_fragment,problems/benchmarks/synthetic/manifest.json,synthetic/syn-nested_choice_chain-large-00.cfl,37cb4cce264b2940ca2619e916285a8e8ed11955019496fb2ae7aab9ac744cfc
synthetic,syn-nested_choice_chain-large-01,360360,synthetic;stratified;stratum=nested_choice_chain;family=nested_choice_chain;difficulty=large;domain=16;variant=1;seed=20260811;operatorcount=3;constraintcount=1;depth=3;set;choose;membership;dependent_configuration;outside_cola_fragment,problems/benchmarks/synthetic/manifest.json,synthetic/syn-nested_choice_chain-large-01.cfl,06ce02afdde8c6ba7c3374d67ec40c530451e331e627784af5008ebd175e60b3
synthetic,syn-nested_choice_chain-large-02,1081080,synthetic;stratified;stratum=nested_choice_chain;family=nested_choice_chain;difficulty=large;domain=16;variant=2;seed=20260811;operatorcount=3;constraintcount=1;depth=3;set;choose;membership;dependent_configuration;outside_cola_fragment,problems/benchmarks/synthetic/manifest.json,synthetic/syn-nested_choice_chain-large-02.cfl,deaaf2ede78cca893b50de9138a14d5060df052ca8b71fa88172f9e94d1309bb
synthetic,syn-nested_choice_chain-large-03,180180,synthetic;stratified;stratum=nested_choice_chain;family=nested_choice_chain;difficulty=large;domain=16;variant=3;seed=20260811;operatorcount=3;constraintcount=1;depth=3;set;choose;membership;dependent_configuration;outside_cola_fragment,problems/benchmarks/synthetic/manifest.json,synthetic/syn-nested_choice_chain-large-03.cfl,a6728d1109159aaf03583494d1e53f664227f895afb27797691ab5b736a9f232
synthetic,syn-nested_choice_chain-large-04,40950,synthetic;stratified;stratum=nested_choice_chain;family=nested_choice_chain;difficulty=large;domain=16;variant=4;seed=20260811;operatorcount=3;constraintcount=1;depth=3;set;choose;membership;dependent_configuration;outside_cola_fragment,problems/benchmarks/synthetic/manifest.json,synthetic/syn-nested_choice_chain-large-04.cfl,a053468f055a6d9006e36c831f80f7f17ff96a28690db7a71871a73afc8952e3
synthetic,syn-nested_choice_chain-large-05,1621620,synthetic;stratified;stratum=nested_choice_chain;family=nested_choice_chain;difficulty=large;domain=16;variant=5;seed=20260811;operatorcount=3;constraintcount=1;depth=3;set;choose;membership;dependent_configuration;outside_cola_fragment,problems/benchmarks/synthetic/manifest.json,synthetic/syn-nested_choice_chain-large-05.cfl,e649bdc3e9251b3b9608c103df2d4314a137efafca3e4c05d119fb8a23ed5e16
synthetic,syn-nested_choice_chain-large-06,27300,synthetic;stratified;stratum=nested_choice_chain;family=nested_choice_chain;difficulty=large;domain=16;variant=6;seed=20260811;operatorcount=3;constraintcount=1;depth=3;set;choose;membership;dependent_configuration;outside_cola_fragment,problems/benchmarks/synthetic/manifest.json,synthetic/syn-nested_choice_chain-large-06.cfl,fe559363557c3788cfa797876299832961353d44515e2aa787743e401b2fca1f
synthetic,syn-nested_choice_chain-large-07,525525,synthetic;stratified;stratum=nested_choice_chain;family=nested_choice_chain;difficulty=large;domain=16;variant=7;seed=20260811;operatorcount=3;constraintcount=1;depth=3;set;choose;membership;dependent_configuration;outside_cola_fragment,problems/benchmarks/synthetic/manifest.json,synthetic/syn-nested_choice_chain-large-07.cfl,8818c40b9707b9f6f82478712db890dc59923cf12565c0335d104772bf1efda3
synthetic,syn-dependent_selected_subsets-large-00,2882880,synthetic;stratified;stratum=dependent_selected_subsets;family=dependent_selected_subsets;difficulty=large;domain=16;variant=0;seed=20260811;operatorcount=3;constraintcount=1;depth=2;set;choose;disjoint;dependent_configuration;outside_cola_fragment,problems/benchmarks/synthetic/manifest.json,synthetic/syn-dependent_selected_subsets-large-00.cfl,41d48a25b9a7b60a3b71d0fc2be5bb33dd044630a38fb3fcef578db8f121295b
synthetic,syn-dependent_selected_subsets-large-01,240240,synthetic;stratified;stratum=dependent_selected_subsets;family=dependent_selected_subsets;difficulty=large;domain=16;variant=1;seed=20260811;operatorcount=3;constraintcount=1;depth=2;set;choose;disjoint;dependent_configuration;outside_cola_fragment,problems/benchmarks/synthetic/manifest.json,synthetic/syn-dependent_selected_subsets-large-01.cfl,e316d158f435ef0d119c5c9b09e59f0816d2f0d28e8f062e0f09f1f975d08918
synthetic,syn-dependent_selected_subsets-large-02,2402400,synthetic;stratified;stratum=dependent_selected_subsets;family=dependent_selected_subsets;difficulty=large;domain=16;variant=2;seed=20260811;operatorcount=3;constraintcount=1;depth=2;set;choose;disjoint;dependent_configuration;outside_cola_fragment,problems/benchmarks/synthetic/manifest.json,synthetic/syn-dependent_selected_subsets-large-02.cfl,69837c38ea14375cdeae9e0d48c9f08761768944026f8887095d3f6314c94c87
synthetic,syn-dependent_selected_subsets-large-03,480480,synthetic;stratified;stratum=dependent_selected_subsets;family=dependent_selected_subsets;difficulty=large;domain=16;variant=3;seed=20260811;operatorcount=3;constraintcount=1;depth=2;set;choose;disjoint;dependent_configuration;outside_cola_fragment,problems/benchmarks/synthetic/manifest.json,synthetic/syn-dependent_selected_subsets-large-03.cfl,ec0285c4b264189fdfda53c042e3176df58a099be934ea8786b5e0c3725e6394
synthetic,syn-dependent_selected_subsets-large-04,1601600,synthetic;stratified;stratum=dependent_selected_subsets;family=dependent_selected_subsets;difficulty=large;domain=16;variant=4;seed=20260811;operatorcount=3;constraintcount=1;depth=2;set;choose;disjoint;dependent_configuration;outside_cola_fragment,problems/benchmarks/synthetic/manifest.json,synthetic/syn-dependent_selected_subsets-large-04.cfl,9817c1228a76f260979329de118307281d75bc137197825132cbbeb350b68af2
synthetic,syn-dependent_selected_subsets-large-05,2882880,synthetic;stratified;stratum=dependent_selected_subsets;family=dependent_selected_subsets;difficulty=large;domain=16;variant=5;seed=20260811;operatorcount=3;constraintcount=1;depth=2;set;choose;disjoint;dependent_configuration;outside_cola_fragment,problems/benchmarks/synthetic/manifest.json,synthetic/syn-dependent_selected_subsets-large-05.cfl,3b3cf33cc0a5e4a985a00c55d95ed0164d4495a366f099609cdb56ec5266887a
synthetic,syn-dependent_selected_subsets-large-06,240240,synthetic;stratified;stratum=dependent_selected_subsets;family=dependent_selected_subsets;difficulty=large;domain=16;variant=6;seed=20260811;operatorcount=3;constraintcount=1;depth=2;set;choose;disjoint;dependent_configuration;outside_cola_fragment,problems/benchmarks/synthetic/manifest.json,synthetic/syn-dependent_selected_subsets-large-06.cfl,04bb319bc46800e58281f0f5b6de502583f430bb1e84f83c37330f8ce1a95a0d
synthetic,syn-dependent_selected_subsets-large-07,480480,synthetic;stratified;stratum=dependent_selected_subsets;family=dependent_selected_subsets;difficulty=large;domain=16;variant=7;seed=20260811;operatorcount=3;constraintcount=1;depth=2;set;choose;disjoint;dependent_configuration;outside_cola_fragment,problems/benchmarks/synthetic/manifest.json,synthetic/syn-dependent_selected_subsets-large-07.cfl,c150c3514d1038fc878b79feeb6d48ba2af945cc4fe475b78fa97e17c4774a69
