suite,case_id,backend,status,result,expected,elapsed_sec,error_type,error_message,tags,source,lifted_bags,repetition,order,recheck_reason
real,1,wfomc,solved,609,609,0.768435,,,set;choose_replace_permute;tuple;size constraint;intersection;benchmark,problems/real/corpus.json,True,0,0,
real,1,wfomc,solved,609,609,0.776903,,,set;choose_replace_permute;tuple;size constraint;intersection;benchmark,problems/real/corpus.json,False,0,1,
real,5,wfomc,solved,36,36,0.976399,,,set;choose;tuple;index;count;benchmark,problems/real/corpus.json,True,0,0,
real,5,wfomc,solved,36,36,0.979109,,,set;choose;tuple;index;count;benchmark,problems/real/corpus.json,False,0,1,
real,12,wfomc,solved,540,540,0.770818,,,set;composition;none_empty,problems/real/corpus.json,True,0,0,
real,12,wfomc,solved,540,540,0.769008,,,set;composition;none_empty,problems/real/corpus.json,False,0,1,
real,18,wfomc,solved,12,12,0.814188,,,set;choose;tuple;index;in,problems/real/corpus.json,True,0,0,
real,18,wfomc,solved,12,12,0.812796,,,set;choose;tuple;index;in,problems/real/corpus.json,False,0,1,
real,22,wfomc,solved,36,36,0.809117,,,set;choose;multiple choosing;size constraint;intersection,problems/real/corpus.json,True,0,0,
real,22,wfomc,solved,36,36,0.809473,,,set;choose;multiple choosing;size constraint;intersection,problems/real/corpus.json,False,0,1,
real,26,wfomc,solved,13,13,1.340443,,,set;choose;or constraint;subset;benchmark,problems/real/corpus.json,True,0,0,
real,26,wfomc,solved,13,13,1.350127,,,set;choose;or constraint;subset;benchmark,problems/real/corpus.json,False,0,1,
real,30,wfomc,solved,25200,25200,1.383223,,,set;choose;tuple;multiple choosing;difference,problems/real/corpus.json,True,0,0,
real,30,wfomc,solved,25200,25200,1.375169,,,set;choose;tuple;multiple choosing;difference,problems/real/corpus.json,False,0,1,
real,35,wfomc,solved,60,60,0.844230,,,bag;tuple;index;in,problems/real/corpus.json,True,0,0,
real,35,wfomc,solved,60,60,0.905931,,,bag;tuple;index;in,problems/real/corpus.json,False,0,1,
real,41,wfomc,solved,1386,1386,0.799451,,,set;choose;size constraint;intersection,problems/real/corpus.json,True,0,0,
real,41,wfomc,solved,1386,1386,0.830559,,,set;choose;size constraint;intersection,problems/real/corpus.json,False,0,1,
real,45,wfomc,solved,2880,2880,0.379652,,,set;sequence;together,problems/real/corpus.json,True,0,0,
real,45,wfomc,solved,2880,2880,0.382216,,,set;sequence;together,problems/real/corpus.json,False,0,1,
real,50,wfomc,solved,34650,34650,2.317936,,,bag;tuple,problems/real/corpus.json,True,0,0,
real,50,wfomc,solved,34650,34650,2.348678,,,bag;tuple,problems/real/corpus.json,False,0,1,
real,58,wfomc,solved,280,280,0.463724,,,set;choose;multiple choosing,problems/real/corpus.json,True,0,0,
real,58,wfomc,solved,280,280,0.459722,,,set;choose;multiple choosing,problems/real/corpus.json,False,0,1,
real,62,wfomc,solved,1920,1920,1.007277,,,set;choose;multiple choosing;choose_permute;tuple,problems/real/corpus.json,True,0,0,
real,62,wfomc,solved,1920,1920,1.023883,,,set;choose;multiple choosing;choose_permute;tuple,problems/real/corpus.json,False,0,1,
real,68,wfomc,solved,252,252,0.761303,,,set;choose;intersection;size constraint,problems/real/corpus.json,True,0,0,
real,68,wfomc,solved,252,252,0.758692,,,set;choose;intersection;size constraint,problems/real/corpus.json,False,0,1,
real,72,wfomc,solved,75075,75075,0.401843,,,set;choose;multiple choosing,problems/real/corpus.json,True,0,0,
real,72,wfomc,solved,75075,75075,0.398805,,,set;choose;multiple choosing,problems/real/corpus.json,False,0,1,
real,76,wfomc,solved,70,70,0.754626,,,set;partition;not constraint;subset;benchmark,problems/real/corpus.json,True,0,0,
real,76,wfomc,solved,70,70,0.753675,,,set;partition;not constraint;subset;benchmark,problems/real/corpus.json,False,0,1,
real,83,wfomc,solved,195,195,0.754242,,,set;choose;intersection;size constraint,problems/real/corpus.json,True,0,0,
real,83,wfomc,solved,195,195,0.759891,,,set;choose;intersection;size constraint,problems/real/corpus.json,False,0,1,
real,87,wfomc,solved,2838,2838,0.406387,,,set;choose;intersection;size constraint,problems/real/corpus.json,True,0,0,
real,87,wfomc,solved,2838,2838,0.409367,,,set;choose;intersection;size constraint,problems/real/corpus.json,False,0,1,
real,94,wfomc,solved,56,56,0.390001,,,set;choose;subset,problems/real/corpus.json,True,0,0,
real,94,wfomc,solved,56,56,0.386891,,,set;choose;subset,problems/real/corpus.json,False,0,1,
real,98,wfomc,solved,12,12,0.868478,,,set;tuple;index;compare element,problems/real/corpus.json,True,0,0,
real,98,wfomc,solved,12,12,0.869300,,,set;tuple;index;compare element,problems/real/corpus.json,False,0,1,
real,102,wfomc,solved,432,432,1.024070,,,set;sequence;together,problems/real/corpus.json,True,0,0,
real,102,wfomc,solved,432,432,0.992278,,,set;sequence;together,problems/real/corpus.json,False,0,1,
real,106,wfomc,solved,15,15,0.599668,,,bag;partition,problems/real/corpus.json,True,0,0,
real,106,wfomc,solved,15,15,0.595997,,,bag;partition,problems/real/corpus.json,False,0,1,
real,110,wfomc,solved,504,504,0.600806,,,set;choose;multiple choosing,problems/real/corpus.json,True,0,0,
real,110,wfomc,solved,504,504,0.600750,,,set;choose;multiple choosing,problems/real/corpus.json,False,0,1,
real,116,wfomc,solved,126,126,0.359666,,,set;choose,problems/real/corpus.json,True,0,0,
real,116,wfomc,solved,126,126,0.352983,,,set;choose,problems/real/corpus.json,False,0,1,
real,120,wfomc,solved,30860,30860,1.309602,,,tuple;unknown length,problems/real/corpus.json,True,0,0,
real,120,wfomc,solved,30860,30860,1.307765,,,tuple;unknown length,problems/real/corpus.json,False,0,1,
real,126,wfomc,solved,6,6,0.360112,,,set;choose,problems/real/corpus.json,True,0,0,
real,126,wfomc,solved,6,6,0.358125,,,set;choose,problems/real/corpus.json,False,0,1,
real,130,wfomc,solved,34560,34560,2.508204,,,set;sequence;together,problems/real/corpus.json,True,0,0,
real,130,wfomc,solved,34560,34560,2.497172,,,set;sequence;together,problems/real/corpus.json,False,0,1,
real,134,wfomc,solved,4320,4320,0.507507,,,set;tuple;index;in,problems/real/corpus.json,True,0,0,
real,134,wfomc,solved,4320,4320,0.506818,,,set;tuple;index;in,problems/real/corpus.json,False,0,1,
real,139,wfomc,solved,165,165,0.401686,,,set;choose;subset,problems/real/corpus.json,True,0,0,
real,139,wfomc,solved,165,165,0.402357,,,set;choose;subset,problems/real/corpus.json,False,0,1,
real,144,wfomc,solved,15,15,0.493109,,,set;partition,problems/real/corpus.json,True,0,0,
real,144,wfomc,solved,15,15,0.501544,,,set;partition,problems/real/corpus.json,False,0,1,
real,148,wfomc,solved,29700,29700,1.045825,,,over partitioned sets,problems/real/corpus.json,True,0,0,
real,148,wfomc,solved,29700,29700,1.041252,,,over partitioned sets,problems/real/corpus.json,False,0,1,
real,156,wfomc,solved,62,62,0.704229,,,set;composition;none_empty,problems/real/corpus.json,True,0,0,
real,156,wfomc,solved,62,62,0.706049,,,set;composition;none_empty,problems/real/corpus.json,False,0,1,
real,161,wfomc,solved,864,864,1.832605,,,set;composition;index;in,problems/real/corpus.json,True,0,0,
real,161,wfomc,solved,864,864,1.834962,,,set;composition;index;in,problems/real/corpus.json,False,0,1,
real,165,wfomc,solved,7,7,0.410279,,,bag;choose,problems/real/corpus.json,True,0,0,
real,165,wfomc,solved,7,7,0.414676,,,bag;choose,problems/real/corpus.json,False,0,1,
real,169,wfomc,solved,14,14,1.103044,,,bag;composition;partition,problems/real/corpus.json,True,0,0,
real,169,wfomc,solved,14,14,1.106036,,,bag;composition;partition,problems/real/corpus.json,False,0,1,
real,173,wfomc,solved,21,21,0.452123,,,bag;composition,problems/real/corpus.json,True,0,0,
real,173,wfomc,solved,21,21,0.447273,,,bag;composition,problems/real/corpus.json,False,0,1,
real,179,wfomc,solved,12,12,1.063867,,,set;choose;tuple;difference;index;in,problems/real/corpus.json,True,0,0,
real,179,wfomc,solved,12,12,1.073491,,,set;choose;tuple;difference;index;in,problems/real/corpus.json,False,0,1,
real,183,wfomc,solved,200,200,0.945348,,,set;choose;tuple;intersection;difference;size constraint,problems/real/corpus.json,True,0,0,
real,183,wfomc,solved,200,200,0.954966,,,set;choose;tuple;intersection;difference;size constraint,problems/real/corpus.json,False,0,1,
real,187,wfomc,solved,990,990,0.756047,,,set;choose;intersection;size constraint,problems/real/corpus.json,True,0,0,
real,187,wfomc,solved,990,990,0.753478,,,set;choose;intersection;size constraint,problems/real/corpus.json,False,0,1,
real,191,wfomc,solved,36,36,0.991619,,,bag;multiplicity constraint;over partitioned sets,problems/real/corpus.json,True,0,0,
real,191,wfomc,solved,36,36,0.989660,,,bag;multiplicity constraint;over partitioned sets,problems/real/corpus.json,False,0,1,
real,196,wfomc,solved,200,200,0.487343,,,set;choose_replace_permute;not constraint;index;compare element;in,problems/real/corpus.json,True,0,0,
real,196,wfomc,solved,200,200,0.498916,,,set;choose_replace_permute;not constraint;index;compare element;in,problems/real/corpus.json,False,0,1,
real,202,wfomc,solved,5,5,0.528797,,,bag;partition,problems/real/corpus.json,True,0,0,
real,202,wfomc,solved,5,5,0.539039,,,bag;partition,problems/real/corpus.json,False,0,1,
real,208,wfomc,solved,520,520,1.001965,,,set;tuple;index;in;counting quantifier,problems/real/corpus.json,True,0,0,
real,208,wfomc,solved,520,520,0.992670,,,set;tuple;index;in;counting quantifier,problems/real/corpus.json,False,0,1,
real,215,wfomc,solved,12600,12600,0.436692,,,set;choose;multiple choosing,problems/real/corpus.json,True,0,0,
real,215,wfomc,solved,12600,12600,0.433234,,,set;choose;multiple choosing,problems/real/corpus.json,False,0,1,
real,222,wfomc,solved,111,111,0.612686,,,set;choose;multiple choosing;subset;not constraint,problems/real/corpus.json,True,0,0,
real,222,wfomc,solved,111,111,0.617015,,,set;choose;multiple choosing;subset;not constraint,problems/real/corpus.json,False,0,1,
real,229,wfomc,solved,5,5,3.665391,,,set;choose;multiple choosing;in;or constraint,problems/real/corpus.json,True,0,0,
real,229,wfomc,solved,5,5,3.663860,,,set;choose;multiple choosing;in;or constraint,problems/real/corpus.json,False,0,1,
real,233,wfomc,solved,360,360,0.414209,,,set;choose;multiple choosing,problems/real/corpus.json,True,0,0,
real,233,wfomc,solved,360,360,0.406154,,,set;choose;multiple choosing,problems/real/corpus.json,False,0,1,
real,239,wfomc,solved,10,10,0.455858,,,set;choose_replace;multiplicity constraint,problems/real/corpus.json,True,0,0,
real,239,wfomc,solved,10,10,0.456588,,,set;choose_replace;multiplicity constraint,problems/real/corpus.json,False,0,1,
real,244,wfomc,solved,480,480,0.700474,,,set;choose;multiple choosing;subset;not constraint,problems/real/corpus.json,True,0,0,
real,244,wfomc,solved,480,480,0.690308,,,set;choose;multiple choosing;subset;not constraint,problems/real/corpus.json,False,0,1,
real,249,wfomc,solved,14,14,0.495479,,,bag;partition,problems/real/corpus.json,True,0,0,
real,249,wfomc,solved,14,14,0.493870,,,bag;partition,problems/real/corpus.json,False,0,1,
real,254,wfomc,solved,36,36,0.937743,,,set;choose;multiple choosing;tuple;not constraint;subset;difference;in,problems/real/corpus.json,True,0,0,
real,254,wfomc,solved,36,36,0.938390,,,set;choose;multiple choosing;tuple;not constraint;subset;difference;in,problems/real/corpus.json,False,0,1,
real,259,wfomc,solved,432,432,0.828716,,,counting quantifier,problems/real/corpus.json,True,0,0,
real,259,wfomc,solved,432,432,0.856362,,,counting quantifier,problems/real/corpus.json,False,0,1,
real,265,wfomc,solved,384,384,0.653326,,,set;sequence;choose_replace_permute;not constraint;next_to,problems/real/corpus.json,True,0,0,
real,265,wfomc,solved,384,384,0.506801,,,set;sequence;choose_replace_permute;not constraint;next_to,problems/real/corpus.json,False,0,1,
real,265,wfomc,solved,384,384,0.519692,,,set;sequence;choose_replace_permute;not constraint;next_to,problems/real/corpus.json,False,1,0,slowdown
real,265,wfomc,solved,384,384,0.505978,,,set;sequence;choose_replace_permute;not constraint;next_to,problems/real/corpus.json,True,1,1,slowdown
real,265,wfomc,solved,384,384,0.506685,,,set;sequence;choose_replace_permute;not constraint;next_to,problems/real/corpus.json,True,2,0,slowdown
real,265,wfomc,solved,384,384,0.503030,,,set;sequence;choose_replace_permute;not constraint;next_to,problems/real/corpus.json,False,2,1,slowdown
real,265,wfomc,solved,384,384,0.511067,,,set;sequence;choose_replace_permute;not constraint;next_to,problems/real/corpus.json,False,3,0,slowdown
real,265,wfomc,solved,384,384,0.507148,,,set;sequence;choose_replace_permute;not constraint;next_to,problems/real/corpus.json,True,3,1,slowdown
real,272,wfomc,solved,5416,5416,0.850586,,,set;choose_replace_permute;tuple;or constraint;in,problems/real/corpus.json,True,0,0,
real,272,wfomc,solved,5416,5416,0.897322,,,set;choose_replace_permute;tuple;or constraint;in,problems/real/corpus.json,False,0,1,
real,277,wfomc,solved,100,100,0.890838,,,set;tuple;choose_replace_permute;index;not constraint;compare element,problems/real/corpus.json,True,0,0,
real,277,wfomc,solved,100,100,0.892664,,,set;tuple;choose_replace_permute;index;not constraint;compare element,problems/real/corpus.json,False,0,1,
real,281,wfomc,solved,75,75,0.972864,,,set;bag;choose;multiple choosing,problems/real/corpus.json,True,0,0,
real,281,wfomc,solved,75,75,0.969091,,,set;bag;choose;multiple choosing,problems/real/corpus.json,False,0,1,
real,288,wfomc,solved,210,210,0.415899,,,set;choose;multiple choosing,problems/real/corpus.json,True,0,0,
real,288,wfomc,solved,210,210,0.410571,,,set;choose;multiple choosing,problems/real/corpus.json,False,0,1,
real,294,wfomc,solved,14,14,0.424531,,,set;partition,problems/real/corpus.json,True,0,0,
real,294,wfomc,solved,14,14,0.421408,,,set;partition,problems/real/corpus.json,False,0,1,
real,298,wfomc,solved,45,45,0.361654,,,set;choose,problems/real/corpus.json,True,0,0,
real,298,wfomc,solved,45,45,0.366390,,,set;choose,problems/real/corpus.json,False,0,1,
real,302,wfomc,solved,16,16,0.357529,,,set;composition,problems/real/corpus.json,True,0,0,
real,302,wfomc,solved,16,16,0.356976,,,set;composition,problems/real/corpus.json,False,0,1,
real,307,wfomc,solved,192,192,0.496769,,,set;sequence;choose_replace_permute;pred;not constraint,problems/real/corpus.json,True,0,0,
real,307,wfomc,solved,192,192,0.488969,,,set;sequence;choose_replace_permute;pred;not constraint,problems/real/corpus.json,False,0,1,
real,371,wfomc,solved,26,26,13.080953,,,set;choose_replace_permute;tuple;multiplicity constraint;not constraint,problems/real/corpus.json,True,0,0,
real,371,wfomc,solved,26,26,12.924815,,,set;choose_replace_permute;tuple;multiplicity constraint;not constraint,problems/real/corpus.json,False,0,1,
growing,mathcounts_015,wfomc,solved,614,614,0.848529,,,mathcounts;bag;choose;count;growing;family=mathcounts;domain=15,MATHCOUNTS bag choose,True,0,0,
growing,mathcounts_015,wfomc,solved,614,614,0.857921,,,mathcounts;bag;choose;count;growing;family=mathcounts;domain=15,MATHCOUNTS bag choose,False,0,1,
growing,mathcounts_035,wfomc,solved,28809,28809,0.871908,,,mathcounts;bag;choose;count;growing;family=mathcounts;domain=35,MATHCOUNTS bag choose,True,0,0,
growing,mathcounts_035,wfomc,solved,28809,28809,0.866298,,,mathcounts;bag;choose;count;growing;family=mathcounts;domain=35,MATHCOUNTS bag choose,False,0,1,
growing,mathcounts_055,wfomc,solved,188650,188650,0.878818,,,mathcounts;bag;choose;count;growing;family=mathcounts;domain=55,MATHCOUNTS bag choose,True,0,0,
growing,mathcounts_055,wfomc,solved,188650,188650,0.905679,,,mathcounts;bag;choose;count;growing;family=mathcounts;domain=55,MATHCOUNTS bag choose,False,0,1,
growing,mathcounts_075,wfomc,solved,674804,674804,0.892101,,,mathcounts;bag;choose;count;growing;family=mathcounts;domain=75,MATHCOUNTS bag choose,True,0,0,
growing,mathcounts_075,wfomc,solved,674804,674804,0.890558,,,mathcounts;bag;choose;count;growing;family=mathcounts;domain=75,MATHCOUNTS bag choose,False,0,1,
growing,mathcounts_095,wfomc,solved,1830519,1830519,0.907695,,,mathcounts;bag;choose;count;growing;family=mathcounts;domain=95,MATHCOUNTS bag choose,True,0,0,
growing,mathcounts_095,wfomc,solved,1830519,1830519,0.896284,,,mathcounts;bag;choose;count;growing;family=mathcounts;domain=95,MATHCOUNTS bag choose,False,0,1,
growing,fourletter_015,wfomc,solved,468,468,0.827997,,,fourletter;set;tuple;position;count;growing;family=fourletter;domain=15,four-letter arrangements,True,0,0,
growing,fourletter_015,wfomc,solved,468,468,0.813677,,,fourletter;set;tuple;position;count;growing;family=fourletter;domain=15,four-letter arrangements,False,0,1,
growing,fourletter_035,wfomc,solved,3168,3168,0.862833,,,fourletter;set;tuple;position;count;growing;family=fourletter;domain=35,four-letter arrangements,True,0,0,
growing,fourletter_035,wfomc,solved,3168,3168,0.867898,,,fourletter;set;tuple;position;count;growing;family=fourletter;domain=35,four-letter arrangements,False,0,1,
growing,fourletter_055,wfomc,solved,8268,8268,0.939932,,,fourletter;set;tuple;position;count;growing;family=fourletter;domain=55,four-letter arrangements,True,0,0,
growing,fourletter_055,wfomc,solved,8268,8268,0.938611,,,fourletter;set;tuple;position;count;growing;family=fourletter;domain=55,four-letter arrangements,False,0,1,
growing,fourletter_075,wfomc,solved,15768,15768,1.078256,,,fourletter;set;tuple;position;count;growing;family=fourletter;domain=75,four-letter arrangements,True,0,0,
growing,fourletter_075,wfomc,solved,15768,15768,1.078523,,,fourletter;set;tuple;position;count;growing;family=fourletter;domain=75,four-letter arrangements,False,0,1,
growing,fourletter_095,wfomc,solved,25668,25668,1.365428,,,fourletter;set;tuple;position;count;growing;family=fourletter;domain=95,four-letter arrangements,True,0,0,
growing,fourletter_095,wfomc,solved,25668,25668,1.364227,,,fourletter;set;tuple;position;count;growing;family=fourletter;domain=95,four-letter arrangements,False,0,1,
growing,tvs_015,wfomc,solved,726,726,0.766754,,,tvs;set;choose;count;growing;family=tvs;domain=15,defective TVs purchase,True,0,0,
growing,tvs_015,wfomc,solved,726,726,0.772592,,,tvs;set;choose;count;growing;family=tvs;domain=15,defective TVs purchase,False,0,1,
growing,tvs_035,wfomc,solved,103502,103502,0.777479,,,tvs;set;choose;count;growing;family=tvs;domain=35,defective TVs purchase,True,0,0,
growing,tvs_035,wfomc,solved,103502,103502,0.779563,,,tvs;set;choose;count;growing;family=tvs;domain=35,defective TVs purchase,False,0,1,
growing,tvs_055,wfomc,solved,1173003,1173003,0.778573,,,tvs;set;choose;count;growing;family=tvs;domain=55,defective TVs purchase,True,0,0,
growing,tvs_055,wfomc,solved,1173003,1173003,0.794231,,,tvs;set;choose;count;growing;family=tvs;domain=55,defective TVs purchase,False,0,1,
growing,tvs_075,wfomc,solved,5962104,5962104,0.824479,,,tvs;set;choose;count;growing;family=tvs;domain=75,defective TVs purchase,True,0,0,
growing,tvs_075,wfomc,solved,5962104,5962104,0.854995,,,tvs;set;choose;count;growing;family=tvs;domain=75,defective TVs purchase,False,0,1,
growing,tvs_095,wfomc,solved,20286805,20286805,0.795500,,,tvs;set;choose;count;growing;family=tvs;domain=95,defective TVs purchase,True,0,0,
growing,tvs_095,wfomc,solved,20286805,20286805,0.787725,,,tvs;set;choose;count;growing;family=tvs;domain=95,defective TVs purchase,False,0,1,
growing,workers_015,wfomc,solved,360360,360360,0.852306,,,workers;set;composition;index;size;growing;family=workers;domain=15,workers composition,True,0,0,
growing,workers_015,wfomc,solved,360360,360360,0.859093,,,workers;set;composition;index;size;growing;family=workers;domain=15,workers composition,False,0,1,
growing,workers_035,wfomc,solved,144403552893600,144403552893600,0.860749,,,workers;set;composition;index;size;growing;family=workers;domain=35,workers composition,True,0,0,
growing,workers_035,wfomc,solved,144403552893600,144403552893600,0.852815,,,workers;set;composition;index;size;growing;family=workers;domain=35,workers composition,False,0,1,
growing,workers_055,wfomc,solved,50187304054872668884200,50187304054872668884200,0.886112,,,workers;set;composition;index;size;growing;family=workers;domain=55,workers composition,True,0,0,
growing,workers_055,wfomc,solved,50187304054872668884200,50187304054872668884200,0.860104,,,workers;set;composition;index;size;growing;family=workers;domain=55,workers composition,False,0,1,
growing,workers_075,wfomc,solved,18661599110928643792648315480800,18661599110928643792648315480800,0.872652,,,workers;set;composition;index;size;growing;family=workers;domain=75,workers composition,True,0,0,
growing,workers_075,wfomc,solved,18661599110928643792648315480800,18661599110928643792648315480800,0.869889,,,workers;set;composition;index;size;growing;family=workers;domain=75,workers composition,False,0,1,
growing,workers_095,wfomc,solved,13656568343964299650784972884236430593600,13656568343964299650784972884236430593600,0.884633,,,workers;set;composition;index;size;growing;family=workers;domain=95,workers composition,True,0,0,
growing,workers_095,wfomc,solved,13656568343964299650784972884236430593600,13656568343964299650784972884236430593600,0.883181,,,workers;set;composition;index;size;growing;family=workers;domain=95,workers composition,False,0,1,
growing,banana_015,wfomc,solved,180180,180180,1.159636,,,banana;bag;tuple;growing;family=banana;domain=15,BANANA bag tuple,True,0,0,
growing,banana_015,wfomc,solved,180180,180180,1.158364,,,banana;bag;tuple;growing;family=banana;domain=15,BANANA bag tuple,False,0,1,
growing,banana_035,wfomc,solved,38877879625200,38877879625200,1.172740,,,banana;bag;tuple;growing;family=banana;domain=35,BANANA bag tuple,True,0,0,
growing,banana_035,wfomc,solved,38877879625200,38877879625200,1.173121,,,banana;bag;tuple;growing;family=banana;domain=35,BANANA bag tuple,False,0,1,
growing,banana_055,wfomc,solved,26414370555196141518000,26414370555196141518000,1.171883,,,banana;bag;tuple;growing;family=banana;domain=55,BANANA bag tuple,True,0,0,
growing,banana_055,wfomc,solved,26414370555196141518000,26414370555196141518000,1.168248,,,banana;bag;tuple;growing;family=banana;domain=55,BANANA bag tuple,False,0,1,
growing,banana_075,wfomc,solved,9330799555464321896324157740400,9330799555464321896324157740400,1.269883,,,banana;bag;tuple;growing;family=banana;domain=75,BANANA bag tuple,True,0,0,
growing,banana_075,wfomc,solved,9330799555464321896324157740400,9330799555464321896324157740400,1.252141,,,banana;bag;tuple;growing;family=banana;domain=75,BANANA bag tuple,False,0,1,
growing,banana_095,wfomc,solved,3517600937081713546414311197454838183200,3517600937081713546414311197454838183200,1.299362,,,banana;bag;tuple;growing;family=banana;domain=95,BANANA bag tuple,True,0,0,
growing,banana_095,wfomc,solved,3517600937081713546414311197454838183200,3517600937081713546414311197454838183200,1.286927,,,banana;bag;tuple;growing;family=banana;domain=95,BANANA bag tuple,False,0,1,
growing,nested_choice_015,wfomc,solved,5460,5460,0.392826,,,nested_choice;set;choose;dependent_configuration;outside_cola_fragment;growing;family=nested_choice;domain=15,choose a team and then its captain,True,0,0,
growing,nested_choice_015,wfomc,solved,5460,5460,0.400402,,,nested_choice;set;choose;dependent_configuration;outside_cola_fragment;growing;family=nested_choice;domain=15,choose a team and then its captain,False,0,1,
growing,nested_choice_035,wfomc,solved,209440,209440,0.396948,,,nested_choice;set;choose;dependent_configuration;outside_cola_fragment;growing;family=nested_choice;domain=35,choose a team and then its captain,True,0,0,
growing,nested_choice_035,wfomc,solved,209440,209440,0.410411,,,nested_choice;set;choose;dependent_configuration;outside_cola_fragment;growing;family=nested_choice;domain=35,choose a team and then its captain,False,0,1,
growing,nested_choice_055,wfomc,solved,1364220,1364220,0.415438,,,nested_choice;set;choose;dependent_configuration;outside_cola_fragment;growing;family=nested_choice;domain=55,choose a team and then its captain,True,0,0,
growing,nested_choice_055,wfomc,solved,1364220,1364220,0.402648,,,nested_choice;set;choose;dependent_configuration;outside_cola_fragment;growing;family=nested_choice;domain=55,choose a team and then its captain,False,0,1,
growing,nested_choice_075,wfomc,solved,4861800,4861800,0.414882,,,nested_choice;set;choose;dependent_configuration;outside_cola_fragment;growing;family=nested_choice;domain=75,choose a team and then its captain,True,0,0,
growing,nested_choice_075,wfomc,solved,4861800,4861800,0.413439,,,nested_choice;set;choose;dependent_configuration;outside_cola_fragment;growing;family=nested_choice;domain=75,choose a team and then its captain,False,0,1,
growing,nested_choice_095,wfomc,solved,12734180,12734180,0.421119,,,nested_choice;set;choose;dependent_configuration;outside_cola_fragment;growing;family=nested_choice;domain=95,choose a team and then its captain,True,0,0,
growing,nested_choice_095,wfomc,solved,12734180,12734180,0.421593,,,nested_choice;set;choose;dependent_configuration;outside_cola_fragment;growing;family=nested_choice;domain=95,choose a team and then its captain,False,0,1,
growing,selected_pairs_015,wfomc,solved,4095,4095,0.760866,,,selected_pairs;set;choose;partition;dependent_configuration;outside_cola_fragment;growing;family=selected_pairs;domain=15,choose four people and partition them into pairs,True,0,0,
growing,selected_pairs_015,wfomc,solved,4095,4095,0.793829,,,selected_pairs;set;choose;partition;dependent_configuration;outside_cola_fragment;growing;family=selected_pairs;domain=15,choose four people and partition them into pairs,False,0,1,
growing,selected_pairs_035,wfomc,solved,157080,157080,0.816611,,,selected_pairs;set;choose;partition;dependent_configuration;outside_cola_fragment;growing;family=selected_pairs;domain=35,choose four people and partition them into pairs,True,0,0,
growing,selected_pairs_035,wfomc,solved,157080,157080,0.777000,,,selected_pairs;set;choose;partition;dependent_configuration;outside_cola_fragment;growing;family=selected_pairs;domain=35,choose four people and partition them into pairs,False,0,1,
growing,selected_pairs_055,wfomc,solved,1023165,1023165,0.809844,,,selected_pairs;set;choose;partition;dependent_configuration;outside_cola_fragment;growing;family=selected_pairs;domain=55,choose four people and partition them into pairs,True,0,0,
growing,selected_pairs_055,wfomc,solved,1023165,1023165,0.806066,,,selected_pairs;set;choose;partition;dependent_configuration;outside_cola_fragment;growing;family=selected_pairs;domain=55,choose four people and partition them into pairs,False,0,1,
growing,selected_pairs_075,wfomc,solved,3646350,3646350,0.786903,,,selected_pairs;set;choose;partition;dependent_configuration;outside_cola_fragment;growing;family=selected_pairs;domain=75,choose four people and partition them into pairs,True,0,0,
growing,selected_pairs_075,wfomc,solved,3646350,3646350,0.791097,,,selected_pairs;set;choose;partition;dependent_configuration;outside_cola_fragment;growing;family=selected_pairs;domain=75,choose four people and partition them into pairs,False,0,1,
growing,selected_pairs_095,wfomc,solved,9550635,9550635,0.800335,,,selected_pairs;set;choose;partition;dependent_configuration;outside_cola_fragment;growing;family=selected_pairs;domain=95,choose four people and partition them into pairs,True,0,0,
growing,selected_pairs_095,wfomc,solved,9550635,9550635,0.806688,,,selected_pairs;set;choose;partition;dependent_configuration;outside_cola_fragment;growing;family=selected_pairs;domain=95,choose four people and partition them into pairs,False,0,1,
growing,selected_sequence_015,wfomc,solved,13728,13728,0.787088,,,selected_sequence;set;choose;sequence;adjacency;dependent_configuration;outside_cola_fragment;growing;family=selected_sequence;domain=15,"choose five items, order them, and keep two adjacent",True,0,0,
growing,selected_sequence_015,wfomc,solved,13728,13728,0.790772,,,selected_sequence;set;choose;sequence;adjacency;dependent_configuration;outside_cola_fragment;growing;family=selected_sequence;domain=15,"choose five items, order them, and keep two adjacent",False,0,1,
growing,selected_sequence_035,wfomc,solved,261888,261888,0.840726,,,selected_sequence;set;choose;sequence;adjacency;dependent_configuration;outside_cola_fragment;growing;family=selected_sequence;domain=35,"choose five items, order them, and keep two adjacent",True,0,0,
growing,selected_sequence_035,wfomc,solved,261888,261888,0.849377,,,selected_sequence;set;choose;sequence;adjacency;dependent_configuration;outside_cola_fragment;growing;family=selected_sequence;domain=35,"choose five items, order them, and keep two adjacent",False,0,1,
growing,selected_sequence_055,wfomc,solved,1124448,1124448,0.952100,,,selected_sequence;set;choose;sequence;adjacency;dependent_configuration;outside_cola_fragment;growing;family=selected_sequence;domain=55,"choose five items, order them, and keep two adjacent",True,0,0,
growing,selected_sequence_055,wfomc,solved,1124448,1124448,0.949152,,,selected_sequence;set;choose;sequence;adjacency;dependent_configuration;outside_cola_fragment;growing;family=selected_sequence;domain=55,"choose five items, order them, and keep two adjacent",False,0,1,
growing,selected_sequence_075,wfomc,solved,2985408,2985408,1.108740,,,selected_sequence;set;choose;sequence;adjacency;dependent_configuration;outside_cola_fragment;growing;family=selected_sequence;domain=75,"choose five items, order them, and keep two adjacent",True,0,0,
growing,selected_sequence_075,wfomc,solved,2985408,2985408,1.110035,,,selected_sequence;set;choose;sequence;adjacency;dependent_configuration;outside_cola_fragment;growing;family=selected_sequence;domain=75,"choose five items, order them, and keep two adjacent",False,0,1,
growing,selected_sequence_095,wfomc,solved,6228768,6228768,1.310369,,,selected_sequence;set;choose;sequence;adjacency;dependent_configuration;outside_cola_fragment;growing;family=selected_sequence;domain=95,"choose five items, order them, and keep two adjacent",True,0,0,
growing,selected_sequence_095,wfomc,solved,6228768,6228768,1.315999,,,selected_sequence;set;choose;sequence;adjacency;dependent_configuration;outside_cola_fragment;growing;family=selected_sequence;domain=95,"choose five items, order them, and keep two adjacent",False,0,1,
synthetic,syn-set_choice_intersection-small-02,wfomc,solved,30,30,0.858242,,,synthetic;stratified;stratum=set_choice_intersection;family=set_choice_intersection;difficulty=small;domain=8;variant=2;seed=20260811;operatorcount=1;constraintcount=1;depth=1;set;choose;intersection;size,problems/benchmarks/synthetic/manifest.json,True,0,0,
synthetic,syn-set_choice_intersection-small-02,wfomc,solved,30,30,0.850187,,,synthetic;stratified;stratum=set_choice_intersection;family=set_choice_intersection;difficulty=small;domain=8;variant=2;seed=20260811;operatorcount=1;constraintcount=1;depth=1;set;choose;intersection;size,problems/benchmarks/synthetic/manifest.json,False,0,1,
synthetic,syn-set_choice_intersection-small-06,wfomc,solved,10,10,0.852201,,,synthetic;stratified;stratum=set_choice_intersection;family=set_choice_intersection;difficulty=small;domain=8;variant=6;seed=20260811;operatorcount=1;constraintcount=1;depth=1;set;choose;intersection;size,problems/benchmarks/synthetic/manifest.json,True,0,0,
synthetic,syn-set_choice_intersection-small-06,wfomc,solved,10,10,0.845622,,,synthetic;stratified;stratum=set_choice_intersection;family=set_choice_intersection;difficulty=small;domain=8;variant=6;seed=20260811;operatorcount=1;constraintcount=1;depth=1;set;choose;intersection;size,problems/benchmarks/synthetic/manifest.json,False,0,1,
synthetic,syn-bag_choice_multiplicity-small-02,wfomc,solved,10,10,0.478202,,,synthetic;stratified;stratum=bag_choice_multiplicity;family=bag_choice_multiplicity;difficulty=small;domain=8;variant=2;seed=20260811;operatorcount=1;constraintcount=1;depth=1;bag;choose;count,problems/benchmarks/synthetic/manifest.json,True,0,0,
synthetic,syn-bag_choice_multiplicity-small-02,wfomc,solved,10,10,0.474825,,,synthetic;stratified;stratum=bag_choice_multiplicity;family=bag_choice_multiplicity;difficulty=small;domain=8;variant=2;seed=20260811;operatorcount=1;constraintcount=1;depth=1;bag;choose;count,problems/benchmarks/synthetic/manifest.json,False,0,1,
synthetic,syn-bag_choice_multiplicity-small-06,wfomc,solved,5,5,0.475572,,,synthetic;stratified;stratum=bag_choice_multiplicity;family=bag_choice_multiplicity;difficulty=small;domain=8;variant=6;seed=20260811;operatorcount=1;constraintcount=1;depth=1;bag;choose;count,problems/benchmarks/synthetic/manifest.json,True,0,0,
synthetic,syn-bag_choice_multiplicity-small-06,wfomc,solved,5,5,0.474071,,,synthetic;stratified;stratum=bag_choice_multiplicity;family=bag_choice_multiplicity;difficulty=small;domain=8;variant=6;seed=20260811;operatorcount=1;constraintcount=1;depth=1;bag;choose;count,problems/benchmarks/synthetic/manifest.json,False,0,1,
synthetic,syn-set_tuple_position_count-small-02,wfomc,solved,1440,1440,1.427317,,,synthetic;stratified;stratum=set_tuple_position_count;family=set_tuple_position_count;difficulty=small;domain=8;variant=2;seed=20260811;operatorcount=1;constraintcount=2;depth=1;set;tuple;position;count,problems/benchmarks/synthetic/manifest.json,True,0,0,
synthetic,syn-set_tuple_position_count-small-02,wfomc,solved,1440,1440,1.423799,,,synthetic;stratified;stratum=set_tuple_position_count;family=set_tuple_position_count;difficulty=small;domain=8;variant=2;seed=20260811;operatorcount=1;constraintcount=2;depth=1;set;tuple;position;count,problems/benchmarks/synthetic/manifest.json,False,0,1,
synthetic,syn-set_tuple_position_count-small-06,wfomc,solved,108,108,1.532658,,,synthetic;stratified;stratum=set_tuple_position_count;family=set_tuple_position_count;difficulty=small;domain=8;variant=6;seed=20260811;operatorcount=1;constraintcount=2;depth=1;set;tuple;position;count,problems/benchmarks/synthetic/manifest.json,True,0,0,
synthetic,syn-set_tuple_position_count-small-06,wfomc,solved,108,108,1.555243,,,synthetic;stratified;stratum=set_tuple_position_count;family=set_tuple_position_count;difficulty=small;domain=8;variant=6;seed=20260811;operatorcount=1;constraintcount=2;depth=1;set;tuple;position;count,problems/benchmarks/synthetic/manifest.json,False,0,1,
synthetic,syn-bag_tuple_multiplicity-small-02,wfomc,solved,392,392,1.052078,,,synthetic;stratified;stratum=bag_tuple_multiplicity;family=bag_tuple_multiplicity;difficulty=small;domain=8;variant=2;seed=20260811;operatorcount=2;constraintcount=1;depth=1;bag;tuple;set;choose;membership;decomposition,problems/benchmarks/synthetic/manifest.json,True,0,0,
synthetic,syn-bag_tuple_multiplicity-small-02,wfomc,solved,392,392,1.049638,,,synthetic;stratified;stratum=bag_tuple_multiplicity;family=bag_tuple_multiplicity;difficulty=small;domain=8;variant=2;seed=20260811;operatorcount=2;constraintcount=1;depth=1;bag;tuple;set;choose;membership;decomposition,problems/benchmarks/synthetic/manifest.json,False,0,1,
synthetic,syn-bag_tuple_multiplicity-small-06,wfomc,solved,5880,5880,2.305510,,,synthetic;stratified;stratum=bag_tuple_multiplicity;family=bag_tuple_multiplicity;difficulty=small;domain=8;variant=6;seed=20260811;operatorcount=2;constraintcount=1;depth=1;bag;tuple;set;choose;membership;decomposition,problems/benchmarks/synthetic/manifest.json,True,0,0,
synthetic,syn-bag_tuple_multiplicity-small-06,wfomc,solved,5880,5880,2.134877,,,synthetic;stratified;stratum=bag_tuple_multiplicity;family=bag_tuple_multiplicity;difficulty=small;domain=8;variant=6;seed=20260811;operatorcount=2;constraintcount=1;depth=1;bag;tuple;set;choose;membership;decomposition,problems/benchmarks/synthetic/manifest.json,False,0,1,
synthetic,syn-set_sequence_patterns-small-02,wfomc,solved,1260,1260,0.648111,,,synthetic;stratified;stratum=set_sequence_patterns;family=set_sequence_patterns;difficulty=small;domain=8;variant=2;seed=20260811;operatorcount=1;constraintcount=4;depth=1;set;sequence;adjacency;order,problems/benchmarks/synthetic/manifest.json,True,0,0,
synthetic,syn-set_sequence_patterns-small-02,wfomc,solved,1260,1260,0.647361,,,synthetic;stratified;stratum=set_sequence_patterns;family=set_sequence_patterns;difficulty=small;domain=8;variant=2;seed=20260811;operatorcount=1;constraintcount=4;depth=1;set;sequence;adjacency;order,problems/benchmarks/synthetic/manifest.json,False,0,1,
synthetic,syn-set_sequence_patterns-small-06,wfomc,solved,5040,5040,0.534598,,,synthetic;stratified;stratum=set_sequence_patterns;family=set_sequence_patterns;difficulty=small;domain=8;variant=6;seed=20260811;operatorcount=1;constraintcount=2;depth=1;set;sequence;adjacency;order,problems/benchmarks/synthetic/manifest.json,True,0,0,
synthetic,syn-set_sequence_patterns-small-06,wfomc,solved,5040,5040,0.532000,,,synthetic;stratified;stratum=set_sequence_patterns;family=set_sequence_patterns;difficulty=small;domain=8;variant=6;seed=20260811;operatorcount=1;constraintcount=2;depth=1;set;sequence;adjacency;order,problems/benchmarks/synthetic/manifest.json,False,0,1,
synthetic,syn-bag_sequence_adjacency-small-02,wfomc,solved,420,420,0.632258,,,synthetic;stratified;stratum=bag_sequence_adjacency;family=bag_sequence_adjacency;difficulty=small;domain=8;variant=2;seed=20260811;operatorcount=1;constraintcount=1;depth=1;bag;sequence;adjacency,problems/benchmarks/synthetic/manifest.json,True,0,0,
synthetic,syn-bag_sequence_adjacency-small-02,wfomc,solved,420,420,0.626821,,,synthetic;stratified;stratum=bag_sequence_adjacency;family=bag_sequence_adjacency;difficulty=small;domain=8;variant=2;seed=20260811;operatorcount=1;constraintcount=1;depth=1;bag;sequence;adjacency,problems/benchmarks/synthetic/manifest.json,False,0,1,
synthetic,syn-bag_sequence_adjacency-small-06,wfomc,solved,840,840,0.627209,,,synthetic;stratified;stratum=bag_sequence_adjacency;family=bag_sequence_adjacency;difficulty=small;domain=8;variant=6;seed=20260811;operatorcount=1;constraintcount=1;depth=1;bag;sequence;adjacency,problems/benchmarks/synthetic/manifest.json,True,0,0,
synthetic,syn-bag_sequence_adjacency-small-06,wfomc,solved,840,840,0.635462,,,synthetic;stratified;stratum=bag_sequence_adjacency;family=bag_sequence_adjacency;difficulty=small;domain=8;variant=6;seed=20260811;operatorcount=1;constraintcount=1;depth=1;bag;sequence;adjacency,problems/benchmarks/synthetic/manifest.json,False,0,1,
synthetic,syn-set_partition_min_size-small-02,wfomc,solved,35,35,0.797775,,,synthetic;stratified;stratum=set_partition_min_size;family=set_partition_min_size;difficulty=small;domain=8;variant=2;seed=20260811;operatorcount=1;constraintcount=1;depth=1;set;partition;size,problems/benchmarks/synthetic/manifest.json,True,0,0,
synthetic,syn-set_partition_min_size-small-02,wfomc,solved,35,35,0.792215,,,synthetic;stratified;stratum=set_partition_min_size;family=set_partition_min_size;difficulty=small;domain=8;variant=2;seed=20260811;operatorcount=1;constraintcount=1;depth=1;set;partition;size,problems/benchmarks/synthetic/manifest.json,False,0,1,
synthetic,syn-set_partition_min_size-small-06,wfomc,solved,91,91,0.798017,,,synthetic;stratified;stratum=set_partition_min_size;family=set_partition_min_size;difficulty=small;domain=8;variant=6;seed=20260811;operatorcount=1;constraintcount=1;depth=1;set;partition;size,problems/benchmarks/synthetic/manifest.json,True,0,0,
synthetic,syn-set_partition_min_size-small-06,wfomc,solved,91,91,0.801565,,,synthetic;stratified;stratum=set_partition_min_size;family=set_partition_min_size;difficulty=small;domain=8;variant=6;seed=20260811;operatorcount=1;constraintcount=1;depth=1;set;partition;size,problems/benchmarks/synthetic/manifest.json,False,0,1,
synthetic,syn-set_composition_sizes-small-02,wfomc,solved,56,56,0.864255,,,synthetic;stratified;stratum=set_composition_sizes;family=set_composition_sizes;difficulty=small;domain=8;variant=2;seed=20260811;operatorcount=1;constraintcount=2;depth=1;set;composition;size,problems/benchmarks/synthetic/manifest.json,True,0,0,
synthetic,syn-set_composition_sizes-small-02,wfomc,solved,56,56,0.863343,,,synthetic;stratified;stratum=set_composition_sizes;family=set_composition_sizes;difficulty=small;domain=8;variant=2;seed=20260811;operatorcount=1;constraintcount=2;depth=1;set;composition;size,problems/benchmarks/synthetic/manifest.json,False,0,1,
synthetic,syn-set_composition_sizes-small-06,wfomc,solved,3360,3360,1.235989,,,synthetic;stratified;stratum=set_composition_sizes;family=set_composition_sizes;difficulty=small;domain=8;variant=6;seed=20260811;operatorcount=1;constraintcount=5;depth=1;set;composition;size,problems/benchmarks/synthetic/manifest.json,True,0,0,
synthetic,syn-set_composition_sizes-small-06,wfomc,solved,3360,3360,1.233952,,,synthetic;stratified;stratum=set_composition_sizes;family=set_composition_sizes;difficulty=small;domain=8;variant=6;seed=20260811;operatorcount=1;constraintcount=5;depth=1;set;composition;size,problems/benchmarks/synthetic/manifest.json,False,0,1,
synthetic,syn-dependent_choice_disjoint-small-02,wfomc,solved,336,336,0.524812,,,synthetic;stratified;stratum=dependent_choice_disjoint;family=dependent_choice_disjoint;difficulty=small;domain=8;variant=2;seed=20260811;operatorcount=3;constraintcount=1;depth=2;set;choose;disjoint;dependent_configuration;outside_cola_fragment,problems/benchmarks/synthetic/manifest.json,True,0,0,
synthetic,syn-dependent_choice_disjoint-small-02,wfomc,solved,336,336,0.525451,,,synthetic;stratified;stratum=dependent_choice_disjoint;family=dependent_choice_disjoint;difficulty=small;domain=8;variant=2;seed=20260811;operatorcount=3;constraintcount=1;depth=2;set;choose;disjoint;dependent_configuration;outside_cola_fragment,problems/benchmarks/synthetic/manifest.json,False,0,1,
synthetic,syn-dependent_choice_disjoint-small-06,wfomc,solved,1120,1120,0.521562,,,synthetic;stratified;stratum=dependent_choice_disjoint;family=dependent_choice_disjoint;difficulty=small;domain=8;variant=6;seed=20260811;operatorcount=3;constraintcount=1;depth=2;set;choose;disjoint;dependent_configuration;outside_cola_fragment,problems/benchmarks/synthetic/manifest.json,True,0,0,
synthetic,syn-dependent_choice_disjoint-small-06,wfomc,solved,1120,1120,0.523402,,,synthetic;stratified;stratum=dependent_choice_disjoint;family=dependent_choice_disjoint;difficulty=small;domain=8;variant=6;seed=20260811;operatorcount=3;constraintcount=1;depth=2;set;choose;disjoint;dependent_configuration;outside_cola_fragment,problems/benchmarks/synthetic/manifest.json,False,0,1,
synthetic,syn-dependent_tuple_position_count-small-02,wfomc,solved,96,96,1.217130,,,synthetic;stratified;stratum=dependent_tuple_position_count;family=dependent_tuple_position_count;difficulty=small;domain=8;variant=2;seed=20260811;operatorcount=2;constraintcount=2;depth=2;set;choose;tuple;position;count;dependent_configuration;outside_cola_fragment,problems/benchmarks/synthetic/manifest.json,True,0,0,
synthetic,syn-dependent_tuple_position_count-small-02,wfomc,solved,96,96,1.216071,,,synthetic;stratified;stratum=dependent_tuple_position_count;family=dependent_tuple_position_count;difficulty=small;domain=8;variant=2;seed=20260811;operatorcount=2;constraintcount=2;depth=2;set;choose;tuple;position;count;dependent_configuration;outside_cola_fragment,problems/benchmarks/synthetic/manifest.json,False,0,1,
synthetic,syn-dependent_tuple_position_count-small-06,wfomc,solved,2880,2880,1.231477,,,synthetic;stratified;stratum=dependent_tuple_position_count;family=dependent_tuple_position_count;difficulty=small;domain=8;variant=6;seed=20260811;operatorcount=2;constraintcount=2;depth=2;set;choose;tuple;position;count;dependent_configuration;outside_cola_fragment,problems/benchmarks/synthetic/manifest.json,True,0,0,
synthetic,syn-dependent_tuple_position_count-small-06,wfomc,solved,2880,2880,1.229433,,,synthetic;stratified;stratum=dependent_tuple_position_count;family=dependent_tuple_position_count;difficulty=small;domain=8;variant=6;seed=20260811;operatorcount=2;constraintcount=2;depth=2;set;choose;tuple;position;count;dependent_configuration;outside_cola_fragment,problems/benchmarks/synthetic/manifest.json,False,0,1,
synthetic,syn-dependent_sequence_patterns-small-02,wfomc,solved,720,720,1.086440,,,synthetic;stratified;stratum=dependent_sequence_patterns;family=dependent_sequence_patterns;difficulty=small;domain=8;variant=2;seed=20260811;operatorcount=2;constraintcount=9;depth=2;set;choose;sequence;adjacency;order;dependent_configuration;outside_cola_fragment,problems/benchmarks/synthetic/manifest.json,True,0,0,
synthetic,syn-dependent_sequence_patterns-small-02,wfomc,solved,720,720,1.112002,,,synthetic;stratified;stratum=dependent_sequence_patterns;family=dependent_sequence_patterns;difficulty=small;domain=8;variant=2;seed=20260811;operatorcount=2;constraintcount=9;depth=2;set;choose;sequence;adjacency;order;dependent_configuration;outside_cola_fragment,problems/benchmarks/synthetic/manifest.json,False,0,1,
synthetic,syn-dependent_sequence_patterns-small-06,wfomc,solved,720,720,1.083778,,,synthetic;stratified;stratum=dependent_sequence_patterns;family=dependent_sequence_patterns;difficulty=small;domain=8;variant=6;seed=20260811;operatorcount=2;constraintcount=9;depth=2;set;choose;sequence;adjacency;order;dependent_configuration;outside_cola_fragment,problems/benchmarks/synthetic/manifest.json,True,0,0,
synthetic,syn-dependent_sequence_patterns-small-06,wfomc,solved,720,720,1.088054,,,synthetic;stratified;stratum=dependent_sequence_patterns;family=dependent_sequence_patterns;difficulty=small;domain=8;variant=6;seed=20260811;operatorcount=2;constraintcount=9;depth=2;set;choose;sequence;adjacency;order;dependent_configuration;outside_cola_fragment,problems/benchmarks/synthetic/manifest.json,False,0,1,
synthetic,syn-dependent_partition_min_size-small-02,wfomc,solved,448,448,0.868255,,,synthetic;stratified;stratum=dependent_partition_min_size;family=dependent_partition_min_size;difficulty=small;domain=8;variant=2;seed=20260811;operatorcount=2;constraintcount=1;depth=2;set;choose;partition;size;dependent_configuration;outside_cola_fragment,problems/benchmarks/synthetic/manifest.json,True,0,0,
synthetic,syn-dependent_partition_min_size-small-02,wfomc,solved,448,448,0.867614,,,synthetic;stratified;stratum=dependent_partition_min_size;family=dependent_partition_min_size;difficulty=small;domain=8;variant=2;seed=20260811;operatorcount=2;constraintcount=1;depth=2;set;choose;partition;size;dependent_configuration;outside_cola_fragment,problems/benchmarks/synthetic/manifest.json,False,0,1,
synthetic,syn-dependent_partition_min_size-small-06,wfomc,solved,560,560,0.872212,,,synthetic;stratified;stratum=dependent_partition_min_size;family=dependent_partition_min_size;difficulty=small;domain=8;variant=6;seed=20260811;operatorcount=2;constraintcount=1;depth=2;set;choose;partition;size;dependent_configuration;outside_cola_fragment,problems/benchmarks/synthetic/manifest.json,True,0,0,
synthetic,syn-dependent_partition_min_size-small-06,wfomc,solved,560,560,0.868652,,,synthetic;stratified;stratum=dependent_partition_min_size;family=dependent_partition_min_size;difficulty=small;domain=8;variant=6;seed=20260811;operatorcount=2;constraintcount=1;depth=2;set;choose;partition;size;dependent_configuration;outside_cola_fragment,problems/benchmarks/synthetic/manifest.json,False,0,1,
synthetic,syn-dependent_composition_sizes-small-02,wfomc,solved,1680,1680,1.127136,,,synthetic;stratified;stratum=dependent_composition_sizes;family=dependent_composition_sizes;difficulty=small;domain=8;variant=2;seed=20260811;operatorcount=2;constraintcount=4;depth=2;set;choose;composition;size;dependent_configuration;outside_cola_fragment,problems/benchmarks/synthetic/manifest.json,True,0,0,
synthetic,syn-dependent_composition_sizes-small-02,wfomc,solved,1680,1680,1.129426,,,synthetic;stratified;stratum=dependent_composition_sizes;family=dependent_composition_sizes;difficulty=small;domain=8;variant=2;seed=20260811;operatorcount=2;constraintcount=4;depth=2;set;choose;composition;size;dependent_configuration;outside_cola_fragment,problems/benchmarks/synthetic/manifest.json,False,0,1,
synthetic,syn-dependent_composition_sizes-small-06,wfomc,solved,1680,1680,1.004205,,,synthetic;stratified;stratum=dependent_composition_sizes;family=dependent_composition_sizes;difficulty=small;domain=8;variant=6;seed=20260811;operatorcount=2;constraintcount=3;depth=2;set;choose;composition;size;dependent_configuration;outside_cola_fragment,problems/benchmarks/synthetic/manifest.json,True,0,0,
synthetic,syn-dependent_composition_sizes-small-06,wfomc,solved,1680,1680,1.000101,,,synthetic;stratified;stratum=dependent_composition_sizes;family=dependent_composition_sizes;difficulty=small;domain=8;variant=6;seed=20260811;operatorcount=2;constraintcount=3;depth=2;set;choose;composition;size;dependent_configuration;outside_cola_fragment,problems/benchmarks/synthetic/manifest.json,False,0,1,
synthetic,syn-dependent_bag_tuple-small-02,wfomc,solved,672,672,2.147693,,,synthetic;stratified;stratum=dependent_bag_tuple;family=dependent_bag_tuple;difficulty=small;domain=8;variant=2;seed=20260811;operatorcount=3;constraintcount=1;depth=2;bag;choose;tuple;set;membership;decomposition;dependent_configuration;outside_cola_fragment,problems/benchmarks/synthetic/manifest.json,True,0,0,
synthetic,syn-dependent_bag_tuple-small-02,wfomc,solved,672,672,2.166737,,,synthetic;stratified;stratum=dependent_bag_tuple;family=dependent_bag_tuple;difficulty=small;domain=8;variant=2;seed=20260811;operatorcount=3;constraintcount=1;depth=2;bag;choose;tuple;set;membership;decomposition;dependent_configuration;outside_cola_fragment,problems/benchmarks/synthetic/manifest.json,False,0,1,
synthetic,syn-dependent_bag_tuple-small-06,wfomc,solved,1680,1680,2.131851,,,synthetic;stratified;stratum=dependent_bag_tuple;family=dependent_bag_tuple;difficulty=small;domain=8;variant=6;seed=20260811;operatorcount=3;constraintcount=1;depth=2;bag;choose;tuple;set;membership;decomposition;dependent_configuration;outside_cola_fragment,problems/benchmarks/synthetic/manifest.json,True,0,0,
synthetic,syn-dependent_bag_tuple-small-06,wfomc,solved,1680,1680,2.151767,,,synthetic;stratified;stratum=dependent_bag_tuple;family=dependent_bag_tuple;difficulty=small;domain=8;variant=6;seed=20260811;operatorcount=3;constraintcount=1;depth=2;bag;choose;tuple;set;membership;decomposition;dependent_configuration;outside_cola_fragment,problems/benchmarks/synthetic/manifest.json,False,0,1,
synthetic,syn-nested_choice_chain-small-02,wfomc,solved,700,700,0.500014,,,synthetic;stratified;stratum=nested_choice_chain;family=nested_choice_chain;difficulty=small;domain=8;variant=2;seed=20260811;operatorcount=3;constraintcount=1;depth=3;set;choose;membership;dependent_configuration;outside_cola_fragment,problems/benchmarks/synthetic/manifest.json,True,0,0,
synthetic,syn-nested_choice_chain-small-02,wfomc,solved,700,700,0.497181,,,synthetic;stratified;stratum=nested_choice_chain;family=nested_choice_chain;difficulty=small;domain=8;variant=2;seed=20260811;operatorcount=3;constraintcount=1;depth=3;set;choose;membership;dependent_configuration;outside_cola_fragment,problems/benchmarks/synthetic/manifest.json,False,0,1,
synthetic,syn-nested_choice_chain-small-06,wfomc,solved,294,294,0.498582,,,synthetic;stratified;stratum=nested_choice_chain;family=nested_choice_chain;difficulty=small;domain=8;variant=6;seed=20260811;operatorcount=3;constraintcount=1;depth=3;set;choose;membership;dependent_configuration;outside_cola_fragment,problems/benchmarks/synthetic/manifest.json,True,0,0,
synthetic,syn-nested_choice_chain-small-06,wfomc,solved,294,294,0.504091,,,synthetic;stratified;stratum=nested_choice_chain;family=nested_choice_chain;difficulty=small;domain=8;variant=6;seed=20260811;operatorcount=3;constraintcount=1;depth=3;set;choose;membership;dependent_configuration;outside_cola_fragment,problems/benchmarks/synthetic/manifest.json,False,0,1,
synthetic,syn-dependent_selected_subsets-small-02,wfomc,solved,840,840,0.523199,,,synthetic;stratified;stratum=dependent_selected_subsets;family=dependent_selected_subsets;difficulty=small;domain=8;variant=2;seed=20260811;operatorcount=3;constraintcount=1;depth=2;set;choose;disjoint;dependent_configuration;outside_cola_fragment,problems/benchmarks/synthetic/manifest.json,True,0,0,
synthetic,syn-dependent_selected_subsets-small-02,wfomc,solved,840,840,0.526277,,,synthetic;stratified;stratum=dependent_selected_subsets;family=dependent_selected_subsets;difficulty=small;domain=8;variant=2;seed=20260811;operatorcount=3;constraintcount=1;depth=2;set;choose;disjoint;dependent_configuration;outside_cola_fragment,problems/benchmarks/synthetic/manifest.json,False,0,1,
synthetic,syn-dependent_selected_subsets-small-06,wfomc,solved,1120,1120,0.523542,,,synthetic;stratified;stratum=dependent_selected_subsets;family=dependent_selected_subsets;difficulty=small;domain=8;variant=6;seed=20260811;operatorcount=3;constraintcount=1;depth=2;set;choose;disjoint;dependent_configuration;outside_cola_fragment,problems/benchmarks/synthetic/manifest.json,True,0,0,
synthetic,syn-dependent_selected_subsets-small-06,wfomc,solved,1120,1120,0.527002,,,synthetic;stratified;stratum=dependent_selected_subsets;family=dependent_selected_subsets;difficulty=small;domain=8;variant=6;seed=20260811;operatorcount=3;constraintcount=1;depth=2;set;choose;disjoint;dependent_configuration;outside_cola_fragment,problems/benchmarks/synthetic/manifest.json,False,0,1,
synthetic,syn-set_choice_intersection-medium-02,wfomc,solved,7,7,0.848761,,,synthetic;stratified;stratum=set_choice_intersection;family=set_choice_intersection;difficulty=medium;domain=12;variant=2;seed=20260811;operatorcount=1;constraintcount=1;depth=1;set;choose;intersection;size,problems/benchmarks/synthetic/manifest.json,True,0,0,
synthetic,syn-set_choice_intersection-medium-02,wfomc,solved,7,7,0.848518,,,synthetic;stratified;stratum=set_choice_intersection;family=set_choice_intersection;difficulty=medium;domain=12;variant=2;seed=20260811;operatorcount=1;constraintcount=1;depth=1;set;choose;intersection;size,problems/benchmarks/synthetic/manifest.json,False,0,1,
synthetic,syn-set_choice_intersection-medium-06,wfomc,solved,126,126,0.852357,,,synthetic;stratified;stratum=set_choice_intersection;family=set_choice_intersection;difficulty=medium;domain=12;variant=6;seed=20260811;operatorcount=1;constraintcount=1;depth=1;set;choose;intersection;size,problems/benchmarks/synthetic/manifest.json,True,0,0,
synthetic,syn-set_choice_intersection-medium-06,wfomc,solved,126,126,0.847164,,,synthetic;stratified;stratum=set_choice_intersection;family=set_choice_intersection;difficulty=medium;domain=12;variant=6;seed=20260811;operatorcount=1;constraintcount=1;depth=1;set;choose;intersection;size,problems/benchmarks/synthetic/manifest.json,False,0,1,
synthetic,syn-bag_choice_multiplicity-medium-02,wfomc,solved,84,84,0.480722,,,synthetic;stratified;stratum=bag_choice_multiplicity;family=bag_choice_multiplicity;difficulty=medium;domain=12;variant=2;seed=20260811;operatorcount=1;constraintcount=1;depth=1;bag;choose;count,problems/benchmarks/synthetic/manifest.json,True,0,0,
synthetic,syn-bag_choice_multiplicity-medium-02,wfomc,solved,84,84,0.479941,,,synthetic;stratified;stratum=bag_choice_multiplicity;family=bag_choice_multiplicity;difficulty=medium;domain=12;variant=2;seed=20260811;operatorcount=1;constraintcount=1;depth=1;bag;choose;count,problems/benchmarks/synthetic/manifest.json,False,0,1,
synthetic,syn-bag_choice_multiplicity-medium-06,wfomc,solved,7,7,0.479778,,,synthetic;stratified;stratum=bag_choice_multiplicity;family=bag_choice_multiplicity;difficulty=medium;domain=12;variant=6;seed=20260811;operatorcount=1;constraintcount=1;depth=1;bag;choose;count,problems/benchmarks/synthetic/manifest.json,True,0,0,
synthetic,syn-bag_choice_multiplicity-medium-06,wfomc,solved,7,7,0.479878,,,synthetic;stratified;stratum=bag_choice_multiplicity;family=bag_choice_multiplicity;difficulty=medium;domain=12;variant=6;seed=20260811;operatorcount=1;constraintcount=1;depth=1;bag;choose;count,problems/benchmarks/synthetic/manifest.json,False,0,1,
synthetic,syn-set_tuple_position_count-medium-02,wfomc,solved,635040,635040,1.461478,,,synthetic;stratified;stratum=set_tuple_position_count;family=set_tuple_position_count;difficulty=medium;domain=12;variant=2;seed=20260811;operatorcount=1;constraintcount=2;depth=1;set;tuple;position;count,problems/benchmarks/synthetic/manifest.json,True,0,0,
synthetic,syn-set_tuple_position_count-medium-02,wfomc,solved,635040,635040,1.464041,,,synthetic;stratified;stratum=set_tuple_position_count;family=set_tuple_position_count;difficulty=medium;domain=12;variant=2;seed=20260811;operatorcount=1;constraintcount=2;depth=1;set;tuple;position;count,problems/benchmarks/synthetic/manifest.json,False,0,1,
synthetic,syn-set_tuple_position_count-medium-06,wfomc,solved,4032,4032,1.443591,,,synthetic;stratified;stratum=set_tuple_position_count;family=set_tuple_position_count;difficulty=medium;domain=12;variant=6;seed=20260811;operatorcount=1;constraintcount=2;depth=1;set;tuple;position;count,problems/benchmarks/synthetic/manifest.json,True,0,0,
synthetic,syn-set_tuple_position_count-medium-06,wfomc,solved,4032,4032,1.432847,,,synthetic;stratified;stratum=set_tuple_position_count;family=set_tuple_position_count;difficulty=medium;domain=12;variant=6;seed=20260811;operatorcount=1;constraintcount=2;depth=1;set;tuple;position;count,problems/benchmarks/synthetic/manifest.json,False,0,1,
synthetic,syn-bag_tuple_multiplicity-medium-02,wfomc,solved,528,528,0.985494,,,synthetic;stratified;stratum=bag_tuple_multiplicity;family=bag_tuple_multiplicity;difficulty=medium;domain=12;variant=2;seed=20260811;operatorcount=2;constraintcount=1;depth=1;bag;tuple;set;choose;membership;decomposition,problems/benchmarks/synthetic/manifest.json,True,0,0,
synthetic,syn-bag_tuple_multiplicity-medium-02,wfomc,solved,528,528,0.988202,,,synthetic;stratified;stratum=bag_tuple_multiplicity;family=bag_tuple_multiplicity;difficulty=medium;domain=12;variant=2;seed=20260811;operatorcount=2;constraintcount=1;depth=1;bag;tuple;set;choose;membership;decomposition,problems/benchmarks/synthetic/manifest.json,False,0,1,
synthetic,syn-bag_tuple_multiplicity-medium-06,wfomc,solved,83160,83160,4.057189,,,synthetic;stratified;stratum=bag_tuple_multiplicity;family=bag_tuple_multiplicity;difficulty=medium;domain=12;variant=6;seed=20260811;operatorcount=2;constraintcount=1;depth=1;bag;tuple;set;choose;membership;decomposition,problems/benchmarks/synthetic/manifest.json,True,0,0,
synthetic,syn-bag_tuple_multiplicity-medium-06,wfomc,solved,83160,83160,4.035997,,,synthetic;stratified;stratum=bag_tuple_multiplicity;family=bag_tuple_multiplicity;difficulty=medium;domain=12;variant=6;seed=20260811;operatorcount=2;constraintcount=1;depth=1;bag;tuple;set;choose;membership;decomposition,problems/benchmarks/synthetic/manifest.json,False,0,1,
synthetic,syn-set_sequence_patterns-medium-02,wfomc,solved,19958400,19958400,0.614630,,,synthetic;stratified;stratum=set_sequence_patterns;family=set_sequence_patterns;difficulty=medium;domain=12;variant=2;seed=20260811;operatorcount=1;constraintcount=3;depth=1;set;sequence;adjacency;order,problems/benchmarks/synthetic/manifest.json,True,0,0,
synthetic,syn-set_sequence_patterns-medium-02,wfomc,solved,19958400,19958400,0.611791,,,synthetic;stratified;stratum=set_sequence_patterns;family=set_sequence_patterns;difficulty=medium;domain=12;variant=2;seed=20260811;operatorcount=1;constraintcount=3;depth=1;set;sequence;adjacency;order,problems/benchmarks/synthetic/manifest.json,False,0,1,
synthetic,syn-set_sequence_patterns-medium-06,wfomc,solved,39916800,39916800,0.537717,,,synthetic;stratified;stratum=set_sequence_patterns;family=set_sequence_patterns;difficulty=medium;domain=12;variant=6;seed=20260811;operatorcount=1;constraintcount=2;depth=1;set;sequence;adjacency;order,problems/benchmarks/synthetic/manifest.json,True,0,0,
synthetic,syn-set_sequence_patterns-medium-06,wfomc,solved,39916800,39916800,0.535452,,,synthetic;stratified;stratum=set_sequence_patterns;family=set_sequence_patterns;difficulty=medium;domain=12;variant=6;seed=20260811;operatorcount=1;constraintcount=2;depth=1;set;sequence;adjacency;order,problems/benchmarks/synthetic/manifest.json,False,0,1,
synthetic,syn-bag_sequence_adjacency-medium-02,wfomc,solved,27720,27720,1.370513,,,synthetic;stratified;stratum=bag_sequence_adjacency;family=bag_sequence_adjacency;difficulty=medium;domain=12;variant=2;seed=20260811;operatorcount=1;constraintcount=1;depth=1;bag;sequence;adjacency,problems/benchmarks/synthetic/manifest.json,True,0,0,
synthetic,syn-bag_sequence_adjacency-medium-02,wfomc,solved,27720,27720,1.372861,,,synthetic;stratified;stratum=bag_sequence_adjacency;family=bag_sequence_adjacency;difficulty=medium;domain=12;variant=2;seed=20260811;operatorcount=1;constraintcount=1;depth=1;bag;sequence;adjacency,problems/benchmarks/synthetic/manifest.json,False,0,1,
synthetic,syn-bag_sequence_adjacency-medium-06,wfomc,solved,27720,27720,1.380410,,,synthetic;stratified;stratum=bag_sequence_adjacency;family=bag_sequence_adjacency;difficulty=medium;domain=12;variant=6;seed=20260811;operatorcount=1;constraintcount=1;depth=1;bag;sequence;adjacency,problems/benchmarks/synthetic/manifest.json,True,0,0,
synthetic,syn-bag_sequence_adjacency-medium-06,wfomc,solved,27720,27720,1.388430,,,synthetic;stratified;stratum=bag_sequence_adjacency;family=bag_sequence_adjacency;difficulty=medium;domain=12;variant=6;seed=20260811;operatorcount=1;constraintcount=1;depth=1;bag;sequence;adjacency,problems/benchmarks/synthetic/manifest.json,False,0,1,
synthetic,syn-set_partition_min_size-medium-02,wfomc,solved,86526,86526,0.876263,,,synthetic;stratified;stratum=set_partition_min_size;family=set_partition_min_size;difficulty=medium;domain=12;variant=2;seed=20260811;operatorcount=1;constraintcount=1;depth=1;set;partition;size,problems/benchmarks/synthetic/manifest.json,True,0,0,
synthetic,syn-set_partition_min_size-medium-02,wfomc,solved,86526,86526,0.873059,,,synthetic;stratified;stratum=set_partition_min_size;family=set_partition_min_size;difficulty=medium;domain=12;variant=2;seed=20260811;operatorcount=1;constraintcount=1;depth=1;set;partition;size,problems/benchmarks/synthetic/manifest.json,False,0,1,
synthetic,syn-set_partition_min_size-medium-06,wfomc,solved,5775,5775,0.874195,,,synthetic;stratified;stratum=set_partition_min_size;family=set_partition_min_size;difficulty=medium;domain=12;variant=6;seed=20260811;operatorcount=1;constraintcount=1;depth=1;set;partition;size,problems/benchmarks/synthetic/manifest.json,True,0,0,
synthetic,syn-set_partition_min_size-medium-06,wfomc,solved,5775,5775,0.871948,,,synthetic;stratified;stratum=set_partition_min_size;family=set_partition_min_size;difficulty=medium;domain=12;variant=6;seed=20260811;operatorcount=1;constraintcount=1;depth=1;set;partition;size,problems/benchmarks/synthetic/manifest.json,False,0,1,
synthetic,syn-set_composition_sizes-medium-02,wfomc,solved,23760,23760,1.080281,,,synthetic;stratified;stratum=set_composition_sizes;family=set_composition_sizes;difficulty=medium;domain=12;variant=2;seed=20260811;operatorcount=1;constraintcount=4;depth=1;set;composition;size,problems/benchmarks/synthetic/manifest.json,True,0,0,
synthetic,syn-set_composition_sizes-medium-02,wfomc,solved,23760,23760,1.080635,,,synthetic;stratified;stratum=set_composition_sizes;family=set_composition_sizes;difficulty=medium;domain=12;variant=2;seed=20260811;operatorcount=1;constraintcount=4;depth=1;set;composition;size,problems/benchmarks/synthetic/manifest.json,False,0,1,
synthetic,syn-set_composition_sizes-medium-06,wfomc,solved,138600,138600,1.083952,,,synthetic;stratified;stratum=set_composition_sizes;family=set_composition_sizes;difficulty=medium;domain=12;variant=6;seed=20260811;operatorcount=1;constraintcount=4;depth=1;set;composition;size,problems/benchmarks/synthetic/manifest.json,True,0,0,
synthetic,syn-set_composition_sizes-medium-06,wfomc,solved,138600,138600,1.079445,,,synthetic;stratified;stratum=set_composition_sizes;family=set_composition_sizes;difficulty=medium;domain=12;variant=6;seed=20260811;operatorcount=1;constraintcount=4;depth=1;set;composition;size,problems/benchmarks/synthetic/manifest.json,False,0,1,
synthetic,syn-dependent_choice_disjoint-medium-02,wfomc,solved,83160,83160,0.532473,,,synthetic;stratified;stratum=dependent_choice_disjoint;family=dependent_choice_disjoint;difficulty=medium;domain=12;variant=2;seed=20260811;operatorcount=3;constraintcount=1;depth=2;set;choose;disjoint;dependent_configuration;outside_cola_fragment,problems/benchmarks/synthetic/manifest.json,True,0,0,
synthetic,syn-dependent_choice_disjoint-medium-02,wfomc,solved,83160,83160,0.527501,,,synthetic;stratified;stratum=dependent_choice_disjoint;family=dependent_choice_disjoint;difficulty=medium;domain=12;variant=2;seed=20260811;operatorcount=3;constraintcount=1;depth=2;set;choose;disjoint;dependent_configuration;outside_cola_fragment,problems/benchmarks/synthetic/manifest.json,False,0,1,
synthetic,syn-dependent_choice_disjoint-medium-06,wfomc,solved,27720,27720,0.526499,,,synthetic;stratified;stratum=dependent_choice_disjoint;family=dependent_choice_disjoint;difficulty=medium;domain=12;variant=6;seed=20260811;operatorcount=3;constraintcount=1;depth=2;set;choose;disjoint;dependent_configuration;outside_cola_fragment,problems/benchmarks/synthetic/manifest.json,True,0,0,
synthetic,syn-dependent_choice_disjoint-medium-06,wfomc,solved,27720,27720,0.524613,,,synthetic;stratified;stratum=dependent_choice_disjoint;family=dependent_choice_disjoint;difficulty=medium;domain=12;variant=6;seed=20260811;operatorcount=3;constraintcount=1;depth=2;set;choose;disjoint;dependent_configuration;outside_cola_fragment,problems/benchmarks/synthetic/manifest.json,False,0,1,
synthetic,syn-dependent_tuple_position_count-medium-02,wfomc,solved,144,144,1.233550,,,synthetic;stratified;stratum=dependent_tuple_position_count;family=dependent_tuple_position_count;difficulty=medium;domain=12;variant=2;seed=20260811;operatorcount=2;constraintcount=2;depth=2;set;choose;tuple;position;count;dependent_configuration;outside_cola_fragment,problems/benchmarks/synthetic/manifest.json,True,0,0,
synthetic,syn-dependent_tuple_position_count-medium-02,wfomc,solved,144,144,1.240691,,,synthetic;stratified;stratum=dependent_tuple_position_count;family=dependent_tuple_position_count;difficulty=medium;domain=12;variant=2;seed=20260811;operatorcount=2;constraintcount=2;depth=2;set;choose;tuple;position;count;dependent_configuration;outside_cola_fragment,problems/benchmarks/synthetic/manifest.json,False,0,1,
synthetic,syn-dependent_tuple_position_count-medium-06,wfomc,solved,4032,4032,1.225594,,,synthetic;stratified;stratum=dependent_tuple_position_count;family=dependent_tuple_position_count;difficulty=medium;domain=12;variant=6;seed=20260811;operatorcount=2;constraintcount=2;depth=2;set;choose;tuple;position;count;dependent_configuration;outside_cola_fragment,problems/benchmarks/synthetic/manifest.json,True,0,0,
synthetic,syn-dependent_tuple_position_count-medium-06,wfomc,solved,4032,4032,1.231122,,,synthetic;stratified;stratum=dependent_tuple_position_count;family=dependent_tuple_position_count;difficulty=medium;domain=12;variant=6;seed=20260811;operatorcount=2;constraintcount=2;depth=2;set;choose;tuple;position;count;dependent_configuration;outside_cola_fragment,problems/benchmarks/synthetic/manifest.json,False,0,1,
synthetic,syn-dependent_sequence_patterns-medium-02,wfomc,solved,2721600,2721600,1.116813,,,synthetic;stratified;stratum=dependent_sequence_patterns;family=dependent_sequence_patterns;difficulty=medium;domain=12;variant=2;seed=20260811;operatorcount=2;constraintcount=9;depth=2;set;choose;sequence;adjacency;order;dependent_configuration;outside_cola_fragment,problems/benchmarks/synthetic/manifest.json,True,0,0,
synthetic,syn-dependent_sequence_patterns-medium-02,wfomc,solved,2721600,2721600,1.116299,,,synthetic;stratified;stratum=dependent_sequence_patterns;family=dependent_sequence_patterns;difficulty=medium;domain=12;variant=2;seed=20260811;operatorcount=2;constraintcount=9;depth=2;set;choose;sequence;adjacency;order;dependent_configuration;outside_cola_fragment,problems/benchmarks/synthetic/manifest.json,False,0,1,
synthetic,syn-dependent_sequence_patterns-medium-06,wfomc,solved,2160,2160,1.114423,,,synthetic;stratified;stratum=dependent_sequence_patterns;family=dependent_sequence_patterns;difficulty=medium;domain=12;variant=6;seed=20260811;operatorcount=2;constraintcount=9;depth=2;set;choose;sequence;adjacency;order;dependent_configuration;outside_cola_fragment,problems/benchmarks/synthetic/manifest.json,True,0,0,
synthetic,syn-dependent_sequence_patterns-medium-06,wfomc,solved,2160,2160,1.116852,,,synthetic;stratified;stratum=dependent_sequence_patterns;family=dependent_sequence_patterns;difficulty=medium;domain=12;variant=6;seed=20260811;operatorcount=2;constraintcount=9;depth=2;set;choose;sequence;adjacency;order;dependent_configuration;outside_cola_fragment,problems/benchmarks/synthetic/manifest.json,False,0,1,
synthetic,syn-dependent_partition_min_size-medium-02,wfomc,solved,12276,12276,0.866174,,,synthetic;stratified;stratum=dependent_partition_min_size;family=dependent_partition_min_size;difficulty=medium;domain=12;variant=2;seed=20260811;operatorcount=2;constraintcount=1;depth=2;set;choose;partition;size;dependent_configuration;outside_cola_fragment,problems/benchmarks/synthetic/manifest.json,True,0,0,
synthetic,syn-dependent_partition_min_size-medium-02,wfomc,solved,12276,12276,0.865362,,,synthetic;stratified;stratum=dependent_partition_min_size;family=dependent_partition_min_size;difficulty=medium;domain=12;variant=2;seed=20260811;operatorcount=2;constraintcount=1;depth=2;set;choose;partition;size;dependent_configuration;outside_cola_fragment,problems/benchmarks/synthetic/manifest.json,False,0,1,
synthetic,syn-dependent_partition_min_size-medium-06,wfomc,solved,11880,11880,0.865908,,,synthetic;stratified;stratum=dependent_partition_min_size;family=dependent_partition_min_size;difficulty=medium;domain=12;variant=6;seed=20260811;operatorcount=2;constraintcount=1;depth=2;set;choose;partition;size;dependent_configuration;outside_cola_fragment,problems/benchmarks/synthetic/manifest.json,True,0,0,
synthetic,syn-dependent_partition_min_size-medium-06,wfomc,solved,11880,11880,0.863224,,,synthetic;stratified;stratum=dependent_partition_min_size;family=dependent_partition_min_size;difficulty=medium;domain=12;variant=6;seed=20260811;operatorcount=2;constraintcount=1;depth=2;set;choose;partition;size;dependent_configuration;outside_cola_fragment,problems/benchmarks/synthetic/manifest.json,False,0,1,
synthetic,syn-dependent_composition_sizes-medium-02,wfomc,solved,138600,138600,0.991911,,,synthetic;stratified;stratum=dependent_composition_sizes;family=dependent_composition_sizes;difficulty=medium;domain=12;variant=2;seed=20260811;operatorcount=2;constraintcount=3;depth=2;set;choose;composition;size;dependent_configuration;outside_cola_fragment,problems/benchmarks/synthetic/manifest.json,True,0,0,
synthetic,syn-dependent_composition_sizes-medium-02,wfomc,solved,138600,138600,0.997311,,,synthetic;stratified;stratum=dependent_composition_sizes;family=dependent_composition_sizes;difficulty=medium;domain=12;variant=2;seed=20260811;operatorcount=2;constraintcount=3;depth=2;set;choose;composition;size;dependent_configuration;outside_cola_fragment,problems/benchmarks/synthetic/manifest.json,False,0,1,
synthetic,syn-dependent_composition_sizes-medium-06,wfomc,solved,332640,332640,1.352411,,,synthetic;stratified;stratum=dependent_composition_sizes;family=dependent_composition_sizes;difficulty=medium;domain=12;variant=6;seed=20260811;operatorcount=2;constraintcount=5;depth=2;set;choose;composition;size;dependent_configuration;outside_cola_fragment,problems/benchmarks/synthetic/manifest.json,True,0,0,
synthetic,syn-dependent_composition_sizes-medium-06,wfomc,solved,332640,332640,1.352851,,,synthetic;stratified;stratum=dependent_composition_sizes;family=dependent_composition_sizes;difficulty=medium;domain=12;variant=6;seed=20260811;operatorcount=2;constraintcount=5;depth=2;set;choose;composition;size;dependent_configuration;outside_cola_fragment,problems/benchmarks/synthetic/manifest.json,False,0,1,
synthetic,syn-dependent_bag_tuple-medium-02,wfomc,solved,3300,3300,4.032022,,,synthetic;stratified;stratum=dependent_bag_tuple;family=dependent_bag_tuple;difficulty=medium;domain=12;variant=2;seed=20260811;operatorcount=3;constraintcount=1;depth=2;bag;choose;tuple;set;membership;decomposition;dependent_configuration;outside_cola_fragment,problems/benchmarks/synthetic/manifest.json,True,0,0,
synthetic,syn-dependent_bag_tuple-medium-02,wfomc,solved,3300,3300,4.054031,,,synthetic;stratified;stratum=dependent_bag_tuple;family=dependent_bag_tuple;difficulty=medium;domain=12;variant=2;seed=20260811;operatorcount=3;constraintcount=1;depth=2;bag;choose;tuple;set;membership;decomposition;dependent_configuration;outside_cola_fragment,problems/benchmarks/synthetic/manifest.json,False,0,1,
synthetic,syn-dependent_bag_tuple-medium-06,wfomc,solved,485100,485100,1.468938,,,synthetic;stratified;stratum=dependent_bag_tuple;family=dependent_bag_tuple;difficulty=medium;domain=12;variant=6;seed=20260811;operatorcount=3;constraintcount=1;depth=2;bag;choose;tuple;set;membership;decomposition;dependent_configuration;outside_cola_fragment,problems/benchmarks/synthetic/manifest.json,True,0,0,
synthetic,syn-dependent_bag_tuple-medium-06,wfomc,solved,485100,485100,1.479801,,,synthetic;stratified;stratum=dependent_bag_tuple;family=dependent_bag_tuple;difficulty=medium;domain=12;variant=6;seed=20260811;operatorcount=3;constraintcount=1;depth=2;bag;choose;tuple;set;membership;decomposition;dependent_configuration;outside_cola_fragment,problems/benchmarks/synthetic/manifest.json,False,0,1,
synthetic,syn-nested_choice_chain-medium-02,wfomc,solved,18480,18480,0.502409,,,synthetic;stratified;stratum=nested_choice_chain;family=nested_choice_chain;difficulty=medium;domain=12;variant=2;seed=20260811;operatorcount=3;constraintcount=1;depth=3;set;choose;membership;dependent_configuration;outside_cola_fragment,problems/benchmarks/synthetic/manifest.json,True,0,0,
synthetic,syn-nested_choice_chain-medium-02,wfomc,solved,18480,18480,0.502960,,,synthetic;stratified;stratum=nested_choice_chain;family=nested_choice_chain;difficulty=medium;domain=12;variant=2;seed=20260811;operatorcount=3;constraintcount=1;depth=3;set;choose;membership;dependent_configuration;outside_cola_fragment,problems/benchmarks/synthetic/manifest.json,False,0,1,
synthetic,syn-nested_choice_chain-medium-06,wfomc,solved,92400,92400,0.502072,,,synthetic;stratified;stratum=nested_choice_chain;family=nested_choice_chain;difficulty=medium;domain=12;variant=6;seed=20260811;operatorcount=3;constraintcount=1;depth=3;set;choose;membership;dependent_configuration;outside_cola_fragment,problems/benchmarks/synthetic/manifest.json,True,0,0,
synthetic,syn-nested_choice_chain-medium-06,wfomc,solved,92400,92400,0.504631,,,synthetic;stratified;stratum=nested_choice_chain;family=nested_choice_chain;difficulty=medium;domain=12;variant=6;seed=20260811;operatorcount=3;constraintcount=1;depth=3;set;choose;membership;dependent_configuration;outside_cola_fragment,problems/benchmarks/synthetic/manifest.json,False,0,1,
synthetic,syn-dependent_selected_subsets-medium-02,wfomc,solved,23760,23760,0.536404,,,synthetic;stratified;stratum=dependent_selected_subsets;family=dependent_selected_subsets;difficulty=medium;domain=12;variant=2;seed=20260811;operatorcount=3;constraintcount=1;depth=2;set;choose;disjoint;dependent_configuration;outside_cola_fragment,problems/benchmarks/synthetic/manifest.json,True,0,0,
synthetic,syn-dependent_selected_subsets-medium-02,wfomc,solved,23760,23760,0.536562,,,synthetic;stratified;stratum=dependent_selected_subsets;family=dependent_selected_subsets;difficulty=medium;domain=12;variant=2;seed=20260811;operatorcount=3;constraintcount=1;depth=2;set;choose;disjoint;dependent_configuration;outside_cola_fragment,problems/benchmarks/synthetic/manifest.json,False,0,1,
synthetic,syn-dependent_selected_subsets-medium-06,wfomc,solved,55440,55440,0.531574,,,synthetic;stratified;stratum=dependent_selected_subsets;family=dependent_selected_subsets;difficulty=medium;domain=12;variant=6;seed=20260811;operatorcount=3;constraintcount=1;depth=2;set;choose;disjoint;dependent_configuration;outside_cola_fragment,problems/benchmarks/synthetic/manifest.json,True,0,0,
synthetic,syn-dependent_selected_subsets-medium-06,wfomc,solved,55440,55440,0.533685,,,synthetic;stratified;stratum=dependent_selected_subsets;family=dependent_selected_subsets;difficulty=medium;domain=12;variant=6;seed=20260811;operatorcount=3;constraintcount=1;depth=2;set;choose;disjoint;dependent_configuration;outside_cola_fragment,problems/benchmarks/synthetic/manifest.json,False,0,1,
synthetic,syn-set_choice_intersection-large-02,wfomc,solved,1960,1960,0.861913,,,synthetic;stratified;stratum=set_choice_intersection;family=set_choice_intersection;difficulty=large;domain=16;variant=2;seed=20260811;operatorcount=1;constraintcount=1;depth=1;set;choose;intersection;size,problems/benchmarks/synthetic/manifest.json,True,0,0,
synthetic,syn-set_choice_intersection-large-02,wfomc,solved,1960,1960,0.853850,,,synthetic;stratified;stratum=set_choice_intersection;family=set_choice_intersection;difficulty=large;domain=16;variant=2;seed=20260811;operatorcount=1;constraintcount=1;depth=1;set;choose;intersection;size,problems/benchmarks/synthetic/manifest.json,False,0,1,
synthetic,syn-set_choice_intersection-large-06,wfomc,solved,1260,1260,0.851052,,,synthetic;stratified;stratum=set_choice_intersection;family=set_choice_intersection;difficulty=large;domain=16;variant=6;seed=20260811;operatorcount=1;constraintcount=1;depth=1;set;choose;intersection;size,problems/benchmarks/synthetic/manifest.json,True,0,0,
synthetic,syn-set_choice_intersection-large-06,wfomc,solved,1260,1260,0.853008,,,synthetic;stratified;stratum=set_choice_intersection;family=set_choice_intersection;difficulty=large;domain=16;variant=6;seed=20260811;operatorcount=1;constraintcount=1;depth=1;set;choose;intersection;size,problems/benchmarks/synthetic/manifest.json,False,0,1,
synthetic,syn-bag_choice_multiplicity-large-02,wfomc,solved,220,220,0.490670,,,synthetic;stratified;stratum=bag_choice_multiplicity;family=bag_choice_multiplicity;difficulty=large;domain=16;variant=2;seed=20260811;operatorcount=1;constraintcount=1;depth=1;bag;choose;count,problems/benchmarks/synthetic/manifest.json,True,0,0,
synthetic,syn-bag_choice_multiplicity-large-02,wfomc,solved,220,220,0.490551,,,synthetic;stratified;stratum=bag_choice_multiplicity;family=bag_choice_multiplicity;difficulty=large;domain=16;variant=2;seed=20260811;operatorcount=1;constraintcount=1;depth=1;bag;choose;count,problems/benchmarks/synthetic/manifest.json,False,0,1,
synthetic,syn-bag_choice_multiplicity-large-06,wfomc,solved,2002,2002,0.490229,,,synthetic;stratified;stratum=bag_choice_multiplicity;family=bag_choice_multiplicity;difficulty=large;domain=16;variant=6;seed=20260811;operatorcount=1;constraintcount=1;depth=1;bag;choose;count,problems/benchmarks/synthetic/manifest.json,True,0,0,
synthetic,syn-bag_choice_multiplicity-large-06,wfomc,solved,2002,2002,0.490367,,,synthetic;stratified;stratum=bag_choice_multiplicity;family=bag_choice_multiplicity;difficulty=large;domain=16;variant=6;seed=20260811;operatorcount=1;constraintcount=1;depth=1;bag;choose;count,problems/benchmarks/synthetic/manifest.json,False,0,1,
synthetic,syn-set_tuple_position_count-large-02,wfomc,solved,13970880,13970880,1.510459,,,synthetic;stratified;stratum=set_tuple_position_count;family=set_tuple_position_count;difficulty=large;domain=16;variant=2;seed=20260811;operatorcount=1;constraintcount=2;depth=1;set;tuple;position;count,problems/benchmarks/synthetic/manifest.json,True,0,0,
synthetic,syn-set_tuple_position_count-large-02,wfomc,solved,13970880,13970880,1.508725,,,synthetic;stratified;stratum=set_tuple_position_count;family=set_tuple_position_count;difficulty=large;domain=16;variant=2;seed=20260811;operatorcount=1;constraintcount=2;depth=1;set;tuple;position;count,problems/benchmarks/synthetic/manifest.json,False,0,1,
synthetic,syn-set_tuple_position_count-large-06,wfomc,solved,6000,6000,1.501946,,,synthetic;stratified;stratum=set_tuple_position_count;family=set_tuple_position_count;difficulty=large;domain=16;variant=6;seed=20260811;operatorcount=1;constraintcount=2;depth=1;set;tuple;position;count,problems/benchmarks/synthetic/manifest.json,True,0,0,
synthetic,syn-set_tuple_position_count-large-06,wfomc,solved,6000,6000,1.498700,,,synthetic;stratified;stratum=set_tuple_position_count;family=set_tuple_position_count;difficulty=large;domain=16;variant=6;seed=20260811;operatorcount=1;constraintcount=2;depth=1;set;tuple;position;count,problems/benchmarks/synthetic/manifest.json,False,0,1,
synthetic,syn-bag_tuple_multiplicity-large-02,wfomc,solved,10080,10080,7.453288,,,synthetic;stratified;stratum=bag_tuple_multiplicity;family=bag_tuple_multiplicity;difficulty=large;domain=16;variant=2;seed=20260811;operatorcount=2;constraintcount=1;depth=1;bag;tuple;set;choose;membership;decomposition,problems/benchmarks/synthetic/manifest.json,True,0,0,
synthetic,syn-bag_tuple_multiplicity-large-02,wfomc,solved,10080,10080,6.667237,,,synthetic;stratified;stratum=bag_tuple_multiplicity;family=bag_tuple_multiplicity;difficulty=large;domain=16;variant=2;seed=20260811;operatorcount=2;constraintcount=1;depth=1;bag;tuple;set;choose;membership;decomposition,problems/benchmarks/synthetic/manifest.json,False,0,1,
synthetic,syn-bag_tuple_multiplicity-large-06,wfomc,solved,336336,336336,6.510204,,,synthetic;stratified;stratum=bag_tuple_multiplicity;family=bag_tuple_multiplicity;difficulty=large;domain=16;variant=6;seed=20260811;operatorcount=2;constraintcount=1;depth=1;bag;tuple;set;choose;membership;decomposition,problems/benchmarks/synthetic/manifest.json,True,0,0,
synthetic,syn-bag_tuple_multiplicity-large-06,wfomc,solved,336336,336336,6.599399,,,synthetic;stratified;stratum=bag_tuple_multiplicity;family=bag_tuple_multiplicity;difficulty=large;domain=16;variant=6;seed=20260811;operatorcount=2;constraintcount=1;depth=1;bag;tuple;set;choose;membership;decomposition,problems/benchmarks/synthetic/manifest.json,False,0,1,
synthetic,syn-set_sequence_patterns-large-02,wfomc,solved,1307674368000,1307674368000,0.484777,,,synthetic;stratified;stratum=set_sequence_patterns;family=set_sequence_patterns;difficulty=large;domain=16;variant=2;seed=20260811;operatorcount=1;constraintcount=2;depth=1;set;sequence;adjacency;order,problems/benchmarks/synthetic/manifest.json,True,0,0,
synthetic,syn-set_sequence_patterns-large-02,wfomc,solved,1307674368000,1307674368000,0.484882,,,synthetic;stratified;stratum=set_sequence_patterns;family=set_sequence_patterns;difficulty=large;domain=16;variant=2;seed=20260811;operatorcount=1;constraintcount=2;depth=1;set;sequence;adjacency;order,problems/benchmarks/synthetic/manifest.json,False,0,1,
synthetic,syn-set_sequence_patterns-large-06,wfomc,solved,326918592000,326918592000,0.815354,,,synthetic;stratified;stratum=set_sequence_patterns;family=set_sequence_patterns;difficulty=large;domain=16;variant=6;seed=20260811;operatorcount=1;constraintcount=4;depth=1;set;sequence;adjacency;order,problems/benchmarks/synthetic/manifest.json,True,0,0,
synthetic,syn-set_sequence_patterns-large-06,wfomc,solved,326918592000,326918592000,0.812123,,,synthetic;stratified;stratum=set_sequence_patterns;family=set_sequence_patterns;difficulty=large;domain=16;variant=6;seed=20260811;operatorcount=1;constraintcount=4;depth=1;set;sequence;adjacency;order,problems/benchmarks/synthetic/manifest.json,False,0,1,
synthetic,syn-bag_sequence_adjacency-large-02,wfomc,solved,1801800,1801800,3.611373,,,synthetic;stratified;stratum=bag_sequence_adjacency;family=bag_sequence_adjacency;difficulty=large;domain=16;variant=2;seed=20260811;operatorcount=1;constraintcount=1;depth=1;bag;sequence;adjacency,problems/benchmarks/synthetic/manifest.json,True,0,0,
synthetic,syn-bag_sequence_adjacency-large-02,wfomc,solved,1801800,1801800,3.646937,,,synthetic;stratified;stratum=bag_sequence_adjacency;family=bag_sequence_adjacency;difficulty=large;domain=16;variant=2;seed=20260811;operatorcount=1;constraintcount=1;depth=1;bag;sequence;adjacency,problems/benchmarks/synthetic/manifest.json,False,0,1,
synthetic,syn-bag_sequence_adjacency-large-06,wfomc,solved,2522520,2522520,3.615641,,,synthetic;stratified;stratum=bag_sequence_adjacency;family=bag_sequence_adjacency;difficulty=large;domain=16;variant=6;seed=20260811;operatorcount=1;constraintcount=1;depth=1;bag;sequence;adjacency,problems/benchmarks/synthetic/manifest.json,True,0,0,
synthetic,syn-bag_sequence_adjacency-large-06,wfomc,solved,2522520,2522520,3.613487,,,synthetic;stratified;stratum=bag_sequence_adjacency;family=bag_sequence_adjacency;difficulty=large;domain=16;variant=6;seed=20260811;operatorcount=1;constraintcount=1;depth=1;bag;sequence;adjacency,problems/benchmarks/synthetic/manifest.json,False,0,1,
synthetic,syn-set_partition_min_size-large-02,wfomc,solved,3741738,3741738,0.772887,,,synthetic;stratified;stratum=set_partition_min_size;family=set_partition_min_size;difficulty=large;domain=16;variant=2;seed=20260811;operatorcount=1;constraintcount=1;depth=1;set;partition;size,problems/benchmarks/synthetic/manifest.json,True,0,0,
synthetic,syn-set_partition_min_size-large-02,wfomc,solved,3741738,3741738,0.774427,,,synthetic;stratified;stratum=set_partition_min_size;family=set_partition_min_size;difficulty=large;domain=16;variant=2;seed=20260811;operatorcount=1;constraintcount=1;depth=1;set;partition;size,problems/benchmarks/synthetic/manifest.json,False,0,1,
synthetic,syn-set_partition_min_size-large-06,wfomc,solved,32631,32631,0.722493,,,synthetic;stratified;stratum=set_partition_min_size;family=set_partition_min_size;difficulty=large;domain=16;variant=6;seed=20260811;operatorcount=1;constraintcount=1;depth=1;set;partition;size,problems/benchmarks/synthetic/manifest.json,True,0,0,
synthetic,syn-set_partition_min_size-large-06,wfomc,solved,32631,32631,0.714261,,,synthetic;stratified;stratum=set_partition_min_size;family=set_partition_min_size;difficulty=large;domain=16;variant=6;seed=20260811;operatorcount=1;constraintcount=1;depth=1;set;partition;size,problems/benchmarks/synthetic/manifest.json,False,0,1,
synthetic,syn-set_composition_sizes-large-02,wfomc,solved,80080,80080,0.850630,,,synthetic;stratified;stratum=set_composition_sizes;family=set_composition_sizes;difficulty=large;domain=16;variant=2;seed=20260811;operatorcount=1;constraintcount=3;depth=1;set;composition;size,problems/benchmarks/synthetic/manifest.json,True,0,0,
synthetic,syn-set_composition_sizes-large-02,wfomc,solved,80080,80080,0.854732,,,synthetic;stratified;stratum=set_composition_sizes;family=set_composition_sizes;difficulty=large;domain=16;variant=2;seed=20260811;operatorcount=1;constraintcount=3;depth=1;set;composition;size,problems/benchmarks/synthetic/manifest.json,False,0,1,
synthetic,syn-set_composition_sizes-large-06,wfomc,solved,8008,8008,0.776196,,,synthetic;stratified;stratum=set_composition_sizes;family=set_composition_sizes;difficulty=large;domain=16;variant=6;seed=20260811;operatorcount=1;constraintcount=2;depth=1;set;composition;size,problems/benchmarks/synthetic/manifest.json,True,0,0,
synthetic,syn-set_composition_sizes-large-06,wfomc,solved,8008,8008,0.770558,,,synthetic;stratified;stratum=set_composition_sizes;family=set_composition_sizes;difficulty=large;domain=16;variant=6;seed=20260811;operatorcount=1;constraintcount=2;depth=1;set;composition;size,problems/benchmarks/synthetic/manifest.json,False,0,1,
synthetic,syn-dependent_choice_disjoint-large-02,wfomc,solved,1201200,1201200,0.468559,,,synthetic;stratified;stratum=dependent_choice_disjoint;family=dependent_choice_disjoint;difficulty=large;domain=16;variant=2;seed=20260811;operatorcount=3;constraintcount=1;depth=2;set;choose;disjoint;dependent_configuration;outside_cola_fragment,problems/benchmarks/synthetic/manifest.json,True,0,0,
synthetic,syn-dependent_choice_disjoint-large-02,wfomc,solved,1201200,1201200,0.470212,,,synthetic;stratified;stratum=dependent_choice_disjoint;family=dependent_choice_disjoint;difficulty=large;domain=16;variant=2;seed=20260811;operatorcount=3;constraintcount=1;depth=2;set;choose;disjoint;dependent_configuration;outside_cola_fragment,problems/benchmarks/synthetic/manifest.json,False,0,1,
synthetic,syn-dependent_choice_disjoint-large-06,wfomc,solved,21840,21840,0.470046,,,synthetic;stratified;stratum=dependent_choice_disjoint;family=dependent_choice_disjoint;difficulty=large;domain=16;variant=6;seed=20260811;operatorcount=3;constraintcount=1;depth=2;set;choose;disjoint;dependent_configuration;outside_cola_fragment,problems/benchmarks/synthetic/manifest.json,True,0,0,
synthetic,syn-dependent_choice_disjoint-large-06,wfomc,solved,21840,21840,0.465737,,,synthetic;stratified;stratum=dependent_choice_disjoint;family=dependent_choice_disjoint;difficulty=large;domain=16;variant=6;seed=20260811;operatorcount=3;constraintcount=1;depth=2;set;choose;disjoint;dependent_configuration;outside_cola_fragment,problems/benchmarks/synthetic/manifest.json,False,0,1,
synthetic,syn-dependent_tuple_position_count-large-02,wfomc,solved,1058400,1058400,1.144669,,,synthetic;stratified;stratum=dependent_tuple_position_count;family=dependent_tuple_position_count;difficulty=large;domain=16;variant=2;seed=20260811;operatorcount=2;constraintcount=2;depth=2;set;choose;tuple;position;count;dependent_configuration;outside_cola_fragment,problems/benchmarks/synthetic/manifest.json,True,0,0,
synthetic,syn-dependent_tuple_position_count-large-02,wfomc,solved,1058400,1058400,1.155033,,,synthetic;stratified;stratum=dependent_tuple_position_count;family=dependent_tuple_position_count;difficulty=large;domain=16;variant=2;seed=20260811;operatorcount=2;constraintcount=2;depth=2;set;choose;tuple;position;count;dependent_configuration;outside_cola_fragment,problems/benchmarks/synthetic/manifest.json,False,0,1,
synthetic,syn-dependent_tuple_position_count-large-06,wfomc,solved,33600,33600,1.134911,,,synthetic;stratified;stratum=dependent_tuple_position_count;family=dependent_tuple_position_count;difficulty=large;domain=16;variant=6;seed=20260811;operatorcount=2;constraintcount=2;depth=2;set;choose;tuple;position;count;dependent_configuration;outside_cola_fragment,problems/benchmarks/synthetic/manifest.json,True,0,0,
synthetic,syn-dependent_tuple_position_count-large-06,wfomc,solved,33600,33600,1.138245,,,synthetic;stratified;stratum=dependent_tuple_position_count;family=dependent_tuple_position_count;difficulty=large;domain=16;variant=6;seed=20260811;operatorcount=2;constraintcount=2;depth=2;set;choose;tuple;position;count;dependent_configuration;outside_cola_fragment,problems/benchmarks/synthetic/manifest.json,False,0,1,
synthetic,syn-dependent_sequence_patterns-large-02,wfomc,solved,80640,80640,1.546037,,,synthetic;stratified;stratum=dependent_sequence_patterns;family=dependent_sequence_patterns;difficulty=large;domain=16;variant=2;seed=20260811;operatorcount=2;constraintcount=12;depth=2;set;choose;sequence;adjacency;order;dependent_configuration;outside_cola_fragment,problems/benchmarks/synthetic/manifest.json,True,0,0,
synthetic,syn-dependent_sequence_patterns-large-02,wfomc,solved,80640,80640,1.563670,,,synthetic;stratified;stratum=dependent_sequence_patterns;family=dependent_sequence_patterns;difficulty=large;domain=16;variant=2;seed=20260811;operatorcount=2;constraintcount=12;depth=2;set;choose;sequence;adjacency;order;dependent_configuration;outside_cola_fragment,problems/benchmarks/synthetic/manifest.json,False,0,1,
synthetic,syn-dependent_sequence_patterns-large-06,wfomc,solved,1260,1260,1.569001,,,synthetic;stratified;stratum=dependent_sequence_patterns;family=dependent_sequence_patterns;difficulty=large;domain=16;variant=6;seed=20260811;operatorcount=2;constraintcount=12;depth=2;set;choose;sequence;adjacency;order;dependent_configuration;outside_cola_fragment,problems/benchmarks/synthetic/manifest.json,True,0,0,
synthetic,syn-dependent_sequence_patterns-large-06,wfomc,solved,1260,1260,1.590801,,,synthetic;stratified;stratum=dependent_sequence_patterns;family=dependent_sequence_patterns;difficulty=large;domain=16;variant=6;seed=20260811;operatorcount=2;constraintcount=12;depth=2;set;choose;sequence;adjacency;order;dependent_configuration;outside_cola_fragment,problems/benchmarks/synthetic/manifest.json,False,0,1,
synthetic,syn-dependent_partition_min_size-large-02,wfomc,solved,273112840,273112840,0.960261,,,synthetic;stratified;stratum=dependent_partition_min_size;family=dependent_partition_min_size;difficulty=large;domain=16;variant=2;seed=20260811;operatorcount=2;constraintcount=1;depth=2;set;choose;partition;size;dependent_configuration;outside_cola_fragment,problems/benchmarks/synthetic/manifest.json,True,0,0,
synthetic,syn-dependent_partition_min_size-large-02,wfomc,solved,273112840,273112840,0.960838,,,synthetic;stratified;stratum=dependent_partition_min_size;family=dependent_partition_min_size;difficulty=large;domain=16;variant=2;seed=20260811;operatorcount=2;constraintcount=1;depth=2;set;choose;partition;size;dependent_configuration;outside_cola_fragment,problems/benchmarks/synthetic/manifest.json,False,0,1,
synthetic,syn-dependent_partition_min_size-large-06,wfomc,solved,75675600,75675600,0.962741,,,synthetic;stratified;stratum=dependent_partition_min_size;family=dependent_partition_min_size;difficulty=large;domain=16;variant=6;seed=20260811;operatorcount=2;constraintcount=1;depth=2;set;choose;partition;size;dependent_configuration;outside_cola_fragment,problems/benchmarks/synthetic/manifest.json,True,0,0,
synthetic,syn-dependent_partition_min_size-large-06,wfomc,solved,75675600,75675600,0.967366,,,synthetic;stratified;stratum=dependent_partition_min_size;family=dependent_partition_min_size;difficulty=large;domain=16;variant=6;seed=20260811;operatorcount=2;constraintcount=1;depth=2;set;choose;partition;size;dependent_configuration;outside_cola_fragment,problems/benchmarks/synthetic/manifest.json,False,0,1,
synthetic,syn-dependent_composition_sizes-large-02,wfomc,solved,1816214400,1816214400,1.284594,,,synthetic;stratified;stratum=dependent_composition_sizes;family=dependent_composition_sizes;difficulty=large;domain=16;variant=2;seed=20260811;operatorcount=2;constraintcount=5;depth=2;set;choose;composition;size;dependent_configuration;outside_cola_fragment,problems/benchmarks/synthetic/manifest.json,True,0,0,
synthetic,syn-dependent_composition_sizes-large-02,wfomc,solved,1816214400,1816214400,1.274434,,,synthetic;stratified;stratum=dependent_composition_sizes;family=dependent_composition_sizes;difficulty=large;domain=16;variant=2;seed=20260811;operatorcount=2;constraintcount=5;depth=2;set;choose;composition;size;dependent_configuration;outside_cola_fragment,problems/benchmarks/synthetic/manifest.json,False,0,1,
synthetic,syn-dependent_composition_sizes-large-06,wfomc,solved,960960,960960,0.825189,,,synthetic;stratified;stratum=dependent_composition_sizes;family=dependent_composition_sizes;difficulty=large;domain=16;variant=6;seed=20260811;operatorcount=2;constraintcount=2;depth=2;set;choose;composition;size;dependent_configuration;outside_cola_fragment,problems/benchmarks/synthetic/manifest.json,True,0,0,
synthetic,syn-dependent_composition_sizes-large-06,wfomc,solved,960960,960960,0.831341,,,synthetic;stratified;stratum=dependent_composition_sizes;family=dependent_composition_sizes;difficulty=large;domain=16;variant=6;seed=20260811;operatorcount=2;constraintcount=2;depth=2;set;choose;composition;size;dependent_configuration;outside_cola_fragment,problems/benchmarks/synthetic/manifest.json,False,0,1,
synthetic,syn-dependent_bag_tuple-large-02,wfomc,solved,21840,21840,6.671845,,,synthetic;stratified;stratum=dependent_bag_tuple;family=dependent_bag_tuple;difficulty=large;domain=16;variant=2;seed=20260811;operatorcount=3;constraintcount=1;depth=2;bag;choose;tuple;set;membership;decomposition;dependent_configuration;outside_cola_fragment,problems/benchmarks/synthetic/manifest.json,True,0,0,
synthetic,syn-dependent_bag_tuple-large-02,wfomc,solved,21840,21840,6.676492,,,synthetic;stratified;stratum=dependent_bag_tuple;family=dependent_bag_tuple;difficulty=large;domain=16;variant=2;seed=20260811;operatorcount=3;constraintcount=1;depth=2;bag;choose;tuple;set;membership;decomposition;dependent_configuration;outside_cola_fragment,problems/benchmarks/synthetic/manifest.json,False,0,1,
synthetic,syn-dependent_bag_tuple-large-06,wfomc,solved,327600,327600,6.657145,,,synthetic;stratified;stratum=dependent_bag_tuple;family=dependent_bag_tuple;difficulty=large;domain=16;variant=6;seed=20260811;operatorcount=3;constraintcount=1;depth=2;bag;choose;tuple;set;membership;decomposition;dependent_configuration;outside_cola_fragment,problems/benchmarks/synthetic/manifest.json,True,0,0,
synthetic,syn-dependent_bag_tuple-large-06,wfomc,solved,327600,327600,6.650543,,,synthetic;stratified;stratum=dependent_bag_tuple;family=dependent_bag_tuple;difficulty=large;domain=16;variant=6;seed=20260811;operatorcount=3;constraintcount=1;depth=2;bag;choose;tuple;set;membership;decomposition;dependent_configuration;outside_cola_fragment,problems/benchmarks/synthetic/manifest.json,False,0,1,
synthetic,syn-nested_choice_chain-large-02,wfomc,solved,1081080,1081080,0.457213,,,synthetic;stratified;stratum=nested_choice_chain;family=nested_choice_chain;difficulty=large;domain=16;variant=2;seed=20260811;operatorcount=3;constraintcount=1;depth=3;set;choose;membership;dependent_configuration;outside_cola_fragment,problems/benchmarks/synthetic/manifest.json,True,0,0,
synthetic,syn-nested_choice_chain-large-02,wfomc,solved,1081080,1081080,0.460188,,,synthetic;stratified;stratum=nested_choice_chain;family=nested_choice_chain;difficulty=large;domain=16;variant=2;seed=20260811;operatorcount=3;constraintcount=1;depth=3;set;choose;membership;dependent_configuration;outside_cola_fragment,problems/benchmarks/synthetic/manifest.json,False,0,1,
synthetic,syn-nested_choice_chain-large-06,wfomc,solved,27300,27300,0.456458,,,synthetic;stratified;stratum=nested_choice_chain;family=nested_choice_chain;difficulty=large;domain=16;variant=6;seed=20260811;operatorcount=3;constraintcount=1;depth=3;set;choose;membership;dependent_configuration;outside_cola_fragment,problems/benchmarks/synthetic/manifest.json,True,0,0,
synthetic,syn-nested_choice_chain-large-06,wfomc,solved,27300,27300,0.458576,,,synthetic;stratified;stratum=nested_choice_chain;family=nested_choice_chain;difficulty=large;domain=16;variant=6;seed=20260811;operatorcount=3;constraintcount=1;depth=3;set;choose;membership;dependent_configuration;outside_cola_fragment,problems/benchmarks/synthetic/manifest.json,False,0,1,
synthetic,syn-dependent_selected_subsets-large-02,wfomc,solved,2402400,2402400,0.492535,,,synthetic;stratified;stratum=dependent_selected_subsets;family=dependent_selected_subsets;difficulty=large;domain=16;variant=2;seed=20260811;operatorcount=3;constraintcount=1;depth=2;set;choose;disjoint;dependent_configuration;outside_cola_fragment,problems/benchmarks/synthetic/manifest.json,True,0,0,
synthetic,syn-dependent_selected_subsets-large-02,wfomc,solved,2402400,2402400,0.499770,,,synthetic;stratified;stratum=dependent_selected_subsets;family=dependent_selected_subsets;difficulty=large;domain=16;variant=2;seed=20260811;operatorcount=3;constraintcount=1;depth=2;set;choose;disjoint;dependent_configuration;outside_cola_fragment,problems/benchmarks/synthetic/manifest.json,False,0,1,
synthetic,syn-dependent_selected_subsets-large-06,wfomc,solved,240240,240240,0.491413,,,synthetic;stratified;stratum=dependent_selected_subsets;family=dependent_selected_subsets;difficulty=large;domain=16;variant=6;seed=20260811;operatorcount=3;constraintcount=1;depth=2;set;choose;disjoint;dependent_configuration;outside_cola_fragment,problems/benchmarks/synthetic/manifest.json,True,0,0,
synthetic,syn-dependent_selected_subsets-large-06,wfomc,solved,240240,240240,0.491822,,,synthetic;stratified;stratum=dependent_selected_subsets;family=dependent_selected_subsets;difficulty=large;domain=16;variant=6;seed=20260811;operatorcount=3;constraintcount=1;depth=2;set;choose;disjoint;dependent_configuration;outside_cola_fragment,problems/benchmarks/synthetic/manifest.json,False,0,1,
