suite,case_id,expected,tags,source,program_path,program_sha256
synthetic,syn-set_choice_intersection-small-00,30,synthetic;stratified;stratum=set_choice_intersection;family=set_choice_intersection;difficulty=small;domain=8;variant=0;seed=20260811;operatorcount=1;constraintcount=1;depth=1;set;choose;intersection;size,stratified synthetic generator seed=20260811,syn-set_choice_intersection-small-00.cfl,83b0d5133293b15c96d33a20b30fdeec435d8a8000c847ddbd7b935b0367c5f3
synthetic,syn-set_choice_intersection-small-01,24,synthetic;stratified;stratum=set_choice_intersection;family=set_choice_intersection;difficulty=small;domain=8;variant=1;seed=20260811;operatorcount=1;constraintcount=1;depth=1;set;choose;intersection;size,stratified synthetic generator seed=20260811,syn-set_choice_intersection-small-01.cfl,85cce5e9f6e00af2b63883b7b34bf48bf2af756d8b9fe3c69d450ef7dcb72626
synthetic,syn-set_choice_intersection-small-02,30,synthetic;stratified;stratum=set_choice_intersection;family=set_choice_intersection;difficulty=small;domain=8;variant=2;seed=20260811;operatorcount=1;constraintcount=1;depth=1;set;choose;intersection;size,stratified synthetic generator seed=20260811,syn-set_choice_intersection-small-02.cfl,fd29cf5423aa577fbea601e5e497a5efb7c49c25e0bf5667f7ac5f29df756dd6
synthetic,syn-set_choice_intersection-small-03,30,synthetic;stratified;stratum=set_choice_intersection;family=set_choice_intersection;difficulty=small;domain=8;variant=3;seed=20260811;operatorcount=1;constraintcount=1;depth=1;set;choose;intersection;size,stratified synthetic generator seed=20260811,syn-set_choice_intersection-small-03.cfl,995741c2d1c692d16aaf3aee2b0d8e8e17ebee48470e33ba93a7e7203696fa30
synthetic,syn-set_choice_intersection-small-04,10,synthetic;stratified;stratum=set_choice_intersection;family=set_choice_intersection;difficulty=small;domain=8;variant=4;seed=20260811;operatorcount=1;constraintcount=1;depth=1;set;choose;intersection;size,stratified synthetic generator seed=20260811,syn-set_choice_intersection-small-04.cfl,a55202093ef82c8e8554fd18317ce5c4e338c7ec5c2c1bae8c08b758b4874c7f
synthetic,syn-set_choice_intersection-small-05,3,synthetic;stratified;stratum=set_choice_intersection;family=set_choice_intersection;difficulty=small;domain=8;variant=5;seed=20260811;operatorcount=1;constraintcount=1;depth=1;set;choose;intersection;size,stratified synthetic generator seed=20260811,syn-set_choice_intersection-small-05.cfl,c2d12502edeb6a470967b546d60fac22ab88c5cbd290a47cd31138e1c9a2b506
synthetic,syn-set_choice_intersection-small-06,10,synthetic;stratified;stratum=set_choice_intersection;family=set_choice_intersection;difficulty=small;domain=8;variant=6;seed=20260811;operatorcount=1;constraintcount=1;depth=1;set;choose;intersection;size,stratified synthetic generator seed=20260811,syn-set_choice_intersection-small-06.cfl,f99a4c6b4ee4872c90abbb015b95a8e6714505eb9f136c6ca932adf6917cda90
synthetic,syn-set_choice_intersection-small-07,15,synthetic;stratified;stratum=set_choice_intersection;family=set_choice_intersection;difficulty=small;domain=8;variant=7;seed=20260811;operatorcount=1;constraintcount=1;depth=1;set;choose;intersection;size,stratified synthetic generator seed=20260811,syn-set_choice_intersection-small-07.cfl,e4687bc78a84937ad9d9695cb7a101d520a267ed9e1ea681cb1a138cd8274665
synthetic,syn-bag_choice_multiplicity-small-00,3,synthetic;stratified;stratum=bag_choice_multiplicity;family=bag_choice_multiplicity;difficulty=small;domain=8;variant=0;seed=20260811;operatorcount=1;constraintcount=1;depth=1;bag;choose;count,stratified synthetic generator seed=20260811,syn-bag_choice_multiplicity-small-00.cfl,074da0f0ce78b105f9a2d367b78da2967c34115bd38310500c4cab7f5b0337db
synthetic,syn-bag_choice_multiplicity-small-01,4,synthetic;stratified;stratum=bag_choice_multiplicity;family=bag_choice_multiplicity;difficulty=small;domain=8;variant=1;seed=20260811;operatorcount=1;constraintcount=1;depth=1;bag;choose;count,stratified synthetic generator seed=20260811,syn-bag_choice_multiplicity-small-01.cfl,8a217a660320610d4cca43208ff793ff4f1acf7ef5700eee69cfe78a52c359a8
synthetic,syn-bag_choice_multiplicity-small-02,10,synthetic;stratified;stratum=bag_choice_multiplicity;family=bag_choice_multiplicity;difficulty=small;domain=8;variant=2;seed=20260811;operatorcount=1;constraintcount=1;depth=1;bag;choose;count,stratified synthetic generator seed=20260811,syn-bag_choice_multiplicity-small-02.cfl,ca4c05eac131777461e5d5213d415b6ee26e7a7f2218d5bf550eb266902851e6
synthetic,syn-bag_choice_multiplicity-small-03,6,synthetic;stratified;stratum=bag_choice_multiplicity;family=bag_choice_multiplicity;difficulty=small;domain=8;variant=3;seed=20260811;operatorcount=1;constraintcount=1;depth=1;bag;choose;count,stratified synthetic generator seed=20260811,syn-bag_choice_multiplicity-small-03.cfl,1f299776c0456c6f6cd959fac853510833d23abc698a7bee801a1d9485cff6d1
synthetic,syn-bag_choice_multiplicity-small-04,6,synthetic;stratified;stratum=bag_choice_multiplicity;family=bag_choice_multiplicity;difficulty=small;domain=8;variant=4;seed=20260811;operatorcount=1;constraintcount=1;depth=1;bag;choose;count,stratified synthetic generator seed=20260811,syn-bag_choice_multiplicity-small-04.cfl,de1431568a1c728116408fb77e64be28644172264b3d5e25b78047c24d2491bf
synthetic,syn-bag_choice_multiplicity-small-05,3,synthetic;stratified;stratum=bag_choice_multiplicity;family=bag_choice_multiplicity;difficulty=small;domain=8;variant=5;seed=20260811;operatorcount=1;constraintcount=1;depth=1;bag;choose;count,stratified synthetic generator seed=20260811,syn-bag_choice_multiplicity-small-05.cfl,65b0bb319e510a444a95550e07009da7be1c674ae179142624bf6a4f88c821ee
synthetic,syn-bag_choice_multiplicity-small-06,5,synthetic;stratified;stratum=bag_choice_multiplicity;family=bag_choice_multiplicity;difficulty=small;domain=8;variant=6;seed=20260811;operatorcount=1;constraintcount=1;depth=1;bag;choose;count,stratified synthetic generator seed=20260811,syn-bag_choice_multiplicity-small-06.cfl,b7eca8cc3b41e5449d709093d6ac6c82357c1c7c3d77304a298f37d11dbe9a94
synthetic,syn-bag_choice_multiplicity-small-07,4,synthetic;stratified;stratum=bag_choice_multiplicity;family=bag_choice_multiplicity;difficulty=small;domain=8;variant=7;seed=20260811;operatorcount=1;constraintcount=1;depth=1;bag;choose;count,stratified synthetic generator seed=20260811,syn-bag_choice_multiplicity-small-07.cfl,22e68374606eabd2a32bafaf9a089d82bb9a3fef2ca43ce53d3d8a7b02613a35
synthetic,syn-set_tuple_position_count-small-00,2880,synthetic;stratified;stratum=set_tuple_position_count;family=set_tuple_position_count;difficulty=small;domain=8;variant=0;seed=20260811;operatorcount=1;constraintcount=2;depth=1;set;tuple;position;count,stratified synthetic generator seed=20260811,syn-set_tuple_position_count-small-00.cfl,8b323ca09eadc4e3e52b91ee6ef67edce22ba024168c092d5350320de8ed3443
synthetic,syn-set_tuple_position_count-small-01,1200,synthetic;stratified;stratum=set_tuple_position_count;family=set_tuple_position_count;difficulty=small;domain=8;variant=1;seed=20260811;operatorcount=1;constraintcount=2;depth=1;set;tuple;position;count,stratified synthetic generator seed=20260811,syn-set_tuple_position_count-small-01.cfl,1498d60332a1ef7713ee90654290b290443d53cd1d81a680d20ce4989ce9cc8e
synthetic,syn-set_tuple_position_count-small-02,1440,synthetic;stratified;stratum=set_tuple_position_count;family=set_tuple_position_count;difficulty=small;domain=8;variant=2;seed=20260811;operatorcount=1;constraintcount=2;depth=1;set;tuple;position;count,stratified synthetic generator seed=20260811,syn-set_tuple_position_count-small-02.cfl,f709d7512262dd8f5d8b627e3e8f3f8097c96b242bfaf4951cc2f21906ff3eae
synthetic,syn-set_tuple_position_count-small-03,1440,synthetic;stratified;stratum=set_tuple_position_count;family=set_tuple_position_count;difficulty=small;domain=8;variant=3;seed=20260811;operatorcount=1;constraintcount=2;depth=1;set;tuple;position;count,stratified synthetic generator seed=20260811,syn-set_tuple_position_count-small-03.cfl,a89cd85422ed31fa5169ab4d24e8f674a046c8ab6e5c188200cab5543f5206cb
synthetic,syn-set_tuple_position_count-small-04,120,synthetic;stratified;stratum=set_tuple_position_count;family=set_tuple_position_count;difficulty=small;domain=8;variant=4;seed=20260811;operatorcount=1;constraintcount=2;depth=1;set;tuple;position;count,stratified synthetic generator seed=20260811,syn-set_tuple_position_count-small-04.cfl,63297698fa35a14f3f5bb7293bf779d72befdd324efc21df1f9e09c324afaa74
synthetic,syn-set_tuple_position_count-small-05,2160,synthetic;stratified;stratum=set_tuple_position_count;family=set_tuple_position_count;difficulty=small;domain=8;variant=5;seed=20260811;operatorcount=1;constraintcount=2;depth=1;set;tuple;position;count,stratified synthetic generator seed=20260811,syn-set_tuple_position_count-small-05.cfl,85deb37abc5cc4424ac9333d480cf7ff61d4bdd5094ec3f16af5a5467b352cd8
synthetic,syn-set_tuple_position_count-small-06,108,synthetic;stratified;stratum=set_tuple_position_count;family=set_tuple_position_count;difficulty=small;domain=8;variant=6;seed=20260811;operatorcount=1;constraintcount=2;depth=1;set;tuple;position;count,stratified synthetic generator seed=20260811,syn-set_tuple_position_count-small-06.cfl,ffc069ba0d1c0915bd4e1ec3f03826cfe2612be5467dcd39b4fdf941c921b02e
synthetic,syn-set_tuple_position_count-small-07,1440,synthetic;stratified;stratum=set_tuple_position_count;family=set_tuple_position_count;difficulty=small;domain=8;variant=7;seed=20260811;operatorcount=1;constraintcount=2;depth=1;set;tuple;position;count,stratified synthetic generator seed=20260811,syn-set_tuple_position_count-small-07.cfl,afc06a9270e846271c87ac18f27f2cf3ddd0b80b1886bb3ad9f514315a5da3af
synthetic,syn-bag_tuple_multiplicity-small-00,504,synthetic;stratified;stratum=bag_tuple_multiplicity;family=bag_tuple_multiplicity;difficulty=small;domain=8;variant=0;seed=20260811;operatorcount=2;constraintcount=1;depth=1;bag;tuple;set;choose;membership;decomposition,stratified synthetic generator seed=20260811,syn-bag_tuple_multiplicity-small-00.cfl,71fc501b80fbd43560c051685797523ddd9d1bee5949d8e8eaceba38ab1546fe
synthetic,syn-bag_tuple_multiplicity-small-01,1176,synthetic;stratified;stratum=bag_tuple_multiplicity;family=bag_tuple_multiplicity;difficulty=small;domain=8;variant=1;seed=20260811;operatorcount=2;constraintcount=1;depth=1;bag;tuple;set;choose;membership;decomposition,stratified synthetic generator seed=20260811,syn-bag_tuple_multiplicity-small-01.cfl,1e0096c4cecb063e89a1b6fb181baeb87df43d3d4f544e7a3ab96824497a32ba
synthetic,syn-bag_tuple_multiplicity-small-02,392,synthetic;stratified;stratum=bag_tuple_multiplicity;family=bag_tuple_multiplicity;difficulty=small;domain=8;variant=2;seed=20260811;operatorcount=2;constraintcount=1;depth=1;bag;tuple;set;choose;membership;decomposition,stratified synthetic generator seed=20260811,syn-bag_tuple_multiplicity-small-02.cfl,ecaeeecedb07d4a457b129d1339ccc9274251bda513cb9c7c41a3831fb96b866
synthetic,syn-bag_tuple_multiplicity-small-03,280,synthetic;stratified;stratum=bag_tuple_multiplicity;family=bag_tuple_multiplicity;difficulty=small;domain=8;variant=3;seed=20260811;operatorcount=2;constraintcount=1;depth=1;bag;tuple;set;choose;membership;decomposition,stratified synthetic generator seed=20260811,syn-bag_tuple_multiplicity-small-03.cfl,7791c255392383eb9f9a449fc8318e85cff5b846e2d7f5cbd4f9e9ae8182bb26
synthetic,syn-bag_tuple_multiplicity-small-04,1680,synthetic;stratified;stratum=bag_tuple_multiplicity;family=bag_tuple_multiplicity;difficulty=small;domain=8;variant=4;seed=20260811;operatorcount=2;constraintcount=1;depth=1;bag;tuple;set;choose;membership;decomposition,stratified synthetic generator seed=20260811,syn-bag_tuple_multiplicity-small-04.cfl,42b9fdd55b60dfe955e61354ed9d987b41903920f2b8eb5846c2a5fcc9e8239b
synthetic,syn-bag_tuple_multiplicity-small-05,6300,synthetic;stratified;stratum=bag_tuple_multiplicity;family=bag_tuple_multiplicity;difficulty=small;domain=8;variant=5;seed=20260811;operatorcount=2;constraintcount=1;depth=1;bag;tuple;set;choose;membership;decomposition,stratified synthetic generator seed=20260811,syn-bag_tuple_multiplicity-small-05.cfl,faca8733c51785317d2ace3cec40d24bd88d0a11b129c863bf3bc32f99cfffa7
synthetic,syn-bag_tuple_multiplicity-small-06,5880,synthetic;stratified;stratum=bag_tuple_multiplicity;family=bag_tuple_multiplicity;difficulty=small;domain=8;variant=6;seed=20260811;operatorcount=2;constraintcount=1;depth=1;bag;tuple;set;choose;membership;decomposition,stratified synthetic generator seed=20260811,syn-bag_tuple_multiplicity-small-06.cfl,9f3bb1c2b6f27d9d932a97f1dc32c489aedad4f71bcb502f0cc5d21ec9891951
synthetic,syn-bag_tuple_multiplicity-small-07,1120,synthetic;stratified;stratum=bag_tuple_multiplicity;family=bag_tuple_multiplicity;difficulty=small;domain=8;variant=7;seed=20260811;operatorcount=2;constraintcount=1;depth=1;bag;tuple;set;choose;membership;decomposition,stratified synthetic generator seed=20260811,syn-bag_tuple_multiplicity-small-07.cfl,09826c8ba5df929a54ffaf3933497631eb5387d60278447de9c1c6c4f2c3808a
synthetic,syn-set_sequence_patterns-small-00,2520,synthetic;stratified;stratum=set_sequence_patterns;family=set_sequence_patterns;difficulty=small;domain=8;variant=0;seed=20260811;operatorcount=1;constraintcount=3;depth=1;set;sequence;adjacency;order,stratified synthetic generator seed=20260811,syn-set_sequence_patterns-small-00.cfl,6f738a56881632de98e239130227d2764dc0a980ab59b5318309efe9025eb8da
synthetic,syn-set_sequence_patterns-small-01,1260,synthetic;stratified;stratum=set_sequence_patterns;family=set_sequence_patterns;difficulty=small;domain=8;variant=1;seed=20260811;operatorcount=1;constraintcount=4;depth=1;set;sequence;adjacency;order,stratified synthetic generator seed=20260811,syn-set_sequence_patterns-small-01.cfl,6dfe2e5dc9db46503fbe3aa90a41672b41592a8b607dc2626be14bee73d0e6f4
synthetic,syn-set_sequence_patterns-small-02,1260,synthetic;stratified;stratum=set_sequence_patterns;family=set_sequence_patterns;difficulty=small;domain=8;variant=2;seed=20260811;operatorcount=1;constraintcount=4;depth=1;set;sequence;adjacency;order,stratified synthetic generator seed=20260811,syn-set_sequence_patterns-small-02.cfl,aee8431ab9bf2d806ecae14fd1a088403b4416eeece54663177276f466a26eb5
synthetic,syn-set_sequence_patterns-small-03,5040,synthetic;stratified;stratum=set_sequence_patterns;family=set_sequence_patterns;difficulty=small;domain=8;variant=3;seed=20260811;operatorcount=1;constraintcount=2;depth=1;set;sequence;adjacency;order,stratified synthetic generator seed=20260811,syn-set_sequence_patterns-small-03.cfl,35187a029d094be60185f14fd7ce3212a4a2aaf0ed2cadbc86d7d2f002fbd37d
synthetic,syn-set_sequence_patterns-small-04,5040,synthetic;stratified;stratum=set_sequence_patterns;family=set_sequence_patterns;difficulty=small;domain=8;variant=4;seed=20260811;operatorcount=1;constraintcount=2;depth=1;set;sequence;adjacency;order,stratified synthetic generator seed=20260811,syn-set_sequence_patterns-small-04.cfl,49cd61d6763f7989d7ce626b1fe8cd7d13df72b24b44f36c7a49dac4d647c043
synthetic,syn-set_sequence_patterns-small-05,2520,synthetic;stratified;stratum=set_sequence_patterns;family=set_sequence_patterns;difficulty=small;domain=8;variant=5;seed=20260811;operatorcount=1;constraintcount=3;depth=1;set;sequence;adjacency;order,stratified synthetic generator seed=20260811,syn-set_sequence_patterns-small-05.cfl,311fa884ee081a65e29e1813a3baba60a2d4fc7c5971a5b24c998233d423bd8f
synthetic,syn-set_sequence_patterns-small-06,5040,synthetic;stratified;stratum=set_sequence_patterns;family=set_sequence_patterns;difficulty=small;domain=8;variant=6;seed=20260811;operatorcount=1;constraintcount=2;depth=1;set;sequence;adjacency;order,stratified synthetic generator seed=20260811,syn-set_sequence_patterns-small-06.cfl,8f73052c65bb15ae847a1dd224989cf056436c5b495fbb4307e98b450c0ca21d
synthetic,syn-set_sequence_patterns-small-07,2520,synthetic;stratified;stratum=set_sequence_patterns;family=set_sequence_patterns;difficulty=small;domain=8;variant=7;seed=20260811;operatorcount=1;constraintcount=3;depth=1;set;sequence;adjacency;order,stratified synthetic generator seed=20260811,syn-set_sequence_patterns-small-07.cfl,361a26e872da8353086c74e88ff81cf0dc832e8e1e36aa4d2622c6afc81cca9f
synthetic,syn-bag_sequence_adjacency-small-00,420,synthetic;stratified;stratum=bag_sequence_adjacency;family=bag_sequence_adjacency;difficulty=small;domain=8;variant=0;seed=20260811;operatorcount=1;constraintcount=1;depth=1;bag;sequence;adjacency,stratified synthetic generator seed=20260811,syn-bag_sequence_adjacency-small-00.cfl,ffb9ab3df3309560c19baccff751a61557e8149a4c39905afa652d46ef323272
synthetic,syn-bag_sequence_adjacency-small-01,840,synthetic;stratified;stratum=bag_sequence_adjacency;family=bag_sequence_adjacency;difficulty=small;domain=8;variant=1;seed=20260811;operatorcount=1;constraintcount=1;depth=1;bag;sequence;adjacency,stratified synthetic generator seed=20260811,syn-bag_sequence_adjacency-small-01.cfl,1b0ba5c48413e146ad88464dc37a21e6728ea3a203d69eabb04ce54796f76261
synthetic,syn-bag_sequence_adjacency-small-02,420,synthetic;stratified;stratum=bag_sequence_adjacency;family=bag_sequence_adjacency;difficulty=small;domain=8;variant=2;seed=20260811;operatorcount=1;constraintcount=1;depth=1;bag;sequence;adjacency,stratified synthetic generator seed=20260811,syn-bag_sequence_adjacency-small-02.cfl,91aae5e8ec7aeec9b200241d7ecfcf10c3ae999c470709a65a97fb79fb9fbf48
synthetic,syn-bag_sequence_adjacency-small-03,1260,synthetic;stratified;stratum=bag_sequence_adjacency;family=bag_sequence_adjacency;difficulty=small;domain=8;variant=3;seed=20260811;operatorcount=1;constraintcount=1;depth=1;bag;sequence;adjacency,stratified synthetic generator seed=20260811,syn-bag_sequence_adjacency-small-03.cfl,3953b2a33e02e241d0d9e5c35da843c6643a201c638e29970cfe934aa10fdfa7
synthetic,syn-bag_sequence_adjacency-small-04,840,synthetic;stratified;stratum=bag_sequence_adjacency;family=bag_sequence_adjacency;difficulty=small;domain=8;variant=4;seed=20260811;operatorcount=1;constraintcount=1;depth=1;bag;sequence;adjacency,stratified synthetic generator seed=20260811,syn-bag_sequence_adjacency-small-04.cfl,fb5c725e889290b0ac196d4535ad2e20e09ffaa4fd2b10620b79a12606c2ac90
synthetic,syn-bag_sequence_adjacency-small-05,840,synthetic;stratified;stratum=bag_sequence_adjacency;family=bag_sequence_adjacency;difficulty=small;domain=8;variant=5;seed=20260811;operatorcount=1;constraintcount=1;depth=1;bag;sequence;adjacency,stratified synthetic generator seed=20260811,syn-bag_sequence_adjacency-small-05.cfl,79267c43d76c245e72a4fdb364bf8c5098efc0f6b1aa39bd01c22dbecdf0c027
synthetic,syn-bag_sequence_adjacency-small-06,840,synthetic;stratified;stratum=bag_sequence_adjacency;family=bag_sequence_adjacency;difficulty=small;domain=8;variant=6;seed=20260811;operatorcount=1;constraintcount=1;depth=1;bag;sequence;adjacency,stratified synthetic generator seed=20260811,syn-bag_sequence_adjacency-small-06.cfl,262c408447aa32671dda7164ae61de647b932e463413eade585e4cf20a0512ab
synthetic,syn-bag_sequence_adjacency-small-07,840,synthetic;stratified;stratum=bag_sequence_adjacency;family=bag_sequence_adjacency;difficulty=small;domain=8;variant=7;seed=20260811;operatorcount=1;constraintcount=1;depth=1;bag;sequence;adjacency,stratified synthetic generator seed=20260811,syn-bag_sequence_adjacency-small-07.cfl,279078ff0d38a5cf89bd8b116f07b8922f8b9ef8e8ac8ebf3658d4ab3794019a
synthetic,syn-set_partition_min_size-small-00,966,synthetic;stratified;stratum=set_partition_min_size;family=set_partition_min_size;difficulty=small;domain=8;variant=0;seed=20260811;operatorcount=1;constraintcount=1;depth=1;set;partition;size,stratified synthetic generator seed=20260811,syn-set_partition_min_size-small-00.cfl,4f3d294363c76b96a53f6f14f413b174ba0ca0229f15cface04203a4f086b823
synthetic,syn-set_partition_min_size-small-01,1701,synthetic;stratified;stratum=set_partition_min_size;family=set_partition_min_size;difficulty=small;domain=8;variant=1;seed=20260811;operatorcount=1;constraintcount=1;depth=1;set;partition;size,stratified synthetic generator seed=20260811,syn-set_partition_min_size-small-01.cfl,4077d5ae5a777bc2fd795fe1b86390c46d82c990d985bae4ab931e0229f8694e
synthetic,syn-set_partition_min_size-small-02,35,synthetic;stratified;stratum=set_partition_min_size;family=set_partition_min_size;difficulty=small;domain=8;variant=2;seed=20260811;operatorcount=1;constraintcount=1;depth=1;set;partition;size,stratified synthetic generator seed=20260811,syn-set_partition_min_size-small-02.cfl,389e2a044e31c1d0a51f7cbd67e7b703ca355d882dbd4606e4dc0e1c93a07b26
synthetic,syn-set_partition_min_size-small-03,105,synthetic;stratified;stratum=set_partition_min_size;family=set_partition_min_size;difficulty=small;domain=8;variant=3;seed=20260811;operatorcount=1;constraintcount=1;depth=1;set;partition;size,stratified synthetic generator seed=20260811,syn-set_partition_min_size-small-03.cfl,3a1c342fe825612045875a0366a76be297fbca298951dd86b5102e8d3a0597f7
synthetic,syn-set_partition_min_size-small-04,119,synthetic;stratified;stratum=set_partition_min_size;family=set_partition_min_size;difficulty=small;domain=8;variant=4;seed=20260811;operatorcount=1;constraintcount=1;depth=1;set;partition;size,stratified synthetic generator seed=20260811,syn-set_partition_min_size-small-04.cfl,3ee4b31fd1d2c1c512f6dd09b9815941ec36529b1674ad108c351425e53e7ebf
synthetic,syn-set_partition_min_size-small-05,490,synthetic;stratified;stratum=set_partition_min_size;family=set_partition_min_size;difficulty=small;domain=8;variant=5;seed=20260811;operatorcount=1;constraintcount=1;depth=1;set;partition;size,stratified synthetic generator seed=20260811,syn-set_partition_min_size-small-05.cfl,4a43caf387fc09c9625a3a582558c6e04b73e228c3bb83682b2a37f8e0e8fff0
synthetic,syn-set_partition_min_size-small-06,91,synthetic;stratified;stratum=set_partition_min_size;family=set_partition_min_size;difficulty=small;domain=8;variant=6;seed=20260811;operatorcount=1;constraintcount=1;depth=1;set;partition;size,stratified synthetic generator seed=20260811,syn-set_partition_min_size-small-06.cfl,81688b74e2cebae25b7360f616238364b7c1e3ff5578d4139ca4c8aacdb83eac
synthetic,syn-set_partition_min_size-small-07,127,synthetic;stratified;stratum=set_partition_min_size;family=set_partition_min_size;difficulty=small;domain=8;variant=7;seed=20260811;operatorcount=1;constraintcount=1;depth=1;set;partition;size,stratified synthetic generator seed=20260811,syn-set_partition_min_size-small-07.cfl,bcc6b704078d230db8e9825779f48f4fed5eb336101f4b2dfea9763116972700
synthetic,syn-set_composition_sizes-small-00,336,synthetic;stratified;stratum=set_composition_sizes;family=set_composition_sizes;difficulty=small;domain=8;variant=0;seed=20260811;operatorcount=1;constraintcount=4;depth=1;set;composition;size,stratified synthetic generator seed=20260811,syn-set_composition_sizes-small-00.cfl,a372da8352b1c47ed424b959b4413324477dc8caa60eff7bd78a9c16bf864fcb
synthetic,syn-set_composition_sizes-small-01,8,synthetic;stratified;stratum=set_composition_sizes;family=set_composition_sizes;difficulty=small;domain=8;variant=1;seed=20260811;operatorcount=1;constraintcount=2;depth=1;set;composition;size,stratified synthetic generator seed=20260811,syn-set_composition_sizes-small-01.cfl,1ab8887085f2c20ed3887eff7195983fed88dc28fa79cf54cfbced25b91dc5c4
synthetic,syn-set_composition_sizes-small-02,56,synthetic;stratified;stratum=set_composition_sizes;family=set_composition_sizes;difficulty=small;domain=8;variant=2;seed=20260811;operatorcount=1;constraintcount=2;depth=1;set;composition;size,stratified synthetic generator seed=20260811,syn-set_composition_sizes-small-02.cfl,0260bf83d52231f834999aa87f8106b6a57c988c57439bfc9e1e1da4cbdae03a
synthetic,syn-set_composition_sizes-small-03,168,synthetic;stratified;stratum=set_composition_sizes;family=set_composition_sizes;difficulty=small;domain=8;variant=3;seed=20260811;operatorcount=1;constraintcount=3;depth=1;set;composition;size,stratified synthetic generator seed=20260811,syn-set_composition_sizes-small-03.cfl,4e88255decb229538245d1babe5e5708bbfaebddc96e8d2c241452a235fbc439
synthetic,syn-set_composition_sizes-small-04,56,synthetic;stratified;stratum=set_composition_sizes;family=set_composition_sizes;difficulty=small;domain=8;variant=4;seed=20260811;operatorcount=1;constraintcount=2;depth=1;set;composition;size,stratified synthetic generator seed=20260811,syn-set_composition_sizes-small-04.cfl,90dd351b55081fe9a1fb540863fb5b431aa59730b9f8253610191245074989e6
synthetic,syn-set_composition_sizes-small-05,1680,synthetic;stratified;stratum=set_composition_sizes;family=set_composition_sizes;difficulty=small;domain=8;variant=5;seed=20260811;operatorcount=1;constraintcount=4;depth=1;set;composition;size,stratified synthetic generator seed=20260811,syn-set_composition_sizes-small-05.cfl,6ec4b4b511512e54284df83f7efbef8aeef1823a757a5ecd4f6653a0aa4c0fb8
synthetic,syn-set_composition_sizes-small-06,3360,synthetic;stratified;stratum=set_composition_sizes;family=set_composition_sizes;difficulty=small;domain=8;variant=6;seed=20260811;operatorcount=1;constraintcount=5;depth=1;set;composition;size,stratified synthetic generator seed=20260811,syn-set_composition_sizes-small-06.cfl,3a8e4888ac0999b1bf415da81e07a5059b9d70719fe472b165b4ee34b2c32edd
synthetic,syn-set_composition_sizes-small-07,8,synthetic;stratified;stratum=set_composition_sizes;family=set_composition_sizes;difficulty=small;domain=8;variant=7;seed=20260811;operatorcount=1;constraintcount=2;depth=1;set;composition;size,stratified synthetic generator seed=20260811,syn-set_composition_sizes-small-07.cfl,f2aa881fcb9e553a571341e68322cc2e1827280126c8e9f6dfee246d357e759a
synthetic,syn-dependent_choice_disjoint-small-00,840,synthetic;stratified;stratum=dependent_choice_disjoint;family=dependent_choice_disjoint;difficulty=small;domain=8;variant=0;seed=20260811;operatorcount=3;constraintcount=1;depth=2;set;choose;disjoint;dependent_configuration;outside_cola_fragment,stratified synthetic generator seed=20260811,syn-dependent_choice_disjoint-small-00.cfl,7e817c87b033be4df8495471a61172aed565a7896b3556771d1c5b7572e24cf2
synthetic,syn-dependent_choice_disjoint-small-01,840,synthetic;stratified;stratum=dependent_choice_disjoint;family=dependent_choice_disjoint;difficulty=small;domain=8;variant=1;seed=20260811;operatorcount=3;constraintcount=1;depth=2;set;choose;disjoint;dependent_configuration;outside_cola_fragment,stratified synthetic generator seed=20260811,syn-dependent_choice_disjoint-small-01.cfl,6dda39e790fdf72015186c9059a4a41f2d32735eca8ac0f060f2b32f744cf5a8
synthetic,syn-dependent_choice_disjoint-small-02,336,synthetic;stratified;stratum=dependent_choice_disjoint;family=dependent_choice_disjoint;difficulty=small;domain=8;variant=2;seed=20260811;operatorcount=3;constraintcount=1;depth=2;set;choose;disjoint;dependent_configuration;outside_cola_fragment,stratified synthetic generator seed=20260811,syn-dependent_choice_disjoint-small-02.cfl,56dceaa5fc9fe72e7d2d64b64b8ccff637e2bae94b35127450d57e1c88f55ece
synthetic,syn-dependent_choice_disjoint-small-03,840,synthetic;stratified;stratum=dependent_choice_disjoint;family=dependent_choice_disjoint;difficulty=small;domain=8;variant=3;seed=20260811;operatorcount=3;constraintcount=1;depth=2;set;choose;disjoint;dependent_configuration;outside_cola_fragment,stratified synthetic generator seed=20260811,syn-dependent_choice_disjoint-small-03.cfl,d294b783db430123fd15e42e8e788626216fb036e24d032eca7b362ef464f40f
synthetic,syn-dependent_choice_disjoint-small-04,336,synthetic;stratified;stratum=dependent_choice_disjoint;family=dependent_choice_disjoint;difficulty=small;domain=8;variant=4;seed=20260811;operatorcount=3;constraintcount=1;depth=2;set;choose;disjoint;dependent_configuration;outside_cola_fragment,stratified synthetic generator seed=20260811,syn-dependent_choice_disjoint-small-04.cfl,c51477d8988aff95ccd3aca0755ccfc3f2fdd87c35c9ff7135f7427c797f8740
synthetic,syn-dependent_choice_disjoint-small-05,840,synthetic;stratified;stratum=dependent_choice_disjoint;family=dependent_choice_disjoint;difficulty=small;domain=8;variant=5;seed=20260811;operatorcount=3;constraintcount=1;depth=2;set;choose;disjoint;dependent_configuration;outside_cola_fragment,stratified synthetic generator seed=20260811,syn-dependent_choice_disjoint-small-05.cfl,64352b89c9fa47914cde1572ccc53fcb0773236ee54176b81e790d8fb4d797ae
synthetic,syn-dependent_choice_disjoint-small-06,1120,synthetic;stratified;stratum=dependent_choice_disjoint;family=dependent_choice_disjoint;difficulty=small;domain=8;variant=6;seed=20260811;operatorcount=3;constraintcount=1;depth=2;set;choose;disjoint;dependent_configuration;outside_cola_fragment,stratified synthetic generator seed=20260811,syn-dependent_choice_disjoint-small-06.cfl,d5547c0eb7924eba6342410324f3953e91e7688a38ca4a0d0b837f57880b545d
synthetic,syn-dependent_choice_disjoint-small-07,1120,synthetic;stratified;stratum=dependent_choice_disjoint;family=dependent_choice_disjoint;difficulty=small;domain=8;variant=7;seed=20260811;operatorcount=3;constraintcount=1;depth=2;set;choose;disjoint;dependent_configuration;outside_cola_fragment,stratified synthetic generator seed=20260811,syn-dependent_choice_disjoint-small-07.cfl,637bb801878b952bd785afc558a060e71689a064de8bf8433919428f35e77a01
synthetic,syn-dependent_tuple_position_count-small-00,3600,synthetic;stratified;stratum=dependent_tuple_position_count;family=dependent_tuple_position_count;difficulty=small;domain=8;variant=0;seed=20260811;operatorcount=2;constraintcount=2;depth=2;set;choose;tuple;position;count;dependent_configuration;outside_cola_fragment,stratified synthetic generator seed=20260811,syn-dependent_tuple_position_count-small-00.cfl,77cc5000efdce160e354dfc9ed24e82dee20cbee2fe2d6b2c6a4cd43304360d6
synthetic,syn-dependent_tuple_position_count-small-01,1200,synthetic;stratified;stratum=dependent_tuple_position_count;family=dependent_tuple_position_count;difficulty=small;domain=8;variant=1;seed=20260811;operatorcount=2;constraintcount=2;depth=2;set;choose;tuple;position;count;dependent_configuration;outside_cola_fragment,stratified synthetic generator seed=20260811,syn-dependent_tuple_position_count-small-01.cfl,da44290b3c9e01af010c4ea6457ca6d8c589089046f792fbf6dc001c10077fc6
synthetic,syn-dependent_tuple_position_count-small-02,96,synthetic;stratified;stratum=dependent_tuple_position_count;family=dependent_tuple_position_count;difficulty=small;domain=8;variant=2;seed=20260811;operatorcount=2;constraintcount=2;depth=2;set;choose;tuple;position;count;dependent_configuration;outside_cola_fragment,stratified synthetic generator seed=20260811,syn-dependent_tuple_position_count-small-02.cfl,ed8c94d43076831c17e0a818affb51d09a80ee2ea8ffef0027b72ad2045c357b
synthetic,syn-dependent_tuple_position_count-small-03,240,synthetic;stratified;stratum=dependent_tuple_position_count;family=dependent_tuple_position_count;difficulty=small;domain=8;variant=3;seed=20260811;operatorcount=2;constraintcount=2;depth=2;set;choose;tuple;position;count;dependent_configuration;outside_cola_fragment,stratified synthetic generator seed=20260811,syn-dependent_tuple_position_count-small-03.cfl,2c8f4addb18154728c4d3baf7bcf9573e1ac5b961138f8f1da705a6abd6820f6
synthetic,syn-dependent_tuple_position_count-small-04,3600,synthetic;stratified;stratum=dependent_tuple_position_count;family=dependent_tuple_position_count;difficulty=small;domain=8;variant=4;seed=20260811;operatorcount=2;constraintcount=2;depth=2;set;choose;tuple;position;count;dependent_configuration;outside_cola_fragment,stratified synthetic generator seed=20260811,syn-dependent_tuple_position_count-small-04.cfl,20e09200b1c4a380b2cdf6dd3fd7549d3bd7e0c014f5f84993495d53af44d087
synthetic,syn-dependent_tuple_position_count-small-05,240,synthetic;stratified;stratum=dependent_tuple_position_count;family=dependent_tuple_position_count;difficulty=small;domain=8;variant=5;seed=20260811;operatorcount=2;constraintcount=2;depth=2;set;choose;tuple;position;count;dependent_configuration;outside_cola_fragment,stratified synthetic generator seed=20260811,syn-dependent_tuple_position_count-small-05.cfl,82c790c58a6ffc057caabb4c044be5e415bb773ac0c60a5520ee273b4024817c
synthetic,syn-dependent_tuple_position_count-small-06,2880,synthetic;stratified;stratum=dependent_tuple_position_count;family=dependent_tuple_position_count;difficulty=small;domain=8;variant=6;seed=20260811;operatorcount=2;constraintcount=2;depth=2;set;choose;tuple;position;count;dependent_configuration;outside_cola_fragment,stratified synthetic generator seed=20260811,syn-dependent_tuple_position_count-small-06.cfl,09004b402eab158a038b5eae2e6505e89364fe3d7f971904c5b9f059dbd2f39f
synthetic,syn-dependent_tuple_position_count-small-07,1200,synthetic;stratified;stratum=dependent_tuple_position_count;family=dependent_tuple_position_count;difficulty=small;domain=8;variant=7;seed=20260811;operatorcount=2;constraintcount=2;depth=2;set;choose;tuple;position;count;dependent_configuration;outside_cola_fragment,stratified synthetic generator seed=20260811,syn-dependent_tuple_position_count-small-07.cfl,00d6d3f0898744a6211c17ced8aa55ec2bf14a380571562c237f0cf12eb9d96c
synthetic,syn-dependent_sequence_patterns-small-00,720,synthetic;stratified;stratum=dependent_sequence_patterns;family=dependent_sequence_patterns;difficulty=small;domain=8;variant=0;seed=20260811;operatorcount=2;constraintcount=9;depth=2;set;choose;sequence;adjacency;order;dependent_configuration;outside_cola_fragment,stratified synthetic generator seed=20260811,syn-dependent_sequence_patterns-small-00.cfl,a965474d363205068e8d75eedee43865dedb4928615dae9b33a68f886c72b0e7
synthetic,syn-dependent_sequence_patterns-small-01,2880,synthetic;stratified;stratum=dependent_sequence_patterns;family=dependent_sequence_patterns;difficulty=small;domain=8;variant=1;seed=20260811;operatorcount=2;constraintcount=6;depth=2;set;choose;sequence;adjacency;order;dependent_configuration;outside_cola_fragment,stratified synthetic generator seed=20260811,syn-dependent_sequence_patterns-small-01.cfl,d6d40c9ee47327d433575a386f791b8e84ac36c1317a4c4f4abdc83ddfd49581
synthetic,syn-dependent_sequence_patterns-small-02,720,synthetic;stratified;stratum=dependent_sequence_patterns;family=dependent_sequence_patterns;difficulty=small;domain=8;variant=2;seed=20260811;operatorcount=2;constraintcount=9;depth=2;set;choose;sequence;adjacency;order;dependent_configuration;outside_cola_fragment,stratified synthetic generator seed=20260811,syn-dependent_sequence_patterns-small-02.cfl,4ec5efe4de233df0fb975fb48409dfec1c33071ab7ade049500cf838779d959c
synthetic,syn-dependent_sequence_patterns-small-03,96,synthetic;stratified;stratum=dependent_sequence_patterns;family=dependent_sequence_patterns;difficulty=small;domain=8;variant=3;seed=20260811;operatorcount=2;constraintcount=6;depth=2;set;choose;sequence;adjacency;order;dependent_configuration;outside_cola_fragment,stratified synthetic generator seed=20260811,syn-dependent_sequence_patterns-small-03.cfl,51f875a4f17c5b0a200d65d1a1cef291a4f6cdd9ef5e6ed99f39a876ddda6479
synthetic,syn-dependent_sequence_patterns-small-04,720,synthetic;stratified;stratum=dependent_sequence_patterns;family=dependent_sequence_patterns;difficulty=small;domain=8;variant=4;seed=20260811;operatorcount=2;constraintcount=9;depth=2;set;choose;sequence;adjacency;order;dependent_configuration;outside_cola_fragment,stratified synthetic generator seed=20260811,syn-dependent_sequence_patterns-small-04.cfl,44ce0e4be3b25a93f13113e71ec28d722bf89c39beb99ccd64892e434bf08907
synthetic,syn-dependent_sequence_patterns-small-05,2880,synthetic;stratified;stratum=dependent_sequence_patterns;family=dependent_sequence_patterns;difficulty=small;domain=8;variant=5;seed=20260811;operatorcount=2;constraintcount=6;depth=2;set;choose;sequence;adjacency;order;dependent_configuration;outside_cola_fragment,stratified synthetic generator seed=20260811,syn-dependent_sequence_patterns-small-05.cfl,7bb54fd8755c2d1c0de1fa4c10abef6f088a2deb6d9a7a91a33c14378383c170
synthetic,syn-dependent_sequence_patterns-small-06,720,synthetic;stratified;stratum=dependent_sequence_patterns;family=dependent_sequence_patterns;difficulty=small;domain=8;variant=6;seed=20260811;operatorcount=2;constraintcount=9;depth=2;set;choose;sequence;adjacency;order;dependent_configuration;outside_cola_fragment,stratified synthetic generator seed=20260811,syn-dependent_sequence_patterns-small-06.cfl,f77d44d64c804cf3ee602ee288546f2aaf3252ae03596364ee140560881d6663
synthetic,syn-dependent_sequence_patterns-small-07,720,synthetic;stratified;stratum=dependent_sequence_patterns;family=dependent_sequence_patterns;difficulty=small;domain=8;variant=7;seed=20260811;operatorcount=2;constraintcount=6;depth=2;set;choose;sequence;adjacency;order;dependent_configuration;outside_cola_fragment,stratified synthetic generator seed=20260811,syn-dependent_sequence_patterns-small-07.cfl,8e011b8f1a31f354dfbac2d7dc5096d95cd3296df53c5b960428f67606d43bed
synthetic,syn-dependent_partition_min_size-small-00,840,synthetic;stratified;stratum=dependent_partition_min_size;family=dependent_partition_min_size;difficulty=small;domain=8;variant=0;seed=20260811;operatorcount=2;constraintcount=1;depth=2;set;choose;partition;size;dependent_configuration;outside_cola_fragment,stratified synthetic generator seed=20260811,syn-dependent_partition_min_size-small-00.cfl,d31007e11811906adee09100503d1e515721f02f3cca188de70ad2535e601abb
synthetic,syn-dependent_partition_min_size-small-01,840,synthetic;stratified;stratum=dependent_partition_min_size;family=dependent_partition_min_size;difficulty=small;domain=8;variant=1;seed=20260811;operatorcount=2;constraintcount=1;depth=2;set;choose;partition;size;dependent_configuration;outside_cola_fragment,stratified synthetic generator seed=20260811,syn-dependent_partition_min_size-small-01.cfl,df9da8c8d9ca1d9e1aca8e255cfc2ace95418e9304f575a817324590b8ef972b
synthetic,syn-dependent_partition_min_size-small-02,448,synthetic;stratified;stratum=dependent_partition_min_size;family=dependent_partition_min_size;difficulty=small;domain=8;variant=2;seed=20260811;operatorcount=2;constraintcount=1;depth=2;set;choose;partition;size;dependent_configuration;outside_cola_fragment,stratified synthetic generator seed=20260811,syn-dependent_partition_min_size-small-02.cfl,3e02d1765dee677201d3fb84b68ecbe8759d90b32b88ae82924b2b6105aca489
synthetic,syn-dependent_partition_min_size-small-03,280,synthetic;stratified;stratum=dependent_partition_min_size;family=dependent_partition_min_size;difficulty=small;domain=8;variant=3;seed=20260811;operatorcount=2;constraintcount=1;depth=2;set;choose;partition;size;dependent_configuration;outside_cola_fragment,stratified synthetic generator seed=20260811,syn-dependent_partition_min_size-small-03.cfl,eb00b8e5866bbb757a5e64cd8e1e0680c8d083fc975b134f5bf70c7be88dc5b4
synthetic,syn-dependent_partition_min_size-small-04,504,synthetic;stratified;stratum=dependent_partition_min_size;family=dependent_partition_min_size;difficulty=small;domain=8;variant=4;seed=20260811;operatorcount=2;constraintcount=1;depth=2;set;choose;partition;size;dependent_configuration;outside_cola_fragment,stratified synthetic generator seed=20260811,syn-dependent_partition_min_size-small-04.cfl,921cc64b3a8bbcf5acc6a025debba902a6d115efc97c62bcb36ceebbbf1fd673
synthetic,syn-dependent_partition_min_size-small-05,868,synthetic;stratified;stratum=dependent_partition_min_size;family=dependent_partition_min_size;difficulty=small;domain=8;variant=5;seed=20260811;operatorcount=2;constraintcount=1;depth=2;set;choose;partition;size;dependent_configuration;outside_cola_fragment,stratified synthetic generator seed=20260811,syn-dependent_partition_min_size-small-05.cfl,775e8c402ee5a2e33ec914df548e9c51dfc8123d9e92773dcda58f762374cb1b
synthetic,syn-dependent_partition_min_size-small-06,560,synthetic;stratified;stratum=dependent_partition_min_size;family=dependent_partition_min_size;difficulty=small;domain=8;variant=6;seed=20260811;operatorcount=2;constraintcount=1;depth=2;set;choose;partition;size;dependent_configuration;outside_cola_fragment,stratified synthetic generator seed=20260811,syn-dependent_partition_min_size-small-06.cfl,b3e9158489475976039d76b85a51281343371a331f588c417c72bab824c3a6db
synthetic,syn-dependent_partition_min_size-small-07,700,synthetic;stratified;stratum=dependent_partition_min_size;family=dependent_partition_min_size;difficulty=small;domain=8;variant=7;seed=20260811;operatorcount=2;constraintcount=1;depth=2;set;choose;partition;size;dependent_configuration;outside_cola_fragment,stratified synthetic generator seed=20260811,syn-dependent_partition_min_size-small-07.cfl,fd60b02ea013b27d22460999a6411278611507a26e52f184a142f63e2c625927
synthetic,syn-dependent_composition_sizes-small-00,10080,synthetic;stratified;stratum=dependent_composition_sizes;family=dependent_composition_sizes;difficulty=small;domain=8;variant=0;seed=20260811;operatorcount=2;constraintcount=5;depth=2;set;choose;composition;size;dependent_configuration;outside_cola_fragment,stratified synthetic generator seed=20260811,syn-dependent_composition_sizes-small-00.cfl,dcf644d33c18240d35d9fa87bf2f8cc89579d71bfe66435b567297cb9fdf7c53
synthetic,syn-dependent_composition_sizes-small-01,1680,synthetic;stratified;stratum=dependent_composition_sizes;family=dependent_composition_sizes;difficulty=small;domain=8;variant=1;seed=20260811;operatorcount=2;constraintcount=3;depth=2;set;choose;composition;size;dependent_configuration;outside_cola_fragment,stratified synthetic generator seed=20260811,syn-dependent_composition_sizes-small-01.cfl,501eef58fce29093ed1d997d1888df404707a83dbe629bb2db5b5f0fe6f72ebe
synthetic,syn-dependent_composition_sizes-small-02,1680,synthetic;stratified;stratum=dependent_composition_sizes;family=dependent_composition_sizes;difficulty=small;domain=8;variant=2;seed=20260811;operatorcount=2;constraintcount=4;depth=2;set;choose;composition;size;dependent_configuration;outside_cola_fragment,stratified synthetic generator seed=20260811,syn-dependent_composition_sizes-small-02.cfl,239ce03ec153442a22a9cea8a7a92c2082b68e18fdcbc90bbd42635e1ce7c0f7
synthetic,syn-dependent_composition_sizes-small-03,1680,synthetic;stratified;stratum=dependent_composition_sizes;family=dependent_composition_sizes;difficulty=small;domain=8;variant=3;seed=20260811;operatorcount=2;constraintcount=3;depth=2;set;choose;composition;size;dependent_configuration;outside_cola_fragment,stratified synthetic generator seed=20260811,syn-dependent_composition_sizes-small-03.cfl,560dbeeee5981450ddbfdf8281a49adc35d85651376b12b00ab3272492a9e942
synthetic,syn-dependent_composition_sizes-small-04,840,synthetic;stratified;stratum=dependent_composition_sizes;family=dependent_composition_sizes;difficulty=small;domain=8;variant=4;seed=20260811;operatorcount=2;constraintcount=3;depth=2;set;choose;composition;size;dependent_configuration;outside_cola_fragment,stratified synthetic generator seed=20260811,syn-dependent_composition_sizes-small-04.cfl,eab6bbd575560bc5471382b2979a74208ff17a46aa7146c521f65d0b43cc6ed4
synthetic,syn-dependent_composition_sizes-small-05,420,synthetic;stratified;stratum=dependent_composition_sizes;family=dependent_composition_sizes;difficulty=small;domain=8;variant=5;seed=20260811;operatorcount=2;constraintcount=2;depth=2;set;choose;composition;size;dependent_configuration;outside_cola_fragment,stratified synthetic generator seed=20260811,syn-dependent_composition_sizes-small-05.cfl,09aff99604d03c81405abe7a4d960017c33ac1c0975292065d7c1fcfa794def2
synthetic,syn-dependent_composition_sizes-small-06,1680,synthetic;stratified;stratum=dependent_composition_sizes;family=dependent_composition_sizes;difficulty=small;domain=8;variant=6;seed=20260811;operatorcount=2;constraintcount=3;depth=2;set;choose;composition;size;dependent_configuration;outside_cola_fragment,stratified synthetic generator seed=20260811,syn-dependent_composition_sizes-small-06.cfl,bc10a320785559fa9dbc767e0a6d229e36d9ccaae20879737ca4eb6762749a83
synthetic,syn-dependent_composition_sizes-small-07,10080,synthetic;stratified;stratum=dependent_composition_sizes;family=dependent_composition_sizes;difficulty=small;domain=8;variant=7;seed=20260811;operatorcount=2;constraintcount=5;depth=2;set;choose;composition;size;dependent_configuration;outside_cola_fragment,stratified synthetic generator seed=20260811,syn-dependent_composition_sizes-small-07.cfl,c413da2447767750deef1723595f00660ac90624e360249e063da0fe01e5fb47
synthetic,syn-dependent_bag_tuple-small-00,392,synthetic;stratified;stratum=dependent_bag_tuple;family=dependent_bag_tuple;difficulty=small;domain=8;variant=0;seed=20260811;operatorcount=3;constraintcount=1;depth=2;bag;choose;tuple;set;membership;decomposition;dependent_configuration;outside_cola_fragment,stratified synthetic generator seed=20260811,syn-dependent_bag_tuple-small-00.cfl,5cc57528eb5f2e410285211e7f8821d5bf15388fb9d70e1aeabb8524a3fdf7b6
synthetic,syn-dependent_bag_tuple-small-01,3360,synthetic;stratified;stratum=dependent_bag_tuple;family=dependent_bag_tuple;difficulty=small;domain=8;variant=1;seed=20260811;operatorcount=3;constraintcount=1;depth=2;bag;choose;tuple;set;membership;decomposition;dependent_configuration;outside_cola_fragment,stratified synthetic generator seed=20260811,syn-dependent_bag_tuple-small-01.cfl,e683bac2c971e7169bb4a0ba48149a82b842e86ad45c9168704a318d87f67962
synthetic,syn-dependent_bag_tuple-small-02,672,synthetic;stratified;stratum=dependent_bag_tuple;family=dependent_bag_tuple;difficulty=small;domain=8;variant=2;seed=20260811;operatorcount=3;constraintcount=1;depth=2;bag;choose;tuple;set;membership;decomposition;dependent_configuration;outside_cola_fragment,stratified synthetic generator seed=20260811,syn-dependent_bag_tuple-small-02.cfl,209a09fbd25d02de9371704b9dedb6fece009a0088a70a41e93eddc0a780e6ca
synthetic,syn-dependent_bag_tuple-small-03,4200,synthetic;stratified;stratum=dependent_bag_tuple;family=dependent_bag_tuple;difficulty=small;domain=8;variant=3;seed=20260811;operatorcount=3;constraintcount=1;depth=2;bag;choose;tuple;set;membership;decomposition;dependent_configuration;outside_cola_fragment,stratified synthetic generator seed=20260811,syn-dependent_bag_tuple-small-03.cfl,378668806efd4e64ad038ceb96790324c0177ec0dfff33dff70e066d69700848
synthetic,syn-dependent_bag_tuple-small-04,840,synthetic;stratified;stratum=dependent_bag_tuple;family=dependent_bag_tuple;difficulty=small;domain=8;variant=4;seed=20260811;operatorcount=3;constraintcount=1;depth=2;bag;choose;tuple;set;membership;decomposition;dependent_configuration;outside_cola_fragment,stratified synthetic generator seed=20260811,syn-dependent_bag_tuple-small-04.cfl,4a14f7da4dd6f827bfe4f39719731e0c7d832b2f09f2a636318678f95206a52a
synthetic,syn-dependent_bag_tuple-small-05,2240,synthetic;stratified;stratum=dependent_bag_tuple;family=dependent_bag_tuple;difficulty=small;domain=8;variant=5;seed=20260811;operatorcount=3;constraintcount=1;depth=2;bag;choose;tuple;set;membership;decomposition;dependent_configuration;outside_cola_fragment,stratified synthetic generator seed=20260811,syn-dependent_bag_tuple-small-05.cfl,0aeb0e6e6b44320e6eef5c8f272b88dde13ec60733bed7c7493193a67827513b
synthetic,syn-dependent_bag_tuple-small-06,1680,synthetic;stratified;stratum=dependent_bag_tuple;family=dependent_bag_tuple;difficulty=small;domain=8;variant=6;seed=20260811;operatorcount=3;constraintcount=1;depth=2;bag;choose;tuple;set;membership;decomposition;dependent_configuration;outside_cola_fragment,stratified synthetic generator seed=20260811,syn-dependent_bag_tuple-small-06.cfl,17a30af0fb739e3c267292319966a791a405404c5d33501a66ec67fa249ed501
synthetic,syn-dependent_bag_tuple-small-07,1260,synthetic;stratified;stratum=dependent_bag_tuple;family=dependent_bag_tuple;difficulty=small;domain=8;variant=7;seed=20260811;operatorcount=3;constraintcount=1;depth=2;bag;choose;tuple;set;membership;decomposition;dependent_configuration;outside_cola_fragment,stratified synthetic generator seed=20260811,syn-dependent_bag_tuple-small-07.cfl,7278d3fad0b24ffb3118bf7419389433124f1824ae554d73d068250890b9b99d
synthetic,syn-nested_choice_chain-small-00,1050,synthetic;stratified;stratum=nested_choice_chain;family=nested_choice_chain;difficulty=small;domain=8;variant=0;seed=20260811;operatorcount=3;constraintcount=1;depth=3;set;choose;membership;dependent_configuration;outside_cola_fragment,stratified synthetic generator seed=20260811,syn-nested_choice_chain-small-00.cfl,7900b5d0be58426ea3b30a436aee19a23438d8146a9fa8d6bb7708d3fdae1659
synthetic,syn-nested_choice_chain-small-01,630,synthetic;stratified;stratum=nested_choice_chain;family=nested_choice_chain;difficulty=small;domain=8;variant=1;seed=20260811;operatorcount=3;constraintcount=1;depth=3;set;choose;membership;dependent_configuration;outside_cola_fragment,stratified synthetic generator seed=20260811,syn-nested_choice_chain-small-01.cfl,1cf878a83a6a3d5ab346f8b335ce0673a55a3c2acd7b620a61212f00cf9103e9
synthetic,syn-nested_choice_chain-small-02,700,synthetic;stratified;stratum=nested_choice_chain;family=nested_choice_chain;difficulty=small;domain=8;variant=2;seed=20260811;operatorcount=3;constraintcount=1;depth=3;set;choose;membership;dependent_configuration;outside_cola_fragment,stratified synthetic generator seed=20260811,syn-nested_choice_chain-small-02.cfl,5f616eaf6b58cb82cfaacb253a7ec6292fb0bb6975269b4af29d2be810f03248
synthetic,syn-nested_choice_chain-small-03,1260,synthetic;stratified;stratum=nested_choice_chain;family=nested_choice_chain;difficulty=small;domain=8;variant=3;seed=20260811;operatorcount=3;constraintcount=1;depth=3;set;choose;membership;dependent_configuration;outside_cola_fragment,stratified synthetic generator seed=20260811,syn-nested_choice_chain-small-03.cfl,74f0d973d453a45f4f17125bff163c374a385ee0a86413ce77e1c0d648a0d391
synthetic,syn-nested_choice_chain-small-04,630,synthetic;stratified;stratum=nested_choice_chain;family=nested_choice_chain;difficulty=small;domain=8;variant=4;seed=20260811;operatorcount=3;constraintcount=1;depth=3;set;choose;membership;dependent_configuration;outside_cola_fragment,stratified synthetic generator seed=20260811,syn-nested_choice_chain-small-04.cfl,82fd7cb2ab776cb0ce9e681f1537ca07ea92372d658c7f4eb5ffae35757a8575
synthetic,syn-nested_choice_chain-small-05,735,synthetic;stratified;stratum=nested_choice_chain;family=nested_choice_chain;difficulty=small;domain=8;variant=5;seed=20260811;operatorcount=3;constraintcount=1;depth=3;set;choose;membership;dependent_configuration;outside_cola_fragment,stratified synthetic generator seed=20260811,syn-nested_choice_chain-small-05.cfl,c64ef0f5bc7a464c8c48a65ea8434b35cc0c34e0c3044dda6551a29d76cc9d43
synthetic,syn-nested_choice_chain-small-06,294,synthetic;stratified;stratum=nested_choice_chain;family=nested_choice_chain;difficulty=small;domain=8;variant=6;seed=20260811;operatorcount=3;constraintcount=1;depth=3;set;choose;membership;dependent_configuration;outside_cola_fragment,stratified synthetic generator seed=20260811,syn-nested_choice_chain-small-06.cfl,acb21c354a8b8eafc24a74fd3ac9d15e2f223167442af88ad10bc386aaebc0ca
synthetic,syn-nested_choice_chain-small-07,735,synthetic;stratified;stratum=nested_choice_chain;family=nested_choice_chain;difficulty=small;domain=8;variant=7;seed=20260811;operatorcount=3;constraintcount=1;depth=3;set;choose;membership;dependent_configuration;outside_cola_fragment,stratified synthetic generator seed=20260811,syn-nested_choice_chain-small-07.cfl,d4fc0014fb49cb86ad749823b70a52397f2a60d75c94178814f1574c97c6fdb9
synthetic,syn-dependent_selected_subsets-small-00,336,synthetic;stratified;stratum=dependent_selected_subsets;family=dependent_selected_subsets;difficulty=small;domain=8;variant=0;seed=20260811;operatorcount=3;constraintcount=1;depth=2;set;choose;disjoint;dependent_configuration;outside_cola_fragment,stratified synthetic generator seed=20260811,syn-dependent_selected_subsets-small-00.cfl,5dfdcfd5b1ad26be42eaf235d98190043a3c392d61dd393fb42b411200311223
synthetic,syn-dependent_selected_subsets-small-01,1680,synthetic;stratified;stratum=dependent_selected_subsets;family=dependent_selected_subsets;difficulty=small;domain=8;variant=1;seed=20260811;operatorcount=3;constraintcount=1;depth=2;set;choose;disjoint;dependent_configuration;outside_cola_fragment,stratified synthetic generator seed=20260811,syn-dependent_selected_subsets-small-01.cfl,f2c2177d6431d62b00f7c9934f4485c634d5f54bb5ab37929d540ee7637564a6
synthetic,syn-dependent_selected_subsets-small-02,840,synthetic;stratified;stratum=dependent_selected_subsets;family=dependent_selected_subsets;difficulty=small;domain=8;variant=2;seed=20260811;operatorcount=3;constraintcount=1;depth=2;set;choose;disjoint;dependent_configuration;outside_cola_fragment,stratified synthetic generator seed=20260811,syn-dependent_selected_subsets-small-02.cfl,665ec39f107b289355c60156fbebaf77f603aae1ae745e0250f65aae9800cc45
synthetic,syn-dependent_selected_subsets-small-03,1120,synthetic;stratified;stratum=dependent_selected_subsets;family=dependent_selected_subsets;difficulty=small;domain=8;variant=3;seed=20260811;operatorcount=3;constraintcount=1;depth=2;set;choose;disjoint;dependent_configuration;outside_cola_fragment,stratified synthetic generator seed=20260811,syn-dependent_selected_subsets-small-03.cfl,15b3d53e17154097433ade26027703c4d775a9b6babd6bc2f4c64014a09e4726
synthetic,syn-dependent_selected_subsets-small-04,1680,synthetic;stratified;stratum=dependent_selected_subsets;family=dependent_selected_subsets;difficulty=small;domain=8;variant=4;seed=20260811;operatorcount=3;constraintcount=1;depth=2;set;choose;disjoint;dependent_configuration;outside_cola_fragment,stratified synthetic generator seed=20260811,syn-dependent_selected_subsets-small-04.cfl,1310f21f9747bcaccd64f6b0a8328041e90308391e5d33ee3011683c85867e7d
synthetic,syn-dependent_selected_subsets-small-05,840,synthetic;stratified;stratum=dependent_selected_subsets;family=dependent_selected_subsets;difficulty=small;domain=8;variant=5;seed=20260811;operatorcount=3;constraintcount=1;depth=2;set;choose;disjoint;dependent_configuration;outside_cola_fragment,stratified synthetic generator seed=20260811,syn-dependent_selected_subsets-small-05.cfl,9aa08313ae9f83a264c48cf410caf1563062de70da37de450d475aa8846b8d6a
synthetic,syn-dependent_selected_subsets-small-06,1120,synthetic;stratified;stratum=dependent_selected_subsets;family=dependent_selected_subsets;difficulty=small;domain=8;variant=6;seed=20260811;operatorcount=3;constraintcount=1;depth=2;set;choose;disjoint;dependent_configuration;outside_cola_fragment,stratified synthetic generator seed=20260811,syn-dependent_selected_subsets-small-06.cfl,68c25af3028aae2d2d8cebaafd4d88842728d4a9d3808561bcd62b54c62850ca
synthetic,syn-dependent_selected_subsets-small-07,336,synthetic;stratified;stratum=dependent_selected_subsets;family=dependent_selected_subsets;difficulty=small;domain=8;variant=7;seed=20260811;operatorcount=3;constraintcount=1;depth=2;set;choose;disjoint;dependent_configuration;outside_cola_fragment,stratified synthetic generator seed=20260811,syn-dependent_selected_subsets-small-07.cfl,0ef827c78a3bc217c8d913d8121bcc956982ec875172caba935a144841b32bf8
synthetic,syn-set_choice_intersection-medium-00,350,synthetic;stratified;stratum=set_choice_intersection;family=set_choice_intersection;difficulty=medium;domain=12;variant=0;seed=20260811;operatorcount=1;constraintcount=1;depth=1;set;choose;intersection;size,stratified synthetic generator seed=20260811,syn-set_choice_intersection-medium-00.cfl,d198591246962820930cc66c4cdd98a5c0ef3c359b272fe8b6165ed4ff459952
synthetic,syn-set_choice_intersection-medium-01,15,synthetic;stratified;stratum=set_choice_intersection;family=set_choice_intersection;difficulty=medium;domain=12;variant=1;seed=20260811;operatorcount=1;constraintcount=1;depth=1;set;choose;intersection;size,stratified synthetic generator seed=20260811,syn-set_choice_intersection-medium-01.cfl,02fe055234a6af29302cc989b5260fc9f35a3bcaf7bfc2a910101ffe3610d168
synthetic,syn-set_choice_intersection-medium-02,7,synthetic;stratified;stratum=set_choice_intersection;family=set_choice_intersection;difficulty=medium;domain=12;variant=2;seed=20260811;operatorcount=1;constraintcount=1;depth=1;set;choose;intersection;size,stratified synthetic generator seed=20260811,syn-set_choice_intersection-medium-02.cfl,6de73177ce23d62876dd2abf13e3fcd5ea83b6956325a7b27f446e408303cb84
synthetic,syn-set_choice_intersection-medium-03,252,synthetic;stratified;stratum=set_choice_intersection;family=set_choice_intersection;difficulty=medium;domain=12;variant=3;seed=20260811;operatorcount=1;constraintcount=1;depth=1;set;choose;intersection;size,stratified synthetic generator seed=20260811,syn-set_choice_intersection-medium-03.cfl,af1321f03d0e8e982a4ee34eeadb1ccba5ff3598d5d41a6ca9be4ae36efa47d5
synthetic,syn-set_choice_intersection-medium-04,225,synthetic;stratified;stratum=set_choice_intersection;family=set_choice_intersection;difficulty=medium;domain=12;variant=4;seed=20260811;operatorcount=1;constraintcount=1;depth=1;set;choose;intersection;size,stratified synthetic generator seed=20260811,syn-set_choice_intersection-medium-04.cfl,6db44c0910ba60f80f8969c32a1fbb90acb0d9ca1ed1cf8a724f77989e4fd505
synthetic,syn-set_choice_intersection-medium-05,8,synthetic;stratified;stratum=set_choice_intersection;family=set_choice_intersection;difficulty=medium;domain=12;variant=5;seed=20260811;operatorcount=1;constraintcount=1;depth=1;set;choose;intersection;size,stratified synthetic generator seed=20260811,syn-set_choice_intersection-medium-05.cfl,1bcca2ba28581f90da166d5e5e129fb0203ff571c727632b978ed2bfb2da98f5
synthetic,syn-set_choice_intersection-medium-06,126,synthetic;stratified;stratum=set_choice_intersection;family=set_choice_intersection;difficulty=medium;domain=12;variant=6;seed=20260811;operatorcount=1;constraintcount=1;depth=1;set;choose;intersection;size,stratified synthetic generator seed=20260811,syn-set_choice_intersection-medium-06.cfl,6d2f10bbd8c4c5b4f3733cd78fc6f0efb4b8c6df6cc76b8896218acaa160449e
synthetic,syn-set_choice_intersection-medium-07,70,synthetic;stratified;stratum=set_choice_intersection;family=set_choice_intersection;difficulty=medium;domain=12;variant=7;seed=20260811;operatorcount=1;constraintcount=1;depth=1;set;choose;intersection;size,stratified synthetic generator seed=20260811,syn-set_choice_intersection-medium-07.cfl,4e211d4c6594c4a31d855c085cd0a37ebb57064433e6a160c37a0ac73d58ae8b
synthetic,syn-bag_choice_multiplicity-medium-00,56,synthetic;stratified;stratum=bag_choice_multiplicity;family=bag_choice_multiplicity;difficulty=medium;domain=12;variant=0;seed=20260811;operatorcount=1;constraintcount=1;depth=1;bag;choose;count,stratified synthetic generator seed=20260811,syn-bag_choice_multiplicity-medium-00.cfl,d7c953979e5391f6510431ce555c9ce6afa87682cd8c8cb3386c5f4b08757f0e
synthetic,syn-bag_choice_multiplicity-medium-01,252,synthetic;stratified;stratum=bag_choice_multiplicity;family=bag_choice_multiplicity;difficulty=medium;domain=12;variant=1;seed=20260811;operatorcount=1;constraintcount=1;depth=1;bag;choose;count,stratified synthetic generator seed=20260811,syn-bag_choice_multiplicity-medium-01.cfl,54264022c48b571195750b705804604c92487fd2567062fd57158a896c4229ce
synthetic,syn-bag_choice_multiplicity-medium-02,84,synthetic;stratified;stratum=bag_choice_multiplicity;family=bag_choice_multiplicity;difficulty=medium;domain=12;variant=2;seed=20260811;operatorcount=1;constraintcount=1;depth=1;bag;choose;count,stratified synthetic generator seed=20260811,syn-bag_choice_multiplicity-medium-02.cfl,c706f6742ad570da7202002b23890b9296441d65a372972cb7c0cd645e56cb46
synthetic,syn-bag_choice_multiplicity-medium-03,210,synthetic;stratified;stratum=bag_choice_multiplicity;family=bag_choice_multiplicity;difficulty=medium;domain=12;variant=3;seed=20260811;operatorcount=1;constraintcount=1;depth=1;bag;choose;count,stratified synthetic generator seed=20260811,syn-bag_choice_multiplicity-medium-03.cfl,7dcad8d8ef31f5d43adf0583ed51e47b4f0ebbdcef1b1572e3655bde23a8b950
synthetic,syn-bag_choice_multiplicity-medium-04,21,synthetic;stratified;stratum=bag_choice_multiplicity;family=bag_choice_multiplicity;difficulty=medium;domain=12;variant=4;seed=20260811;operatorcount=1;constraintcount=1;depth=1;bag;choose;count,stratified synthetic generator seed=20260811,syn-bag_choice_multiplicity-medium-04.cfl,955f25df98fec5dd94f1c2c3c1176fe06c2ebd53fe46ce2ad7495f6952efed35
synthetic,syn-bag_choice_multiplicity-medium-05,56,synthetic;stratified;stratum=bag_choice_multiplicity;family=bag_choice_multiplicity;difficulty=medium;domain=12;variant=5;seed=20260811;operatorcount=1;constraintcount=1;depth=1;bag;choose;count,stratified synthetic generator seed=20260811,syn-bag_choice_multiplicity-medium-05.cfl,9d72de256035efb8192d1b082d2b0f204b91670f71a0da7af88b72777758b3c7
synthetic,syn-bag_choice_multiplicity-medium-06,7,synthetic;stratified;stratum=bag_choice_multiplicity;family=bag_choice_multiplicity;difficulty=medium;domain=12;variant=6;seed=20260811;operatorcount=1;constraintcount=1;depth=1;bag;choose;count,stratified synthetic generator seed=20260811,syn-bag_choice_multiplicity-medium-06.cfl,fb1437f9b191879c087cdfc47c31a9fea3abd97a8616d1ef5d5f13aede24d47f
synthetic,syn-bag_choice_multiplicity-medium-07,126,synthetic;stratified;stratum=bag_choice_multiplicity;family=bag_choice_multiplicity;difficulty=medium;domain=12;variant=7;seed=20260811;operatorcount=1;constraintcount=1;depth=1;bag;choose;count,stratified synthetic generator seed=20260811,syn-bag_choice_multiplicity-medium-07.cfl,09d0eabcbcb0d77ead268ef25b38a94fe06c9b541ccc785c50cacf8964d55a6d
synthetic,syn-set_tuple_position_count-medium-00,54,synthetic;stratified;stratum=set_tuple_position_count;family=set_tuple_position_count;difficulty=medium;domain=12;variant=0;seed=20260811;operatorcount=1;constraintcount=2;depth=1;set;tuple;position;count,stratified synthetic generator seed=20260811,syn-set_tuple_position_count-medium-00.cfl,06166c7631947021acbe2db0fbd3de3b96dfab05d0bb568be42130ab5558f415
synthetic,syn-set_tuple_position_count-medium-01,120960,synthetic;stratified;stratum=set_tuple_position_count;family=set_tuple_position_count;difficulty=medium;domain=12;variant=1;seed=20260811;operatorcount=1;constraintcount=2;depth=1;set;tuple;position;count,stratified synthetic generator seed=20260811,syn-set_tuple_position_count-medium-01.cfl,14f849f93c539de3ef234a61dc23cd5b5001c9e5aa55b6006d693b127155cdcd
synthetic,syn-set_tuple_position_count-medium-02,635040,synthetic;stratified;stratum=set_tuple_position_count;family=set_tuple_position_count;difficulty=medium;domain=12;variant=2;seed=20260811;operatorcount=1;constraintcount=2;depth=1;set;tuple;position;count,stratified synthetic generator seed=20260811,syn-set_tuple_position_count-medium-02.cfl,2361b193106dc291d7dc80ec7d0336a942fa96feae9b8d8c13ff1e6e3be32c01
synthetic,syn-set_tuple_position_count-medium-03,181440,synthetic;stratified;stratum=set_tuple_position_count;family=set_tuple_position_count;difficulty=medium;domain=12;variant=3;seed=20260811;operatorcount=1;constraintcount=2;depth=1;set;tuple;position;count,stratified synthetic generator seed=20260811,syn-set_tuple_position_count-medium-03.cfl,f7160dd5b149d945e45d47a1eb36b926135522784ef2115a6151e1c8825a6d2c
synthetic,syn-set_tuple_position_count-medium-04,864,synthetic;stratified;stratum=set_tuple_position_count;family=set_tuple_position_count;difficulty=medium;domain=12;variant=4;seed=20260811;operatorcount=1;constraintcount=2;depth=1;set;tuple;position;count,stratified synthetic generator seed=20260811,syn-set_tuple_position_count-medium-04.cfl,1bf4b1846018ea5a61d6ddf62a68dbc308dfd2b9d1fb3bb9ca5115104a4a10fc
synthetic,syn-set_tuple_position_count-medium-05,252,synthetic;stratified;stratum=set_tuple_position_count;family=set_tuple_position_count;difficulty=medium;domain=12;variant=5;seed=20260811;operatorcount=1;constraintcount=2;depth=1;set;tuple;position;count,stratified synthetic generator seed=20260811,syn-set_tuple_position_count-medium-05.cfl,15b7d493aea955afd8608574496416f49bc852211a2bcc8dacbf749cfa7958e4
synthetic,syn-set_tuple_position_count-medium-06,4032,synthetic;stratified;stratum=set_tuple_position_count;family=set_tuple_position_count;difficulty=medium;domain=12;variant=6;seed=20260811;operatorcount=1;constraintcount=2;depth=1;set;tuple;position;count,stratified synthetic generator seed=20260811,syn-set_tuple_position_count-medium-06.cfl,f17aedcac317a8039c8b134b7746f2a0afa36e1f3324751156982e8c280f80fe
synthetic,syn-set_tuple_position_count-medium-07,423360,synthetic;stratified;stratum=set_tuple_position_count;family=set_tuple_position_count;difficulty=medium;domain=12;variant=7;seed=20260811;operatorcount=1;constraintcount=2;depth=1;set;tuple;position;count,stratified synthetic generator seed=20260811,syn-set_tuple_position_count-medium-07.cfl,284947e5e76f63f3d8e66d4b0b950216d4511f5fdeb427c15a52ab2c1f7c0cbc
synthetic,syn-bag_tuple_multiplicity-medium-00,83160,synthetic;stratified;stratum=bag_tuple_multiplicity;family=bag_tuple_multiplicity;difficulty=medium;domain=12;variant=0;seed=20260811;operatorcount=2;constraintcount=1;depth=1;bag;tuple;set;choose;membership;decomposition,stratified synthetic generator seed=20260811,syn-bag_tuple_multiplicity-medium-00.cfl,4d9db51168713feba57be718824f63698f37924350f11d530af702f54a670305
synthetic,syn-bag_tuple_multiplicity-medium-01,7920,synthetic;stratified;stratum=bag_tuple_multiplicity;family=bag_tuple_multiplicity;difficulty=medium;domain=12;variant=1;seed=20260811;operatorcount=2;constraintcount=1;depth=1;bag;tuple;set;choose;membership;decomposition,stratified synthetic generator seed=20260811,syn-bag_tuple_multiplicity-medium-01.cfl,2ad38b898bb3a8c006ae624c2055398f3adb2f8218bd57f23ec264c09429c14d
synthetic,syn-bag_tuple_multiplicity-medium-02,528,synthetic;stratified;stratum=bag_tuple_multiplicity;family=bag_tuple_multiplicity;difficulty=medium;domain=12;variant=2;seed=20260811;operatorcount=2;constraintcount=1;depth=1;bag;tuple;set;choose;membership;decomposition,stratified synthetic generator seed=20260811,syn-bag_tuple_multiplicity-medium-02.cfl,b695e447b4bc4f7c948c5c3e36a5278bf54d4173517827376851c1a7a8180e68
synthetic,syn-bag_tuple_multiplicity-medium-03,6600,synthetic;stratified;stratum=bag_tuple_multiplicity;family=bag_tuple_multiplicity;difficulty=medium;domain=12;variant=3;seed=20260811;operatorcount=2;constraintcount=1;depth=1;bag;tuple;set;choose;membership;decomposition,stratified synthetic generator seed=20260811,syn-bag_tuple_multiplicity-medium-03.cfl,b0f0fbe0da891852ca619417a23676c14e2b17b225c96b6bc7ac4dee76280858
synthetic,syn-bag_tuple_multiplicity-medium-04,11880,synthetic;stratified;stratum=bag_tuple_multiplicity;family=bag_tuple_multiplicity;difficulty=medium;domain=12;variant=4;seed=20260811;operatorcount=2;constraintcount=1;depth=1;bag;tuple;set;choose;membership;decomposition,stratified synthetic generator seed=20260811,syn-bag_tuple_multiplicity-medium-04.cfl,b53dbd92245c1523bbf387652b1056ab3eaf1d36266dd87d2f37a573436e10e0
synthetic,syn-bag_tuple_multiplicity-medium-05,5940,synthetic;stratified;stratum=bag_tuple_multiplicity;family=bag_tuple_multiplicity;difficulty=medium;domain=12;variant=5;seed=20260811;operatorcount=2;constraintcount=1;depth=1;bag;tuple;set;choose;membership;decomposition,stratified synthetic generator seed=20260811,syn-bag_tuple_multiplicity-medium-05.cfl,1994c23457dc8d4f288c17f00d6fae727f78da33b85b900fa84e31239c4d37db
synthetic,syn-bag_tuple_multiplicity-medium-06,83160,synthetic;stratified;stratum=bag_tuple_multiplicity;family=bag_tuple_multiplicity;difficulty=medium;domain=12;variant=6;seed=20260811;operatorcount=2;constraintcount=1;depth=1;bag;tuple;set;choose;membership;decomposition,stratified synthetic generator seed=20260811,syn-bag_tuple_multiplicity-medium-06.cfl,2d0d3d6e8e3135ac77aa2c1efda35253c1ad7f310314398aeb22a98a09fa9682
synthetic,syn-bag_tuple_multiplicity-medium-07,3300,synthetic;stratified;stratum=bag_tuple_multiplicity;family=bag_tuple_multiplicity;difficulty=medium;domain=12;variant=7;seed=20260811;operatorcount=2;constraintcount=1;depth=1;bag;tuple;set;choose;membership;decomposition,stratified synthetic generator seed=20260811,syn-bag_tuple_multiplicity-medium-07.cfl,df99d645f8f4dec81a57c426180e0e4f234407b9ba2c7f5aa238b4786a5ef543
synthetic,syn-set_sequence_patterns-medium-00,9979200,synthetic;stratified;stratum=set_sequence_patterns;family=set_sequence_patterns;difficulty=medium;domain=12;variant=0;seed=20260811;operatorcount=1;constraintcount=4;depth=1;set;sequence;adjacency;order,stratified synthetic generator seed=20260811,syn-set_sequence_patterns-medium-00.cfl,bb6c1256640c7192dbbac56bd55eb400d0a643107c11e2f3c4f860602c973c30
synthetic,syn-set_sequence_patterns-medium-01,9979200,synthetic;stratified;stratum=set_sequence_patterns;family=set_sequence_patterns;difficulty=medium;domain=12;variant=1;seed=20260811;operatorcount=1;constraintcount=4;depth=1;set;sequence;adjacency;order,stratified synthetic generator seed=20260811,syn-set_sequence_patterns-medium-01.cfl,45d9802b903c2869918cecaa3b6af3d623266879783e1a27d466b3f60352e78a
synthetic,syn-set_sequence_patterns-medium-02,19958400,synthetic;stratified;stratum=set_sequence_patterns;family=set_sequence_patterns;difficulty=medium;domain=12;variant=2;seed=20260811;operatorcount=1;constraintcount=3;depth=1;set;sequence;adjacency;order,stratified synthetic generator seed=20260811,syn-set_sequence_patterns-medium-02.cfl,42916db428ed5c37e8fb0efae3fcb218c7738bbcf3e7acf3e1540ffae85671c3
synthetic,syn-set_sequence_patterns-medium-03,9979200,synthetic;stratified;stratum=set_sequence_patterns;family=set_sequence_patterns;difficulty=medium;domain=12;variant=3;seed=20260811;operatorcount=1;constraintcount=4;depth=1;set;sequence;adjacency;order,stratified synthetic generator seed=20260811,syn-set_sequence_patterns-medium-03.cfl,9a4d57c02cab326ce53107396f0627a50f240bfce91bf30bdaf46b9195ac032a
synthetic,syn-set_sequence_patterns-medium-04,39916800,synthetic;stratified;stratum=set_sequence_patterns;family=set_sequence_patterns;difficulty=medium;domain=12;variant=4;seed=20260811;operatorcount=1;constraintcount=2;depth=1;set;sequence;adjacency;order,stratified synthetic generator seed=20260811,syn-set_sequence_patterns-medium-04.cfl,494fc0de1da00ecf288a1f578c60ab9d37e87ac7de8b663728dd992b0b87b91e
synthetic,syn-set_sequence_patterns-medium-05,19958400,synthetic;stratified;stratum=set_sequence_patterns;family=set_sequence_patterns;difficulty=medium;domain=12;variant=5;seed=20260811;operatorcount=1;constraintcount=3;depth=1;set;sequence;adjacency;order,stratified synthetic generator seed=20260811,syn-set_sequence_patterns-medium-05.cfl,2044e4d6180f27606606a6c77297e82d2b392ec408938785e6ec87d51cc56274
synthetic,syn-set_sequence_patterns-medium-06,39916800,synthetic;stratified;stratum=set_sequence_patterns;family=set_sequence_patterns;difficulty=medium;domain=12;variant=6;seed=20260811;operatorcount=1;constraintcount=2;depth=1;set;sequence;adjacency;order,stratified synthetic generator seed=20260811,syn-set_sequence_patterns-medium-06.cfl,ddbbdfd3ab5273030990e03a1bed7044ee241ec4561d430759ce50f50d702cca
synthetic,syn-set_sequence_patterns-medium-07,19958400,synthetic;stratified;stratum=set_sequence_patterns;family=set_sequence_patterns;difficulty=medium;domain=12;variant=7;seed=20260811;operatorcount=1;constraintcount=3;depth=1;set;sequence;adjacency;order,stratified synthetic generator seed=20260811,syn-set_sequence_patterns-medium-07.cfl,14d4acbf82bb3c2d806f03b28cc5c23f903261dad3274decf351afd0860b6cff
synthetic,syn-bag_sequence_adjacency-medium-00,18480,synthetic;stratified;stratum=bag_sequence_adjacency;family=bag_sequence_adjacency;difficulty=medium;domain=12;variant=0;seed=20260811;operatorcount=1;constraintcount=1;depth=1;bag;sequence;adjacency,stratified synthetic generator seed=20260811,syn-bag_sequence_adjacency-medium-00.cfl,7d8d61f6076331a0b45fff3f04bc2e563962780a60e272944a4a01d6d5ebf6d1
synthetic,syn-bag_sequence_adjacency-medium-01,7920,synthetic;stratified;stratum=bag_sequence_adjacency;family=bag_sequence_adjacency;difficulty=medium;domain=12;variant=1;seed=20260811;operatorcount=1;constraintcount=1;depth=1;bag;sequence;adjacency,stratified synthetic generator seed=20260811,syn-bag_sequence_adjacency-medium-01.cfl,901ee1f65b00c3ff99e9922005eca7f69cf87e4a460e9a189a4b3c5cd4a697e1
synthetic,syn-bag_sequence_adjacency-medium-02,27720,synthetic;stratified;stratum=bag_sequence_adjacency;family=bag_sequence_adjacency;difficulty=medium;domain=12;variant=2;seed=20260811;operatorcount=1;constraintcount=1;depth=1;bag;sequence;adjacency,stratified synthetic generator seed=20260811,syn-bag_sequence_adjacency-medium-02.cfl,c77ad020cd2c3bbedd1bbe48213e20a284d6cf82eefead2fe88b03303842dbfc
synthetic,syn-bag_sequence_adjacency-medium-03,69300,synthetic;stratified;stratum=bag_sequence_adjacency;family=bag_sequence_adjacency;difficulty=medium;domain=12;variant=3;seed=20260811;operatorcount=1;constraintcount=1;depth=1;bag;sequence;adjacency,stratified synthetic generator seed=20260811,syn-bag_sequence_adjacency-medium-03.cfl,fa7fd3bce56dad3321dd3790322baf89cab6bfdea6888122a0d0c6b4102563b0
synthetic,syn-bag_sequence_adjacency-medium-04,7920,synthetic;stratified;stratum=bag_sequence_adjacency;family=bag_sequence_adjacency;difficulty=medium;domain=12;variant=4;seed=20260811;operatorcount=1;constraintcount=1;depth=1;bag;sequence;adjacency,stratified synthetic generator seed=20260811,syn-bag_sequence_adjacency-medium-04.cfl,3832a31d3037094c45e8310f9cedf3fee7ec042e99d8e325e29ac576e9614d59
synthetic,syn-bag_sequence_adjacency-medium-05,7920,synthetic;stratified;stratum=bag_sequence_adjacency;family=bag_sequence_adjacency;difficulty=medium;domain=12;variant=5;seed=20260811;operatorcount=1;constraintcount=1;depth=1;bag;sequence;adjacency,stratified synthetic generator seed=20260811,syn-bag_sequence_adjacency-medium-05.cfl,54ecee5bf8b7425a901187ef835235aae5b98c86026fc8324c132b7b73a09a87
synthetic,syn-bag_sequence_adjacency-medium-06,27720,synthetic;stratified;stratum=bag_sequence_adjacency;family=bag_sequence_adjacency;difficulty=medium;domain=12;variant=6;seed=20260811;operatorcount=1;constraintcount=1;depth=1;bag;sequence;adjacency,stratified synthetic generator seed=20260811,syn-bag_sequence_adjacency-medium-06.cfl,d3a10032abc1464ab6be5e05c1a30f1976165d33149f2c20b906220e64b239f7
synthetic,syn-bag_sequence_adjacency-medium-07,92400,synthetic;stratified;stratum=bag_sequence_adjacency;family=bag_sequence_adjacency;difficulty=medium;domain=12;variant=7;seed=20260811;operatorcount=1;constraintcount=1;depth=1;bag;sequence;adjacency,stratified synthetic generator seed=20260811,syn-bag_sequence_adjacency-medium-07.cfl,9230334ebe640476946c4b18456f58168fb474829bde7aff3fc87be32797dde5
synthetic,syn-set_partition_min_size-medium-00,462,synthetic;stratified;stratum=set_partition_min_size;family=set_partition_min_size;difficulty=medium;domain=12;variant=0;seed=20260811;operatorcount=1;constraintcount=1;depth=1;set;partition;size,stratified synthetic generator seed=20260811,syn-set_partition_min_size-medium-00.cfl,7a9b1c75e123bc283deb64eede06c6977c14ca38d32aa13c1fdd8bd284eaf73e
synthetic,syn-set_partition_min_size-medium-01,15400,synthetic;stratified;stratum=set_partition_min_size;family=set_partition_min_size;difficulty=medium;domain=12;variant=1;seed=20260811;operatorcount=1;constraintcount=1;depth=1;set;partition;size,stratified synthetic generator seed=20260811,syn-set_partition_min_size-medium-01.cfl,074e08c256a54ae1e23baa30cd62b55b2e7e461abfb2a2058527c1ff9a92230f
synthetic,syn-set_partition_min_size-medium-02,86526,synthetic;stratified;stratum=set_partition_min_size;family=set_partition_min_size;difficulty=medium;domain=12;variant=2;seed=20260811;operatorcount=1;constraintcount=1;depth=1;set;partition;size,stratified synthetic generator seed=20260811,syn-set_partition_min_size-medium-02.cfl,3d4e3cb53595fd89aa5c4d0f623e0e94f42a80a8792214c55aaec9cfcbb3d882
synthetic,syn-set_partition_min_size-medium-03,74316,synthetic;stratified;stratum=set_partition_min_size;family=set_partition_min_size;difficulty=medium;domain=12;variant=3;seed=20260811;operatorcount=1;constraintcount=1;depth=1;set;partition;size,stratified synthetic generator seed=20260811,syn-set_partition_min_size-medium-03.cfl,9ea5dd814d30b3bcf930d7fdae80f4147e7e4616bbe378218586e341dc540186
synthetic,syn-set_partition_min_size-medium-04,611501,synthetic;stratified;stratum=set_partition_min_size;family=set_partition_min_size;difficulty=medium;domain=12;variant=4;seed=20260811;operatorcount=1;constraintcount=1;depth=1;set;partition;size,stratified synthetic generator seed=20260811,syn-set_partition_min_size-medium-04.cfl,7f082211c4ae3c6c66732686236cd14f6a760b9537f9f221e94914fea42d116a
synthetic,syn-set_partition_min_size-medium-05,42735,synthetic;stratified;stratum=set_partition_min_size;family=set_partition_min_size;difficulty=medium;domain=12;variant=5;seed=20260811;operatorcount=1;constraintcount=1;depth=1;set;partition;size,stratified synthetic generator seed=20260811,syn-set_partition_min_size-medium-05.cfl,186bc19328dbef96bd10da4d0d754b6de9c7b7aaf57119bd9799b7d3ea67bdd1
synthetic,syn-set_partition_min_size-medium-06,5775,synthetic;stratified;stratum=set_partition_min_size;family=set_partition_min_size;difficulty=medium;domain=12;variant=6;seed=20260811;operatorcount=1;constraintcount=1;depth=1;set;partition;size,stratified synthetic generator seed=20260811,syn-set_partition_min_size-medium-06.cfl,132f8b701a3f2454aacc3d20d5701772d6af02b832d64783a6fb9e5a030c8ac3
synthetic,syn-set_partition_min_size-medium-07,302995,synthetic;stratified;stratum=set_partition_min_size;family=set_partition_min_size;difficulty=medium;domain=12;variant=7;seed=20260811;operatorcount=1;constraintcount=1;depth=1;set;partition;size,stratified synthetic generator seed=20260811,syn-set_partition_min_size-medium-07.cfl,a3e38a3086a1606252a088cfe5a7fe5103ae30a81442cef8feca8faef33a5129
synthetic,syn-set_composition_sizes-medium-00,495,synthetic;stratified;stratum=set_composition_sizes;family=set_composition_sizes;difficulty=medium;domain=12;variant=0;seed=20260811;operatorcount=1;constraintcount=2;depth=1;set;composition;size,stratified synthetic generator seed=20260811,syn-set_composition_sizes-medium-00.cfl,f610f2ef1f5d9385fc606cc04813bdc997701efa6dbe64002551f71528f4299d
synthetic,syn-set_composition_sizes-medium-01,3960,synthetic;stratified;stratum=set_composition_sizes;family=set_composition_sizes;difficulty=medium;domain=12;variant=1;seed=20260811;operatorcount=1;constraintcount=3;depth=1;set;composition;size,stratified synthetic generator seed=20260811,syn-set_composition_sizes-medium-01.cfl,ef1384940700d821d7e5a24c23c61eb4766784ed382b64262c38aed1ca0fd6cb
synthetic,syn-set_composition_sizes-medium-02,23760,synthetic;stratified;stratum=set_composition_sizes;family=set_composition_sizes;difficulty=medium;domain=12;variant=2;seed=20260811;operatorcount=1;constraintcount=4;depth=1;set;composition;size,stratified synthetic generator seed=20260811,syn-set_composition_sizes-medium-02.cfl,be27838ad6b6b4fd9b9aa672fb79aa1f061e9d68eead8a7d276b77d45e9cde08
synthetic,syn-set_composition_sizes-medium-03,12,synthetic;stratified;stratum=set_composition_sizes;family=set_composition_sizes;difficulty=medium;domain=12;variant=3;seed=20260811;operatorcount=1;constraintcount=2;depth=1;set;composition;size,stratified synthetic generator seed=20260811,syn-set_composition_sizes-medium-03.cfl,3011c8a84c02707577916d08df03734857c47df9845c53cdae1a720d71f30053
synthetic,syn-set_composition_sizes-medium-04,660,synthetic;stratified;stratum=set_composition_sizes;family=set_composition_sizes;difficulty=medium;domain=12;variant=4;seed=20260811;operatorcount=1;constraintcount=3;depth=1;set;composition;size,stratified synthetic generator seed=20260811,syn-set_composition_sizes-medium-04.cfl,6d74ca428f1e38ac75c881087880f01d1e30b8150ca54a1c6e3ad9c487c1b5f0
synthetic,syn-set_composition_sizes-medium-05,495,synthetic;stratified;stratum=set_composition_sizes;family=set_composition_sizes;difficulty=medium;domain=12;variant=5;seed=20260811;operatorcount=1;constraintcount=2;depth=1;set;composition;size,stratified synthetic generator seed=20260811,syn-set_composition_sizes-medium-05.cfl,3dd2bc431c7e4e5da88ec277219b0b69154245ea2bb415ee40231a358c6b2ce7
synthetic,syn-set_composition_sizes-medium-06,138600,synthetic;stratified;stratum=set_composition_sizes;family=set_composition_sizes;difficulty=medium;domain=12;variant=6;seed=20260811;operatorcount=1;constraintcount=4;depth=1;set;composition;size,stratified synthetic generator seed=20260811,syn-set_composition_sizes-medium-06.cfl,8a87f393f847829116ab4a772cbcd80845638b364b3ba47407a3215d589d0b97
synthetic,syn-set_composition_sizes-medium-07,332640,synthetic;stratified;stratum=set_composition_sizes;family=set_composition_sizes;difficulty=medium;domain=12;variant=7;seed=20260811;operatorcount=1;constraintcount=5;depth=1;set;composition;size,stratified synthetic generator seed=20260811,syn-set_composition_sizes-medium-07.cfl,6ea9df2297aadc6164f82a54faff3335a9a53f17e921f44139bad883e780e9a3
synthetic,syn-dependent_choice_disjoint-medium-00,15840,synthetic;stratified;stratum=dependent_choice_disjoint;family=dependent_choice_disjoint;difficulty=medium;domain=12;variant=0;seed=20260811;operatorcount=3;constraintcount=1;depth=2;set;choose;disjoint;dependent_configuration;outside_cola_fragment,stratified synthetic generator seed=20260811,syn-dependent_choice_disjoint-medium-00.cfl,21c998f6520540116bad4e75539d2c5fa1b765395deaafc5bd6da0f8328fd369
synthetic,syn-dependent_choice_disjoint-medium-01,5940,synthetic;stratified;stratum=dependent_choice_disjoint;family=dependent_choice_disjoint;difficulty=medium;domain=12;variant=1;seed=20260811;operatorcount=3;constraintcount=1;depth=2;set;choose;disjoint;dependent_configuration;outside_cola_fragment,stratified synthetic generator seed=20260811,syn-dependent_choice_disjoint-medium-01.cfl,ada676dc32da73fe59802c29f9fef9f51f6bb49d3d8cb931aacf3d20bca98c8c
synthetic,syn-dependent_choice_disjoint-medium-02,83160,synthetic;stratified;stratum=dependent_choice_disjoint;family=dependent_choice_disjoint;difficulty=medium;domain=12;variant=2;seed=20260811;operatorcount=3;constraintcount=1;depth=2;set;choose;disjoint;dependent_configuration;outside_cola_fragment,stratified synthetic generator seed=20260811,syn-dependent_choice_disjoint-medium-02.cfl,c09952dd630fb2f0487ce6a4f73b5b2aa160c140b7489a18ebf6c035389d2b09
synthetic,syn-dependent_choice_disjoint-medium-03,5940,synthetic;stratified;stratum=dependent_choice_disjoint;family=dependent_choice_disjoint;difficulty=medium;domain=12;variant=3;seed=20260811;operatorcount=3;constraintcount=1;depth=2;set;choose;disjoint;dependent_configuration;outside_cola_fragment,stratified synthetic generator seed=20260811,syn-dependent_choice_disjoint-medium-03.cfl,669b4ba6786ca9c35923a5f1a0c38757ea06687d4e55e13854f0063aebcac6fc
synthetic,syn-dependent_choice_disjoint-medium-04,33264,synthetic;stratified;stratum=dependent_choice_disjoint;family=dependent_choice_disjoint;difficulty=medium;domain=12;variant=4;seed=20260811;operatorcount=3;constraintcount=1;depth=2;set;choose;disjoint;dependent_configuration;outside_cola_fragment,stratified synthetic generator seed=20260811,syn-dependent_choice_disjoint-medium-04.cfl,b62115e68730f2a2ac0741b2df0997ac27198edbfce160e1cd32a3c9069b5850
synthetic,syn-dependent_choice_disjoint-medium-05,33264,synthetic;stratified;stratum=dependent_choice_disjoint;family=dependent_choice_disjoint;difficulty=medium;domain=12;variant=5;seed=20260811;operatorcount=3;constraintcount=1;depth=2;set;choose;disjoint;dependent_configuration;outside_cola_fragment,stratified synthetic generator seed=20260811,syn-dependent_choice_disjoint-medium-05.cfl,467eee275355f6dd5d48d3f92faf4331dbcf731925b21d1f07a1f93277d8be67
synthetic,syn-dependent_choice_disjoint-medium-06,27720,synthetic;stratified;stratum=dependent_choice_disjoint;family=dependent_choice_disjoint;difficulty=medium;domain=12;variant=6;seed=20260811;operatorcount=3;constraintcount=1;depth=2;set;choose;disjoint;dependent_configuration;outside_cola_fragment,stratified synthetic generator seed=20260811,syn-dependent_choice_disjoint-medium-06.cfl,7af3df2db84147467f65e699e232ff9d49d31166302eda3dffa0cfc940739a4b
synthetic,syn-dependent_choice_disjoint-medium-07,55440,synthetic;stratified;stratum=dependent_choice_disjoint;family=dependent_choice_disjoint;difficulty=medium;domain=12;variant=7;seed=20260811;operatorcount=3;constraintcount=1;depth=2;set;choose;disjoint;dependent_configuration;outside_cola_fragment,stratified synthetic generator seed=20260811,syn-dependent_choice_disjoint-medium-07.cfl,761f9e9c6b7e253c292c592e71be3b19f18cd98a44af2f834307103fa19f517b
synthetic,syn-dependent_tuple_position_count-medium-00,432,synthetic;stratified;stratum=dependent_tuple_position_count;family=dependent_tuple_position_count;difficulty=medium;domain=12;variant=0;seed=20260811;operatorcount=2;constraintcount=2;depth=2;set;choose;tuple;position;count;dependent_configuration;outside_cola_fragment,stratified synthetic generator seed=20260811,syn-dependent_tuple_position_count-medium-00.cfl,922b11461560b14e5daceb4a9f6871eb22aadb06d9e382185578734191767f27
synthetic,syn-dependent_tuple_position_count-medium-01,864,synthetic;stratified;stratum=dependent_tuple_position_count;family=dependent_tuple_position_count;difficulty=medium;domain=12;variant=1;seed=20260811;operatorcount=2;constraintcount=2;depth=2;set;choose;tuple;position;count;dependent_configuration;outside_cola_fragment,stratified synthetic generator seed=20260811,syn-dependent_tuple_position_count-medium-01.cfl,8bd755f745d59ebebad4830d0302fe502f5fa57e621d0002971e2f6d698a9747
synthetic,syn-dependent_tuple_position_count-medium-02,144,synthetic;stratified;stratum=dependent_tuple_position_count;family=dependent_tuple_position_count;difficulty=medium;domain=12;variant=2;seed=20260811;operatorcount=2;constraintcount=2;depth=2;set;choose;tuple;position;count;dependent_configuration;outside_cola_fragment,stratified synthetic generator seed=20260811,syn-dependent_tuple_position_count-medium-02.cfl,d8323467fa14fd5be301b23eb3924437460f5f9b6d363b6ca5b895f342eaddb8
synthetic,syn-dependent_tuple_position_count-medium-03,75600,synthetic;stratified;stratum=dependent_tuple_position_count;family=dependent_tuple_position_count;difficulty=medium;domain=12;variant=3;seed=20260811;operatorcount=2;constraintcount=2;depth=2;set;choose;tuple;position;count;dependent_configuration;outside_cola_fragment,stratified synthetic generator seed=20260811,syn-dependent_tuple_position_count-medium-03.cfl,241fa8ef5ee7d9d59de2703daea66d1d0ab854b6d3e2b177d17f1f8cab63caa0
synthetic,syn-dependent_tuple_position_count-medium-04,450,synthetic;stratified;stratum=dependent_tuple_position_count;family=dependent_tuple_position_count;difficulty=medium;domain=12;variant=4;seed=20260811;operatorcount=2;constraintcount=2;depth=2;set;choose;tuple;position;count;dependent_configuration;outside_cola_fragment,stratified synthetic generator seed=20260811,syn-dependent_tuple_position_count-medium-04.cfl,9cb58965614800e86d6f64c84cfc7ba4a418a47c86f7d9890a5b0402b6809e69
synthetic,syn-dependent_tuple_position_count-medium-05,705600,synthetic;stratified;stratum=dependent_tuple_position_count;family=dependent_tuple_position_count;difficulty=medium;domain=12;variant=5;seed=20260811;operatorcount=2;constraintcount=2;depth=2;set;choose;tuple;position;count;dependent_configuration;outside_cola_fragment,stratified synthetic generator seed=20260811,syn-dependent_tuple_position_count-medium-05.cfl,c1186bacbd6af43dcf646f1448dabd4480be12c404ee691ba4904e673b7f1716
synthetic,syn-dependent_tuple_position_count-medium-06,4032,synthetic;stratified;stratum=dependent_tuple_position_count;family=dependent_tuple_position_count;difficulty=medium;domain=12;variant=6;seed=20260811;operatorcount=2;constraintcount=2;depth=2;set;choose;tuple;position;count;dependent_configuration;outside_cola_fragment,stratified synthetic generator seed=20260811,syn-dependent_tuple_position_count-medium-06.cfl,35a7757b44230c6f52fc0395872760a4a8e1da83e6993bd072bee4a08352b3f3
synthetic,syn-dependent_tuple_position_count-medium-07,192,synthetic;stratified;stratum=dependent_tuple_position_count;family=dependent_tuple_position_count;difficulty=medium;domain=12;variant=7;seed=20260811;operatorcount=2;constraintcount=2;depth=2;set;choose;tuple;position;count;dependent_configuration;outside_cola_fragment,stratified synthetic generator seed=20260811,syn-dependent_tuple_position_count-medium-07.cfl,91208d17f79d17d90e3fd136ae946b25738f922d09f01f2b069729fc49f7a9b6
synthetic,syn-dependent_sequence_patterns-medium-00,37800,synthetic;stratified;stratum=dependent_sequence_patterns;family=dependent_sequence_patterns;difficulty=medium;domain=12;variant=0;seed=20260811;operatorcount=2;constraintcount=9;depth=2;set;choose;sequence;adjacency;order;dependent_configuration;outside_cola_fragment,stratified synthetic generator seed=20260811,syn-dependent_sequence_patterns-medium-00.cfl,90907fecc39f42dffbf5eeb1bfdde1ae22778114088ff5185716720d586cb330
synthetic,syn-dependent_sequence_patterns-medium-01,2160,synthetic;stratified;stratum=dependent_sequence_patterns;family=dependent_sequence_patterns;difficulty=medium;domain=12;variant=1;seed=20260811;operatorcount=2;constraintcount=9;depth=2;set;choose;sequence;adjacency;order;dependent_configuration;outside_cola_fragment,stratified synthetic generator seed=20260811,syn-dependent_sequence_patterns-medium-01.cfl,fb12bbf60859dc29caedd3c6c1b64fdea56276df8f520645bf76db8595d7d070
synthetic,syn-dependent_sequence_patterns-medium-02,2721600,synthetic;stratified;stratum=dependent_sequence_patterns;family=dependent_sequence_patterns;difficulty=medium;domain=12;variant=2;seed=20260811;operatorcount=2;constraintcount=9;depth=2;set;choose;sequence;adjacency;order;dependent_configuration;outside_cola_fragment,stratified synthetic generator seed=20260811,syn-dependent_sequence_patterns-medium-02.cfl,b696e0548c466b169f3af2ceaebc6eceae26134b68d052490b1c0084222b2346
synthetic,syn-dependent_sequence_patterns-medium-03,2257920,synthetic;stratified;stratum=dependent_sequence_patterns;family=dependent_sequence_patterns;difficulty=medium;domain=12;variant=3;seed=20260811;operatorcount=2;constraintcount=6;depth=2;set;choose;sequence;adjacency;order;dependent_configuration;outside_cola_fragment,stratified synthetic generator seed=20260811,syn-dependent_sequence_patterns-medium-03.cfl,7cc29b2d163b4d28d76cf64f9ff794829543bf33f1ec46974227bf33a4421e1e
synthetic,syn-dependent_sequence_patterns-medium-04,10160640,synthetic;stratified;stratum=dependent_sequence_patterns;family=dependent_sequence_patterns;difficulty=medium;domain=12;variant=4;seed=20260811;operatorcount=2;constraintcount=6;depth=2;set;choose;sequence;adjacency;order;dependent_configuration;outside_cola_fragment,stratified synthetic generator seed=20260811,syn-dependent_sequence_patterns-medium-04.cfl,4953dfe0c1cc13cc211789d09215fcf1b5d8c7bcc427083c088b70d76efec7ce
synthetic,syn-dependent_sequence_patterns-medium-05,40320,synthetic;stratified;stratum=dependent_sequence_patterns;family=dependent_sequence_patterns;difficulty=medium;domain=12;variant=5;seed=20260811;operatorcount=2;constraintcount=6;depth=2;set;choose;sequence;adjacency;order;dependent_configuration;outside_cola_fragment,stratified synthetic generator seed=20260811,syn-dependent_sequence_patterns-medium-05.cfl,4d46a5667aa270a384fb42659bc65a0b9de0999e45bb67e816e676c14341f65e
synthetic,syn-dependent_sequence_patterns-medium-06,2160,synthetic;stratified;stratum=dependent_sequence_patterns;family=dependent_sequence_patterns;difficulty=medium;domain=12;variant=6;seed=20260811;operatorcount=2;constraintcount=9;depth=2;set;choose;sequence;adjacency;order;dependent_configuration;outside_cola_fragment,stratified synthetic generator seed=20260811,syn-dependent_sequence_patterns-medium-06.cfl,40b143ba850ad416eb4da87caf13a4904bf01733f51364fda3f1a1f5e47bd533
synthetic,syn-dependent_sequence_patterns-medium-07,40320,synthetic;stratified;stratum=dependent_sequence_patterns;family=dependent_sequence_patterns;difficulty=medium;domain=12;variant=7;seed=20260811;operatorcount=2;constraintcount=12;depth=2;set;choose;sequence;adjacency;order;dependent_configuration;outside_cola_fragment,stratified synthetic generator seed=20260811,syn-dependent_sequence_patterns-medium-07.cfl,a1f79d77c7aed5c98f465942de0e793b4c8065554be230c39b8b7f281083fa87
synthetic,syn-dependent_partition_min_size-medium-00,478170,synthetic;stratified;stratum=dependent_partition_min_size;family=dependent_partition_min_size;difficulty=medium;domain=12;variant=0;seed=20260811;operatorcount=2;constraintcount=1;depth=2;set;choose;partition;size;dependent_configuration;outside_cola_fragment,stratified synthetic generator seed=20260811,syn-dependent_partition_min_size-medium-00.cfl,e353063b92b749f7fc231497bf21d2107e42b3ad1adf7abe46e087ead83ceb62
synthetic,syn-dependent_partition_min_size-medium-01,275220,synthetic;stratified;stratum=dependent_partition_min_size;family=dependent_partition_min_size;difficulty=medium;domain=12;variant=1;seed=20260811;operatorcount=2;constraintcount=1;depth=2;set;choose;partition;size;dependent_configuration;outside_cola_fragment,stratified synthetic generator seed=20260811,syn-dependent_partition_min_size-medium-01.cfl,ea769ad105741c8a70ba065ca4c5e5e01707054530425dfcba3e20eee2d27efd
synthetic,syn-dependent_partition_min_size-medium-02,12276,synthetic;stratified;stratum=dependent_partition_min_size;family=dependent_partition_min_size;difficulty=medium;domain=12;variant=2;seed=20260811;operatorcount=2;constraintcount=1;depth=2;set;choose;partition;size;dependent_configuration;outside_cola_fragment,stratified synthetic generator seed=20260811,syn-dependent_partition_min_size-medium-02.cfl,75e88bbe74517b41b0ccacc67859ee3179db738665cc905e4f3c7a4c714d47d5
synthetic,syn-dependent_partition_min_size-medium-03,33066,synthetic;stratified;stratum=dependent_partition_min_size;family=dependent_partition_min_size;difficulty=medium;domain=12;variant=3;seed=20260811;operatorcount=2;constraintcount=1;depth=2;set;choose;partition;size;dependent_configuration;outside_cola_fragment,stratified synthetic generator seed=20260811,syn-dependent_partition_min_size-medium-03.cfl,1f796dc4f3e7b67a23762265a2896ad058d7fecfb2053ff8c87ed063728f808a
synthetic,syn-dependent_partition_min_size-medium-04,238392,synthetic;stratified;stratum=dependent_partition_min_size;family=dependent_partition_min_size;difficulty=medium;domain=12;variant=4;seed=20260811;operatorcount=2;constraintcount=1;depth=2;set;choose;partition;size;dependent_configuration;outside_cola_fragment,stratified synthetic generator seed=20260811,syn-dependent_partition_min_size-medium-04.cfl,c7618f4985edfa24cafd7b0d95ace96ce3248a7a4bfadf7cf95a0c5435aaef51
synthetic,syn-dependent_partition_min_size-medium-05,421960,synthetic;stratified;stratum=dependent_partition_min_size;family=dependent_partition_min_size;difficulty=medium;domain=12;variant=5;seed=20260811;operatorcount=2;constraintcount=1;depth=2;set;choose;partition;size;dependent_configuration;outside_cola_fragment,stratified synthetic generator seed=20260811,syn-dependent_partition_min_size-medium-05.cfl,b027fc15724946b3480bb4a2f3df6d98178d6ae39ae2f2b724a9407fc77d2179
synthetic,syn-dependent_partition_min_size-medium-06,11880,synthetic;stratified;stratum=dependent_partition_min_size;family=dependent_partition_min_size;difficulty=medium;domain=12;variant=6;seed=20260811;operatorcount=2;constraintcount=1;depth=2;set;choose;partition;size;dependent_configuration;outside_cola_fragment,stratified synthetic generator seed=20260811,syn-dependent_partition_min_size-medium-06.cfl,c326e1da3f7dea4de3bb17bb1c24c10bb9965fc65b5c093474b4c845cdb3b7f0
synthetic,syn-dependent_partition_min_size-medium-07,841995,synthetic;stratified;stratum=dependent_partition_min_size;family=dependent_partition_min_size;difficulty=medium;domain=12;variant=7;seed=20260811;operatorcount=2;constraintcount=1;depth=2;set;choose;partition;size;dependent_configuration;outside_cola_fragment,stratified synthetic generator seed=20260811,syn-dependent_partition_min_size-medium-07.cfl,64f775b248645f485956c8cce5d496533902703ca5536248825472c0985010c6
synthetic,syn-dependent_composition_sizes-medium-00,332640,synthetic;stratified;stratum=dependent_composition_sizes;family=dependent_composition_sizes;difficulty=medium;domain=12;variant=0;seed=20260811;operatorcount=2;constraintcount=4;depth=2;set;choose;composition;size;dependent_configuration;outside_cola_fragment,stratified synthetic generator seed=20260811,syn-dependent_composition_sizes-medium-00.cfl,3d08f4a7b580fec089eab55e0e40c04e8b27990d719d724e1dc67e2ffe22a0ba
synthetic,syn-dependent_composition_sizes-medium-01,332640,synthetic;stratified;stratum=dependent_composition_sizes;family=dependent_composition_sizes;difficulty=medium;domain=12;variant=1;seed=20260811;operatorcount=2;constraintcount=4;depth=2;set;choose;composition;size;dependent_configuration;outside_cola_fragment,stratified synthetic generator seed=20260811,syn-dependent_composition_sizes-medium-01.cfl,78f90115975a2790c96b5a8ba68668096ad15a19b954af07bf2c1eac95d3477c
synthetic,syn-dependent_composition_sizes-medium-02,138600,synthetic;stratified;stratum=dependent_composition_sizes;family=dependent_composition_sizes;difficulty=medium;domain=12;variant=2;seed=20260811;operatorcount=2;constraintcount=3;depth=2;set;choose;composition;size;dependent_configuration;outside_cola_fragment,stratified synthetic generator seed=20260811,syn-dependent_composition_sizes-medium-02.cfl,ec8df6bfef38a54bcc6ae44262b2e80cb05d32a4dab57c7aa8bec394478ad9c8
synthetic,syn-dependent_composition_sizes-medium-03,2494800,synthetic;stratified;stratum=dependent_composition_sizes;family=dependent_composition_sizes;difficulty=medium;domain=12;variant=3;seed=20260811;operatorcount=2;constraintcount=5;depth=2;set;choose;composition;size;dependent_configuration;outside_cola_fragment,stratified synthetic generator seed=20260811,syn-dependent_composition_sizes-medium-03.cfl,cfb0a3d69923e5f87b00a8627c852dc1948968ae2e8286a1ae6bad21e3f0d394
synthetic,syn-dependent_composition_sizes-medium-04,660,synthetic;stratified;stratum=dependent_composition_sizes;family=dependent_composition_sizes;difficulty=medium;domain=12;variant=4;seed=20260811;operatorcount=2;constraintcount=2;depth=2;set;choose;composition;size;dependent_configuration;outside_cola_fragment,stratified synthetic generator seed=20260811,syn-dependent_composition_sizes-medium-04.cfl,a648598f044d02c1e2cc73dbcbfefbd09574b939e7317bcccc86a3a4349ed4ac
synthetic,syn-dependent_composition_sizes-medium-05,15840,synthetic;stratified;stratum=dependent_composition_sizes;family=dependent_composition_sizes;difficulty=medium;domain=12;variant=5;seed=20260811;operatorcount=2;constraintcount=3;depth=2;set;choose;composition;size;dependent_configuration;outside_cola_fragment,stratified synthetic generator seed=20260811,syn-dependent_composition_sizes-medium-05.cfl,0b6f36286a5c0290480b94cc1c3359751087baf3235c8e329e2a4fe5f325168d
synthetic,syn-dependent_composition_sizes-medium-06,332640,synthetic;stratified;stratum=dependent_composition_sizes;family=dependent_composition_sizes;difficulty=medium;domain=12;variant=6;seed=20260811;operatorcount=2;constraintcount=5;depth=2;set;choose;composition;size;dependent_configuration;outside_cola_fragment,stratified synthetic generator seed=20260811,syn-dependent_composition_sizes-medium-06.cfl,5c19c7ca0d7786e3af5c3e0e7cebff2da4f1badc42411ead134fde0e90a94ed2
synthetic,syn-dependent_composition_sizes-medium-07,27720,synthetic;stratified;stratum=dependent_composition_sizes;family=dependent_composition_sizes;difficulty=medium;domain=12;variant=7;seed=20260811;operatorcount=2;constraintcount=2;depth=2;set;choose;composition;size;dependent_configuration;outside_cola_fragment,stratified synthetic generator seed=20260811,syn-dependent_composition_sizes-medium-07.cfl,3e4feb554229c7a354f7cfa2e14e6bbb3160be5c49f7d9086cf6f2c75af733fd
synthetic,syn-dependent_bag_tuple-medium-00,29700,synthetic;stratified;stratum=dependent_bag_tuple;family=dependent_bag_tuple;difficulty=medium;domain=12;variant=0;seed=20260811;operatorcount=3;constraintcount=1;depth=2;bag;choose;tuple;set;membership;decomposition;dependent_configuration;outside_cola_fragment,stratified synthetic generator seed=20260811,syn-dependent_bag_tuple-medium-00.cfl,b4a025fc735b766c0a5e5fe1c7d87d32fee455f4d313c5a18437c47db2c806d9
synthetic,syn-dependent_bag_tuple-medium-01,5940,synthetic;stratified;stratum=dependent_bag_tuple;family=dependent_bag_tuple;difficulty=medium;domain=12;variant=1;seed=20260811;operatorcount=3;constraintcount=1;depth=2;bag;choose;tuple;set;membership;decomposition;dependent_configuration;outside_cola_fragment,stratified synthetic generator seed=20260811,syn-dependent_bag_tuple-medium-01.cfl,a0c70c02ea107d01472e5a1e8ea5d7532ca8dafa1e92796094fe017fbccd8a55
synthetic,syn-dependent_bag_tuple-medium-02,3300,synthetic;stratified;stratum=dependent_bag_tuple;family=dependent_bag_tuple;difficulty=medium;domain=12;variant=2;seed=20260811;operatorcount=3;constraintcount=1;depth=2;bag;choose;tuple;set;membership;decomposition;dependent_configuration;outside_cola_fragment,stratified synthetic generator seed=20260811,syn-dependent_bag_tuple-medium-02.cfl,957edc0ba8be4b391c25f7cef7e3d5720ac3658991cecb6a4375ed824ae8dece
synthetic,syn-dependent_bag_tuple-medium-03,194040,synthetic;stratified;stratum=dependent_bag_tuple;family=dependent_bag_tuple;difficulty=medium;domain=12;variant=3;seed=20260811;operatorcount=3;constraintcount=1;depth=2;bag;choose;tuple;set;membership;decomposition;dependent_configuration;outside_cola_fragment,stratified synthetic generator seed=20260811,syn-dependent_bag_tuple-medium-03.cfl,8f54d7ba90057b5baaa4d4bc7e431e5b9d7323c84ff4f218606093e1d49a7cca
synthetic,syn-dependent_bag_tuple-medium-04,2772,synthetic;stratified;stratum=dependent_bag_tuple;family=dependent_bag_tuple;difficulty=medium;domain=12;variant=4;seed=20260811;operatorcount=3;constraintcount=1;depth=2;bag;choose;tuple;set;membership;decomposition;dependent_configuration;outside_cola_fragment,stratified synthetic generator seed=20260811,syn-dependent_bag_tuple-medium-04.cfl,7329bcf1a3f73b4f083853be595039d79f1552965d9caa4320be038023ab2bf5
synthetic,syn-dependent_bag_tuple-medium-05,118800,synthetic;stratified;stratum=dependent_bag_tuple;family=dependent_bag_tuple;difficulty=medium;domain=12;variant=5;seed=20260811;operatorcount=3;constraintcount=1;depth=2;bag;choose;tuple;set;membership;decomposition;dependent_configuration;outside_cola_fragment,stratified synthetic generator seed=20260811,syn-dependent_bag_tuple-medium-05.cfl,9e3f65010f4fdc5d92f0403af2a35ecc67f198dccae642397396bb6fae6b3446
synthetic,syn-dependent_bag_tuple-medium-06,485100,synthetic;stratified;stratum=dependent_bag_tuple;family=dependent_bag_tuple;difficulty=medium;domain=12;variant=6;seed=20260811;operatorcount=3;constraintcount=1;depth=2;bag;choose;tuple;set;membership;decomposition;dependent_configuration;outside_cola_fragment,stratified synthetic generator seed=20260811,syn-dependent_bag_tuple-medium-06.cfl,2e749230bbb97bff1a2d91ea6769f3f58a9a164931b68dabbabd490308c8cc33
synthetic,syn-dependent_bag_tuple-medium-07,83160,synthetic;stratified;stratum=dependent_bag_tuple;family=dependent_bag_tuple;difficulty=medium;domain=12;variant=7;seed=20260811;operatorcount=3;constraintcount=1;depth=2;bag;choose;tuple;set;membership;decomposition;dependent_configuration;outside_cola_fragment,stratified synthetic generator seed=20260811,syn-dependent_bag_tuple-medium-07.cfl,5c0052a03f1ea4ea9e2cc3a470dd83eafc1937fe1c8dc16cc784b049e18198d5
synthetic,syn-nested_choice_chain-medium-00,11880,synthetic;stratified;stratum=nested_choice_chain;family=nested_choice_chain;difficulty=medium;domain=12;variant=0;seed=20260811;operatorcount=3;constraintcount=1;depth=3;set;choose;membership;dependent_configuration;outside_cola_fragment,stratified synthetic generator seed=20260811,syn-nested_choice_chain-medium-00.cfl,77dda87befd95587889865d611b1cc3b44e9d7a2181cfbc5bc7ec237acaa9dd9
synthetic,syn-nested_choice_chain-medium-01,1980,synthetic;stratified;stratum=nested_choice_chain;family=nested_choice_chain;difficulty=medium;domain=12;variant=1;seed=20260811;operatorcount=3;constraintcount=1;depth=3;set;choose;membership;dependent_configuration;outside_cola_fragment,stratified synthetic generator seed=20260811,syn-nested_choice_chain-medium-01.cfl,1addf653b34ddd14ef4ae3d894e8cff893b5e0526888f2202fae6fa69c006e6f
synthetic,syn-nested_choice_chain-medium-02,18480,synthetic;stratified;stratum=nested_choice_chain;family=nested_choice_chain;difficulty=medium;domain=12;variant=2;seed=20260811;operatorcount=3;constraintcount=1;depth=3;set;choose;membership;dependent_configuration;outside_cola_fragment,stratified synthetic generator seed=20260811,syn-nested_choice_chain-medium-02.cfl,cd98aa2e998cc4c5f2847de9829b201ef175f8668eeba3ed8cea365bd174f3a8
synthetic,syn-nested_choice_chain-medium-03,6600,synthetic;stratified;stratum=nested_choice_chain;family=nested_choice_chain;difficulty=medium;domain=12;variant=3;seed=20260811;operatorcount=3;constraintcount=1;depth=3;set;choose;membership;dependent_configuration;outside_cola_fragment,stratified synthetic generator seed=20260811,syn-nested_choice_chain-medium-03.cfl,90c6801e3c907811700a67fedcf77c0a02e8994d2e09b1638f410d7a96712d5e
synthetic,syn-nested_choice_chain-medium-04,1980,synthetic;stratified;stratum=nested_choice_chain;family=nested_choice_chain;difficulty=medium;domain=12;variant=4;seed=20260811;operatorcount=3;constraintcount=1;depth=3;set;choose;membership;dependent_configuration;outside_cola_fragment,stratified synthetic generator seed=20260811,syn-nested_choice_chain-medium-04.cfl,213bdcaa2a053542e162e5c6a6a3f7c9a9d4f446dc582423f27b6ee5b9a9a25a
synthetic,syn-nested_choice_chain-medium-05,83160,synthetic;stratified;stratum=nested_choice_chain;family=nested_choice_chain;difficulty=medium;domain=12;variant=5;seed=20260811;operatorcount=3;constraintcount=1;depth=3;set;choose;membership;dependent_configuration;outside_cola_fragment,stratified synthetic generator seed=20260811,syn-nested_choice_chain-medium-05.cfl,9b963d90ff1fcde65318499a5cce3ceab194896494ca98030e89055b6757a397
synthetic,syn-nested_choice_chain-medium-06,92400,synthetic;stratified;stratum=nested_choice_chain;family=nested_choice_chain;difficulty=medium;domain=12;variant=6;seed=20260811;operatorcount=3;constraintcount=1;depth=3;set;choose;membership;dependent_configuration;outside_cola_fragment,stratified synthetic generator seed=20260811,syn-nested_choice_chain-medium-06.cfl,28a28ddc01ade61b51da2ad60dc589e467edf3a3d8480778fe62b8a7537d70b4
synthetic,syn-nested_choice_chain-medium-07,6600,synthetic;stratified;stratum=nested_choice_chain;family=nested_choice_chain;difficulty=medium;domain=12;variant=7;seed=20260811;operatorcount=3;constraintcount=1;depth=3;set;choose;membership;dependent_configuration;outside_cola_fragment,stratified synthetic generator seed=20260811,syn-nested_choice_chain-medium-07.cfl,17208505baa5193c40344c5116f97a1075e8ff92c617c5beded59b0301e5483b
synthetic,syn-dependent_selected_subsets-medium-00,33264,synthetic;stratified;stratum=dependent_selected_subsets;family=dependent_selected_subsets;difficulty=medium;domain=12;variant=0;seed=20260811;operatorcount=3;constraintcount=1;depth=2;set;choose;disjoint;dependent_configuration;outside_cola_fragment,stratified synthetic generator seed=20260811,syn-dependent_selected_subsets-medium-00.cfl,b189ee44247f2eac322acfbc6f25f05c2716b8d387f4934be5d627b8020a00a9
synthetic,syn-dependent_selected_subsets-medium-01,83160,synthetic;stratified;stratum=dependent_selected_subsets;family=dependent_selected_subsets;difficulty=medium;domain=12;variant=1;seed=20260811;operatorcount=3;constraintcount=1;depth=2;set;choose;disjoint;dependent_configuration;outside_cola_fragment,stratified synthetic generator seed=20260811,syn-dependent_selected_subsets-medium-01.cfl,56eccb93f03d7f0eccfc2fd125763d1126ebbc6b6272a7e3735100cdc039933f
synthetic,syn-dependent_selected_subsets-medium-02,23760,synthetic;stratified;stratum=dependent_selected_subsets;family=dependent_selected_subsets;difficulty=medium;domain=12;variant=2;seed=20260811;operatorcount=3;constraintcount=1;depth=2;set;choose;disjoint;dependent_configuration;outside_cola_fragment,stratified synthetic generator seed=20260811,syn-dependent_selected_subsets-medium-02.cfl,362855dc25913f00d274045e7bea796646434069f889cb89730bfbb638af9784
synthetic,syn-dependent_selected_subsets-medium-03,15840,synthetic;stratified;stratum=dependent_selected_subsets;family=dependent_selected_subsets;difficulty=medium;domain=12;variant=3;seed=20260811;operatorcount=3;constraintcount=1;depth=2;set;choose;disjoint;dependent_configuration;outside_cola_fragment,stratified synthetic generator seed=20260811,syn-dependent_selected_subsets-medium-03.cfl,1d58a32371aef05929b788cdc9a0acf25efa34e442f67fc1b31ef24296caf560
synthetic,syn-dependent_selected_subsets-medium-04,23760,synthetic;stratified;stratum=dependent_selected_subsets;family=dependent_selected_subsets;difficulty=medium;domain=12;variant=4;seed=20260811;operatorcount=3;constraintcount=1;depth=2;set;choose;disjoint;dependent_configuration;outside_cola_fragment,stratified synthetic generator seed=20260811,syn-dependent_selected_subsets-medium-04.cfl,1379c7686718f67da40789275f586311b2f34eab0dcca0015a697471ecde369e
synthetic,syn-dependent_selected_subsets-medium-05,83160,synthetic;stratified;stratum=dependent_selected_subsets;family=dependent_selected_subsets;difficulty=medium;domain=12;variant=5;seed=20260811;operatorcount=3;constraintcount=1;depth=2;set;choose;disjoint;dependent_configuration;outside_cola_fragment,stratified synthetic generator seed=20260811,syn-dependent_selected_subsets-medium-05.cfl,761729eaa076e0b3d15e9a1914bbd672c0837927ad356a137984ad16dafe0027
synthetic,syn-dependent_selected_subsets-medium-06,55440,synthetic;stratified;stratum=dependent_selected_subsets;family=dependent_selected_subsets;difficulty=medium;domain=12;variant=6;seed=20260811;operatorcount=3;constraintcount=1;depth=2;set;choose;disjoint;dependent_configuration;outside_cola_fragment,stratified synthetic generator seed=20260811,syn-dependent_selected_subsets-medium-06.cfl,77988bce0f4ec4638d55889085bf8fb967029247637ea6993f6c5495e179269a
synthetic,syn-dependent_selected_subsets-medium-07,27720,synthetic;stratified;stratum=dependent_selected_subsets;family=dependent_selected_subsets;difficulty=medium;domain=12;variant=7;seed=20260811;operatorcount=3;constraintcount=1;depth=2;set;choose;disjoint;dependent_configuration;outside_cola_fragment,stratified synthetic generator seed=20260811,syn-dependent_selected_subsets-medium-07.cfl,c8aa4e11e5ae94c9ef6293ab0cb49a89d7fe4a623a91d655a27aa9705009068c
synthetic,syn-set_choice_intersection-large-00,756,synthetic;stratified;stratum=set_choice_intersection;family=set_choice_intersection;difficulty=large;domain=16;variant=0;seed=20260811;operatorcount=1;constraintcount=1;depth=1;set;choose;intersection;size,stratified synthetic generator seed=20260811,syn-set_choice_intersection-large-00.cfl,65049d2f76cc4a95cd276f08e443e8237c2ad1aa8d5e6ebc733aa456e379ed5a
synthetic,syn-set_choice_intersection-large-01,784,synthetic;stratified;stratum=set_choice_intersection;family=set_choice_intersection;difficulty=large;domain=16;variant=1;seed=20260811;operatorcount=1;constraintcount=1;depth=1;set;choose;intersection;size,stratified synthetic generator seed=20260811,syn-set_choice_intersection-large-01.cfl,d50467fa6362bd5e802e23587f57946b6f31db470eca0e64f8fe34e0293ae2ec
synthetic,syn-set_choice_intersection-large-02,1960,synthetic;stratified;stratum=set_choice_intersection;family=set_choice_intersection;difficulty=large;domain=16;variant=2;seed=20260811;operatorcount=1;constraintcount=1;depth=1;set;choose;intersection;size,stratified synthetic generator seed=20260811,syn-set_choice_intersection-large-02.cfl,73a413730faa3cdacb1cd9ab43a415debca136ba9781575a4434ba5c34c5f4ad
synthetic,syn-set_choice_intersection-large-03,448,synthetic;stratified;stratum=set_choice_intersection;family=set_choice_intersection;difficulty=large;domain=16;variant=3;seed=20260811;operatorcount=1;constraintcount=1;depth=1;set;choose;intersection;size,stratified synthetic generator seed=20260811,syn-set_choice_intersection-large-03.cfl,f1c026a8c8e6e7c30c137bd69c699bef4a6efb5a3f9e9907978c7adede23fdb6
synthetic,syn-set_choice_intersection-large-04,224,synthetic;stratified;stratum=set_choice_intersection;family=set_choice_intersection;difficulty=large;domain=16;variant=4;seed=20260811;operatorcount=1;constraintcount=1;depth=1;set;choose;intersection;size,stratified synthetic generator seed=20260811,syn-set_choice_intersection-large-04.cfl,a221a9a6af1a507214852c36cea28b386733183bb45a817e2990c5155ed3ebbf
synthetic,syn-set_choice_intersection-large-05,550,synthetic;stratified;stratum=set_choice_intersection;family=set_choice_intersection;difficulty=large;domain=16;variant=5;seed=20260811;operatorcount=1;constraintcount=1;depth=1;set;choose;intersection;size,stratified synthetic generator seed=20260811,syn-set_choice_intersection-large-05.cfl,18c287d8abf5efecbf5b152b0cc7f2cfb6de20b99a33a55852c8aa1d8f517d4d
synthetic,syn-set_choice_intersection-large-06,1260,synthetic;stratified;stratum=set_choice_intersection;family=set_choice_intersection;difficulty=large;domain=16;variant=6;seed=20260811;operatorcount=1;constraintcount=1;depth=1;set;choose;intersection;size,stratified synthetic generator seed=20260811,syn-set_choice_intersection-large-06.cfl,9d1cd123ba8b8241eb3f0ec6aaa7c1216e6db161b1ceb7c9dceeb19da3d145cf
synthetic,syn-set_choice_intersection-large-07,3920,synthetic;stratified;stratum=set_choice_intersection;family=set_choice_intersection;difficulty=large;domain=16;variant=7;seed=20260811;operatorcount=1;constraintcount=1;depth=1;set;choose;intersection;size,stratified synthetic generator seed=20260811,syn-set_choice_intersection-large-07.cfl,1901b825e7cdb9f64194809c59c81616dded02a41c9ec7f269b6aed42d31a2d5
synthetic,syn-bag_choice_multiplicity-large-00,3432,synthetic;stratified;stratum=bag_choice_multiplicity;family=bag_choice_multiplicity;difficulty=large;domain=16;variant=0;seed=20260811;operatorcount=1;constraintcount=1;depth=1;bag;choose;count,stratified synthetic generator seed=20260811,syn-bag_choice_multiplicity-large-00.cfl,408c11e8b1c27cf3567e2c102cc6be9ff5e03da9188015814582644a1923a5d3
synthetic,syn-bag_choice_multiplicity-large-01,13,synthetic;stratified;stratum=bag_choice_multiplicity;family=bag_choice_multiplicity;difficulty=large;domain=16;variant=1;seed=20260811;operatorcount=1;constraintcount=1;depth=1;bag;choose;count,stratified synthetic generator seed=20260811,syn-bag_choice_multiplicity-large-01.cfl,489db6e8ac013dde546777652ea883603238b1532456e5542b8024b27e349561
synthetic,syn-bag_choice_multiplicity-large-02,220,synthetic;stratified;stratum=bag_choice_multiplicity;family=bag_choice_multiplicity;difficulty=large;domain=16;variant=2;seed=20260811;operatorcount=1;constraintcount=1;depth=1;bag;choose;count,stratified synthetic generator seed=20260811,syn-bag_choice_multiplicity-large-02.cfl,ab18f7726df66b6f7f862987b4748d17d18c239e19a6ae2e3d21e94a733055f2
synthetic,syn-bag_choice_multiplicity-large-03,14,synthetic;stratified;stratum=bag_choice_multiplicity;family=bag_choice_multiplicity;difficulty=large;domain=16;variant=3;seed=20260811;operatorcount=1;constraintcount=1;depth=1;bag;choose;count,stratified synthetic generator seed=20260811,syn-bag_choice_multiplicity-large-03.cfl,644f6eac1789d45940d3873a51e6fa9e2486cc8f0b10203e0b07b135f57f3e9e
synthetic,syn-bag_choice_multiplicity-large-04,12,synthetic;stratified;stratum=bag_choice_multiplicity;family=bag_choice_multiplicity;difficulty=large;domain=16;variant=4;seed=20260811;operatorcount=1;constraintcount=1;depth=1;bag;choose;count,stratified synthetic generator seed=20260811,syn-bag_choice_multiplicity-large-04.cfl,2f24504a4739ea4c53d103a20b7b1c241e9c6e67e3d7e68bfbf1924f925e313e
synthetic,syn-bag_choice_multiplicity-large-05,495,synthetic;stratified;stratum=bag_choice_multiplicity;family=bag_choice_multiplicity;difficulty=large;domain=16;variant=5;seed=20260811;operatorcount=1;constraintcount=1;depth=1;bag;choose;count,stratified synthetic generator seed=20260811,syn-bag_choice_multiplicity-large-05.cfl,e2ca436ea9a8892fa71679cb5e266ab1f6b4da471282f50494a7cff98aca5903
synthetic,syn-bag_choice_multiplicity-large-06,2002,synthetic;stratified;stratum=bag_choice_multiplicity;family=bag_choice_multiplicity;difficulty=large;domain=16;variant=6;seed=20260811;operatorcount=1;constraintcount=1;depth=1;bag;choose;count,stratified synthetic generator seed=20260811,syn-bag_choice_multiplicity-large-06.cfl,bc00c9a6423d9dcf18558d753de574cd840f096960285823d7a39e7bdd606fa9
synthetic,syn-bag_choice_multiplicity-large-07,55,synthetic;stratified;stratum=bag_choice_multiplicity;family=bag_choice_multiplicity;difficulty=large;domain=16;variant=7;seed=20260811;operatorcount=1;constraintcount=1;depth=1;bag;choose;count,stratified synthetic generator seed=20260811,syn-bag_choice_multiplicity-large-07.cfl,4f890162c761cd4b7d0c153d059b375047610e087c373947d0fcc4e3924044cf
synthetic,syn-set_tuple_position_count-large-00,12700800,synthetic;stratified;stratum=set_tuple_position_count;family=set_tuple_position_count;difficulty=large;domain=16;variant=0;seed=20260811;operatorcount=1;constraintcount=2;depth=1;set;tuple;position;count,stratified synthetic generator seed=20260811,syn-set_tuple_position_count-large-00.cfl,8d75109ab9ff9e252c5325ecfb959ec837073f83dcb2c877a0e39075c4d68006
synthetic,syn-set_tuple_position_count-large-01,158400,synthetic;stratified;stratum=set_tuple_position_count;family=set_tuple_position_count;difficulty=large;domain=16;variant=1;seed=20260811;operatorcount=1;constraintcount=2;depth=1;set;tuple;position;count,stratified synthetic generator seed=20260811,syn-set_tuple_position_count-large-01.cfl,6694db8b47fada581af2b6d9ac206e59547aa06bf873d8e9be97f3a913e32194
synthetic,syn-set_tuple_position_count-large-02,13970880,synthetic;stratified;stratum=set_tuple_position_count;family=set_tuple_position_count;difficulty=large;domain=16;variant=2;seed=20260811;operatorcount=1;constraintcount=2;depth=1;set;tuple;position;count,stratified synthetic generator seed=20260811,syn-set_tuple_position_count-large-02.cfl,161571886e93c56e74ef11a3ece3595070c5663a2a8e5e248df6d78195148b7b
synthetic,syn-set_tuple_position_count-large-03,90720,synthetic;stratified;stratum=set_tuple_position_count;family=set_tuple_position_count;difficulty=large;domain=16;variant=3;seed=20260811;operatorcount=1;constraintcount=2;depth=1;set;tuple;position;count,stratified synthetic generator seed=20260811,syn-set_tuple_position_count-large-03.cfl,a9b0e01de849539fb1b4e38fc9560a1856b394367fefec47cbd7c9119ecbf3c7
synthetic,syn-set_tuple_position_count-large-04,144000,synthetic;stratified;stratum=set_tuple_position_count;family=set_tuple_position_count;difficulty=large;domain=16;variant=4;seed=20260811;operatorcount=1;constraintcount=2;depth=1;set;tuple;position;count,stratified synthetic generator seed=20260811,syn-set_tuple_position_count-large-04.cfl,2eaa96e3e18515deab1dd92b517832cba505ea07e452261f3b232afb6c398cbf
synthetic,syn-set_tuple_position_count-large-05,12096,synthetic;stratified;stratum=set_tuple_position_count;family=set_tuple_position_count;difficulty=large;domain=16;variant=5;seed=20260811;operatorcount=1;constraintcount=2;depth=1;set;tuple;position;count,stratified synthetic generator seed=20260811,syn-set_tuple_position_count-large-05.cfl,a20a0bc32ce7e73d5d34302de1c63f76f58dedc9b2dea2657724f2048b3a587c
synthetic,syn-set_tuple_position_count-large-06,6000,synthetic;stratified;stratum=set_tuple_position_count;family=set_tuple_position_count;difficulty=large;domain=16;variant=6;seed=20260811;operatorcount=1;constraintcount=2;depth=1;set;tuple;position;count,stratified synthetic generator seed=20260811,syn-set_tuple_position_count-large-06.cfl,6d56987694c19c82535807e75e049d7756beae4a0cccb1a6c123f101e5038fa3
synthetic,syn-set_tuple_position_count-large-07,90720,synthetic;stratified;stratum=set_tuple_position_count;family=set_tuple_position_count;difficulty=large;domain=16;variant=7;seed=20260811;operatorcount=1;constraintcount=2;depth=1;set;tuple;position;count,stratified synthetic generator seed=20260811,syn-set_tuple_position_count-large-07.cfl,123a0cb8b5f2795640c970a53dc9aa0ca6e05b3814dc99746335ff90512fb53c
synthetic,syn-bag_tuple_multiplicity-large-00,3600,synthetic;stratified;stratum=bag_tuple_multiplicity;family=bag_tuple_multiplicity;difficulty=large;domain=16;variant=0;seed=20260811;operatorcount=2;constraintcount=1;depth=1;bag;tuple;set;choose;membership;decomposition,stratified synthetic generator seed=20260811,syn-bag_tuple_multiplicity-large-00.cfl,d5a52a7c5a20302804db73347c480e236af666dd64d1c791ba8d2fd683b517ce
synthetic,syn-bag_tuple_multiplicity-large-01,6720,synthetic;stratified;stratum=bag_tuple_multiplicity;family=bag_tuple_multiplicity;difficulty=large;domain=16;variant=1;seed=20260811;operatorcount=2;constraintcount=1;depth=1;bag;tuple;set;choose;membership;decomposition,stratified synthetic generator seed=20260811,syn-bag_tuple_multiplicity-large-01.cfl,97054b3b046f1416c5ec25133c7ab5b17c7601d770c01b6d6a710ca3a8bf150e
synthetic,syn-bag_tuple_multiplicity-large-02,10080,synthetic;stratified;stratum=bag_tuple_multiplicity;family=bag_tuple_multiplicity;difficulty=large;domain=16;variant=2;seed=20260811;operatorcount=2;constraintcount=1;depth=1;bag;tuple;set;choose;membership;decomposition,stratified synthetic generator seed=20260811,syn-bag_tuple_multiplicity-large-02.cfl,1515ce2f1f2b67d3178c71c0e419b14d2907a0b6dd57c4e0e518ef87160cb3aa
synthetic,syn-bag_tuple_multiplicity-large-03,1544400,synthetic;stratified;stratum=bag_tuple_multiplicity;family=bag_tuple_multiplicity;difficulty=large;domain=16;variant=3;seed=20260811;operatorcount=2;constraintcount=1;depth=1;bag;tuple;set;choose;membership;decomposition,stratified synthetic generator seed=20260811,syn-bag_tuple_multiplicity-large-03.cfl,caffcd368c7a3477e177bca2a3b9edd99b689e2caf35d42114c58a28c0a9fff0
synthetic,syn-bag_tuple_multiplicity-large-04,10090080,synthetic;stratified;stratum=bag_tuple_multiplicity;family=bag_tuple_multiplicity;difficulty=large;domain=16;variant=4;seed=20260811;operatorcount=2;constraintcount=1;depth=1;bag;tuple;set;choose;membership;decomposition,stratified synthetic generator seed=20260811,syn-bag_tuple_multiplicity-large-04.cfl,630bc9f2227e1eb99f65529cff500c09d565d8543ece68c4d6d3d62dd15f1cca
synthetic,syn-bag_tuple_multiplicity-large-05,109200,synthetic;stratified;stratum=bag_tuple_multiplicity;family=bag_tuple_multiplicity;difficulty=large;domain=16;variant=5;seed=20260811;operatorcount=2;constraintcount=1;depth=1;bag;tuple;set;choose;membership;decomposition,stratified synthetic generator seed=20260811,syn-bag_tuple_multiplicity-large-05.cfl,285c0f7d7ca5799cd5983c73b1daf68654d8d048c11e6e079a66129ba141e422
synthetic,syn-bag_tuple_multiplicity-large-06,336336,synthetic;stratified;stratum=bag_tuple_multiplicity;family=bag_tuple_multiplicity;difficulty=large;domain=16;variant=6;seed=20260811;operatorcount=2;constraintcount=1;depth=1;bag;tuple;set;choose;membership;decomposition,stratified synthetic generator seed=20260811,syn-bag_tuple_multiplicity-large-06.cfl,b8b67fe75a34222aa1a7a1779fbf1d2c943606d660b51a38fb84bdf0eb995a13
synthetic,syn-bag_tuple_multiplicity-large-07,2402400,synthetic;stratified;stratum=bag_tuple_multiplicity;family=bag_tuple_multiplicity;difficulty=large;domain=16;variant=7;seed=20260811;operatorcount=2;constraintcount=1;depth=1;bag;tuple;set;choose;membership;decomposition,stratified synthetic generator seed=20260811,syn-bag_tuple_multiplicity-large-07.cfl,3b4b3d0511fd20e55dff8e79f772f6d37480a752534dc22a4fa1c227767bbe77
synthetic,syn-set_sequence_patterns-large-00,326918592000,synthetic;stratified;stratum=set_sequence_patterns;family=set_sequence_patterns;difficulty=large;domain=16;variant=0;seed=20260811;operatorcount=1;constraintcount=4;depth=1;set;sequence;adjacency;order,stratified synthetic generator seed=20260811,syn-set_sequence_patterns-large-00.cfl,a7e0b50a667820c0204a4af16fb314e555a32826d19d73b1788783d5732d9395
synthetic,syn-set_sequence_patterns-large-01,326918592000,synthetic;stratified;stratum=set_sequence_patterns;family=set_sequence_patterns;difficulty=large;domain=16;variant=1;seed=20260811;operatorcount=1;constraintcount=4;depth=1;set;sequence;adjacency;order,stratified synthetic generator seed=20260811,syn-set_sequence_patterns-large-01.cfl,84f0195983ac0a5c1be265aeb42c3601f18f1147ca639a73e5d1c1ac808677e0
synthetic,syn-set_sequence_patterns-large-02,1307674368000,synthetic;stratified;stratum=set_sequence_patterns;family=set_sequence_patterns;difficulty=large;domain=16;variant=2;seed=20260811;operatorcount=1;constraintcount=2;depth=1;set;sequence;adjacency;order,stratified synthetic generator seed=20260811,syn-set_sequence_patterns-large-02.cfl,1a329c2391b0323549058d0640911dc2d068fcb3b270e950488680f6ef77fe60
synthetic,syn-set_sequence_patterns-large-03,326918592000,synthetic;stratified;stratum=set_sequence_patterns;family=set_sequence_patterns;difficulty=large;domain=16;variant=3;seed=20260811;operatorcount=1;constraintcount=4;depth=1;set;sequence;adjacency;order,stratified synthetic generator seed=20260811,syn-set_sequence_patterns-large-03.cfl,73ef272fda7c794145d0c2ddf3bbd7f37373a7ce2e11bd201bf78397a0fad6fd
synthetic,syn-set_sequence_patterns-large-04,653837184000,synthetic;stratified;stratum=set_sequence_patterns;family=set_sequence_patterns;difficulty=large;domain=16;variant=4;seed=20260811;operatorcount=1;constraintcount=3;depth=1;set;sequence;adjacency;order,stratified synthetic generator seed=20260811,syn-set_sequence_patterns-large-04.cfl,5f1fa968a44a8cce57a113e0d5520040e2a0baa39e1836063966b90e7a92d176
synthetic,syn-set_sequence_patterns-large-05,653837184000,synthetic;stratified;stratum=set_sequence_patterns;family=set_sequence_patterns;difficulty=large;domain=16;variant=5;seed=20260811;operatorcount=1;constraintcount=3;depth=1;set;sequence;adjacency;order,stratified synthetic generator seed=20260811,syn-set_sequence_patterns-large-05.cfl,a080992111ab290123148cd3e9d21a568fdaba564eee38c210cda83e9f4d9068
synthetic,syn-set_sequence_patterns-large-06,326918592000,synthetic;stratified;stratum=set_sequence_patterns;family=set_sequence_patterns;difficulty=large;domain=16;variant=6;seed=20260811;operatorcount=1;constraintcount=4;depth=1;set;sequence;adjacency;order,stratified synthetic generator seed=20260811,syn-set_sequence_patterns-large-06.cfl,7b7677966bfd6ac6095877c9316a3c1a894c70f23d23162064003759b4164ce6
synthetic,syn-set_sequence_patterns-large-07,1307674368000,synthetic;stratified;stratum=set_sequence_patterns;family=set_sequence_patterns;difficulty=large;domain=16;variant=7;seed=20260811;operatorcount=1;constraintcount=2;depth=1;set;sequence;adjacency;order,stratified synthetic generator seed=20260811,syn-set_sequence_patterns-large-07.cfl,a60252e7229da173f5e83c75304ce88d1b022e8b805084e713cb60f9823ad31c
synthetic,syn-bag_sequence_adjacency-large-00,180180,synthetic;stratified;stratum=bag_sequence_adjacency;family=bag_sequence_adjacency;difficulty=large;domain=16;variant=0;seed=20260811;operatorcount=1;constraintcount=1;depth=1;bag;sequence;adjacency,stratified synthetic generator seed=20260811,syn-bag_sequence_adjacency-large-00.cfl,321bf26841ea0af6f2ef712cf783ec12369f1f598fe6c415de53b86e24ad7b92
synthetic,syn-bag_sequence_adjacency-large-01,2162160,synthetic;stratified;stratum=bag_sequence_adjacency;family=bag_sequence_adjacency;difficulty=large;domain=16;variant=1;seed=20260811;operatorcount=1;constraintcount=1;depth=1;bag;sequence;adjacency,stratified synthetic generator seed=20260811,syn-bag_sequence_adjacency-large-01.cfl,88359e287a425e1de4b58746570a79959b834f01cc37ff236714000735bc266e
synthetic,syn-bag_sequence_adjacency-large-02,1801800,synthetic;stratified;stratum=bag_sequence_adjacency;family=bag_sequence_adjacency;difficulty=large;domain=16;variant=2;seed=20260811;operatorcount=1;constraintcount=1;depth=1;bag;sequence;adjacency,stratified synthetic generator seed=20260811,syn-bag_sequence_adjacency-large-02.cfl,595f02e625e9302fb5059060e307066ca9ecbd3dfcca1a4875dc77986433c473
synthetic,syn-bag_sequence_adjacency-large-03,5460,synthetic;stratified;stratum=bag_sequence_adjacency;family=bag_sequence_adjacency;difficulty=large;domain=16;variant=3;seed=20260811;operatorcount=1;constraintcount=1;depth=1;bag;sequence;adjacency,stratified synthetic generator seed=20260811,syn-bag_sequence_adjacency-large-03.cfl,efee8bae013a42813126e99a76bcd4d1f68a0d09e0ba9b2724907a8cb345f6e4
synthetic,syn-bag_sequence_adjacency-large-04,540540,synthetic;stratified;stratum=bag_sequence_adjacency;family=bag_sequence_adjacency;difficulty=large;domain=16;variant=4;seed=20260811;operatorcount=1;constraintcount=1;depth=1;bag;sequence;adjacency,stratified synthetic generator seed=20260811,syn-bag_sequence_adjacency-large-04.cfl,5199158b560e694dd4689620aed5336d80e76a855d1230604fbb39f2282e3654
synthetic,syn-bag_sequence_adjacency-large-05,540540,synthetic;stratified;stratum=bag_sequence_adjacency;family=bag_sequence_adjacency;difficulty=large;domain=16;variant=5;seed=20260811;operatorcount=1;constraintcount=1;depth=1;bag;sequence;adjacency,stratified synthetic generator seed=20260811,syn-bag_sequence_adjacency-large-05.cfl,b72c3fa1809661e0f741c5e11979d998fab5145653b868f1c3074502d5ea5c0a
synthetic,syn-bag_sequence_adjacency-large-06,2522520,synthetic;stratified;stratum=bag_sequence_adjacency;family=bag_sequence_adjacency;difficulty=large;domain=16;variant=6;seed=20260811;operatorcount=1;constraintcount=1;depth=1;bag;sequence;adjacency,stratified synthetic generator seed=20260811,syn-bag_sequence_adjacency-large-06.cfl,6f0c01119e7da5a640dfdc26b6df12a551330bb648a5a1c69bf2b8174c4cb3a1
synthetic,syn-bag_sequence_adjacency-large-07,3603600,synthetic;stratified;stratum=bag_sequence_adjacency;family=bag_sequence_adjacency;difficulty=large;domain=16;variant=7;seed=20260811;operatorcount=1;constraintcount=1;depth=1;bag;sequence;adjacency,stratified synthetic generator seed=20260811,syn-bag_sequence_adjacency-large-07.cfl,8bbf20a219eaf78cee42fa49e8845e9c1339d47c6d8f41931c52130cba921eea
synthetic,syn-set_partition_min_size-large-00,57962905,synthetic;stratified;stratum=set_partition_min_size;family=set_partition_min_size;difficulty=large;domain=16;variant=0;seed=20260811;operatorcount=1;constraintcount=1;depth=1;set;partition;size,stratified synthetic generator seed=20260811,syn-set_partition_min_size-large-00.cfl,7ff38dddbc5c6f9dd04329144206602f5239e4a216e051511a950e13c9a066f8
synthetic,syn-set_partition_min_size-large-01,17875,synthetic;stratified;stratum=set_partition_min_size;family=set_partition_min_size;difficulty=large;domain=16;variant=1;seed=20260811;operatorcount=1;constraintcount=1;depth=1;set;partition;size,stratified synthetic generator seed=20260811,syn-set_partition_min_size-large-01.cfl,58a21fd895c2f8b72075c5c2ffcd861608c0e8dcf4eb82005117697ac43dd55f
synthetic,syn-set_partition_min_size-large-02,3741738,synthetic;stratified;stratum=set_partition_min_size;family=set_partition_min_size;difficulty=large;domain=16;variant=2;seed=20260811;operatorcount=1;constraintcount=1;depth=1;set;partition;size,stratified synthetic generator seed=20260811,syn-set_partition_min_size-large-02.cfl,1bb3b61a96d1ba9a33436590b556eed5ee7d74dd8f3d89a68df33501474cb637
synthetic,syn-set_partition_min_size-large-03,32767,synthetic;stratified;stratum=set_partition_min_size;family=set_partition_min_size;difficulty=large;domain=16;variant=3;seed=20260811;operatorcount=1;constraintcount=1;depth=1;set;partition;size,stratified synthetic generator seed=20260811,syn-set_partition_min_size-large-03.cfl,12b91be150fd5488409f07d34865b1d2b9ec9f7b3f043db8d78702efb3d7fde0
synthetic,syn-set_partition_min_size-large-04,25883,synthetic;stratified;stratum=set_partition_min_size;family=set_partition_min_size;difficulty=large;domain=16;variant=4;seed=20260811;operatorcount=1;constraintcount=1;depth=1;set;partition;size,stratified synthetic generator seed=20260811,syn-set_partition_min_size-large-04.cfl,cc32b1e42367cf8c69ae6fcec9ab2cd5d9aae9928a9cff7bd4ae6cf6437664fb
synthetic,syn-set_partition_min_size-large-05,30251,synthetic;stratified;stratum=set_partition_min_size;family=set_partition_min_size;difficulty=large;domain=16;variant=5;seed=20260811;operatorcount=1;constraintcount=1;depth=1;set;partition;size,stratified synthetic generator seed=20260811,syn-set_partition_min_size-large-05.cfl,49d4ccd205189cfb75c6088eaf52a70a6c0e2fa005e54c5d6edc487277c1fb15
synthetic,syn-set_partition_min_size-large-06,32631,synthetic;stratified;stratum=set_partition_min_size;family=set_partition_min_size;difficulty=large;domain=16;variant=6;seed=20260811;operatorcount=1;constraintcount=1;depth=1;set;partition;size,stratified synthetic generator seed=20260811,syn-set_partition_min_size-large-06.cfl,00e210f242976d614974a0423fb45ad3b168ada4a5a33cc4fa74331482dd5996
synthetic,syn-set_partition_min_size-large-07,32071,synthetic;stratified;stratum=set_partition_min_size;family=set_partition_min_size;difficulty=large;domain=16;variant=7;seed=20260811;operatorcount=1;constraintcount=1;depth=1;set;partition;size,stratified synthetic generator seed=20260811,syn-set_partition_min_size-large-07.cfl,744b1548d4ba5c8482f7811503bb5cab8dfe6e934620317ed191a044d08e6075
synthetic,syn-set_composition_sizes-large-00,43243200,synthetic;stratified;stratum=set_composition_sizes;family=set_composition_sizes;difficulty=large;domain=16;variant=0;seed=20260811;operatorcount=1;constraintcount=5;depth=1;set;composition;size,stratified synthetic generator seed=20260811,syn-set_composition_sizes-large-00.cfl,ba52ba1a89b37a668ad6e0e7c24fbb5b7ffee6c6b872e33736b420c5a189dfb3
synthetic,syn-set_composition_sizes-large-01,400400,synthetic;stratified;stratum=set_composition_sizes;family=set_composition_sizes;difficulty=large;domain=16;variant=1;seed=20260811;operatorcount=1;constraintcount=3;depth=1;set;composition;size,stratified synthetic generator seed=20260811,syn-set_composition_sizes-large-01.cfl,5251efc007972452122b51e8ee8045815b6107e6cb1c9a8a15ff8993e6715487
synthetic,syn-set_composition_sizes-large-02,80080,synthetic;stratified;stratum=set_composition_sizes;family=set_composition_sizes;difficulty=large;domain=16;variant=2;seed=20260811;operatorcount=1;constraintcount=3;depth=1;set;composition;size,stratified synthetic generator seed=20260811,syn-set_composition_sizes-large-02.cfl,6155982120f611516aae477372f48943359fafa34ac058bc91cfaae9da8378d2
synthetic,syn-set_composition_sizes-large-03,100900800,synthetic;stratified;stratum=set_composition_sizes;family=set_composition_sizes;difficulty=large;domain=16;variant=3;seed=20260811;operatorcount=1;constraintcount=5;depth=1;set;composition;size,stratified synthetic generator seed=20260811,syn-set_composition_sizes-large-03.cfl,254d01b702961506d52c27fdd06011b2941dea0d3a7ee8ea20cd16811e35253f
synthetic,syn-set_composition_sizes-large-04,11440,synthetic;stratified;stratum=set_composition_sizes;family=set_composition_sizes;difficulty=large;domain=16;variant=4;seed=20260811;operatorcount=1;constraintcount=2;depth=1;set;composition;size,stratified synthetic generator seed=20260811,syn-set_composition_sizes-large-04.cfl,aa3e779f3ab6f06e7ea3e551850a77b1559899a14ae775d42f4b82a48e5fc04e
synthetic,syn-set_composition_sizes-large-05,21840,synthetic;stratified;stratum=set_composition_sizes;family=set_composition_sizes;difficulty=large;domain=16;variant=5;seed=20260811;operatorcount=1;constraintcount=4;depth=1;set;composition;size,stratified synthetic generator seed=20260811,syn-set_composition_sizes-large-05.cfl,af06f311a661f6cf6a587cf80436cb635730a1c6d3b0c61321ea8de876d9d1a9
synthetic,syn-set_composition_sizes-large-06,8008,synthetic;stratified;stratum=set_composition_sizes;family=set_composition_sizes;difficulty=large;domain=16;variant=6;seed=20260811;operatorcount=1;constraintcount=2;depth=1;set;composition;size,stratified synthetic generator seed=20260811,syn-set_composition_sizes-large-06.cfl,2cc24d7b9a173ea17926ecf5140476a87527c65e7e6de081549270a05634b99e
synthetic,syn-set_composition_sizes-large-07,151351200,synthetic;stratified;stratum=set_composition_sizes;family=set_composition_sizes;difficulty=large;domain=16;variant=7;seed=20260811;operatorcount=1;constraintcount=5;depth=1;set;composition;size,stratified synthetic generator seed=20260811,syn-set_composition_sizes-large-07.cfl,7d2ec74faf8484afa83b2ecac341894fcca99802a56baebd4ec6c4825ab815e8
synthetic,syn-dependent_choice_disjoint-large-00,2882880,synthetic;stratified;stratum=dependent_choice_disjoint;family=dependent_choice_disjoint;difficulty=large;domain=16;variant=0;seed=20260811;operatorcount=3;constraintcount=1;depth=2;set;choose;disjoint;dependent_configuration;outside_cola_fragment,stratified synthetic generator seed=20260811,syn-dependent_choice_disjoint-large-00.cfl,d57b68fca74d2c9e511b666da80ab464a650f4d41a4948fa14d8cbdb5e006143
synthetic,syn-dependent_choice_disjoint-large-01,480480,synthetic;stratified;stratum=dependent_choice_disjoint;family=dependent_choice_disjoint;difficulty=large;domain=16;variant=1;seed=20260811;operatorcount=3;constraintcount=1;depth=2;set;choose;disjoint;dependent_configuration;outside_cola_fragment,stratified synthetic generator seed=20260811,syn-dependent_choice_disjoint-large-01.cfl,5227a15a51c08abcd126f197fed044437c3e1630284c4246c3b8967d0eabd722
synthetic,syn-dependent_choice_disjoint-large-02,1201200,synthetic;stratified;stratum=dependent_choice_disjoint;family=dependent_choice_disjoint;difficulty=large;domain=16;variant=2;seed=20260811;operatorcount=3;constraintcount=1;depth=2;set;choose;disjoint;dependent_configuration;outside_cola_fragment,stratified synthetic generator seed=20260811,syn-dependent_choice_disjoint-large-02.cfl,8152458c943261375a435b94bc0d93230146124bf855f86c4ea0783b1e18dcfc
synthetic,syn-dependent_choice_disjoint-large-03,823680,synthetic;stratified;stratum=dependent_choice_disjoint;family=dependent_choice_disjoint;difficulty=large;domain=16;variant=3;seed=20260811;operatorcount=3;constraintcount=1;depth=2;set;choose;disjoint;dependent_configuration;outside_cola_fragment,stratified synthetic generator seed=20260811,syn-dependent_choice_disjoint-large-03.cfl,28558a2aa73a7434349e0806fda3aa03445a65d39b6c256484972fb3dd6e96d4
synthetic,syn-dependent_choice_disjoint-large-04,2162160,synthetic;stratified;stratum=dependent_choice_disjoint;family=dependent_choice_disjoint;difficulty=large;domain=16;variant=4;seed=20260811;operatorcount=3;constraintcount=1;depth=2;set;choose;disjoint;dependent_configuration;outside_cola_fragment,stratified synthetic generator seed=20260811,syn-dependent_choice_disjoint-large-04.cfl,89ec7decc9dd978943df159a507726aff3f663ac066bbed079730b5a7918a0ed
synthetic,syn-dependent_choice_disjoint-large-05,21840,synthetic;stratified;stratum=dependent_choice_disjoint;family=dependent_choice_disjoint;difficulty=large;domain=16;variant=5;seed=20260811;operatorcount=3;constraintcount=1;depth=2;set;choose;disjoint;dependent_configuration;outside_cola_fragment,stratified synthetic generator seed=20260811,syn-dependent_choice_disjoint-large-05.cfl,072283dbb87c0c6bfcf7b003ae167e3b10b9ba789d42315edbdb1190b98ea9fc
synthetic,syn-dependent_choice_disjoint-large-06,21840,synthetic;stratified;stratum=dependent_choice_disjoint;family=dependent_choice_disjoint;difficulty=large;domain=16;variant=6;seed=20260811;operatorcount=3;constraintcount=1;depth=2;set;choose;disjoint;dependent_configuration;outside_cola_fragment,stratified synthetic generator seed=20260811,syn-dependent_choice_disjoint-large-06.cfl,d90406eae0be2d2f59a96cc811beed8b5ad5e683d14c2ba2f39b3a831c821c05
synthetic,syn-dependent_choice_disjoint-large-07,480480,synthetic;stratified;stratum=dependent_choice_disjoint;family=dependent_choice_disjoint;difficulty=large;domain=16;variant=7;seed=20260811;operatorcount=3;constraintcount=1;depth=2;set;choose;disjoint;dependent_configuration;outside_cola_fragment,stratified synthetic generator seed=20260811,syn-dependent_choice_disjoint-large-07.cfl,ec3a35c5c6b3e3f3e39d1d2f3475b5ffcca22b069a5ac8f166345abd8a6967ce
synthetic,syn-dependent_tuple_position_count-large-00,1209600,synthetic;stratified;stratum=dependent_tuple_position_count;family=dependent_tuple_position_count;difficulty=large;domain=16;variant=0;seed=20260811;operatorcount=2;constraintcount=2;depth=2;set;choose;tuple;position;count;dependent_configuration;outside_cola_fragment,stratified synthetic generator seed=20260811,syn-dependent_tuple_position_count-large-00.cfl,511850e3305a66a1e92f63d2e36c949ce782cfe4ee50a55edf145c5560963c9e
synthetic,syn-dependent_tuple_position_count-large-01,6350400,synthetic;stratified;stratum=dependent_tuple_position_count;family=dependent_tuple_position_count;difficulty=large;domain=16;variant=1;seed=20260811;operatorcount=2;constraintcount=2;depth=2;set;choose;tuple;position;count;dependent_configuration;outside_cola_fragment,stratified synthetic generator seed=20260811,syn-dependent_tuple_position_count-large-01.cfl,085f682f4858d161f4d2f39e4ab287dbadd13995adf962b7f323493aae80631e
synthetic,syn-dependent_tuple_position_count-large-02,1058400,synthetic;stratified;stratum=dependent_tuple_position_count;family=dependent_tuple_position_count;difficulty=large;domain=16;variant=2;seed=20260811;operatorcount=2;constraintcount=2;depth=2;set;choose;tuple;position;count;dependent_configuration;outside_cola_fragment,stratified synthetic generator seed=20260811,syn-dependent_tuple_position_count-large-02.cfl,d4509bdcde4b9c2d586eff5cc438ff9131be0ce474c61753d50a70bba3939074
synthetic,syn-dependent_tuple_position_count-large-03,118800,synthetic;stratified;stratum=dependent_tuple_position_count;family=dependent_tuple_position_count;difficulty=large;domain=16;variant=3;seed=20260811;operatorcount=2;constraintcount=2;depth=2;set;choose;tuple;position;count;dependent_configuration;outside_cola_fragment,stratified synthetic generator seed=20260811,syn-dependent_tuple_position_count-large-03.cfl,dba97008d23509f025fba4376c06549e9934be8ab34c3b01d6d7c1f5ee177633
synthetic,syn-dependent_tuple_position_count-large-04,514800,synthetic;stratified;stratum=dependent_tuple_position_count;family=dependent_tuple_position_count;difficulty=large;domain=16;variant=4;seed=20260811;operatorcount=2;constraintcount=2;depth=2;set;choose;tuple;position;count;dependent_configuration;outside_cola_fragment,stratified synthetic generator seed=20260811,syn-dependent_tuple_position_count-large-04.cfl,69f0de096f071d574b15ccc752b84c16755852ef7cbdf5c239a16681fcf43195
synthetic,syn-dependent_tuple_position_count-large-05,544320,synthetic;stratified;stratum=dependent_tuple_position_count;family=dependent_tuple_position_count;difficulty=large;domain=16;variant=5;seed=20260811;operatorcount=2;constraintcount=2;depth=2;set;choose;tuple;position;count;dependent_configuration;outside_cola_fragment,stratified synthetic generator seed=20260811,syn-dependent_tuple_position_count-large-05.cfl,44622ecaa0b8cf533aca6862cec28041a45f7d3230823d98cdafdcdc3e3f7a8f
synthetic,syn-dependent_tuple_position_count-large-06,33600,synthetic;stratified;stratum=dependent_tuple_position_count;family=dependent_tuple_position_count;difficulty=large;domain=16;variant=6;seed=20260811;operatorcount=2;constraintcount=2;depth=2;set;choose;tuple;position;count;dependent_configuration;outside_cola_fragment,stratified synthetic generator seed=20260811,syn-dependent_tuple_position_count-large-06.cfl,a10f7973f8bde8f43f9a7cd98e8013179a2770f83a1d016697ff34a13ed9b7ea
synthetic,syn-dependent_tuple_position_count-large-07,144000,synthetic;stratified;stratum=dependent_tuple_position_count;family=dependent_tuple_position_count;difficulty=large;domain=16;variant=7;seed=20260811;operatorcount=2;constraintcount=2;depth=2;set;choose;tuple;position;count;dependent_configuration;outside_cola_fragment,stratified synthetic generator seed=20260811,syn-dependent_tuple_position_count-large-07.cfl,23518048c1f9e761882a8488d01f270c752f7e0a15232f17d83f23a27247e65d
synthetic,syn-dependent_sequence_patterns-large-00,113400,synthetic;stratified;stratum=dependent_sequence_patterns;family=dependent_sequence_patterns;difficulty=large;domain=16;variant=0;seed=20260811;operatorcount=2;constraintcount=9;depth=2;set;choose;sequence;adjacency;order;dependent_configuration;outside_cola_fragment,stratified synthetic generator seed=20260811,syn-dependent_sequence_patterns-large-00.cfl,9352554a754d45f8da68690fc4442fbb3740e3349feca8b44e210a001d1176c9
synthetic,syn-dependent_sequence_patterns-large-01,60,synthetic;stratified;stratum=dependent_sequence_patterns;family=dependent_sequence_patterns;difficulty=large;domain=16;variant=1;seed=20260811;operatorcount=2;constraintcount=9;depth=2;set;choose;sequence;adjacency;order;dependent_configuration;outside_cola_fragment,stratified synthetic generator seed=20260811,syn-dependent_sequence_patterns-large-01.cfl,a24f0b2f4f150caf059b6c5cdc7329d4b5b1ad70282a89e532f70eb5e5179165
synthetic,syn-dependent_sequence_patterns-large-02,80640,synthetic;stratified;stratum=dependent_sequence_patterns;family=dependent_sequence_patterns;difficulty=large;domain=16;variant=2;seed=20260811;operatorcount=2;constraintcount=12;depth=2;set;choose;sequence;adjacency;order;dependent_configuration;outside_cola_fragment,stratified synthetic generator seed=20260811,syn-dependent_sequence_patterns-large-02.cfl,dd1e2addcb1d548f5eb1098d45cee4164dd243733dcf6e4a5343a82bbb48b95d
synthetic,syn-dependent_sequence_patterns-large-03,2419200,synthetic;stratified;stratum=dependent_sequence_patterns;family=dependent_sequence_patterns;difficulty=large;domain=16;variant=3;seed=20260811;operatorcount=2;constraintcount=9;depth=2;set;choose;sequence;adjacency;order;dependent_configuration;outside_cola_fragment,stratified synthetic generator seed=20260811,syn-dependent_sequence_patterns-large-03.cfl,01a3bcb2083e54fb987647848ed33e83cec9fc8be1f8f1b24fe89475370a2cab
synthetic,syn-dependent_sequence_patterns-large-04,113400,synthetic;stratified;stratum=dependent_sequence_patterns;family=dependent_sequence_patterns;difficulty=large;domain=16;variant=4;seed=20260811;operatorcount=2;constraintcount=9;depth=2;set;choose;sequence;adjacency;order;dependent_configuration;outside_cola_fragment,stratified synthetic generator seed=20260811,syn-dependent_sequence_patterns-large-04.cfl,1a5375d4f8e25387c0927310b8a1bd39438fc7a7edf97187b6e15d61ce0d113d
synthetic,syn-dependent_sequence_patterns-large-05,288,synthetic;stratified;stratum=dependent_sequence_patterns;family=dependent_sequence_patterns;difficulty=large;domain=16;variant=5;seed=20260811;operatorcount=2;constraintcount=6;depth=2;set;choose;sequence;adjacency;order;dependent_configuration;outside_cola_fragment,stratified synthetic generator seed=20260811,syn-dependent_sequence_patterns-large-05.cfl,db0b056bc8621657a6e85ed5c808f1d6db729ca3d3a51e86bf6668ac869fea8d
synthetic,syn-dependent_sequence_patterns-large-06,1260,synthetic;stratified;stratum=dependent_sequence_patterns;family=dependent_sequence_patterns;difficulty=large;domain=16;variant=6;seed=20260811;operatorcount=2;constraintcount=12;depth=2;set;choose;sequence;adjacency;order;dependent_configuration;outside_cola_fragment,stratified synthetic generator seed=20260811,syn-dependent_sequence_patterns-large-06.cfl,c78e6518596243822a5e55e482b4b6f648e964368b36dd00b13a8488a3d026ad
synthetic,syn-dependent_sequence_patterns-large-07,158400,synthetic;stratified;stratum=dependent_sequence_patterns;family=dependent_sequence_patterns;difficulty=large;domain=16;variant=7;seed=20260811;operatorcount=2;constraintcount=6;depth=2;set;choose;sequence;adjacency;order;dependent_configuration;outside_cola_fragment,stratified synthetic generator seed=20260811,syn-dependent_sequence_patterns-large-07.cfl,9453648c3763c6a2a633192600b58c1b1800376aa649d948c81af7e9a0cf4b59
synthetic,syn-dependent_partition_min_size-large-00,1441440,synthetic;stratified;stratum=dependent_partition_min_size;family=dependent_partition_min_size;difficulty=large;domain=16;variant=0;seed=20260811;operatorcount=2;constraintcount=1;depth=2;set;choose;partition;size;dependent_configuration;outside_cola_fragment,stratified synthetic generator seed=20260811,syn-dependent_partition_min_size-large-00.cfl,40c9c12281a30416d72b04495e424595ce7d5af5fc354932549dcc413b874ee3
synthetic,syn-dependent_partition_min_size-large-01,43680,synthetic;stratified;stratum=dependent_partition_min_size;family=dependent_partition_min_size;difficulty=large;domain=16;variant=1;seed=20260811;operatorcount=2;constraintcount=1;depth=2;set;choose;partition;size;dependent_configuration;outside_cola_fragment,stratified synthetic generator seed=20260811,syn-dependent_partition_min_size-large-01.cfl,472006e1acabf97d74b8007faf01e8fd1b1055096d205bae7269c7b5a4a426aa
synthetic,syn-dependent_partition_min_size-large-02,273112840,synthetic;stratified;stratum=dependent_partition_min_size;family=dependent_partition_min_size;difficulty=large;domain=16;variant=2;seed=20260811;operatorcount=2;constraintcount=1;depth=2;set;choose;partition;size;dependent_configuration;outside_cola_fragment,stratified synthetic generator seed=20260811,syn-dependent_partition_min_size-large-02.cfl,239c879f86cf3ab17a4ffb1f50d3de16d10afb226972e6d7c5c84a04ec2c5989
synthetic,syn-dependent_partition_min_size-large-03,124492368,synthetic;stratified;stratum=dependent_partition_min_size;family=dependent_partition_min_size;difficulty=large;domain=16;variant=3;seed=20260811;operatorcount=2;constraintcount=1;depth=2;set;choose;partition;size;dependent_configuration;outside_cola_fragment,stratified synthetic generator seed=20260811,syn-dependent_partition_min_size-large-03.cfl,6dc6c6c3842603c474dbc72ac8aada38425aff6448784b100cc55b1c412fb88c
synthetic,syn-dependent_partition_min_size-large-04,3443440,synthetic;stratified;stratum=dependent_partition_min_size;family=dependent_partition_min_size;difficulty=large;domain=16;variant=4;seed=20260811;operatorcount=2;constraintcount=1;depth=2;set;choose;partition;size;dependent_configuration;outside_cola_fragment,stratified synthetic generator seed=20260811,syn-dependent_partition_min_size-large-04.cfl,73daa93f280ca7669cf23b15a2b108e0d2d18f3d02c171e2addfea8499195039
synthetic,syn-dependent_partition_min_size-large-05,1171170,synthetic;stratified;stratum=dependent_partition_min_size;family=dependent_partition_min_size;difficulty=large;domain=16;variant=5;seed=20260811;operatorcount=2;constraintcount=1;depth=2;set;choose;partition;size;dependent_configuration;outside_cola_fragment,stratified synthetic generator seed=20260811,syn-dependent_partition_min_size-large-05.cfl,16541d94ffe97db8b4537c03a48471ad468019c930cbc4d98ff058dfc50e62c8
synthetic,syn-dependent_partition_min_size-large-06,75675600,synthetic;stratified;stratum=dependent_partition_min_size;family=dependent_partition_min_size;difficulty=large;domain=16;variant=6;seed=20260811;operatorcount=2;constraintcount=1;depth=2;set;choose;partition;size;dependent_configuration;outside_cola_fragment,stratified synthetic generator seed=20260811,syn-dependent_partition_min_size-large-06.cfl,f71f1a956c86e8d844d3c03924416ed40b90cd0b886e7d41190add8e8ed185e8
synthetic,syn-dependent_partition_min_size-large-07,34606000,synthetic;stratified;stratum=dependent_partition_min_size;family=dependent_partition_min_size;difficulty=large;domain=16;variant=7;seed=20260811;operatorcount=2;constraintcount=1;depth=2;set;choose;partition;size;dependent_configuration;outside_cola_fragment,stratified synthetic generator seed=20260811,syn-dependent_partition_min_size-large-07.cfl,d34d1ef05603b4f74d98c9e86a0dfd169aa2c943bdf1face7d9aff7daffa1729
synthetic,syn-dependent_composition_sizes-large-00,17297280,synthetic;stratified;stratum=dependent_composition_sizes;family=dependent_composition_sizes;difficulty=large;domain=16;variant=0;seed=20260811;operatorcount=2;constraintcount=4;depth=2;set;choose;composition;size;dependent_configuration;outside_cola_fragment,stratified synthetic generator seed=20260811,syn-dependent_composition_sizes-large-00.cfl,ae0aa5d4b4468b0f92e9d9c0ff1734f012122ddcdf2a614fb42119dde6239669
synthetic,syn-dependent_composition_sizes-large-01,605404800,synthetic;stratified;stratum=dependent_composition_sizes;family=dependent_composition_sizes;difficulty=large;domain=16;variant=1;seed=20260811;operatorcount=2;constraintcount=5;depth=2;set;choose;composition;size;dependent_configuration;outside_cola_fragment,stratified synthetic generator seed=20260811,syn-dependent_composition_sizes-large-01.cfl,445e30c6f30681a0283b903b14efb6978e3dd50e97cfd4863d55b872fd7ef557
synthetic,syn-dependent_composition_sizes-large-02,1816214400,synthetic;stratified;stratum=dependent_composition_sizes;family=dependent_composition_sizes;difficulty=large;domain=16;variant=2;seed=20260811;operatorcount=2;constraintcount=5;depth=2;set;choose;composition;size;dependent_configuration;outside_cola_fragment,stratified synthetic generator seed=20260811,syn-dependent_composition_sizes-large-02.cfl,9182953c0b405266d7198b654d101530fa9dca086c42752c79bdbfda7481ba73
synthetic,syn-dependent_composition_sizes-large-03,2882880,synthetic;stratified;stratum=dependent_composition_sizes;family=dependent_composition_sizes;difficulty=large;domain=16;variant=3;seed=20260811;operatorcount=2;constraintcount=5;depth=2;set;choose;composition;size;dependent_configuration;outside_cola_fragment,stratified synthetic generator seed=20260811,syn-dependent_composition_sizes-large-03.cfl,5ba4710cf1d82294ec952ec2deb5c4c31554d4a4d135773e855b40b4d45b7df0
synthetic,syn-dependent_composition_sizes-large-04,5765760,synthetic;stratified;stratum=dependent_composition_sizes;family=dependent_composition_sizes;difficulty=large;domain=16;variant=4;seed=20260811;operatorcount=2;constraintcount=3;depth=2;set;choose;composition;size;dependent_configuration;outside_cola_fragment,stratified synthetic generator seed=20260811,syn-dependent_composition_sizes-large-04.cfl,666483dae36d2c460c9b0de2e5bd6995b938e2da8e55a4a0df3cf0caa7af904a
synthetic,syn-dependent_composition_sizes-large-05,43243200,synthetic;stratified;stratum=dependent_composition_sizes;family=dependent_composition_sizes;difficulty=large;domain=16;variant=5;seed=20260811;operatorcount=2;constraintcount=5;depth=2;set;choose;composition;size;dependent_configuration;outside_cola_fragment,stratified synthetic generator seed=20260811,syn-dependent_composition_sizes-large-05.cfl,a2655bb84f91235f9d35a8aa3d34783163bde1d4322c1700641b676f1b28551f
synthetic,syn-dependent_composition_sizes-large-06,960960,synthetic;stratified;stratum=dependent_composition_sizes;family=dependent_composition_sizes;difficulty=large;domain=16;variant=6;seed=20260811;operatorcount=2;constraintcount=2;depth=2;set;choose;composition;size;dependent_configuration;outside_cola_fragment,stratified synthetic generator seed=20260811,syn-dependent_composition_sizes-large-06.cfl,a86ed4c8c8d1009732b4339784581288c83a81b40f4b3a1add0466aab6f3630f
synthetic,syn-dependent_composition_sizes-large-07,28828800,synthetic;stratified;stratum=dependent_composition_sizes;family=dependent_composition_sizes;difficulty=large;domain=16;variant=7;seed=20260811;operatorcount=2;constraintcount=4;depth=2;set;choose;composition;size;dependent_configuration;outside_cola_fragment,stratified synthetic generator seed=20260811,syn-dependent_composition_sizes-large-07.cfl,14d08c70027c35a60b65353ac29d86a3580ba11fee10ebb95c495a9df540bf7f
synthetic,syn-dependent_bag_tuple-large-00,655200,synthetic;stratified;stratum=dependent_bag_tuple;family=dependent_bag_tuple;difficulty=large;domain=16;variant=0;seed=20260811;operatorcount=3;constraintcount=1;depth=2;bag;choose;tuple;set;membership;decomposition;dependent_configuration;outside_cola_fragment,stratified synthetic generator seed=20260811,syn-dependent_bag_tuple-large-00.cfl,23618c1b612043722172cd35e6b04e4a7b658bc7d8cc08df049675c1bcc8538f
synthetic,syn-dependent_bag_tuple-large-01,764400,synthetic;stratified;stratum=dependent_bag_tuple;family=dependent_bag_tuple;difficulty=large;domain=16;variant=1;seed=20260811;operatorcount=3;constraintcount=1;depth=2;bag;choose;tuple;set;membership;decomposition;dependent_configuration;outside_cola_fragment,stratified synthetic generator seed=20260811,syn-dependent_bag_tuple-large-01.cfl,29e66ab9b517ad406fa917b343ad1daf5b64edc3a2d6796985509200527846fc
synthetic,syn-dependent_bag_tuple-large-02,21840,synthetic;stratified;stratum=dependent_bag_tuple;family=dependent_bag_tuple;difficulty=large;domain=16;variant=2;seed=20260811;operatorcount=3;constraintcount=1;depth=2;bag;choose;tuple;set;membership;decomposition;dependent_configuration;outside_cola_fragment,stratified synthetic generator seed=20260811,syn-dependent_bag_tuple-large-02.cfl,4313282b0a316d801f3cbef56b737eb274c7209781fd4a79bda87bfd9de0978b
synthetic,syn-dependent_bag_tuple-large-03,16800,synthetic;stratified;stratum=dependent_bag_tuple;family=dependent_bag_tuple;difficulty=large;domain=16;variant=3;seed=20260811;operatorcount=3;constraintcount=1;depth=2;bag;choose;tuple;set;membership;decomposition;dependent_configuration;outside_cola_fragment,stratified synthetic generator seed=20260811,syn-dependent_bag_tuple-large-03.cfl,94bbf45bc0164ecfef23e15b23c896b932124f5eca165bdc6397e066692f272a
synthetic,syn-dependent_bag_tuple-large-04,514800,synthetic;stratified;stratum=dependent_bag_tuple;family=dependent_bag_tuple;difficulty=large;domain=16;variant=4;seed=20260811;operatorcount=3;constraintcount=1;depth=2;bag;choose;tuple;set;membership;decomposition;dependent_configuration;outside_cola_fragment,stratified synthetic generator seed=20260811,syn-dependent_bag_tuple-large-04.cfl,dd65e1efcc01de9b2d466a82d6452d43a1c803ca487b739e4e32208abb9dd7e2
synthetic,syn-dependent_bag_tuple-large-05,288288,synthetic;stratified;stratum=dependent_bag_tuple;family=dependent_bag_tuple;difficulty=large;domain=16;variant=5;seed=20260811;operatorcount=3;constraintcount=1;depth=2;bag;choose;tuple;set;membership;decomposition;dependent_configuration;outside_cola_fragment,stratified synthetic generator seed=20260811,syn-dependent_bag_tuple-large-05.cfl,4681f7ece5bef2c2dccbe5865d8841dd0a820ad3b25df2ea20ef8e0d50ecf2eb
synthetic,syn-dependent_bag_tuple-large-06,327600,synthetic;stratified;stratum=dependent_bag_tuple;family=dependent_bag_tuple;difficulty=large;domain=16;variant=6;seed=20260811;operatorcount=3;constraintcount=1;depth=2;bag;choose;tuple;set;membership;decomposition;dependent_configuration;outside_cola_fragment,stratified synthetic generator seed=20260811,syn-dependent_bag_tuple-large-06.cfl,150888a678872c8dbe38879286ea1ea5093fe3bf7d91154ecf3915c327c6bf10
synthetic,syn-dependent_bag_tuple-large-07,43680,synthetic;stratified;stratum=dependent_bag_tuple;family=dependent_bag_tuple;difficulty=large;domain=16;variant=7;seed=20260811;operatorcount=3;constraintcount=1;depth=2;bag;choose;tuple;set;membership;decomposition;dependent_configuration;outside_cola_fragment,stratified synthetic generator seed=20260811,syn-dependent_bag_tuple-large-07.cfl,a826829d38f5c4cc3fad056602c24feef899b57d005940bdc0e52db63fbbcd20
synthetic,syn-nested_choice_chain-large-00,5460,synthetic;stratified;stratum=nested_choice_chain;family=nested_choice_chain;difficulty=large;domain=16;variant=0;seed=20260811;operatorcount=3;constraintcount=1;depth=3;set;choose;membership;dependent_configuration;outside_cola_fragment,stratified synthetic generator seed=20260811,syn-nested_choice_chain-large-00.cfl,37cb4cce264b2940ca2619e916285a8e8ed11955019496fb2ae7aab9ac744cfc
synthetic,syn-nested_choice_chain-large-01,360360,synthetic;stratified;stratum=nested_choice_chain;family=nested_choice_chain;difficulty=large;domain=16;variant=1;seed=20260811;operatorcount=3;constraintcount=1;depth=3;set;choose;membership;dependent_configuration;outside_cola_fragment,stratified synthetic generator seed=20260811,syn-nested_choice_chain-large-01.cfl,06ce02afdde8c6ba7c3374d67ec40c530451e331e627784af5008ebd175e60b3
synthetic,syn-nested_choice_chain-large-02,1081080,synthetic;stratified;stratum=nested_choice_chain;family=nested_choice_chain;difficulty=large;domain=16;variant=2;seed=20260811;operatorcount=3;constraintcount=1;depth=3;set;choose;membership;dependent_configuration;outside_cola_fragment,stratified synthetic generator seed=20260811,syn-nested_choice_chain-large-02.cfl,deaaf2ede78cca893b50de9138a14d5060df052ca8b71fa88172f9e94d1309bb
synthetic,syn-nested_choice_chain-large-03,180180,synthetic;stratified;stratum=nested_choice_chain;family=nested_choice_chain;difficulty=large;domain=16;variant=3;seed=20260811;operatorcount=3;constraintcount=1;depth=3;set;choose;membership;dependent_configuration;outside_cola_fragment,stratified synthetic generator seed=20260811,syn-nested_choice_chain-large-03.cfl,a6728d1109159aaf03583494d1e53f664227f895afb27797691ab5b736a9f232
synthetic,syn-nested_choice_chain-large-04,40950,synthetic;stratified;stratum=nested_choice_chain;family=nested_choice_chain;difficulty=large;domain=16;variant=4;seed=20260811;operatorcount=3;constraintcount=1;depth=3;set;choose;membership;dependent_configuration;outside_cola_fragment,stratified synthetic generator seed=20260811,syn-nested_choice_chain-large-04.cfl,a053468f055a6d9006e36c831f80f7f17ff96a28690db7a71871a73afc8952e3
synthetic,syn-nested_choice_chain-large-05,1621620,synthetic;stratified;stratum=nested_choice_chain;family=nested_choice_chain;difficulty=large;domain=16;variant=5;seed=20260811;operatorcount=3;constraintcount=1;depth=3;set;choose;membership;dependent_configuration;outside_cola_fragment,stratified synthetic generator seed=20260811,syn-nested_choice_chain-large-05.cfl,e649bdc3e9251b3b9608c103df2d4314a137efafca3e4c05d119fb8a23ed5e16
synthetic,syn-nested_choice_chain-large-06,27300,synthetic;stratified;stratum=nested_choice_chain;family=nested_choice_chain;difficulty=large;domain=16;variant=6;seed=20260811;operatorcount=3;constraintcount=1;depth=3;set;choose;membership;dependent_configuration;outside_cola_fragment,stratified synthetic generator seed=20260811,syn-nested_choice_chain-large-06.cfl,fe559363557c3788cfa797876299832961353d44515e2aa787743e401b2fca1f
synthetic,syn-nested_choice_chain-large-07,525525,synthetic;stratified;stratum=nested_choice_chain;family=nested_choice_chain;difficulty=large;domain=16;variant=7;seed=20260811;operatorcount=3;constraintcount=1;depth=3;set;choose;membership;dependent_configuration;outside_cola_fragment,stratified synthetic generator seed=20260811,syn-nested_choice_chain-large-07.cfl,8818c40b9707b9f6f82478712db890dc59923cf12565c0335d104772bf1efda3
synthetic,syn-dependent_selected_subsets-large-00,2882880,synthetic;stratified;stratum=dependent_selected_subsets;family=dependent_selected_subsets;difficulty=large;domain=16;variant=0;seed=20260811;operatorcount=3;constraintcount=1;depth=2;set;choose;disjoint;dependent_configuration;outside_cola_fragment,stratified synthetic generator seed=20260811,syn-dependent_selected_subsets-large-00.cfl,41d48a25b9a7b60a3b71d0fc2be5bb33dd044630a38fb3fcef578db8f121295b
synthetic,syn-dependent_selected_subsets-large-01,240240,synthetic;stratified;stratum=dependent_selected_subsets;family=dependent_selected_subsets;difficulty=large;domain=16;variant=1;seed=20260811;operatorcount=3;constraintcount=1;depth=2;set;choose;disjoint;dependent_configuration;outside_cola_fragment,stratified synthetic generator seed=20260811,syn-dependent_selected_subsets-large-01.cfl,e316d158f435ef0d119c5c9b09e59f0816d2f0d28e8f062e0f09f1f975d08918
synthetic,syn-dependent_selected_subsets-large-02,2402400,synthetic;stratified;stratum=dependent_selected_subsets;family=dependent_selected_subsets;difficulty=large;domain=16;variant=2;seed=20260811;operatorcount=3;constraintcount=1;depth=2;set;choose;disjoint;dependent_configuration;outside_cola_fragment,stratified synthetic generator seed=20260811,syn-dependent_selected_subsets-large-02.cfl,69837c38ea14375cdeae9e0d48c9f08761768944026f8887095d3f6314c94c87
synthetic,syn-dependent_selected_subsets-large-03,480480,synthetic;stratified;stratum=dependent_selected_subsets;family=dependent_selected_subsets;difficulty=large;domain=16;variant=3;seed=20260811;operatorcount=3;constraintcount=1;depth=2;set;choose;disjoint;dependent_configuration;outside_cola_fragment,stratified synthetic generator seed=20260811,syn-dependent_selected_subsets-large-03.cfl,ec0285c4b264189fdfda53c042e3176df58a099be934ea8786b5e0c3725e6394
synthetic,syn-dependent_selected_subsets-large-04,1601600,synthetic;stratified;stratum=dependent_selected_subsets;family=dependent_selected_subsets;difficulty=large;domain=16;variant=4;seed=20260811;operatorcount=3;constraintcount=1;depth=2;set;choose;disjoint;dependent_configuration;outside_cola_fragment,stratified synthetic generator seed=20260811,syn-dependent_selected_subsets-large-04.cfl,9817c1228a76f260979329de118307281d75bc137197825132cbbeb350b68af2
synthetic,syn-dependent_selected_subsets-large-05,2882880,synthetic;stratified;stratum=dependent_selected_subsets;family=dependent_selected_subsets;difficulty=large;domain=16;variant=5;seed=20260811;operatorcount=3;constraintcount=1;depth=2;set;choose;disjoint;dependent_configuration;outside_cola_fragment,stratified synthetic generator seed=20260811,syn-dependent_selected_subsets-large-05.cfl,3b3cf33cc0a5e4a985a00c55d95ed0164d4495a366f099609cdb56ec5266887a
synthetic,syn-dependent_selected_subsets-large-06,240240,synthetic;stratified;stratum=dependent_selected_subsets;family=dependent_selected_subsets;difficulty=large;domain=16;variant=6;seed=20260811;operatorcount=3;constraintcount=1;depth=2;set;choose;disjoint;dependent_configuration;outside_cola_fragment,stratified synthetic generator seed=20260811,syn-dependent_selected_subsets-large-06.cfl,04bb319bc46800e58281f0f5b6de502583f430bb1e84f83c37330f8ce1a95a0d
synthetic,syn-dependent_selected_subsets-large-07,480480,synthetic;stratified;stratum=dependent_selected_subsets;family=dependent_selected_subsets;difficulty=large;domain=16;variant=7;seed=20260811;operatorcount=3;constraintcount=1;depth=2;set;choose;disjoint;dependent_configuration;outside_cola_fragment,stratified synthetic generator seed=20260811,syn-dependent_selected_subsets-large-07.cfl,c150c3514d1038fc878b79feeb6d48ba2af945cc4fe475b78fa97e17c4774a69
