suite,case_id,backend,status,result,expected,elapsed_sec,error_type,error_message,tags,source
synthetic,entitycount-10-operatorcount-1-constraintcount-0-0d34b0a7cd86b50e,wfomc,solved,120,120,0.235230,,,synthetic;family=entitycount-10-operatorcount-1-constraintcount-0;entitycount=10;operatorcount=1;constraintcount=0;depth=1,problems/benchmarks/synthetic/manifest.json
synthetic,entitycount-10-operatorcount-1-constraintcount-0-0d34b0a7cd86b50e,propositionalwfomc,error,,120,0.234172,GanakError,ganak exited with code 255,synthetic;family=entitycount-10-operatorcount-1-constraintcount-0;entitycount=10;operatorcount=1;constraintcount=0;depth=1,problems/benchmarks/synthetic/manifest.json
synthetic,entitycount-10-operatorcount-1-constraintcount-0-0d34b0a7cd86b50e,coso,solved,120,120,0.124190,,,synthetic;family=entitycount-10-operatorcount-1-constraintcount-0;entitycount=10;operatorcount=1;constraintcount=0;depth=1,problems/benchmarks/synthetic/manifest.json
synthetic,entitycount-10-operatorcount-1-constraintcount-0-0d34b0a7cd86b50e,asp,solved,120,120,0.127395,,,synthetic;family=entitycount-10-operatorcount-1-constraintcount-0;entitycount=10;operatorcount=1;constraintcount=0;depth=1,problems/benchmarks/synthetic/manifest.json
synthetic,entitycount-10-operatorcount-1-constraintcount-0-0d34b0a7cd86b50e,essence,solved,120,120,1.916142,,,synthetic;family=entitycount-10-operatorcount-1-constraintcount-0;entitycount=10;operatorcount=1;constraintcount=0;depth=1,problems/benchmarks/synthetic/manifest.json
synthetic,entitycount-10-operatorcount-1-constraintcount-0-d4483e8ad18aedcd,wfomc,solved,181440,181440,0.207846,,,synthetic;family=entitycount-10-operatorcount-1-constraintcount-0;entitycount=10;operatorcount=1;constraintcount=0;depth=1,problems/benchmarks/synthetic/manifest.json
synthetic,entitycount-10-operatorcount-1-constraintcount-0-d4483e8ad18aedcd,propositionalwfomc,error,,181440,0.325001,GanakError,ganak exited with code 255,synthetic;family=entitycount-10-operatorcount-1-constraintcount-0;entitycount=10;operatorcount=1;constraintcount=0;depth=1,problems/benchmarks/synthetic/manifest.json
synthetic,entitycount-10-operatorcount-1-constraintcount-0-d4483e8ad18aedcd,coso,error,,181440,0.128996,CoSoEncodingError,CoSo backend does not support Cofola circle objects.,synthetic;family=entitycount-10-operatorcount-1-constraintcount-0;entitycount=10;operatorcount=1;constraintcount=0;depth=1,problems/benchmarks/synthetic/manifest.json
synthetic,entitycount-10-operatorcount-1-constraintcount-0-d4483e8ad18aedcd,asp,unsolved,,181440,0.111222,CoSoEncodingError,CoSo backend does not support Cofola circle objects.,synthetic;family=entitycount-10-operatorcount-1-constraintcount-0;entitycount=10;operatorcount=1;constraintcount=0;depth=1,problems/benchmarks/synthetic/manifest.json
synthetic,entitycount-10-operatorcount-1-constraintcount-0-d4483e8ad18aedcd,essence,unsolved,,181440,0.111135,CoSoEncodingError,CoSo backend does not support Cofola circle objects.,synthetic;family=entitycount-10-operatorcount-1-constraintcount-0;entitycount=10;operatorcount=1;constraintcount=0;depth=1,problems/benchmarks/synthetic/manifest.json
synthetic,entitycount-10-operatorcount-1-constraintcount-1-086334d2e41765e0,wfomc,solved,0,0,5.523860,,,synthetic;family=entitycount-10-operatorcount-1-constraintcount-1;entitycount=10;operatorcount=1;constraintcount=1;depth=1,problems/benchmarks/synthetic/manifest.json
synthetic,entitycount-10-operatorcount-1-constraintcount-1-086334d2e41765e0,propositionalwfomc,error,,0,15.161072,GanakError,ganak exited with code 255,synthetic;family=entitycount-10-operatorcount-1-constraintcount-1;entitycount=10;operatorcount=1;constraintcount=1;depth=1,problems/benchmarks/synthetic/manifest.json
synthetic,entitycount-10-operatorcount-1-constraintcount-1-086334d2e41765e0,coso,solved,0,0,0.305061,,,synthetic;family=entitycount-10-operatorcount-1-constraintcount-1;entitycount=10;operatorcount=1;constraintcount=1;depth=1,problems/benchmarks/synthetic/manifest.json
synthetic,entitycount-10-operatorcount-1-constraintcount-1-086334d2e41765e0,asp,unsolved,,0,0.171225,BaselineUnsupportedError,ASP baseline translator does not support partition.,synthetic;family=entitycount-10-operatorcount-1-constraintcount-1;entitycount=10;operatorcount=1;constraintcount=1;depth=1,problems/benchmarks/synthetic/manifest.json
synthetic,entitycount-10-operatorcount-1-constraintcount-1-086334d2e41765e0,essence,unsolved,1,0,0.694935,WrongAnswer,"expected 0, got 1",synthetic;family=entitycount-10-operatorcount-1-constraintcount-1;entitycount=10;operatorcount=1;constraintcount=1;depth=1,problems/benchmarks/synthetic/manifest.json
synthetic,entitycount-10-operatorcount-1-constraintcount-2-0e826c127e923b9f,wfomc,solved,0,0,3.689610,,,synthetic;family=entitycount-10-operatorcount-1-constraintcount-2;entitycount=10;operatorcount=1;constraintcount=2;depth=1,problems/benchmarks/synthetic/manifest.json
synthetic,entitycount-10-operatorcount-1-constraintcount-2-0e826c127e923b9f,propositionalwfomc,error,,0,12.866453,GanakError,ganak exited with code 255,synthetic;family=entitycount-10-operatorcount-1-constraintcount-2;entitycount=10;operatorcount=1;constraintcount=2;depth=1,problems/benchmarks/synthetic/manifest.json
synthetic,entitycount-10-operatorcount-1-constraintcount-2-0e826c127e923b9f,coso,error,,0,0.130334,CoSoEncodingError,CoSo backend does not support Cofola sequence objects; use TupleDef/tuple(...) for CoSo-compatible ordered arrangements.,synthetic;family=entitycount-10-operatorcount-1-constraintcount-2;entitycount=10;operatorcount=1;constraintcount=2;depth=1,problems/benchmarks/synthetic/manifest.json
synthetic,entitycount-10-operatorcount-1-constraintcount-2-0e826c127e923b9f,asp,unsolved,,0,0.112437,CoSoEncodingError,CoSo backend does not support Cofola sequence objects; use TupleDef/tuple(...) for CoSo-compatible ordered arrangements.,synthetic;family=entitycount-10-operatorcount-1-constraintcount-2;entitycount=10;operatorcount=1;constraintcount=2;depth=1,problems/benchmarks/synthetic/manifest.json
synthetic,entitycount-10-operatorcount-1-constraintcount-2-0e826c127e923b9f,essence,unsolved,,0,0.112420,CoSoEncodingError,CoSo backend does not support Cofola sequence objects; use TupleDef/tuple(...) for CoSo-compatible ordered arrangements.,synthetic;family=entitycount-10-operatorcount-1-constraintcount-2;entitycount=10;operatorcount=1;constraintcount=2;depth=1,problems/benchmarks/synthetic/manifest.json
synthetic,entitycount-10-operatorcount-1-constraintcount-2-548d090cc7d3ca13,wfomc,solved,0,0,0.274847,,,synthetic;family=entitycount-10-operatorcount-1-constraintcount-2;entitycount=10;operatorcount=1;constraintcount=2;depth=1,problems/benchmarks/synthetic/manifest.json
synthetic,entitycount-10-operatorcount-1-constraintcount-2-548d090cc7d3ca13,propositionalwfomc,error,,0,0.377491,GanakError,ganak exited with code 255,synthetic;family=entitycount-10-operatorcount-1-constraintcount-2;entitycount=10;operatorcount=1;constraintcount=2;depth=1,problems/benchmarks/synthetic/manifest.json
synthetic,entitycount-10-operatorcount-1-constraintcount-2-548d090cc7d3ca13,coso,error,,0,0.186229,AttributeError,'Zero' object has no attribute 'count',synthetic;family=entitycount-10-operatorcount-1-constraintcount-2;entitycount=10;operatorcount=1;constraintcount=2;depth=1,problems/benchmarks/synthetic/manifest.json
synthetic,entitycount-10-operatorcount-1-constraintcount-2-548d090cc7d3ca13,asp,solved,0,0,0.133371,,,synthetic;family=entitycount-10-operatorcount-1-constraintcount-2;entitycount=10;operatorcount=1;constraintcount=2;depth=1,problems/benchmarks/synthetic/manifest.json
synthetic,entitycount-10-operatorcount-1-constraintcount-2-548d090cc7d3ca13,essence,unsolved,,0,3.601785,RuntimeError,Conjure did not produce model000001.solutions,synthetic;family=entitycount-10-operatorcount-1-constraintcount-2;entitycount=10;operatorcount=1;constraintcount=2;depth=1,problems/benchmarks/synthetic/manifest.json
synthetic,entitycount-10-operatorcount-1-constraintcount-2-72cc68ec10a74a9d,wfomc,solved,120,120,4.614490,,,synthetic;family=entitycount-10-operatorcount-1-constraintcount-2;entitycount=10;operatorcount=1;constraintcount=2;depth=1,problems/benchmarks/synthetic/manifest.json
synthetic,entitycount-10-operatorcount-1-constraintcount-2-72cc68ec10a74a9d,propositionalwfomc,error,,120,4.060693,GanakError,ganak exited with code 255,synthetic;family=entitycount-10-operatorcount-1-constraintcount-2;entitycount=10;operatorcount=1;constraintcount=2;depth=1,problems/benchmarks/synthetic/manifest.json
synthetic,entitycount-10-operatorcount-1-constraintcount-2-72cc68ec10a74a9d,coso,solved,120,120,0.220512,,,synthetic;family=entitycount-10-operatorcount-1-constraintcount-2;entitycount=10;operatorcount=1;constraintcount=2;depth=1,problems/benchmarks/synthetic/manifest.json
synthetic,entitycount-10-operatorcount-1-constraintcount-2-72cc68ec10a74a9d,asp,unsolved,,120,0.181392,BaselineUnsupportedError,ASP baseline translator does not support partition.,synthetic;family=entitycount-10-operatorcount-1-constraintcount-2;entitycount=10;operatorcount=1;constraintcount=2;depth=1,problems/benchmarks/synthetic/manifest.json
synthetic,entitycount-10-operatorcount-1-constraintcount-2-72cc68ec10a74a9d,essence,unsolved,1,120,0.743626,WrongAnswer,"expected 120, got 1",synthetic;family=entitycount-10-operatorcount-1-constraintcount-2;entitycount=10;operatorcount=1;constraintcount=2;depth=1,problems/benchmarks/synthetic/manifest.json
synthetic,entitycount-10-operatorcount-1-constraintcount-3-cbc3f81af23a8a58,wfomc,solved,287280,287280,1.179084,,,synthetic;family=entitycount-10-operatorcount-1-constraintcount-3;entitycount=10;operatorcount=1;constraintcount=3;depth=1,problems/benchmarks/synthetic/manifest.json
synthetic,entitycount-10-operatorcount-1-constraintcount-3-cbc3f81af23a8a58,propositionalwfomc,error,,287280,8.035790,GanakError,ganak exited with code 255,synthetic;family=entitycount-10-operatorcount-1-constraintcount-3;entitycount=10;operatorcount=1;constraintcount=3;depth=1,problems/benchmarks/synthetic/manifest.json
synthetic,entitycount-10-operatorcount-1-constraintcount-3-cbc3f81af23a8a58,coso,solved,287280,287280,1.595489,,,synthetic;family=entitycount-10-operatorcount-1-constraintcount-3;entitycount=10;operatorcount=1;constraintcount=3;depth=1,problems/benchmarks/synthetic/manifest.json
synthetic,entitycount-10-operatorcount-1-constraintcount-3-cbc3f81af23a8a58,asp,unsolved,,287280,100.105751,TimeoutError,Timed out after 100.000s,synthetic;family=entitycount-10-operatorcount-1-constraintcount-3;entitycount=10;operatorcount=1;constraintcount=3;depth=1,problems/benchmarks/synthetic/manifest.json
synthetic,entitycount-10-operatorcount-1-constraintcount-3-cbc3f81af23a8a58,essence,unsolved,,287280,100.068597,TimeoutError,Timed out after 100.000s,synthetic;family=entitycount-10-operatorcount-1-constraintcount-3;entitycount=10;operatorcount=1;constraintcount=3;depth=1,problems/benchmarks/synthetic/manifest.json
synthetic,entitycount-10-operatorcount-1-constraintcount-3-d04ee9577fe15b87,wfomc,solved,2656080,2656080,1.265551,,,synthetic;family=entitycount-10-operatorcount-1-constraintcount-3;entitycount=10;operatorcount=1;constraintcount=3;depth=1,problems/benchmarks/synthetic/manifest.json
synthetic,entitycount-10-operatorcount-1-constraintcount-3-d04ee9577fe15b87,propositionalwfomc,error,,2656080,10.195308,GanakError,ganak exited with code 255,synthetic;family=entitycount-10-operatorcount-1-constraintcount-3;entitycount=10;operatorcount=1;constraintcount=3;depth=1,problems/benchmarks/synthetic/manifest.json
synthetic,entitycount-10-operatorcount-1-constraintcount-3-d04ee9577fe15b87,coso,solved,2656080,2656080,2.695237,,,synthetic;family=entitycount-10-operatorcount-1-constraintcount-3;entitycount=10;operatorcount=1;constraintcount=3;depth=1,problems/benchmarks/synthetic/manifest.json
synthetic,entitycount-10-operatorcount-1-constraintcount-3-d04ee9577fe15b87,asp,unsolved,,2656080,100.100632,TimeoutError,Timed out after 100.000s,synthetic;family=entitycount-10-operatorcount-1-constraintcount-3;entitycount=10;operatorcount=1;constraintcount=3;depth=1,problems/benchmarks/synthetic/manifest.json
synthetic,entitycount-10-operatorcount-1-constraintcount-3-d04ee9577fe15b87,essence,unsolved,,2656080,100.105028,TimeoutError,Timed out after 100.000s,synthetic;family=entitycount-10-operatorcount-1-constraintcount-3;entitycount=10;operatorcount=1;constraintcount=3;depth=1,problems/benchmarks/synthetic/manifest.json
synthetic,entitycount-10-operatorcount-2-constraintcount-0-6def0a7f56d2b092,wfomc,solved,98420000,98420000,23.913142,,,synthetic;family=entitycount-10-operatorcount-2-constraintcount-0;entitycount=10;operatorcount=2;constraintcount=0;depth=1,problems/benchmarks/synthetic/manifest.json
synthetic,entitycount-10-operatorcount-2-constraintcount-0-6def0a7f56d2b092,propositionalwfomc,error,,98420000,30.408545,GanakError,ganak exited with code 255,synthetic;family=entitycount-10-operatorcount-2-constraintcount-0;entitycount=10;operatorcount=2;constraintcount=0;depth=1,problems/benchmarks/synthetic/manifest.json
synthetic,entitycount-10-operatorcount-2-constraintcount-0-6def0a7f56d2b092,coso,wrong,9842,98420000,0.598261,WrongAnswer,"expected 98420000, got 9842",synthetic;family=entitycount-10-operatorcount-2-constraintcount-0;entitycount=10;operatorcount=2;constraintcount=0;depth=1,problems/benchmarks/synthetic/manifest.json
synthetic,entitycount-10-operatorcount-2-constraintcount-0-6def0a7f56d2b092,asp,unsolved,,98420000,0.128077,CoSoEncodingError,"CoSo backend supports exactly one target configuration per component; found 2 (choose_replace_sequence_0, partition_0).",synthetic;family=entitycount-10-operatorcount-2-constraintcount-0;entitycount=10;operatorcount=2;constraintcount=0;depth=1,problems/benchmarks/synthetic/manifest.json
synthetic,entitycount-10-operatorcount-2-constraintcount-0-6def0a7f56d2b092,essence,unsolved,,98420000,0.124471,CoSoEncodingError,"CoSo backend supports exactly one target configuration per component; found 2 (choose_replace_sequence_0, partition_0).",synthetic;family=entitycount-10-operatorcount-2-constraintcount-0;entitycount=10;operatorcount=2;constraintcount=0;depth=1,problems/benchmarks/synthetic/manifest.json
synthetic,entitycount-10-operatorcount-2-constraintcount-1-186ea0802266995e,wfomc,solved,1448500838400000,1448500838400000,10.806986,,,synthetic;family=entitycount-10-operatorcount-2-constraintcount-1;entitycount=10;operatorcount=2;constraintcount=1;depth=1,problems/benchmarks/synthetic/manifest.json
synthetic,entitycount-10-operatorcount-2-constraintcount-1-186ea0802266995e,propositionalwfomc,error,,1448500838400000,13.620047,GanakError,ganak exited with code 255,synthetic;family=entitycount-10-operatorcount-2-constraintcount-1;entitycount=10;operatorcount=2;constraintcount=1;depth=1,problems/benchmarks/synthetic/manifest.json
synthetic,entitycount-10-operatorcount-2-constraintcount-1-186ea0802266995e,coso,error,,1448500838400000,0.173837,CoSoEncodingError,"CoSo backend supports exactly one target configuration per component; found 2 (circle_0, choose_tuple_0).",synthetic;family=entitycount-10-operatorcount-2-constraintcount-1;entitycount=10;operatorcount=2;constraintcount=1;depth=1,problems/benchmarks/synthetic/manifest.json
synthetic,entitycount-10-operatorcount-2-constraintcount-1-186ea0802266995e,asp,unsolved,,1448500838400000,0.138237,CoSoEncodingError,"CoSo backend supports exactly one target configuration per component; found 2 (circle_0, choose_tuple_0).",synthetic;family=entitycount-10-operatorcount-2-constraintcount-1;entitycount=10;operatorcount=2;constraintcount=1;depth=1,problems/benchmarks/synthetic/manifest.json
synthetic,entitycount-10-operatorcount-2-constraintcount-1-186ea0802266995e,essence,unsolved,,1448500838400000,0.134109,CoSoEncodingError,"CoSo backend supports exactly one target configuration per component; found 2 (circle_0, choose_tuple_0).",synthetic;family=entitycount-10-operatorcount-2-constraintcount-1;entitycount=10;operatorcount=2;constraintcount=1;depth=1,problems/benchmarks/synthetic/manifest.json
synthetic,entitycount-10-operatorcount-2-constraintcount-1-c82180be14e8bc6b,wfomc,solved,0,0,0.356608,,,synthetic;family=entitycount-10-operatorcount-2-constraintcount-1;entitycount=10;operatorcount=2;constraintcount=1;depth=2,problems/benchmarks/synthetic/manifest.json
synthetic,entitycount-10-operatorcount-2-constraintcount-1-c82180be14e8bc6b,propositionalwfomc,error,,0,1.992066,GanakError,ganak exited with code 255,synthetic;family=entitycount-10-operatorcount-2-constraintcount-1;entitycount=10;operatorcount=2;constraintcount=1;depth=2,problems/benchmarks/synthetic/manifest.json
synthetic,entitycount-10-operatorcount-2-constraintcount-1-c82180be14e8bc6b,coso,error,,0,0.155923,CoSoEncodingError,CoSo backend supports subset constraints only between target and a constant set.,synthetic;family=entitycount-10-operatorcount-2-constraintcount-1;entitycount=10;operatorcount=2;constraintcount=1;depth=2,problems/benchmarks/synthetic/manifest.json
synthetic,entitycount-10-operatorcount-2-constraintcount-1-c82180be14e8bc6b,asp,unsolved,,0,0.128560,CoSoEncodingError,CoSo backend supports subset constraints only between target and a constant set.,synthetic;family=entitycount-10-operatorcount-2-constraintcount-1;entitycount=10;operatorcount=2;constraintcount=1;depth=2,problems/benchmarks/synthetic/manifest.json
synthetic,entitycount-10-operatorcount-2-constraintcount-1-c82180be14e8bc6b,essence,unsolved,,0,0.137773,CoSoEncodingError,CoSo backend supports subset constraints only between target and a constant set.,synthetic;family=entitycount-10-operatorcount-2-constraintcount-1;entitycount=10;operatorcount=2;constraintcount=1;depth=2,problems/benchmarks/synthetic/manifest.json
synthetic,entitycount-10-operatorcount-2-constraintcount-1-e5e01e85a55f43ae,wfomc,solved,0,0,20.045724,,,synthetic;family=entitycount-10-operatorcount-2-constraintcount-1;entitycount=10;operatorcount=2;constraintcount=1;depth=1,problems/benchmarks/synthetic/manifest.json
synthetic,entitycount-10-operatorcount-2-constraintcount-1-e5e01e85a55f43ae,propositionalwfomc,error,,0,9.837463,GanakError,ganak exited with code 255,synthetic;family=entitycount-10-operatorcount-2-constraintcount-1;entitycount=10;operatorcount=2;constraintcount=1;depth=1,problems/benchmarks/synthetic/manifest.json
synthetic,entitycount-10-operatorcount-2-constraintcount-1-e5e01e85a55f43ae,coso,error,,0,0.258947,CoSoEncodingError,"CoSo backend supports exactly one target configuration per component; found 2 (partition_0, sequence_0).",synthetic;family=entitycount-10-operatorcount-2-constraintcount-1;entitycount=10;operatorcount=2;constraintcount=1;depth=1,problems/benchmarks/synthetic/manifest.json
synthetic,entitycount-10-operatorcount-2-constraintcount-1-e5e01e85a55f43ae,asp,unsolved,,0,0.238989,CoSoEncodingError,"CoSo backend supports exactly one target configuration per component; found 2 (partition_0, sequence_0).",synthetic;family=entitycount-10-operatorcount-2-constraintcount-1;entitycount=10;operatorcount=2;constraintcount=1;depth=1,problems/benchmarks/synthetic/manifest.json
synthetic,entitycount-10-operatorcount-2-constraintcount-1-e5e01e85a55f43ae,essence,unsolved,,0,0.238014,CoSoEncodingError,"CoSo backend supports exactly one target configuration per component; found 2 (partition_0, sequence_0).",synthetic;family=entitycount-10-operatorcount-2-constraintcount-1;entitycount=10;operatorcount=2;constraintcount=1;depth=1,problems/benchmarks/synthetic/manifest.json
synthetic,entitycount-10-operatorcount-2-constraintcount-2-31681e42853edb27,wfomc,solved,0,0,0.970279,,,synthetic;family=entitycount-10-operatorcount-2-constraintcount-2;entitycount=10;operatorcount=2;constraintcount=2;depth=1,problems/benchmarks/synthetic/manifest.json
synthetic,entitycount-10-operatorcount-2-constraintcount-2-31681e42853edb27,propositionalwfomc,error,,0,13.913510,GanakError,ganak exited with code 255,synthetic;family=entitycount-10-operatorcount-2-constraintcount-2;entitycount=10;operatorcount=2;constraintcount=2;depth=1,problems/benchmarks/synthetic/manifest.json
synthetic,entitycount-10-operatorcount-2-constraintcount-2-31681e42853edb27,coso,solved,0,0,6.724224,,,synthetic;family=entitycount-10-operatorcount-2-constraintcount-2;entitycount=10;operatorcount=2;constraintcount=2;depth=1,problems/benchmarks/synthetic/manifest.json
synthetic,entitycount-10-operatorcount-2-constraintcount-2-31681e42853edb27,asp,unsolved,,0,0.209188,CoSoEncodingError,"CoSo backend supports exactly one target configuration per component; found 2 (partition_0, choose_tuple_0).",synthetic;family=entitycount-10-operatorcount-2-constraintcount-2;entitycount=10;operatorcount=2;constraintcount=2;depth=1,problems/benchmarks/synthetic/manifest.json
synthetic,entitycount-10-operatorcount-2-constraintcount-2-31681e42853edb27,essence,unsolved,,0,0.210509,CoSoEncodingError,"CoSo backend supports exactly one target configuration per component; found 2 (partition_0, choose_tuple_0).",synthetic;family=entitycount-10-operatorcount-2-constraintcount-2;entitycount=10;operatorcount=2;constraintcount=2;depth=1,problems/benchmarks/synthetic/manifest.json
synthetic,entitycount-10-operatorcount-2-constraintcount-2-fd03ab679f3d7732,wfomc,solved,3810240,3810240,4.753644,,,synthetic;family=entitycount-10-operatorcount-2-constraintcount-2;entitycount=10;operatorcount=2;constraintcount=2;depth=1,problems/benchmarks/synthetic/manifest.json
synthetic,entitycount-10-operatorcount-2-constraintcount-2-fd03ab679f3d7732,propositionalwfomc,error,,3810240,3.906453,GanakError,ganak exited with code 255,synthetic;family=entitycount-10-operatorcount-2-constraintcount-2;entitycount=10;operatorcount=2;constraintcount=2;depth=1,problems/benchmarks/synthetic/manifest.json
synthetic,entitycount-10-operatorcount-2-constraintcount-2-fd03ab679f3d7732,coso,error,,3810240,0.165503,CoSoEncodingError,"CoSo backend supports exactly one target configuration per component; found 2 (circle_0, choose_0).",synthetic;family=entitycount-10-operatorcount-2-constraintcount-2;entitycount=10;operatorcount=2;constraintcount=2;depth=1,problems/benchmarks/synthetic/manifest.json
synthetic,entitycount-10-operatorcount-2-constraintcount-2-fd03ab679f3d7732,asp,unsolved,,3810240,0.137488,CoSoEncodingError,"CoSo backend supports exactly one target configuration per component; found 2 (circle_0, choose_0).",synthetic;family=entitycount-10-operatorcount-2-constraintcount-2;entitycount=10;operatorcount=2;constraintcount=2;depth=1,problems/benchmarks/synthetic/manifest.json
synthetic,entitycount-10-operatorcount-2-constraintcount-2-fd03ab679f3d7732,essence,unsolved,,3810240,0.139066,CoSoEncodingError,"CoSo backend supports exactly one target configuration per component; found 2 (circle_0, choose_0).",synthetic;family=entitycount-10-operatorcount-2-constraintcount-2;entitycount=10;operatorcount=2;constraintcount=2;depth=1,problems/benchmarks/synthetic/manifest.json
synthetic,entitycount-10-operatorcount-2-constraintcount-3-3c103cd215f398b2,wfomc,solved,0,0,14.376990,,,synthetic;family=entitycount-10-operatorcount-2-constraintcount-3;entitycount=10;operatorcount=2;constraintcount=3;depth=2,problems/benchmarks/synthetic/manifest.json
synthetic,entitycount-10-operatorcount-2-constraintcount-3-3c103cd215f398b2,propositionalwfomc,error,,0,53.966439,GanakError,ganak exited with code 255,synthetic;family=entitycount-10-operatorcount-2-constraintcount-3;entitycount=10;operatorcount=2;constraintcount=3;depth=2,problems/benchmarks/synthetic/manifest.json
synthetic,entitycount-10-operatorcount-2-constraintcount-3-3c103cd215f398b2,coso,error,,0,0.167279,CoSoEncodingError,CoSo backend does not support Cofola sequence objects; use TupleDef/tuple(...) for CoSo-compatible ordered arrangements.,synthetic;family=entitycount-10-operatorcount-2-constraintcount-3;entitycount=10;operatorcount=2;constraintcount=3;depth=2,problems/benchmarks/synthetic/manifest.json
synthetic,entitycount-10-operatorcount-2-constraintcount-3-3c103cd215f398b2,asp,unsolved,,0,0.141934,CoSoEncodingError,CoSo backend does not support Cofola sequence objects; use TupleDef/tuple(...) for CoSo-compatible ordered arrangements.,synthetic;family=entitycount-10-operatorcount-2-constraintcount-3;entitycount=10;operatorcount=2;constraintcount=3;depth=2,problems/benchmarks/synthetic/manifest.json
synthetic,entitycount-10-operatorcount-2-constraintcount-3-3c103cd215f398b2,essence,unsolved,,0,0.151881,CoSoEncodingError,CoSo backend does not support Cofola sequence objects; use TupleDef/tuple(...) for CoSo-compatible ordered arrangements.,synthetic;family=entitycount-10-operatorcount-2-constraintcount-3;entitycount=10;operatorcount=2;constraintcount=3;depth=2,problems/benchmarks/synthetic/manifest.json
synthetic,entitycount-10-operatorcount-2-constraintcount-3-4309512fbfae2de7,wfomc,timeout,,0,100.103484,TimeoutError,Timed out after 100.000s,synthetic;family=entitycount-10-operatorcount-2-constraintcount-3;entitycount=10;operatorcount=2;constraintcount=3;depth=2,problems/benchmarks/synthetic/manifest.json
synthetic,entitycount-10-operatorcount-2-constraintcount-3-4309512fbfae2de7,propositionalwfomc,error,,0,50.451321,GanakError,ganak exited with code 255,synthetic;family=entitycount-10-operatorcount-2-constraintcount-3;entitycount=10;operatorcount=2;constraintcount=3;depth=2,problems/benchmarks/synthetic/manifest.json
synthetic,entitycount-10-operatorcount-2-constraintcount-3-4309512fbfae2de7,coso,error,,0,0.168528,CoSoEncodingError,CoSo backend does not support Cofola sequence objects; use TupleDef/tuple(...) for CoSo-compatible ordered arrangements.,synthetic;family=entitycount-10-operatorcount-2-constraintcount-3;entitycount=10;operatorcount=2;constraintcount=3;depth=2,problems/benchmarks/synthetic/manifest.json
synthetic,entitycount-10-operatorcount-2-constraintcount-3-4309512fbfae2de7,asp,unsolved,,0,0.158912,CoSoEncodingError,CoSo backend does not support Cofola sequence objects; use TupleDef/tuple(...) for CoSo-compatible ordered arrangements.,synthetic;family=entitycount-10-operatorcount-2-constraintcount-3;entitycount=10;operatorcount=2;constraintcount=3;depth=2,problems/benchmarks/synthetic/manifest.json
synthetic,entitycount-10-operatorcount-2-constraintcount-3-4309512fbfae2de7,essence,unsolved,,0,0.174487,CoSoEncodingError,CoSo backend does not support Cofola sequence objects; use TupleDef/tuple(...) for CoSo-compatible ordered arrangements.,synthetic;family=entitycount-10-operatorcount-2-constraintcount-3;entitycount=10;operatorcount=2;constraintcount=3;depth=2,problems/benchmarks/synthetic/manifest.json
synthetic,entitycount-10-operatorcount-2-constraintcount-3-7ddc28da1d240467,wfomc,solved,6464355940,6464355940,1.300345,,,synthetic;family=entitycount-10-operatorcount-2-constraintcount-3;entitycount=10;operatorcount=2;constraintcount=3;depth=1,problems/benchmarks/synthetic/manifest.json
synthetic,entitycount-10-operatorcount-2-constraintcount-3-7ddc28da1d240467,propositionalwfomc,error,,6464355940,4.088090,GanakError,ganak exited with code 255,synthetic;family=entitycount-10-operatorcount-2-constraintcount-3;entitycount=10;operatorcount=2;constraintcount=3;depth=1,problems/benchmarks/synthetic/manifest.json
synthetic,entitycount-10-operatorcount-2-constraintcount-3-7ddc28da1d240467,coso,error,,6464355940,0.268797,CoSoEncodingError,"CoSo backend supports exactly one target configuration per component; found 2 (partition_0, compose_0).",synthetic;family=entitycount-10-operatorcount-2-constraintcount-3;entitycount=10;operatorcount=2;constraintcount=3;depth=1,problems/benchmarks/synthetic/manifest.json
synthetic,entitycount-10-operatorcount-2-constraintcount-3-7ddc28da1d240467,asp,unsolved,,6464355940,0.235493,CoSoEncodingError,"CoSo backend supports exactly one target configuration per component; found 2 (partition_0, compose_0).",synthetic;family=entitycount-10-operatorcount-2-constraintcount-3;entitycount=10;operatorcount=2;constraintcount=3;depth=1,problems/benchmarks/synthetic/manifest.json
synthetic,entitycount-10-operatorcount-2-constraintcount-3-7ddc28da1d240467,essence,unsolved,,6464355940,0.258166,CoSoEncodingError,"CoSo backend supports exactly one target configuration per component; found 2 (partition_0, compose_0).",synthetic;family=entitycount-10-operatorcount-2-constraintcount-3;entitycount=10;operatorcount=2;constraintcount=3;depth=1,problems/benchmarks/synthetic/manifest.json
synthetic,entitycount-10-operatorcount-2-constraintcount-3-ac2bc99b7cd482df,wfomc,solved,0,0,4.465668,,,synthetic;family=entitycount-10-operatorcount-2-constraintcount-3;entitycount=10;operatorcount=2;constraintcount=3;depth=1,problems/benchmarks/synthetic/manifest.json
synthetic,entitycount-10-operatorcount-2-constraintcount-3-ac2bc99b7cd482df,propositionalwfomc,error,,0,40.737208,GanakError,ganak exited with code 255,synthetic;family=entitycount-10-operatorcount-2-constraintcount-3;entitycount=10;operatorcount=2;constraintcount=3;depth=1,problems/benchmarks/synthetic/manifest.json
synthetic,entitycount-10-operatorcount-2-constraintcount-3-ac2bc99b7cd482df,coso,error,,0,0.184449,CoSoEncodingError,"CoSo backend supports exactly one target configuration per component; found 2 (choose_replace_0, tuple_0).",synthetic;family=entitycount-10-operatorcount-2-constraintcount-3;entitycount=10;operatorcount=2;constraintcount=3;depth=1,problems/benchmarks/synthetic/manifest.json
synthetic,entitycount-10-operatorcount-2-constraintcount-3-ac2bc99b7cd482df,asp,unsolved,,0,0.162427,CoSoEncodingError,"CoSo backend supports exactly one target configuration per component; found 2 (choose_replace_0, tuple_0).",synthetic;family=entitycount-10-operatorcount-2-constraintcount-3;entitycount=10;operatorcount=2;constraintcount=3;depth=1,problems/benchmarks/synthetic/manifest.json
synthetic,entitycount-10-operatorcount-2-constraintcount-3-ac2bc99b7cd482df,essence,unsolved,,0,0.162916,CoSoEncodingError,"CoSo backend supports exactly one target configuration per component; found 2 (choose_replace_0, tuple_0).",synthetic;family=entitycount-10-operatorcount-2-constraintcount-3;entitycount=10;operatorcount=2;constraintcount=3;depth=1,problems/benchmarks/synthetic/manifest.json
synthetic,entitycount-10-operatorcount-3-constraintcount-0-da813c6e10c6bc0c,wfomc,solved,7620480000000000000000,7620480000000000000000,1.394729,,,synthetic;family=entitycount-10-operatorcount-3-constraintcount-0;entitycount=10;operatorcount=3;constraintcount=0;depth=1,problems/benchmarks/synthetic/manifest.json
synthetic,entitycount-10-operatorcount-3-constraintcount-0-da813c6e10c6bc0c,propositionalwfomc,error,,7620480000000000000000,9.873165,GanakError,ganak exited with code 255,synthetic;family=entitycount-10-operatorcount-3-constraintcount-0;entitycount=10;operatorcount=3;constraintcount=0;depth=1,problems/benchmarks/synthetic/manifest.json
synthetic,entitycount-10-operatorcount-3-constraintcount-0-da813c6e10c6bc0c,coso,error,,7620480000000000000000,0.158201,CoSoEncodingError,"CoSo backend supports exactly one target configuration per component; found 3 (tuple_0, choose_tuple_0, choose_0).",synthetic;family=entitycount-10-operatorcount-3-constraintcount-0;entitycount=10;operatorcount=3;constraintcount=0;depth=1,problems/benchmarks/synthetic/manifest.json
synthetic,entitycount-10-operatorcount-3-constraintcount-0-da813c6e10c6bc0c,asp,unsolved,,7620480000000000000000,0.132363,CoSoEncodingError,"CoSo backend supports exactly one target configuration per component; found 3 (tuple_0, choose_tuple_0, choose_0).",synthetic;family=entitycount-10-operatorcount-3-constraintcount-0;entitycount=10;operatorcount=3;constraintcount=0;depth=1,problems/benchmarks/synthetic/manifest.json
synthetic,entitycount-10-operatorcount-3-constraintcount-0-da813c6e10c6bc0c,essence,unsolved,,7620480000000000000000,0.136833,CoSoEncodingError,"CoSo backend supports exactly one target configuration per component; found 3 (tuple_0, choose_tuple_0, choose_0).",synthetic;family=entitycount-10-operatorcount-3-constraintcount-0;entitycount=10;operatorcount=3;constraintcount=0;depth=1,problems/benchmarks/synthetic/manifest.json
synthetic,entitycount-10-operatorcount-3-constraintcount-1-21a5c4d4b04f0edc,wfomc,solved,69672960,69672960,1.911255,,,synthetic;family=entitycount-10-operatorcount-3-constraintcount-1;entitycount=10;operatorcount=3;constraintcount=1;depth=2,problems/benchmarks/synthetic/manifest.json
synthetic,entitycount-10-operatorcount-3-constraintcount-1-21a5c4d4b04f0edc,propositionalwfomc,error,,69672960,7.667615,GanakError,ganak exited with code 255,synthetic;family=entitycount-10-operatorcount-3-constraintcount-1;entitycount=10;operatorcount=3;constraintcount=1;depth=2,problems/benchmarks/synthetic/manifest.json
synthetic,entitycount-10-operatorcount-3-constraintcount-1-21a5c4d4b04f0edc,coso,error,,69672960,0.166806,CoSoEncodingError,"CoSo backend supports exactly one target configuration per component; found 2 (partition_0, choose_tuple_0).",synthetic;family=entitycount-10-operatorcount-3-constraintcount-1;entitycount=10;operatorcount=3;constraintcount=1;depth=2,problems/benchmarks/synthetic/manifest.json
synthetic,entitycount-10-operatorcount-3-constraintcount-1-21a5c4d4b04f0edc,asp,unsolved,,69672960,0.140152,CoSoEncodingError,"CoSo backend supports exactly one target configuration per component; found 2 (partition_0, choose_tuple_0).",synthetic;family=entitycount-10-operatorcount-3-constraintcount-1;entitycount=10;operatorcount=3;constraintcount=1;depth=2,problems/benchmarks/synthetic/manifest.json
synthetic,entitycount-10-operatorcount-3-constraintcount-1-21a5c4d4b04f0edc,essence,unsolved,,69672960,0.150213,CoSoEncodingError,"CoSo backend supports exactly one target configuration per component; found 2 (partition_0, choose_tuple_0).",synthetic;family=entitycount-10-operatorcount-3-constraintcount-1;entitycount=10;operatorcount=3;constraintcount=1;depth=2,problems/benchmarks/synthetic/manifest.json
synthetic,entitycount-10-operatorcount-4-constraintcount-0-1d55d57c9bc62c08,wfomc,solved,292257000,292257000,18.624632,,,synthetic;family=entitycount-10-operatorcount-4-constraintcount-0;entitycount=10;operatorcount=4;constraintcount=0;depth=3,problems/benchmarks/synthetic/manifest.json
synthetic,entitycount-10-operatorcount-4-constraintcount-0-1d55d57c9bc62c08,propositionalwfomc,error,,292257000,13.063052,GanakError,ganak exited with code 255,synthetic;family=entitycount-10-operatorcount-4-constraintcount-0;entitycount=10;operatorcount=4;constraintcount=0;depth=3,problems/benchmarks/synthetic/manifest.json
synthetic,entitycount-10-operatorcount-4-constraintcount-0-1d55d57c9bc62c08,coso,error,,292257000,0.166093,CoSoEncodingError,"CoSo backend supports exactly one target configuration per component; found 2 (partition_0, choose_1).",synthetic;family=entitycount-10-operatorcount-4-constraintcount-0;entitycount=10;operatorcount=4;constraintcount=0;depth=3,problems/benchmarks/synthetic/manifest.json
synthetic,entitycount-10-operatorcount-4-constraintcount-0-1d55d57c9bc62c08,asp,unsolved,,292257000,0.146256,CoSoEncodingError,"CoSo backend supports exactly one target configuration per component; found 2 (partition_0, choose_1).",synthetic;family=entitycount-10-operatorcount-4-constraintcount-0;entitycount=10;operatorcount=4;constraintcount=0;depth=3,problems/benchmarks/synthetic/manifest.json
synthetic,entitycount-10-operatorcount-4-constraintcount-0-1d55d57c9bc62c08,essence,unsolved,,292257000,0.145770,CoSoEncodingError,"CoSo backend supports exactly one target configuration per component; found 2 (partition_0, choose_1).",synthetic;family=entitycount-10-operatorcount-4-constraintcount-0;entitycount=10;operatorcount=4;constraintcount=0;depth=3,problems/benchmarks/synthetic/manifest.json
synthetic,entitycount-12-operatorcount-1-constraintcount-0-0e214022b5c74f79,wfomc,solved,282429536481,282429536481,2.100938,,,synthetic;family=entitycount-12-operatorcount-1-constraintcount-0;entitycount=12;operatorcount=1;constraintcount=0;depth=1,problems/benchmarks/synthetic/manifest.json
synthetic,entitycount-12-operatorcount-1-constraintcount-0-0e214022b5c74f79,propositionalwfomc,error,,282429536481,10.245692,GanakError,ganak exited with code 255,synthetic;family=entitycount-12-operatorcount-1-constraintcount-0;entitycount=12;operatorcount=1;constraintcount=0;depth=1,problems/benchmarks/synthetic/manifest.json
synthetic,entitycount-12-operatorcount-1-constraintcount-0-0e214022b5c74f79,coso,solved,282429536481,282429536481,0.129721,,,synthetic;family=entitycount-12-operatorcount-1-constraintcount-0;entitycount=12;operatorcount=1;constraintcount=0;depth=1,problems/benchmarks/synthetic/manifest.json
synthetic,entitycount-12-operatorcount-1-constraintcount-0-0e214022b5c74f79,asp,unsolved,0,282429536481,0.128410,WrongAnswer,"expected 282429536481, got 0",synthetic;family=entitycount-12-operatorcount-1-constraintcount-0;entitycount=12;operatorcount=1;constraintcount=0;depth=1,problems/benchmarks/synthetic/manifest.json
synthetic,entitycount-12-operatorcount-1-constraintcount-0-0e214022b5c74f79,essence,unsolved,,282429536481,100.033799,TimeoutError,Timed out after 100.000s,synthetic;family=entitycount-12-operatorcount-1-constraintcount-0;entitycount=12;operatorcount=1;constraintcount=0;depth=1,problems/benchmarks/synthetic/manifest.json
synthetic,entitycount-12-operatorcount-1-constraintcount-0-2fa1824b6a3c1ed9,wfomc,solved,24300,24300,17.460805,,,synthetic;family=entitycount-12-operatorcount-1-constraintcount-0;entitycount=12;operatorcount=1;constraintcount=0;depth=1,problems/benchmarks/synthetic/manifest.json
synthetic,entitycount-12-operatorcount-1-constraintcount-0-2fa1824b6a3c1ed9,propositionalwfomc,error,,24300,5.493551,GanakError,ganak exited with code 255,synthetic;family=entitycount-12-operatorcount-1-constraintcount-0;entitycount=12;operatorcount=1;constraintcount=0;depth=1,problems/benchmarks/synthetic/manifest.json
synthetic,entitycount-12-operatorcount-1-constraintcount-0-2fa1824b6a3c1ed9,coso,solved,24300,24300,0.133697,,,synthetic;family=entitycount-12-operatorcount-1-constraintcount-0;entitycount=12;operatorcount=1;constraintcount=0;depth=1,problems/benchmarks/synthetic/manifest.json
synthetic,entitycount-12-operatorcount-1-constraintcount-0-2fa1824b6a3c1ed9,asp,unsolved,22863,24300,0.383447,WrongAnswer,"expected 24300, got 22863",synthetic;family=entitycount-12-operatorcount-1-constraintcount-0;entitycount=12;operatorcount=1;constraintcount=0;depth=1,problems/benchmarks/synthetic/manifest.json
synthetic,entitycount-12-operatorcount-1-constraintcount-0-2fa1824b6a3c1ed9,essence,unsolved,22863,24300,31.667238,WrongAnswer,"expected 24300, got 22863",synthetic;family=entitycount-12-operatorcount-1-constraintcount-0;entitycount=12;operatorcount=1;constraintcount=0;depth=1,problems/benchmarks/synthetic/manifest.json
synthetic,entitycount-12-operatorcount-1-constraintcount-0-ce7572d4f8850d38,wfomc,solved,138600,138600,6.429202,,,synthetic;family=entitycount-12-operatorcount-1-constraintcount-0;entitycount=12;operatorcount=1;constraintcount=0;depth=1,problems/benchmarks/synthetic/manifest.json
synthetic,entitycount-12-operatorcount-1-constraintcount-0-ce7572d4f8850d38,propositionalwfomc,error,,138600,11.823778,GanakError,ganak exited with code 255,synthetic;family=entitycount-12-operatorcount-1-constraintcount-0;entitycount=12;operatorcount=1;constraintcount=0;depth=1,problems/benchmarks/synthetic/manifest.json
synthetic,entitycount-12-operatorcount-1-constraintcount-0-ce7572d4f8850d38,coso,error,,138600,0.134498,CoSoEncodingError,CoSo backend does not support Cofola circle objects.,synthetic;family=entitycount-12-operatorcount-1-constraintcount-0;entitycount=12;operatorcount=1;constraintcount=0;depth=1,problems/benchmarks/synthetic/manifest.json
synthetic,entitycount-12-operatorcount-1-constraintcount-0-ce7572d4f8850d38,asp,unsolved,,138600,0.104592,CoSoEncodingError,CoSo backend does not support Cofola circle objects.,synthetic;family=entitycount-12-operatorcount-1-constraintcount-0;entitycount=12;operatorcount=1;constraintcount=0;depth=1,problems/benchmarks/synthetic/manifest.json
synthetic,entitycount-12-operatorcount-1-constraintcount-0-ce7572d4f8850d38,essence,unsolved,,138600,0.106877,CoSoEncodingError,CoSo backend does not support Cofola circle objects.,synthetic;family=entitycount-12-operatorcount-1-constraintcount-0;entitycount=12;operatorcount=1;constraintcount=0;depth=1,problems/benchmarks/synthetic/manifest.json
synthetic,entitycount-12-operatorcount-1-constraintcount-1-08fe511b37ff8c8b,wfomc,solved,2985984,2985984,0.408115,,,synthetic;family=entitycount-12-operatorcount-1-constraintcount-1;entitycount=12;operatorcount=1;constraintcount=1;depth=1,problems/benchmarks/synthetic/manifest.json
synthetic,entitycount-12-operatorcount-1-constraintcount-1-08fe511b37ff8c8b,propositionalwfomc,error,,2985984,2.498902,GanakError,ganak exited with code 255,synthetic;family=entitycount-12-operatorcount-1-constraintcount-1;entitycount=12;operatorcount=1;constraintcount=1;depth=1,problems/benchmarks/synthetic/manifest.json
synthetic,entitycount-12-operatorcount-1-constraintcount-1-08fe511b37ff8c8b,coso,solved,2985984,2985984,0.156787,,,synthetic;family=entitycount-12-operatorcount-1-constraintcount-1;entitycount=12;operatorcount=1;constraintcount=1;depth=1,problems/benchmarks/synthetic/manifest.json
synthetic,entitycount-12-operatorcount-1-constraintcount-1-08fe511b37ff8c8b,asp,unsolved,,2985984,100.017139,TimeoutError,Timed out after 100.000s,synthetic;family=entitycount-12-operatorcount-1-constraintcount-1;entitycount=12;operatorcount=1;constraintcount=1;depth=1,problems/benchmarks/synthetic/manifest.json
synthetic,entitycount-12-operatorcount-1-constraintcount-1-08fe511b37ff8c8b,essence,unsolved,,2985984,100.019860,TimeoutError,Timed out after 100.000s,synthetic;family=entitycount-12-operatorcount-1-constraintcount-1;entitycount=12;operatorcount=1;constraintcount=1;depth=1,problems/benchmarks/synthetic/manifest.json
synthetic,entitycount-12-operatorcount-1-constraintcount-1-b076445cdbd23ad9,wfomc,solved,144,144,0.409451,,,synthetic;family=entitycount-12-operatorcount-1-constraintcount-1;entitycount=12;operatorcount=1;constraintcount=1;depth=1,problems/benchmarks/synthetic/manifest.json
synthetic,entitycount-12-operatorcount-1-constraintcount-1-b076445cdbd23ad9,propositionalwfomc,error,,144,1.583548,GanakError,ganak exited with code 255,synthetic;family=entitycount-12-operatorcount-1-constraintcount-1;entitycount=12;operatorcount=1;constraintcount=1;depth=1,problems/benchmarks/synthetic/manifest.json
synthetic,entitycount-12-operatorcount-1-constraintcount-1-b076445cdbd23ad9,coso,solved,144,144,0.153648,,,synthetic;family=entitycount-12-operatorcount-1-constraintcount-1;entitycount=12;operatorcount=1;constraintcount=1;depth=1,problems/benchmarks/synthetic/manifest.json
synthetic,entitycount-12-operatorcount-1-constraintcount-1-b076445cdbd23ad9,asp,solved,144,144,0.138736,,,synthetic;family=entitycount-12-operatorcount-1-constraintcount-1;entitycount=12;operatorcount=1;constraintcount=1;depth=1,problems/benchmarks/synthetic/manifest.json
synthetic,entitycount-12-operatorcount-1-constraintcount-1-b076445cdbd23ad9,essence,solved,144,144,0.838667,,,synthetic;family=entitycount-12-operatorcount-1-constraintcount-1;entitycount=12;operatorcount=1;constraintcount=1;depth=1,problems/benchmarks/synthetic/manifest.json
synthetic,entitycount-12-operatorcount-1-constraintcount-1-ba9466d0907590a1,wfomc,solved,0,0,1.362186,,,synthetic;family=entitycount-12-operatorcount-1-constraintcount-1;entitycount=12;operatorcount=1;constraintcount=1;depth=1,problems/benchmarks/synthetic/manifest.json
synthetic,entitycount-12-operatorcount-1-constraintcount-1-ba9466d0907590a1,propositionalwfomc,error,,0,5.566830,GanakError,ganak exited with code 255,synthetic;family=entitycount-12-operatorcount-1-constraintcount-1;entitycount=12;operatorcount=1;constraintcount=1;depth=1,problems/benchmarks/synthetic/manifest.json
synthetic,entitycount-12-operatorcount-1-constraintcount-1-ba9466d0907590a1,coso,error,,0,0.234752,ValueError,n must be a non-negative integer,synthetic;family=entitycount-12-operatorcount-1-constraintcount-1;entitycount=12;operatorcount=1;constraintcount=1;depth=1,problems/benchmarks/synthetic/manifest.json
synthetic,entitycount-12-operatorcount-1-constraintcount-1-ba9466d0907590a1,asp,unsolved,,0,0.210939,BaselineUnsupportedError,ASP baseline translator does not support partition.,synthetic;family=entitycount-12-operatorcount-1-constraintcount-1;entitycount=12;operatorcount=1;constraintcount=1;depth=1,problems/benchmarks/synthetic/manifest.json
synthetic,entitycount-12-operatorcount-1-constraintcount-1-ba9466d0907590a1,essence,unsolved,1,0,0.805970,WrongAnswer,"expected 0, got 1",synthetic;family=entitycount-12-operatorcount-1-constraintcount-1;entitycount=12;operatorcount=1;constraintcount=1;depth=1,problems/benchmarks/synthetic/manifest.json
synthetic,entitycount-12-operatorcount-1-constraintcount-1-ea4d1d2d0e0c9989,wfomc,solved,1,1,0.284330,,,synthetic;family=entitycount-12-operatorcount-1-constraintcount-1;entitycount=12;operatorcount=1;constraintcount=1;depth=1,problems/benchmarks/synthetic/manifest.json
synthetic,entitycount-12-operatorcount-1-constraintcount-1-ea4d1d2d0e0c9989,propositionalwfomc,error,,1,0.375321,GanakError,ganak exited with code 255,synthetic;family=entitycount-12-operatorcount-1-constraintcount-1;entitycount=12;operatorcount=1;constraintcount=1;depth=1,problems/benchmarks/synthetic/manifest.json
synthetic,entitycount-12-operatorcount-1-constraintcount-1-ea4d1d2d0e0c9989,coso,solved,1,1,0.281789,,,synthetic;family=entitycount-12-operatorcount-1-constraintcount-1;entitycount=12;operatorcount=1;constraintcount=1;depth=1,problems/benchmarks/synthetic/manifest.json
synthetic,entitycount-12-operatorcount-1-constraintcount-1-ea4d1d2d0e0c9989,asp,solved,1,1,0.145271,,,synthetic;family=entitycount-12-operatorcount-1-constraintcount-1;entitycount=12;operatorcount=1;constraintcount=1;depth=1,problems/benchmarks/synthetic/manifest.json
synthetic,entitycount-12-operatorcount-1-constraintcount-1-ea4d1d2d0e0c9989,essence,solved,1,1,3.380135,,,synthetic;family=entitycount-12-operatorcount-1-constraintcount-1;entitycount=12;operatorcount=1;constraintcount=1;depth=1,problems/benchmarks/synthetic/manifest.json
synthetic,entitycount-12-operatorcount-1-constraintcount-2-51bc0a7fa356cdda,wfomc,solved,0,0,1.146775,,,synthetic;family=entitycount-12-operatorcount-1-constraintcount-2;entitycount=12;operatorcount=1;constraintcount=2;depth=1,problems/benchmarks/synthetic/manifest.json
synthetic,entitycount-12-operatorcount-1-constraintcount-2-51bc0a7fa356cdda,propositionalwfomc,error,,0,1.759136,GanakError,ganak exited with code 255,synthetic;family=entitycount-12-operatorcount-1-constraintcount-2;entitycount=12;operatorcount=1;constraintcount=2;depth=1,problems/benchmarks/synthetic/manifest.json
synthetic,entitycount-12-operatorcount-1-constraintcount-2-51bc0a7fa356cdda,coso,error,,0,0.146273,CoSoEncodingError,CoSo backend does not support BagSubsetConstraint.,synthetic;family=entitycount-12-operatorcount-1-constraintcount-2;entitycount=12;operatorcount=1;constraintcount=2;depth=1,problems/benchmarks/synthetic/manifest.json
synthetic,entitycount-12-operatorcount-1-constraintcount-2-51bc0a7fa356cdda,asp,unsolved,,0,0.118284,CoSoEncodingError,CoSo backend does not support BagSubsetConstraint.,synthetic;family=entitycount-12-operatorcount-1-constraintcount-2;entitycount=12;operatorcount=1;constraintcount=2;depth=1,problems/benchmarks/synthetic/manifest.json
synthetic,entitycount-12-operatorcount-1-constraintcount-2-51bc0a7fa356cdda,essence,unsolved,,0,0.136761,CoSoEncodingError,CoSo backend does not support BagSubsetConstraint.,synthetic;family=entitycount-12-operatorcount-1-constraintcount-2;entitycount=12;operatorcount=1;constraintcount=2;depth=1,problems/benchmarks/synthetic/manifest.json
synthetic,entitycount-12-operatorcount-1-constraintcount-2-8a245475e7f46331,wfomc,solved,0,0,0.674947,,,synthetic;family=entitycount-12-operatorcount-1-constraintcount-2;entitycount=12;operatorcount=1;constraintcount=2;depth=1,problems/benchmarks/synthetic/manifest.json
synthetic,entitycount-12-operatorcount-1-constraintcount-2-8a245475e7f46331,propositionalwfomc,error,,0,1.530778,GanakError,ganak exited with code 255,synthetic;family=entitycount-12-operatorcount-1-constraintcount-2;entitycount=12;operatorcount=1;constraintcount=2;depth=1,problems/benchmarks/synthetic/manifest.json
synthetic,entitycount-12-operatorcount-1-constraintcount-2-8a245475e7f46331,coso,solved,0,0,0.229132,,,synthetic;family=entitycount-12-operatorcount-1-constraintcount-2;entitycount=12;operatorcount=1;constraintcount=2;depth=1,problems/benchmarks/synthetic/manifest.json
synthetic,entitycount-12-operatorcount-1-constraintcount-2-8a245475e7f46331,asp,solved,0,0,0.172513,,,synthetic;family=entitycount-12-operatorcount-1-constraintcount-2;entitycount=12;operatorcount=1;constraintcount=2;depth=1,problems/benchmarks/synthetic/manifest.json
synthetic,entitycount-12-operatorcount-1-constraintcount-2-8a245475e7f46331,essence,unsolved,,0,0.412791,RuntimeError,Error:,synthetic;family=entitycount-12-operatorcount-1-constraintcount-2;entitycount=12;operatorcount=1;constraintcount=2;depth=1,problems/benchmarks/synthetic/manifest.json
synthetic,entitycount-12-operatorcount-2-constraintcount-1-e92b0c267ac36aa3,wfomc,solved,381608820557217792000000,381608820557217792000000,4.209260,,,synthetic;family=entitycount-12-operatorcount-2-constraintcount-1;entitycount=12;operatorcount=2;constraintcount=1;depth=1,problems/benchmarks/synthetic/manifest.json
synthetic,entitycount-12-operatorcount-2-constraintcount-1-e92b0c267ac36aa3,propositionalwfomc,error,,381608820557217792000000,31.450608,GanakError,ganak exited with code 255,synthetic;family=entitycount-12-operatorcount-2-constraintcount-1;entitycount=12;operatorcount=2;constraintcount=1;depth=1,problems/benchmarks/synthetic/manifest.json
synthetic,entitycount-12-operatorcount-2-constraintcount-1-e92b0c267ac36aa3,coso,error,,381608820557217792000000,0.176269,CoSoEncodingError,"CoSo backend supports exactly one target configuration per component; found 2 (circle_0, tuple_0).",synthetic;family=entitycount-12-operatorcount-2-constraintcount-1;entitycount=12;operatorcount=2;constraintcount=1;depth=1,problems/benchmarks/synthetic/manifest.json
synthetic,entitycount-12-operatorcount-2-constraintcount-1-e92b0c267ac36aa3,asp,unsolved,,381608820557217792000000,0.145682,CoSoEncodingError,"CoSo backend supports exactly one target configuration per component; found 2 (circle_0, tuple_0).",synthetic;family=entitycount-12-operatorcount-2-constraintcount-1;entitycount=12;operatorcount=2;constraintcount=1;depth=1,problems/benchmarks/synthetic/manifest.json
synthetic,entitycount-12-operatorcount-2-constraintcount-1-e92b0c267ac36aa3,essence,unsolved,,381608820557217792000000,0.137619,CoSoEncodingError,"CoSo backend supports exactly one target configuration per component; found 2 (circle_0, tuple_0).",synthetic;family=entitycount-12-operatorcount-2-constraintcount-1;entitycount=12;operatorcount=2;constraintcount=1;depth=1,problems/benchmarks/synthetic/manifest.json
synthetic,entitycount-12-operatorcount-2-constraintcount-2-1e1d2cca7ccda018,wfomc,solved,0,0,26.621943,,,synthetic;family=entitycount-12-operatorcount-2-constraintcount-2;entitycount=12;operatorcount=2;constraintcount=2;depth=1,problems/benchmarks/synthetic/manifest.json
synthetic,entitycount-12-operatorcount-2-constraintcount-2-1e1d2cca7ccda018,propositionalwfomc,error,,0,45.553474,GanakError,ganak exited with code 255,synthetic;family=entitycount-12-operatorcount-2-constraintcount-2;entitycount=12;operatorcount=2;constraintcount=2;depth=1,problems/benchmarks/synthetic/manifest.json
synthetic,entitycount-12-operatorcount-2-constraintcount-2-1e1d2cca7ccda018,coso,error,,0,0.279298,CoSoEncodingError,"CoSo backend supports exactly one target configuration per component; found 2 (partition_0, compose_0).",synthetic;family=entitycount-12-operatorcount-2-constraintcount-2;entitycount=12;operatorcount=2;constraintcount=2;depth=1,problems/benchmarks/synthetic/manifest.json
synthetic,entitycount-12-operatorcount-2-constraintcount-2-1e1d2cca7ccda018,asp,unsolved,,0,0.266223,CoSoEncodingError,"CoSo backend supports exactly one target configuration per component; found 2 (partition_0, compose_0).",synthetic;family=entitycount-12-operatorcount-2-constraintcount-2;entitycount=12;operatorcount=2;constraintcount=2;depth=1,problems/benchmarks/synthetic/manifest.json
synthetic,entitycount-12-operatorcount-2-constraintcount-2-1e1d2cca7ccda018,essence,unsolved,,0,0.280995,CoSoEncodingError,"CoSo backend supports exactly one target configuration per component; found 2 (partition_0, compose_0).",synthetic;family=entitycount-12-operatorcount-2-constraintcount-2;entitycount=12;operatorcount=2;constraintcount=2;depth=1,problems/benchmarks/synthetic/manifest.json
synthetic,entitycount-12-operatorcount-2-constraintcount-2-c78cb8b649394a2c,wfomc,solved,130,130,1.004468,,,synthetic;family=entitycount-12-operatorcount-2-constraintcount-2;entitycount=12;operatorcount=2;constraintcount=2;depth=2,problems/benchmarks/synthetic/manifest.json
synthetic,entitycount-12-operatorcount-2-constraintcount-2-c78cb8b649394a2c,propositionalwfomc,error,,130,2.345517,GanakError,ganak exited with code 255,synthetic;family=entitycount-12-operatorcount-2-constraintcount-2;entitycount=12;operatorcount=2;constraintcount=2;depth=2,problems/benchmarks/synthetic/manifest.json
synthetic,entitycount-12-operatorcount-2-constraintcount-2-c78cb8b649394a2c,coso,wrong,23,130,0.303770,WrongAnswer,"expected 130, got 23",synthetic;family=entitycount-12-operatorcount-2-constraintcount-2;entitycount=12;operatorcount=2;constraintcount=2;depth=2,problems/benchmarks/synthetic/manifest.json
synthetic,entitycount-12-operatorcount-2-constraintcount-2-c78cb8b649394a2c,asp,unsolved,59,130,0.210172,WrongAnswer,"expected 130, got 59",synthetic;family=entitycount-12-operatorcount-2-constraintcount-2;entitycount=12;operatorcount=2;constraintcount=2;depth=2,problems/benchmarks/synthetic/manifest.json
synthetic,entitycount-12-operatorcount-2-constraintcount-2-c78cb8b649394a2c,essence,unsolved,23,130,4.144653,WrongAnswer,"expected 130, got 23",synthetic;family=entitycount-12-operatorcount-2-constraintcount-2;entitycount=12;operatorcount=2;constraintcount=2;depth=2,problems/benchmarks/synthetic/manifest.json
synthetic,entitycount-12-operatorcount-2-constraintcount-2-fa1dc20238ac9c90,wfomc,solved,2119162484037564028983150,2119162484037564028983150,1.203148,,,synthetic;family=entitycount-12-operatorcount-2-constraintcount-2;entitycount=12;operatorcount=2;constraintcount=2;depth=1,problems/benchmarks/synthetic/manifest.json
synthetic,entitycount-12-operatorcount-2-constraintcount-2-fa1dc20238ac9c90,propositionalwfomc,error,,2119162484037564028983150,10.147907,GanakError,ganak exited with code 255,synthetic;family=entitycount-12-operatorcount-2-constraintcount-2;entitycount=12;operatorcount=2;constraintcount=2;depth=1,problems/benchmarks/synthetic/manifest.json
synthetic,entitycount-12-operatorcount-2-constraintcount-2-fa1dc20238ac9c90,coso,error,,2119162484037564028983150,0.169563,CoSoEncodingError,"CoSo backend supports exactly one target configuration per component; found 2 (choose_tuple_0, choose_0).",synthetic;family=entitycount-12-operatorcount-2-constraintcount-2;entitycount=12;operatorcount=2;constraintcount=2;depth=1,problems/benchmarks/synthetic/manifest.json
synthetic,entitycount-12-operatorcount-2-constraintcount-2-fa1dc20238ac9c90,asp,unsolved,,2119162484037564028983150,0.145309,CoSoEncodingError,"CoSo backend supports exactly one target configuration per component; found 2 (choose_tuple_0, choose_0).",synthetic;family=entitycount-12-operatorcount-2-constraintcount-2;entitycount=12;operatorcount=2;constraintcount=2;depth=1,problems/benchmarks/synthetic/manifest.json
synthetic,entitycount-12-operatorcount-2-constraintcount-2-fa1dc20238ac9c90,essence,unsolved,,2119162484037564028983150,0.136786,CoSoEncodingError,"CoSo backend supports exactly one target configuration per component; found 2 (choose_tuple_0, choose_0).",synthetic;family=entitycount-12-operatorcount-2-constraintcount-2;entitycount=12;operatorcount=2;constraintcount=2;depth=1,problems/benchmarks/synthetic/manifest.json
synthetic,entitycount-12-operatorcount-2-constraintcount-3-249459aa535b2cc5,wfomc,solved,0,0,0.211440,,,synthetic;family=entitycount-12-operatorcount-2-constraintcount-3;entitycount=12;operatorcount=2;constraintcount=3;depth=1,problems/benchmarks/synthetic/manifest.json
synthetic,entitycount-12-operatorcount-2-constraintcount-3-249459aa535b2cc5,propositionalwfomc,solved,0,0,0.216801,,,synthetic;family=entitycount-12-operatorcount-2-constraintcount-3;entitycount=12;operatorcount=2;constraintcount=3;depth=1,problems/benchmarks/synthetic/manifest.json
synthetic,entitycount-12-operatorcount-2-constraintcount-3-249459aa535b2cc5,coso,solved,0,0,0.205970,,,synthetic;family=entitycount-12-operatorcount-2-constraintcount-3;entitycount=12;operatorcount=2;constraintcount=3;depth=1,problems/benchmarks/synthetic/manifest.json
synthetic,entitycount-12-operatorcount-2-constraintcount-3-249459aa535b2cc5,asp,solved,0,0,0.187554,,,synthetic;family=entitycount-12-operatorcount-2-constraintcount-3;entitycount=12;operatorcount=2;constraintcount=3;depth=1,problems/benchmarks/synthetic/manifest.json
synthetic,entitycount-12-operatorcount-2-constraintcount-3-249459aa535b2cc5,essence,solved,0,0,0.192106,,,synthetic;family=entitycount-12-operatorcount-2-constraintcount-3;entitycount=12;operatorcount=2;constraintcount=3;depth=1,problems/benchmarks/synthetic/manifest.json
synthetic,entitycount-12-operatorcount-4-constraintcount-3-1d903b40ec693af4,wfomc,solved,0,0,1.494639,,,synthetic;family=entitycount-12-operatorcount-4-constraintcount-3;entitycount=12;operatorcount=4;constraintcount=3;depth=3,problems/benchmarks/synthetic/manifest.json
synthetic,entitycount-12-operatorcount-4-constraintcount-3-1d903b40ec693af4,propositionalwfomc,error,,0,25.862802,GanakError,ganak exited with code 255,synthetic;family=entitycount-12-operatorcount-4-constraintcount-3;entitycount=12;operatorcount=4;constraintcount=3;depth=3,problems/benchmarks/synthetic/manifest.json
synthetic,entitycount-12-operatorcount-4-constraintcount-3-1d903b40ec693af4,coso,error,,0,0.285728,CoSoEncodingError,"CoSo backend supports exactly one target configuration per component; found 2 (partition_0, tuple_0).",synthetic;family=entitycount-12-operatorcount-4-constraintcount-3;entitycount=12;operatorcount=4;constraintcount=3;depth=3,problems/benchmarks/synthetic/manifest.json
synthetic,entitycount-12-operatorcount-4-constraintcount-3-1d903b40ec693af4,asp,unsolved,,0,0.306778,CoSoEncodingError,"CoSo backend supports exactly one target configuration per component; found 2 (partition_0, tuple_0).",synthetic;family=entitycount-12-operatorcount-4-constraintcount-3;entitycount=12;operatorcount=4;constraintcount=3;depth=3,problems/benchmarks/synthetic/manifest.json
synthetic,entitycount-12-operatorcount-4-constraintcount-3-1d903b40ec693af4,essence,unsolved,,0,0.266511,CoSoEncodingError,"CoSo backend supports exactly one target configuration per component; found 2 (partition_0, tuple_0).",synthetic;family=entitycount-12-operatorcount-4-constraintcount-3;entitycount=12;operatorcount=4;constraintcount=3;depth=3,problems/benchmarks/synthetic/manifest.json
synthetic,entitycount-6-operatorcount-1-constraintcount-0-098d21d70942f3f1,wfomc,solved,14,14,1.379826,,,synthetic;family=entitycount-6-operatorcount-1-constraintcount-0;entitycount=6;operatorcount=1;constraintcount=0;depth=1,problems/benchmarks/synthetic/manifest.json
synthetic,entitycount-6-operatorcount-1-constraintcount-0-098d21d70942f3f1,propositionalwfomc,error,,14,2.330147,GanakError,ganak exited with code 255,synthetic;family=entitycount-6-operatorcount-1-constraintcount-0;entitycount=6;operatorcount=1;constraintcount=0;depth=1,problems/benchmarks/synthetic/manifest.json
synthetic,entitycount-6-operatorcount-1-constraintcount-0-098d21d70942f3f1,coso,solved,14,14,0.139460,,,synthetic;family=entitycount-6-operatorcount-1-constraintcount-0;entitycount=6;operatorcount=1;constraintcount=0;depth=1,problems/benchmarks/synthetic/manifest.json
synthetic,entitycount-6-operatorcount-1-constraintcount-0-098d21d70942f3f1,asp,solved,14,14,0.147842,,,synthetic;family=entitycount-6-operatorcount-1-constraintcount-0;entitycount=6;operatorcount=1;constraintcount=0;depth=1,problems/benchmarks/synthetic/manifest.json
synthetic,entitycount-6-operatorcount-1-constraintcount-0-098d21d70942f3f1,essence,solved,14,14,1.095811,,,synthetic;family=entitycount-6-operatorcount-1-constraintcount-0;entitycount=6;operatorcount=1;constraintcount=0;depth=1,problems/benchmarks/synthetic/manifest.json
synthetic,entitycount-6-operatorcount-1-constraintcount-0-7ad4b1641ce06da7,wfomc,solved,36,36,1.153537,,,synthetic;family=entitycount-6-operatorcount-1-constraintcount-0;entitycount=6;operatorcount=1;constraintcount=0;depth=1,problems/benchmarks/synthetic/manifest.json
synthetic,entitycount-6-operatorcount-1-constraintcount-0-7ad4b1641ce06da7,propositionalwfomc,error,,36,1.430103,GanakError,ganak exited with code 255,synthetic;family=entitycount-6-operatorcount-1-constraintcount-0;entitycount=6;operatorcount=1;constraintcount=0;depth=1,problems/benchmarks/synthetic/manifest.json
synthetic,entitycount-6-operatorcount-1-constraintcount-0-7ad4b1641ce06da7,coso,solved,36,36,0.149658,,,synthetic;family=entitycount-6-operatorcount-1-constraintcount-0;entitycount=6;operatorcount=1;constraintcount=0;depth=1,problems/benchmarks/synthetic/manifest.json
synthetic,entitycount-6-operatorcount-1-constraintcount-0-7ad4b1641ce06da7,asp,unsolved,34,36,0.132681,WrongAnswer,"expected 36, got 34",synthetic;family=entitycount-6-operatorcount-1-constraintcount-0;entitycount=6;operatorcount=1;constraintcount=0;depth=1,problems/benchmarks/synthetic/manifest.json
synthetic,entitycount-6-operatorcount-1-constraintcount-0-7ad4b1641ce06da7,essence,unsolved,34,36,1.167024,WrongAnswer,"expected 36, got 34",synthetic;family=entitycount-6-operatorcount-1-constraintcount-0;entitycount=6;operatorcount=1;constraintcount=0;depth=1,problems/benchmarks/synthetic/manifest.json
synthetic,entitycount-6-operatorcount-1-constraintcount-0-a5a3a6aefe6d08e4,wfomc,solved,30,30,0.372814,,,synthetic;family=entitycount-6-operatorcount-1-constraintcount-0;entitycount=6;operatorcount=1;constraintcount=0;depth=1,problems/benchmarks/synthetic/manifest.json
synthetic,entitycount-6-operatorcount-1-constraintcount-0-a5a3a6aefe6d08e4,propositionalwfomc,error,,30,1.988804,GanakError,ganak exited with code 255,synthetic;family=entitycount-6-operatorcount-1-constraintcount-0;entitycount=6;operatorcount=1;constraintcount=0;depth=1,problems/benchmarks/synthetic/manifest.json
synthetic,entitycount-6-operatorcount-1-constraintcount-0-a5a3a6aefe6d08e4,coso,error,,30,0.147693,CoSoEncodingError,CoSo backend does not support Cofola circle objects.,synthetic;family=entitycount-6-operatorcount-1-constraintcount-0;entitycount=6;operatorcount=1;constraintcount=0;depth=1,problems/benchmarks/synthetic/manifest.json
synthetic,entitycount-6-operatorcount-1-constraintcount-0-a5a3a6aefe6d08e4,asp,unsolved,,30,0.118418,CoSoEncodingError,CoSo backend does not support Cofola circle objects.,synthetic;family=entitycount-6-operatorcount-1-constraintcount-0;entitycount=6;operatorcount=1;constraintcount=0;depth=1,problems/benchmarks/synthetic/manifest.json
synthetic,entitycount-6-operatorcount-1-constraintcount-0-a5a3a6aefe6d08e4,essence,unsolved,,30,0.118294,CoSoEncodingError,CoSo backend does not support Cofola circle objects.,synthetic;family=entitycount-6-operatorcount-1-constraintcount-0;entitycount=6;operatorcount=1;constraintcount=0;depth=1,problems/benchmarks/synthetic/manifest.json
synthetic,entitycount-6-operatorcount-1-constraintcount-0-bbf49737f1c1e12b,wfomc,solved,2002,2002,2.781434,,,synthetic;family=entitycount-6-operatorcount-1-constraintcount-0;entitycount=6;operatorcount=1;constraintcount=0;depth=1,problems/benchmarks/synthetic/manifest.json
synthetic,entitycount-6-operatorcount-1-constraintcount-0-bbf49737f1c1e12b,propositionalwfomc,error,,2002,1.626829,GanakError,ganak exited with code 255,synthetic;family=entitycount-6-operatorcount-1-constraintcount-0;entitycount=6;operatorcount=1;constraintcount=0;depth=1,problems/benchmarks/synthetic/manifest.json
synthetic,entitycount-6-operatorcount-1-constraintcount-0-bbf49737f1c1e12b,coso,wrong,0,2002,0.145027,WrongAnswer,"expected 2002, got 0",synthetic;family=entitycount-6-operatorcount-1-constraintcount-0;entitycount=6;operatorcount=1;constraintcount=0;depth=1,problems/benchmarks/synthetic/manifest.json
synthetic,entitycount-6-operatorcount-1-constraintcount-0-bbf49737f1c1e12b,asp,solved,2002,2002,0.368626,,,synthetic;family=entitycount-6-operatorcount-1-constraintcount-0;entitycount=6;operatorcount=1;constraintcount=0;depth=1,problems/benchmarks/synthetic/manifest.json
synthetic,entitycount-6-operatorcount-1-constraintcount-0-bbf49737f1c1e12b,essence,solved,2002,2002,3.031810,,,synthetic;family=entitycount-6-operatorcount-1-constraintcount-0;entitycount=6;operatorcount=1;constraintcount=0;depth=1,problems/benchmarks/synthetic/manifest.json
synthetic,entitycount-6-operatorcount-1-constraintcount-0-d22415375b4cbd29,wfomc,solved,4,4,0.445600,,,synthetic;family=entitycount-6-operatorcount-1-constraintcount-0;entitycount=6;operatorcount=1;constraintcount=0;depth=1,problems/benchmarks/synthetic/manifest.json
synthetic,entitycount-6-operatorcount-1-constraintcount-0-d22415375b4cbd29,propositionalwfomc,error,,4,0.562999,GanakError,ganak exited with code 255,synthetic;family=entitycount-6-operatorcount-1-constraintcount-0;entitycount=6;operatorcount=1;constraintcount=0;depth=1,problems/benchmarks/synthetic/manifest.json
synthetic,entitycount-6-operatorcount-1-constraintcount-0-d22415375b4cbd29,coso,solved,4,4,0.194602,,,synthetic;family=entitycount-6-operatorcount-1-constraintcount-0;entitycount=6;operatorcount=1;constraintcount=0;depth=1,problems/benchmarks/synthetic/manifest.json
synthetic,entitycount-6-operatorcount-1-constraintcount-0-d22415375b4cbd29,asp,solved,4,4,0.142539,,,synthetic;family=entitycount-6-operatorcount-1-constraintcount-0;entitycount=6;operatorcount=1;constraintcount=0;depth=1,problems/benchmarks/synthetic/manifest.json
synthetic,entitycount-6-operatorcount-1-constraintcount-0-d22415375b4cbd29,essence,solved,4,4,1.235112,,,synthetic;family=entitycount-6-operatorcount-1-constraintcount-0;entitycount=6;operatorcount=1;constraintcount=0;depth=1,problems/benchmarks/synthetic/manifest.json
synthetic,entitycount-6-operatorcount-1-constraintcount-1-61023f0a4782cc24,wfomc,solved,0,0,0.456590,,,synthetic;family=entitycount-6-operatorcount-1-constraintcount-1;entitycount=6;operatorcount=1;constraintcount=1;depth=1,problems/benchmarks/synthetic/manifest.json
synthetic,entitycount-6-operatorcount-1-constraintcount-1-61023f0a4782cc24,propositionalwfomc,error,,0,2.099062,GanakError,ganak exited with code 255,synthetic;family=entitycount-6-operatorcount-1-constraintcount-1;entitycount=6;operatorcount=1;constraintcount=1;depth=1,problems/benchmarks/synthetic/manifest.json
synthetic,entitycount-6-operatorcount-1-constraintcount-1-61023f0a4782cc24,coso,error,,0,0.160623,CoSoEncodingError,CoSo backend does not support Cofola sequence objects; use TupleDef/tuple(...) for CoSo-compatible ordered arrangements.,synthetic;family=entitycount-6-operatorcount-1-constraintcount-1;entitycount=6;operatorcount=1;constraintcount=1;depth=1,problems/benchmarks/synthetic/manifest.json
synthetic,entitycount-6-operatorcount-1-constraintcount-1-61023f0a4782cc24,asp,unsolved,,0,0.130661,CoSoEncodingError,CoSo backend does not support Cofola sequence objects; use TupleDef/tuple(...) for CoSo-compatible ordered arrangements.,synthetic;family=entitycount-6-operatorcount-1-constraintcount-1;entitycount=6;operatorcount=1;constraintcount=1;depth=1,problems/benchmarks/synthetic/manifest.json
synthetic,entitycount-6-operatorcount-1-constraintcount-1-61023f0a4782cc24,essence,unsolved,,0,0.133788,CoSoEncodingError,CoSo backend does not support Cofola sequence objects; use TupleDef/tuple(...) for CoSo-compatible ordered arrangements.,synthetic;family=entitycount-6-operatorcount-1-constraintcount-1;entitycount=6;operatorcount=1;constraintcount=1;depth=1,problems/benchmarks/synthetic/manifest.json
synthetic,entitycount-6-operatorcount-1-constraintcount-1-6fcc7ccb5a4d6a03,wfomc,solved,16,16,1.177189,,,synthetic;family=entitycount-6-operatorcount-1-constraintcount-1;entitycount=6;operatorcount=1;constraintcount=1;depth=1,problems/benchmarks/synthetic/manifest.json
synthetic,entitycount-6-operatorcount-1-constraintcount-1-6fcc7ccb5a4d6a03,propositionalwfomc,error,,16,1.473028,GanakError,ganak exited with code 255,synthetic;family=entitycount-6-operatorcount-1-constraintcount-1;entitycount=6;operatorcount=1;constraintcount=1;depth=1,problems/benchmarks/synthetic/manifest.json
synthetic,entitycount-6-operatorcount-1-constraintcount-1-6fcc7ccb5a4d6a03,coso,wrong,32,16,0.174690,WrongAnswer,"expected 16, got 32",synthetic;family=entitycount-6-operatorcount-1-constraintcount-1;entitycount=6;operatorcount=1;constraintcount=1;depth=1,problems/benchmarks/synthetic/manifest.json
synthetic,entitycount-6-operatorcount-1-constraintcount-1-6fcc7ccb5a4d6a03,asp,unsolved,30,16,0.136229,WrongAnswer,"expected 16, got 30",synthetic;family=entitycount-6-operatorcount-1-constraintcount-1;entitycount=6;operatorcount=1;constraintcount=1;depth=1,problems/benchmarks/synthetic/manifest.json
synthetic,entitycount-6-operatorcount-1-constraintcount-1-6fcc7ccb5a4d6a03,essence,unsolved,30,16,1.188649,WrongAnswer,"expected 16, got 30",synthetic;family=entitycount-6-operatorcount-1-constraintcount-1;entitycount=6;operatorcount=1;constraintcount=1;depth=1,problems/benchmarks/synthetic/manifest.json
synthetic,entitycount-6-operatorcount-1-constraintcount-1-aefbdbf0a1df8620,wfomc,solved,120,120,0.571864,,,synthetic;family=entitycount-6-operatorcount-1-constraintcount-1;entitycount=6;operatorcount=1;constraintcount=1;depth=1,problems/benchmarks/synthetic/manifest.json
synthetic,entitycount-6-operatorcount-1-constraintcount-1-aefbdbf0a1df8620,propositionalwfomc,error,,120,4.596154,GanakError,ganak exited with code 255,synthetic;family=entitycount-6-operatorcount-1-constraintcount-1;entitycount=6;operatorcount=1;constraintcount=1;depth=1,problems/benchmarks/synthetic/manifest.json
synthetic,entitycount-6-operatorcount-1-constraintcount-1-aefbdbf0a1df8620,coso,error,,120,0.147559,CoSoEncodingError,CoSo backend does not support Cofola sequence objects; use TupleDef/tuple(...) for CoSo-compatible ordered arrangements.,synthetic;family=entitycount-6-operatorcount-1-constraintcount-1;entitycount=6;operatorcount=1;constraintcount=1;depth=1,problems/benchmarks/synthetic/manifest.json
synthetic,entitycount-6-operatorcount-1-constraintcount-1-aefbdbf0a1df8620,asp,unsolved,,120,0.125526,CoSoEncodingError,CoSo backend does not support Cofola sequence objects; use TupleDef/tuple(...) for CoSo-compatible ordered arrangements.,synthetic;family=entitycount-6-operatorcount-1-constraintcount-1;entitycount=6;operatorcount=1;constraintcount=1;depth=1,problems/benchmarks/synthetic/manifest.json
synthetic,entitycount-6-operatorcount-1-constraintcount-1-aefbdbf0a1df8620,essence,unsolved,,120,0.124530,CoSoEncodingError,CoSo backend does not support Cofola sequence objects; use TupleDef/tuple(...) for CoSo-compatible ordered arrangements.,synthetic;family=entitycount-6-operatorcount-1-constraintcount-1;entitycount=6;operatorcount=1;constraintcount=1;depth=1,problems/benchmarks/synthetic/manifest.json
synthetic,entitycount-6-operatorcount-1-constraintcount-1-b7a233dc133c0a8c,wfomc,solved,240,240,0.412101,,,synthetic;family=entitycount-6-operatorcount-1-constraintcount-1;entitycount=6;operatorcount=1;constraintcount=1;depth=1,problems/benchmarks/synthetic/manifest.json
synthetic,entitycount-6-operatorcount-1-constraintcount-1-b7a233dc133c0a8c,propositionalwfomc,error,,240,1.302491,GanakError,ganak exited with code 255,synthetic;family=entitycount-6-operatorcount-1-constraintcount-1;entitycount=6;operatorcount=1;constraintcount=1;depth=1,problems/benchmarks/synthetic/manifest.json
synthetic,entitycount-6-operatorcount-1-constraintcount-1-b7a233dc133c0a8c,coso,error,,240,0.147220,CoSoEncodingError,CoSo backend does not support Cofola sequence objects; use TupleDef/tuple(...) for CoSo-compatible ordered arrangements.,synthetic;family=entitycount-6-operatorcount-1-constraintcount-1;entitycount=6;operatorcount=1;constraintcount=1;depth=1,problems/benchmarks/synthetic/manifest.json
synthetic,entitycount-6-operatorcount-1-constraintcount-1-b7a233dc133c0a8c,asp,unsolved,,240,0.131117,CoSoEncodingError,CoSo backend does not support Cofola sequence objects; use TupleDef/tuple(...) for CoSo-compatible ordered arrangements.,synthetic;family=entitycount-6-operatorcount-1-constraintcount-1;entitycount=6;operatorcount=1;constraintcount=1;depth=1,problems/benchmarks/synthetic/manifest.json
synthetic,entitycount-6-operatorcount-1-constraintcount-1-b7a233dc133c0a8c,essence,unsolved,,240,0.128328,CoSoEncodingError,CoSo backend does not support Cofola sequence objects; use TupleDef/tuple(...) for CoSo-compatible ordered arrangements.,synthetic;family=entitycount-6-operatorcount-1-constraintcount-1;entitycount=6;operatorcount=1;constraintcount=1;depth=1,problems/benchmarks/synthetic/manifest.json
synthetic,entitycount-6-operatorcount-1-constraintcount-1-c2e6ac1d7d372886,wfomc,solved,6,6,0.994293,,,synthetic;family=entitycount-6-operatorcount-1-constraintcount-1;entitycount=6;operatorcount=1;constraintcount=1;depth=1,problems/benchmarks/synthetic/manifest.json
synthetic,entitycount-6-operatorcount-1-constraintcount-1-c2e6ac1d7d372886,propositionalwfomc,error,,6,3.859448,GanakError,ganak exited with code 255,synthetic;family=entitycount-6-operatorcount-1-constraintcount-1;entitycount=6;operatorcount=1;constraintcount=1;depth=1,problems/benchmarks/synthetic/manifest.json
synthetic,entitycount-6-operatorcount-1-constraintcount-1-c2e6ac1d7d372886,coso,error,,6,0.147703,CoSoEncodingError,CoSo backend does not support Cofola circle objects.,synthetic;family=entitycount-6-operatorcount-1-constraintcount-1;entitycount=6;operatorcount=1;constraintcount=1;depth=1,problems/benchmarks/synthetic/manifest.json
synthetic,entitycount-6-operatorcount-1-constraintcount-1-c2e6ac1d7d372886,asp,unsolved,,6,0.126581,CoSoEncodingError,CoSo backend does not support Cofola circle objects.,synthetic;family=entitycount-6-operatorcount-1-constraintcount-1;entitycount=6;operatorcount=1;constraintcount=1;depth=1,problems/benchmarks/synthetic/manifest.json
synthetic,entitycount-6-operatorcount-1-constraintcount-1-c2e6ac1d7d372886,essence,unsolved,,6,0.128514,CoSoEncodingError,CoSo backend does not support Cofola circle objects.,synthetic;family=entitycount-6-operatorcount-1-constraintcount-1;entitycount=6;operatorcount=1;constraintcount=1;depth=1,problems/benchmarks/synthetic/manifest.json
synthetic,entitycount-6-operatorcount-1-constraintcount-2-0fd8b0e226dabf0f,wfomc,solved,24,24,27.272421,,,synthetic;family=entitycount-6-operatorcount-1-constraintcount-2;entitycount=6;operatorcount=1;constraintcount=2;depth=1,problems/benchmarks/synthetic/manifest.json
synthetic,entitycount-6-operatorcount-1-constraintcount-2-0fd8b0e226dabf0f,propositionalwfomc,error,,24,9.902896,GanakError,ganak exited with code 255,synthetic;family=entitycount-6-operatorcount-1-constraintcount-2;entitycount=6;operatorcount=1;constraintcount=2;depth=1,problems/benchmarks/synthetic/manifest.json
synthetic,entitycount-6-operatorcount-1-constraintcount-2-0fd8b0e226dabf0f,coso,error,,24,0.160022,CoSoEncodingError,CoSo backend does not support Cofola sequence objects; use TupleDef/tuple(...) for CoSo-compatible ordered arrangements.,synthetic;family=entitycount-6-operatorcount-1-constraintcount-2;entitycount=6;operatorcount=1;constraintcount=2;depth=1,problems/benchmarks/synthetic/manifest.json
synthetic,entitycount-6-operatorcount-1-constraintcount-2-0fd8b0e226dabf0f,asp,unsolved,,24,0.136589,CoSoEncodingError,CoSo backend does not support Cofola sequence objects; use TupleDef/tuple(...) for CoSo-compatible ordered arrangements.,synthetic;family=entitycount-6-operatorcount-1-constraintcount-2;entitycount=6;operatorcount=1;constraintcount=2;depth=1,problems/benchmarks/synthetic/manifest.json
synthetic,entitycount-6-operatorcount-1-constraintcount-2-0fd8b0e226dabf0f,essence,unsolved,,24,0.153291,CoSoEncodingError,CoSo backend does not support Cofola sequence objects; use TupleDef/tuple(...) for CoSo-compatible ordered arrangements.,synthetic;family=entitycount-6-operatorcount-1-constraintcount-2;entitycount=6;operatorcount=1;constraintcount=2;depth=1,problems/benchmarks/synthetic/manifest.json
synthetic,entitycount-6-operatorcount-1-constraintcount-2-699b0cadc6e5bcdd,wfomc,solved,120,120,1.223025,,,synthetic;family=entitycount-6-operatorcount-1-constraintcount-2;entitycount=6;operatorcount=1;constraintcount=2;depth=1,problems/benchmarks/synthetic/manifest.json
synthetic,entitycount-6-operatorcount-1-constraintcount-2-699b0cadc6e5bcdd,propositionalwfomc,error,,120,7.497922,GanakError,ganak exited with code 255,synthetic;family=entitycount-6-operatorcount-1-constraintcount-2;entitycount=6;operatorcount=1;constraintcount=2;depth=1,problems/benchmarks/synthetic/manifest.json
synthetic,entitycount-6-operatorcount-1-constraintcount-2-699b0cadc6e5bcdd,coso,error,,120,0.148630,CoSoEncodingError,CoSo backend does not support Cofola sequence objects; use TupleDef/tuple(...) for CoSo-compatible ordered arrangements.,synthetic;family=entitycount-6-operatorcount-1-constraintcount-2;entitycount=6;operatorcount=1;constraintcount=2;depth=1,problems/benchmarks/synthetic/manifest.json
synthetic,entitycount-6-operatorcount-1-constraintcount-2-699b0cadc6e5bcdd,asp,unsolved,,120,0.155233,CoSoEncodingError,CoSo backend does not support Cofola sequence objects; use TupleDef/tuple(...) for CoSo-compatible ordered arrangements.,synthetic;family=entitycount-6-operatorcount-1-constraintcount-2;entitycount=6;operatorcount=1;constraintcount=2;depth=1,problems/benchmarks/synthetic/manifest.json
synthetic,entitycount-6-operatorcount-1-constraintcount-2-699b0cadc6e5bcdd,essence,unsolved,,120,0.135634,CoSoEncodingError,CoSo backend does not support Cofola sequence objects; use TupleDef/tuple(...) for CoSo-compatible ordered arrangements.,synthetic;family=entitycount-6-operatorcount-1-constraintcount-2;entitycount=6;operatorcount=1;constraintcount=2;depth=1,problems/benchmarks/synthetic/manifest.json
synthetic,entitycount-6-operatorcount-1-constraintcount-2-7e57ff6a67665b60,wfomc,solved,24,24,0.701522,,,synthetic;family=entitycount-6-operatorcount-1-constraintcount-2;entitycount=6;operatorcount=1;constraintcount=2;depth=1,problems/benchmarks/synthetic/manifest.json
synthetic,entitycount-6-operatorcount-1-constraintcount-2-7e57ff6a67665b60,propositionalwfomc,error,,24,2.520368,GanakError,ganak exited with code 255,synthetic;family=entitycount-6-operatorcount-1-constraintcount-2;entitycount=6;operatorcount=1;constraintcount=2;depth=1,problems/benchmarks/synthetic/manifest.json
synthetic,entitycount-6-operatorcount-1-constraintcount-2-7e57ff6a67665b60,coso,solved,24,24,0.199321,,,synthetic;family=entitycount-6-operatorcount-1-constraintcount-2;entitycount=6;operatorcount=1;constraintcount=2;depth=1,problems/benchmarks/synthetic/manifest.json
synthetic,entitycount-6-operatorcount-1-constraintcount-2-7e57ff6a67665b60,asp,solved,24,24,0.141242,,,synthetic;family=entitycount-6-operatorcount-1-constraintcount-2;entitycount=6;operatorcount=1;constraintcount=2;depth=1,problems/benchmarks/synthetic/manifest.json
synthetic,entitycount-6-operatorcount-1-constraintcount-2-7e57ff6a67665b60,essence,solved,24,24,1.397609,,,synthetic;family=entitycount-6-operatorcount-1-constraintcount-2;entitycount=6;operatorcount=1;constraintcount=2;depth=1,problems/benchmarks/synthetic/manifest.json
synthetic,entitycount-6-operatorcount-1-constraintcount-2-7fb97b49ac44c5e6,wfomc,solved,0,0,59.997858,,,synthetic;family=entitycount-6-operatorcount-1-constraintcount-2;entitycount=6;operatorcount=1;constraintcount=2;depth=1,problems/benchmarks/synthetic/manifest.json
synthetic,entitycount-6-operatorcount-1-constraintcount-2-7fb97b49ac44c5e6,propositionalwfomc,error,,0,7.841922,GanakError,ganak exited with code 255,synthetic;family=entitycount-6-operatorcount-1-constraintcount-2;entitycount=6;operatorcount=1;constraintcount=2;depth=1,problems/benchmarks/synthetic/manifest.json
synthetic,entitycount-6-operatorcount-1-constraintcount-2-7fb97b49ac44c5e6,coso,error,,0,0.169901,CoSoEncodingError,CoSo backend does not support Cofola circle objects.,synthetic;family=entitycount-6-operatorcount-1-constraintcount-2;entitycount=6;operatorcount=1;constraintcount=2;depth=1,problems/benchmarks/synthetic/manifest.json
synthetic,entitycount-6-operatorcount-1-constraintcount-2-7fb97b49ac44c5e6,asp,unsolved,,0,0.140078,CoSoEncodingError,CoSo backend does not support Cofola circle objects.,synthetic;family=entitycount-6-operatorcount-1-constraintcount-2;entitycount=6;operatorcount=1;constraintcount=2;depth=1,problems/benchmarks/synthetic/manifest.json
synthetic,entitycount-6-operatorcount-1-constraintcount-2-7fb97b49ac44c5e6,essence,unsolved,,0,0.142659,CoSoEncodingError,CoSo backend does not support Cofola circle objects.,synthetic;family=entitycount-6-operatorcount-1-constraintcount-2;entitycount=6;operatorcount=1;constraintcount=2;depth=1,problems/benchmarks/synthetic/manifest.json
synthetic,entitycount-6-operatorcount-1-constraintcount-2-f218600467904c90,wfomc,solved,0,0,0.186709,,,synthetic;family=entitycount-6-operatorcount-1-constraintcount-2;entitycount=6;operatorcount=1;constraintcount=2;depth=1,problems/benchmarks/synthetic/manifest.json
synthetic,entitycount-6-operatorcount-1-constraintcount-2-f218600467904c90,propositionalwfomc,solved,0,0,0.180559,,,synthetic;family=entitycount-6-operatorcount-1-constraintcount-2;entitycount=6;operatorcount=1;constraintcount=2;depth=1,problems/benchmarks/synthetic/manifest.json
synthetic,entitycount-6-operatorcount-1-constraintcount-2-f218600467904c90,coso,solved,0,0,0.175724,,,synthetic;family=entitycount-6-operatorcount-1-constraintcount-2;entitycount=6;operatorcount=1;constraintcount=2;depth=1,problems/benchmarks/synthetic/manifest.json
synthetic,entitycount-6-operatorcount-1-constraintcount-2-f218600467904c90,asp,solved,0,0,0.152878,,,synthetic;family=entitycount-6-operatorcount-1-constraintcount-2;entitycount=6;operatorcount=1;constraintcount=2;depth=1,problems/benchmarks/synthetic/manifest.json
synthetic,entitycount-6-operatorcount-1-constraintcount-2-f218600467904c90,essence,solved,0,0,0.158963,,,synthetic;family=entitycount-6-operatorcount-1-constraintcount-2;entitycount=6;operatorcount=1;constraintcount=2;depth=1,problems/benchmarks/synthetic/manifest.json
synthetic,entitycount-6-operatorcount-1-constraintcount-3-40a9594b9d68bb1a,wfomc,solved,0,0,0.619318,,,synthetic;family=entitycount-6-operatorcount-1-constraintcount-3;entitycount=6;operatorcount=1;constraintcount=3;depth=1,problems/benchmarks/synthetic/manifest.json
synthetic,entitycount-6-operatorcount-1-constraintcount-3-40a9594b9d68bb1a,propositionalwfomc,error,,0,0.679000,GanakError,ganak exited with code 255,synthetic;family=entitycount-6-operatorcount-1-constraintcount-3;entitycount=6;operatorcount=1;constraintcount=3;depth=1,problems/benchmarks/synthetic/manifest.json
synthetic,entitycount-6-operatorcount-1-constraintcount-3-40a9594b9d68bb1a,coso,solved,0,0,0.185498,,,synthetic;family=entitycount-6-operatorcount-1-constraintcount-3;entitycount=6;operatorcount=1;constraintcount=3;depth=1,problems/benchmarks/synthetic/manifest.json
synthetic,entitycount-6-operatorcount-1-constraintcount-3-40a9594b9d68bb1a,asp,solved,0,0,0.161414,,,synthetic;family=entitycount-6-operatorcount-1-constraintcount-3;entitycount=6;operatorcount=1;constraintcount=3;depth=1,problems/benchmarks/synthetic/manifest.json
synthetic,entitycount-6-operatorcount-1-constraintcount-3-40a9594b9d68bb1a,essence,unsolved,,0,0.425725,RuntimeError,Error:,synthetic;family=entitycount-6-operatorcount-1-constraintcount-3;entitycount=6;operatorcount=1;constraintcount=3;depth=1,problems/benchmarks/synthetic/manifest.json
synthetic,entitycount-6-operatorcount-1-constraintcount-3-4103ef963e4c3b33,wfomc,solved,0,0,0.200377,,,synthetic;family=entitycount-6-operatorcount-1-constraintcount-3;entitycount=6;operatorcount=1;constraintcount=3;depth=1,problems/benchmarks/synthetic/manifest.json
synthetic,entitycount-6-operatorcount-1-constraintcount-3-4103ef963e4c3b33,propositionalwfomc,solved,0,0,0.198312,,,synthetic;family=entitycount-6-operatorcount-1-constraintcount-3;entitycount=6;operatorcount=1;constraintcount=3;depth=1,problems/benchmarks/synthetic/manifest.json
synthetic,entitycount-6-operatorcount-1-constraintcount-3-4103ef963e4c3b33,coso,solved,0,0,0.190622,,,synthetic;family=entitycount-6-operatorcount-1-constraintcount-3;entitycount=6;operatorcount=1;constraintcount=3;depth=1,problems/benchmarks/synthetic/manifest.json
synthetic,entitycount-6-operatorcount-1-constraintcount-3-4103ef963e4c3b33,asp,solved,0,0,0.171196,,,synthetic;family=entitycount-6-operatorcount-1-constraintcount-3;entitycount=6;operatorcount=1;constraintcount=3;depth=1,problems/benchmarks/synthetic/manifest.json
synthetic,entitycount-6-operatorcount-1-constraintcount-3-4103ef963e4c3b33,essence,solved,0,0,0.166793,,,synthetic;family=entitycount-6-operatorcount-1-constraintcount-3;entitycount=6;operatorcount=1;constraintcount=3;depth=1,problems/benchmarks/synthetic/manifest.json
synthetic,entitycount-6-operatorcount-1-constraintcount-3-7d10335329ac6184,wfomc,solved,0,0,0.537540,,,synthetic;family=entitycount-6-operatorcount-1-constraintcount-3;entitycount=6;operatorcount=1;constraintcount=3;depth=1,problems/benchmarks/synthetic/manifest.json
synthetic,entitycount-6-operatorcount-1-constraintcount-3-7d10335329ac6184,propositionalwfomc,error,,0,0.496390,GanakError,ganak exited with code 255,synthetic;family=entitycount-6-operatorcount-1-constraintcount-3;entitycount=6;operatorcount=1;constraintcount=3;depth=1,problems/benchmarks/synthetic/manifest.json
synthetic,entitycount-6-operatorcount-1-constraintcount-3-7d10335329ac6184,coso,error,,0,0.152687,CoSoEncodingError,CoSo backend does not support BagSubsetConstraint.,synthetic;family=entitycount-6-operatorcount-1-constraintcount-3;entitycount=6;operatorcount=1;constraintcount=3;depth=1,problems/benchmarks/synthetic/manifest.json
synthetic,entitycount-6-operatorcount-1-constraintcount-3-7d10335329ac6184,asp,unsolved,,0,0.129801,CoSoEncodingError,CoSo backend does not support BagSubsetConstraint.,synthetic;family=entitycount-6-operatorcount-1-constraintcount-3;entitycount=6;operatorcount=1;constraintcount=3;depth=1,problems/benchmarks/synthetic/manifest.json
synthetic,entitycount-6-operatorcount-1-constraintcount-3-7d10335329ac6184,essence,unsolved,,0,0.135153,CoSoEncodingError,CoSo backend does not support BagSubsetConstraint.,synthetic;family=entitycount-6-operatorcount-1-constraintcount-3;entitycount=6;operatorcount=1;constraintcount=3;depth=1,problems/benchmarks/synthetic/manifest.json
synthetic,entitycount-6-operatorcount-1-constraintcount-3-ae6115d84e6b3da5,wfomc,solved,0,0,15.085467,,,synthetic;family=entitycount-6-operatorcount-1-constraintcount-3;entitycount=6;operatorcount=1;constraintcount=3;depth=1,problems/benchmarks/synthetic/manifest.json
synthetic,entitycount-6-operatorcount-1-constraintcount-3-ae6115d84e6b3da5,propositionalwfomc,error,,0,7.380586,GanakError,ganak exited with code 255,synthetic;family=entitycount-6-operatorcount-1-constraintcount-3;entitycount=6;operatorcount=1;constraintcount=3;depth=1,problems/benchmarks/synthetic/manifest.json
synthetic,entitycount-6-operatorcount-1-constraintcount-3-ae6115d84e6b3da5,coso,error,,0,0.171210,CoSoEncodingError,CoSo backend does not support Cofola circle objects.,synthetic;family=entitycount-6-operatorcount-1-constraintcount-3;entitycount=6;operatorcount=1;constraintcount=3;depth=1,problems/benchmarks/synthetic/manifest.json
synthetic,entitycount-6-operatorcount-1-constraintcount-3-ae6115d84e6b3da5,asp,unsolved,,0,0.140694,CoSoEncodingError,CoSo backend does not support Cofola circle objects.,synthetic;family=entitycount-6-operatorcount-1-constraintcount-3;entitycount=6;operatorcount=1;constraintcount=3;depth=1,problems/benchmarks/synthetic/manifest.json
synthetic,entitycount-6-operatorcount-1-constraintcount-3-ae6115d84e6b3da5,essence,unsolved,,0,0.143134,CoSoEncodingError,CoSo backend does not support Cofola circle objects.,synthetic;family=entitycount-6-operatorcount-1-constraintcount-3;entitycount=6;operatorcount=1;constraintcount=3;depth=1,problems/benchmarks/synthetic/manifest.json
synthetic,entitycount-6-operatorcount-1-constraintcount-3-d52ce2f6630783d1,wfomc,solved,1,1,0.433452,,,synthetic;family=entitycount-6-operatorcount-1-constraintcount-3;entitycount=6;operatorcount=1;constraintcount=3;depth=1,problems/benchmarks/synthetic/manifest.json
synthetic,entitycount-6-operatorcount-1-constraintcount-3-d52ce2f6630783d1,propositionalwfomc,error,,1,0.552557,GanakError,ganak exited with code 255,synthetic;family=entitycount-6-operatorcount-1-constraintcount-3;entitycount=6;operatorcount=1;constraintcount=3;depth=1,problems/benchmarks/synthetic/manifest.json
synthetic,entitycount-6-operatorcount-1-constraintcount-3-d52ce2f6630783d1,coso,error,,1,0.158543,CoSoEncodingError,CoSo backend supports disjoint constraints only with the target.,synthetic;family=entitycount-6-operatorcount-1-constraintcount-3;entitycount=6;operatorcount=1;constraintcount=3;depth=1,problems/benchmarks/synthetic/manifest.json
synthetic,entitycount-6-operatorcount-1-constraintcount-3-d52ce2f6630783d1,asp,unsolved,,1,0.140120,CoSoEncodingError,CoSo backend supports disjoint constraints only with the target.,synthetic;family=entitycount-6-operatorcount-1-constraintcount-3;entitycount=6;operatorcount=1;constraintcount=3;depth=1,problems/benchmarks/synthetic/manifest.json
synthetic,entitycount-6-operatorcount-1-constraintcount-3-d52ce2f6630783d1,essence,unsolved,,1,0.139050,CoSoEncodingError,CoSo backend supports disjoint constraints only with the target.,synthetic;family=entitycount-6-operatorcount-1-constraintcount-3;entitycount=6;operatorcount=1;constraintcount=3;depth=1,problems/benchmarks/synthetic/manifest.json
synthetic,entitycount-6-operatorcount-1-constraintcount-3-db1b4e6207a976a9,wfomc,solved,0,0,0.546456,,,synthetic;family=entitycount-6-operatorcount-1-constraintcount-3;entitycount=6;operatorcount=1;constraintcount=3;depth=1,problems/benchmarks/synthetic/manifest.json
synthetic,entitycount-6-operatorcount-1-constraintcount-3-db1b4e6207a976a9,propositionalwfomc,error,,0,0.543471,GanakError,ganak exited with code 255,synthetic;family=entitycount-6-operatorcount-1-constraintcount-3;entitycount=6;operatorcount=1;constraintcount=3;depth=1,problems/benchmarks/synthetic/manifest.json
synthetic,entitycount-6-operatorcount-1-constraintcount-3-db1b4e6207a976a9,coso,error,,0,0.147936,CoSoEncodingError,CoSo backend does not support BagSubsetConstraint.,synthetic;family=entitycount-6-operatorcount-1-constraintcount-3;entitycount=6;operatorcount=1;constraintcount=3;depth=1,problems/benchmarks/synthetic/manifest.json
synthetic,entitycount-6-operatorcount-1-constraintcount-3-db1b4e6207a976a9,asp,unsolved,,0,0.128094,CoSoEncodingError,CoSo backend does not support BagSubsetConstraint.,synthetic;family=entitycount-6-operatorcount-1-constraintcount-3;entitycount=6;operatorcount=1;constraintcount=3;depth=1,problems/benchmarks/synthetic/manifest.json
synthetic,entitycount-6-operatorcount-1-constraintcount-3-db1b4e6207a976a9,essence,unsolved,,0,0.133152,CoSoEncodingError,CoSo backend does not support BagSubsetConstraint.,synthetic;family=entitycount-6-operatorcount-1-constraintcount-3;entitycount=6;operatorcount=1;constraintcount=3;depth=1,problems/benchmarks/synthetic/manifest.json
synthetic,entitycount-6-operatorcount-2-constraintcount-0-7b7123ffc129aed7,wfomc,solved,608,608,12.894567,,,synthetic;family=entitycount-6-operatorcount-2-constraintcount-0;entitycount=6;operatorcount=2;constraintcount=0;depth=1,problems/benchmarks/synthetic/manifest.json
synthetic,entitycount-6-operatorcount-2-constraintcount-0-7b7123ffc129aed7,propositionalwfomc,error,,608,6.819197,GanakError,ganak exited with code 255,synthetic;family=entitycount-6-operatorcount-2-constraintcount-0;entitycount=6;operatorcount=2;constraintcount=0;depth=1,problems/benchmarks/synthetic/manifest.json
synthetic,entitycount-6-operatorcount-2-constraintcount-0-7b7123ffc129aed7,coso,wrong,32,608,0.152434,WrongAnswer,"expected 608, got 32",synthetic;family=entitycount-6-operatorcount-2-constraintcount-0;entitycount=6;operatorcount=2;constraintcount=0;depth=1,problems/benchmarks/synthetic/manifest.json
synthetic,entitycount-6-operatorcount-2-constraintcount-0-7b7123ffc129aed7,asp,unsolved,,608,0.128462,CoSoEncodingError,"CoSo backend supports exactly one target configuration per component; found 2 (partition_0, choose_tuple_0).",synthetic;family=entitycount-6-operatorcount-2-constraintcount-0;entitycount=6;operatorcount=2;constraintcount=0;depth=1,problems/benchmarks/synthetic/manifest.json
synthetic,entitycount-6-operatorcount-2-constraintcount-0-7b7123ffc129aed7,essence,unsolved,,608,0.132137,CoSoEncodingError,"CoSo backend supports exactly one target configuration per component; found 2 (partition_0, choose_tuple_0).",synthetic;family=entitycount-6-operatorcount-2-constraintcount-0;entitycount=6;operatorcount=2;constraintcount=0;depth=1,problems/benchmarks/synthetic/manifest.json
synthetic,entitycount-6-operatorcount-2-constraintcount-0-a6c415e0db3545b3,wfomc,solved,270,270,4.779448,,,synthetic;family=entitycount-6-operatorcount-2-constraintcount-0;entitycount=6;operatorcount=2;constraintcount=0;depth=1,problems/benchmarks/synthetic/manifest.json
synthetic,entitycount-6-operatorcount-2-constraintcount-0-a6c415e0db3545b3,propositionalwfomc,error,,270,19.891701,GanakError,ganak exited with code 255,synthetic;family=entitycount-6-operatorcount-2-constraintcount-0;entitycount=6;operatorcount=2;constraintcount=0;depth=1,problems/benchmarks/synthetic/manifest.json
synthetic,entitycount-6-operatorcount-2-constraintcount-0-a6c415e0db3545b3,coso,wrong,18,270,0.152448,WrongAnswer,"expected 270, got 18",synthetic;family=entitycount-6-operatorcount-2-constraintcount-0;entitycount=6;operatorcount=2;constraintcount=0;depth=1,problems/benchmarks/synthetic/manifest.json
synthetic,entitycount-6-operatorcount-2-constraintcount-0-a6c415e0db3545b3,asp,unsolved,,270,0.138686,CoSoEncodingError,"CoSo backend supports exactly one target configuration per component; found 2 (partition_0, circle_0).",synthetic;family=entitycount-6-operatorcount-2-constraintcount-0;entitycount=6;operatorcount=2;constraintcount=0;depth=1,problems/benchmarks/synthetic/manifest.json
synthetic,entitycount-6-operatorcount-2-constraintcount-0-a6c415e0db3545b3,essence,unsolved,,270,0.131084,CoSoEncodingError,"CoSo backend supports exactly one target configuration per component; found 2 (partition_0, circle_0).",synthetic;family=entitycount-6-operatorcount-2-constraintcount-0;entitycount=6;operatorcount=2;constraintcount=0;depth=1,problems/benchmarks/synthetic/manifest.json
synthetic,entitycount-6-operatorcount-2-constraintcount-0-f9d555185b457f25,wfomc,solved,17280,17280,4.012873,,,synthetic;family=entitycount-6-operatorcount-2-constraintcount-0;entitycount=6;operatorcount=2;constraintcount=0;depth=1,problems/benchmarks/synthetic/manifest.json
synthetic,entitycount-6-operatorcount-2-constraintcount-0-f9d555185b457f25,propositionalwfomc,error,,17280,13.452100,GanakError,ganak exited with code 255,synthetic;family=entitycount-6-operatorcount-2-constraintcount-0;entitycount=6;operatorcount=2;constraintcount=0;depth=1,problems/benchmarks/synthetic/manifest.json
synthetic,entitycount-6-operatorcount-2-constraintcount-0-f9d555185b457f25,coso,wrong,48,17280,0.156435,WrongAnswer,"expected 17280, got 48",synthetic;family=entitycount-6-operatorcount-2-constraintcount-0;entitycount=6;operatorcount=2;constraintcount=0;depth=1,problems/benchmarks/synthetic/manifest.json
synthetic,entitycount-6-operatorcount-2-constraintcount-0-f9d555185b457f25,asp,unsolved,,17280,0.144647,CoSoEncodingError,"CoSo backend supports exactly one target configuration per component; found 2 (choose_tuple_0, compose_0).",synthetic;family=entitycount-6-operatorcount-2-constraintcount-0;entitycount=6;operatorcount=2;constraintcount=0;depth=1,problems/benchmarks/synthetic/manifest.json
synthetic,entitycount-6-operatorcount-2-constraintcount-0-f9d555185b457f25,essence,unsolved,,17280,0.164216,CoSoEncodingError,"CoSo backend supports exactly one target configuration per component; found 2 (choose_tuple_0, compose_0).",synthetic;family=entitycount-6-operatorcount-2-constraintcount-0;entitycount=6;operatorcount=2;constraintcount=0;depth=1,problems/benchmarks/synthetic/manifest.json
synthetic,entitycount-6-operatorcount-2-constraintcount-1-6d21800f730e41ab,wfomc,solved,900,900,13.898350,,,synthetic;family=entitycount-6-operatorcount-2-constraintcount-1;entitycount=6;operatorcount=2;constraintcount=1;depth=1,problems/benchmarks/synthetic/manifest.json
synthetic,entitycount-6-operatorcount-2-constraintcount-1-6d21800f730e41ab,propositionalwfomc,error,,900,6.552224,GanakError,ganak exited with code 255,synthetic;family=entitycount-6-operatorcount-2-constraintcount-1;entitycount=6;operatorcount=2;constraintcount=1;depth=1,problems/benchmarks/synthetic/manifest.json
synthetic,entitycount-6-operatorcount-2-constraintcount-1-6d21800f730e41ab,coso,error,,900,0.190217,CoSoEncodingError,"CoSo backend supports exactly one target configuration per component; found 2 (choose_tuple_0, compose_0).",synthetic;family=entitycount-6-operatorcount-2-constraintcount-1;entitycount=6;operatorcount=2;constraintcount=1;depth=1,problems/benchmarks/synthetic/manifest.json
synthetic,entitycount-6-operatorcount-2-constraintcount-1-6d21800f730e41ab,asp,unsolved,,900,0.166645,CoSoEncodingError,"CoSo backend supports exactly one target configuration per component; found 2 (choose_tuple_0, compose_0).",synthetic;family=entitycount-6-operatorcount-2-constraintcount-1;entitycount=6;operatorcount=2;constraintcount=1;depth=1,problems/benchmarks/synthetic/manifest.json
synthetic,entitycount-6-operatorcount-2-constraintcount-1-6d21800f730e41ab,essence,unsolved,,900,0.162284,CoSoEncodingError,"CoSo backend supports exactly one target configuration per component; found 2 (choose_tuple_0, compose_0).",synthetic;family=entitycount-6-operatorcount-2-constraintcount-1;entitycount=6;operatorcount=2;constraintcount=1;depth=1,problems/benchmarks/synthetic/manifest.json
synthetic,entitycount-6-operatorcount-2-constraintcount-1-7e32fcdedd12fef6,wfomc,solved,4375,4375,7.280671,,,synthetic;family=entitycount-6-operatorcount-2-constraintcount-1;entitycount=6;operatorcount=2;constraintcount=1;depth=2,problems/benchmarks/synthetic/manifest.json
synthetic,entitycount-6-operatorcount-2-constraintcount-1-7e32fcdedd12fef6,propositionalwfomc,error,,4375,9.763438,GanakError,ganak exited with code 255,synthetic;family=entitycount-6-operatorcount-2-constraintcount-1;entitycount=6;operatorcount=2;constraintcount=1;depth=2,problems/benchmarks/synthetic/manifest.json
synthetic,entitycount-6-operatorcount-2-constraintcount-1-7e32fcdedd12fef6,coso,error,,4375,0.340045,CoSoEncodingError,"CoSo backend supports exactly one target configuration per component; found 2 (compose_0, compose_1).",synthetic;family=entitycount-6-operatorcount-2-constraintcount-1;entitycount=6;operatorcount=2;constraintcount=1;depth=2,problems/benchmarks/synthetic/manifest.json
synthetic,entitycount-6-operatorcount-2-constraintcount-1-7e32fcdedd12fef6,asp,unsolved,,4375,0.140376,CoSoEncodingError,"CoSo backend supports exactly one target configuration per component; found 2 (compose_0, compose_1).",synthetic;family=entitycount-6-operatorcount-2-constraintcount-1;entitycount=6;operatorcount=2;constraintcount=1;depth=2,problems/benchmarks/synthetic/manifest.json
synthetic,entitycount-6-operatorcount-2-constraintcount-1-7e32fcdedd12fef6,essence,unsolved,,4375,0.142137,CoSoEncodingError,"CoSo backend supports exactly one target configuration per component; found 2 (compose_0, compose_1).",synthetic;family=entitycount-6-operatorcount-2-constraintcount-1;entitycount=6;operatorcount=2;constraintcount=1;depth=2,problems/benchmarks/synthetic/manifest.json
synthetic,entitycount-6-operatorcount-2-constraintcount-1-c89ae16b778ff092,wfomc,solved,86400,86400,1.081808,,,synthetic;family=entitycount-6-operatorcount-2-constraintcount-1;entitycount=6;operatorcount=2;constraintcount=1;depth=1,problems/benchmarks/synthetic/manifest.json
synthetic,entitycount-6-operatorcount-2-constraintcount-1-c89ae16b778ff092,propositionalwfomc,error,,86400,6.807456,GanakError,ganak exited with code 255,synthetic;family=entitycount-6-operatorcount-2-constraintcount-1;entitycount=6;operatorcount=2;constraintcount=1;depth=1,problems/benchmarks/synthetic/manifest.json
synthetic,entitycount-6-operatorcount-2-constraintcount-1-c89ae16b778ff092,coso,error,,86400,0.230228,CoSoEncodingError,"CoSo backend supports exactly one target configuration per component; found 2 (tuple_0, tuple_1).",synthetic;family=entitycount-6-operatorcount-2-constraintcount-1;entitycount=6;operatorcount=2;constraintcount=1;depth=1,problems/benchmarks/synthetic/manifest.json
synthetic,entitycount-6-operatorcount-2-constraintcount-1-c89ae16b778ff092,asp,unsolved,,86400,0.155202,CoSoEncodingError,"CoSo backend supports exactly one target configuration per component; found 2 (tuple_0, tuple_1).",synthetic;family=entitycount-6-operatorcount-2-constraintcount-1;entitycount=6;operatorcount=2;constraintcount=1;depth=1,problems/benchmarks/synthetic/manifest.json
synthetic,entitycount-6-operatorcount-2-constraintcount-1-c89ae16b778ff092,essence,unsolved,,86400,0.158469,CoSoEncodingError,"CoSo backend supports exactly one target configuration per component; found 2 (tuple_0, tuple_1).",synthetic;family=entitycount-6-operatorcount-2-constraintcount-1;entitycount=6;operatorcount=2;constraintcount=1;depth=1,problems/benchmarks/synthetic/manifest.json
synthetic,entitycount-6-operatorcount-2-constraintcount-2-0a376cf70be918d0,wfomc,solved,0,0,1.157010,,,synthetic;family=entitycount-6-operatorcount-2-constraintcount-2;entitycount=6;operatorcount=2;constraintcount=2;depth=2,problems/benchmarks/synthetic/manifest.json
synthetic,entitycount-6-operatorcount-2-constraintcount-2-0a376cf70be918d0,propositionalwfomc,error,,0,1.328466,GanakError,ganak exited with code 255,synthetic;family=entitycount-6-operatorcount-2-constraintcount-2;entitycount=6;operatorcount=2;constraintcount=2;depth=2,problems/benchmarks/synthetic/manifest.json
synthetic,entitycount-6-operatorcount-2-constraintcount-2-0a376cf70be918d0,coso,error,,0,0.163602,CoSoEncodingError,CoSo backend does not support BagSubsetConstraint.,synthetic;family=entitycount-6-operatorcount-2-constraintcount-2;entitycount=6;operatorcount=2;constraintcount=2;depth=2,problems/benchmarks/synthetic/manifest.json
synthetic,entitycount-6-operatorcount-2-constraintcount-2-0a376cf70be918d0,asp,unsolved,,0,0.157151,CoSoEncodingError,CoSo backend does not support BagSubsetConstraint.,synthetic;family=entitycount-6-operatorcount-2-constraintcount-2;entitycount=6;operatorcount=2;constraintcount=2;depth=2,problems/benchmarks/synthetic/manifest.json
synthetic,entitycount-6-operatorcount-2-constraintcount-2-0a376cf70be918d0,essence,unsolved,,0,0.176785,CoSoEncodingError,CoSo backend does not support BagSubsetConstraint.,synthetic;family=entitycount-6-operatorcount-2-constraintcount-2;entitycount=6;operatorcount=2;constraintcount=2;depth=2,problems/benchmarks/synthetic/manifest.json
synthetic,entitycount-6-operatorcount-2-constraintcount-2-37af4128d1b00394,wfomc,solved,0,0,1.440784,,,synthetic;family=entitycount-6-operatorcount-2-constraintcount-2;entitycount=6;operatorcount=2;constraintcount=2;depth=2,problems/benchmarks/synthetic/manifest.json
synthetic,entitycount-6-operatorcount-2-constraintcount-2-37af4128d1b00394,propositionalwfomc,error,,0,3.196155,GanakError,ganak exited with code 255,synthetic;family=entitycount-6-operatorcount-2-constraintcount-2;entitycount=6;operatorcount=2;constraintcount=2;depth=2,problems/benchmarks/synthetic/manifest.json
synthetic,entitycount-6-operatorcount-2-constraintcount-2-37af4128d1b00394,coso,error,,0,0.245427,CoSoEncodingError,CoSo backend does not support BagSubsetConstraint.,synthetic;family=entitycount-6-operatorcount-2-constraintcount-2;entitycount=6;operatorcount=2;constraintcount=2;depth=2,problems/benchmarks/synthetic/manifest.json
synthetic,entitycount-6-operatorcount-2-constraintcount-2-37af4128d1b00394,asp,unsolved,,0,0.239478,CoSoEncodingError,CoSo backend does not support BagSubsetConstraint.,synthetic;family=entitycount-6-operatorcount-2-constraintcount-2;entitycount=6;operatorcount=2;constraintcount=2;depth=2,problems/benchmarks/synthetic/manifest.json
synthetic,entitycount-6-operatorcount-2-constraintcount-2-37af4128d1b00394,essence,unsolved,,0,0.161402,CoSoEncodingError,CoSo backend does not support BagSubsetConstraint.,synthetic;family=entitycount-6-operatorcount-2-constraintcount-2;entitycount=6;operatorcount=2;constraintcount=2;depth=2,problems/benchmarks/synthetic/manifest.json
synthetic,entitycount-6-operatorcount-2-constraintcount-2-69b536410283e6d4,wfomc,solved,2322,2322,31.389884,,,synthetic;family=entitycount-6-operatorcount-2-constraintcount-2;entitycount=6;operatorcount=2;constraintcount=2;depth=1,problems/benchmarks/synthetic/manifest.json
synthetic,entitycount-6-operatorcount-2-constraintcount-2-69b536410283e6d4,propositionalwfomc,error,,2322,10.571393,GanakError,ganak exited with code 255,synthetic;family=entitycount-6-operatorcount-2-constraintcount-2;entitycount=6;operatorcount=2;constraintcount=2;depth=1,problems/benchmarks/synthetic/manifest.json
synthetic,entitycount-6-operatorcount-2-constraintcount-2-69b536410283e6d4,coso,error,,2322,0.171871,CoSoEncodingError,"CoSo backend supports exactly one target configuration per component; found 2 (compose_0, choose_tuple_0).",synthetic;family=entitycount-6-operatorcount-2-constraintcount-2;entitycount=6;operatorcount=2;constraintcount=2;depth=1,problems/benchmarks/synthetic/manifest.json
synthetic,entitycount-6-operatorcount-2-constraintcount-2-69b536410283e6d4,asp,unsolved,,2322,0.145612,CoSoEncodingError,"CoSo backend supports exactly one target configuration per component; found 2 (compose_0, choose_tuple_0).",synthetic;family=entitycount-6-operatorcount-2-constraintcount-2;entitycount=6;operatorcount=2;constraintcount=2;depth=1,problems/benchmarks/synthetic/manifest.json
synthetic,entitycount-6-operatorcount-2-constraintcount-2-69b536410283e6d4,essence,unsolved,,2322,0.151234,CoSoEncodingError,"CoSo backend supports exactly one target configuration per component; found 2 (compose_0, choose_tuple_0).",synthetic;family=entitycount-6-operatorcount-2-constraintcount-2;entitycount=6;operatorcount=2;constraintcount=2;depth=1,problems/benchmarks/synthetic/manifest.json
synthetic,entitycount-6-operatorcount-2-constraintcount-2-8b61a11318f3a02e,wfomc,solved,1095854054400,1095854054400,49.528480,,,synthetic;family=entitycount-6-operatorcount-2-constraintcount-2;entitycount=6;operatorcount=2;constraintcount=2;depth=1,problems/benchmarks/synthetic/manifest.json
synthetic,entitycount-6-operatorcount-2-constraintcount-2-8b61a11318f3a02e,propositionalwfomc,error,,1095854054400,18.294896,GanakError,ganak exited with code 255,synthetic;family=entitycount-6-operatorcount-2-constraintcount-2;entitycount=6;operatorcount=2;constraintcount=2;depth=1,problems/benchmarks/synthetic/manifest.json
synthetic,entitycount-6-operatorcount-2-constraintcount-2-8b61a11318f3a02e,coso,error,,1095854054400,0.161707,CoSoEncodingError,"CoSo backend supports exactly one target configuration per component; found 2 (sequence_0, choose_tuple_0).",synthetic;family=entitycount-6-operatorcount-2-constraintcount-2;entitycount=6;operatorcount=2;constraintcount=2;depth=1,problems/benchmarks/synthetic/manifest.json
synthetic,entitycount-6-operatorcount-2-constraintcount-2-8b61a11318f3a02e,asp,unsolved,,1095854054400,0.146645,CoSoEncodingError,"CoSo backend supports exactly one target configuration per component; found 2 (sequence_0, choose_tuple_0).",synthetic;family=entitycount-6-operatorcount-2-constraintcount-2;entitycount=6;operatorcount=2;constraintcount=2;depth=1,problems/benchmarks/synthetic/manifest.json
synthetic,entitycount-6-operatorcount-2-constraintcount-2-8b61a11318f3a02e,essence,unsolved,,1095854054400,0.139212,CoSoEncodingError,"CoSo backend supports exactly one target configuration per component; found 2 (sequence_0, choose_tuple_0).",synthetic;family=entitycount-6-operatorcount-2-constraintcount-2;entitycount=6;operatorcount=2;constraintcount=2;depth=1,problems/benchmarks/synthetic/manifest.json
synthetic,entitycount-6-operatorcount-2-constraintcount-2-9222f8b87ab8c7e1,wfomc,solved,42,42,6.916703,,,synthetic;family=entitycount-6-operatorcount-2-constraintcount-2;entitycount=6;operatorcount=2;constraintcount=2;depth=1,problems/benchmarks/synthetic/manifest.json
synthetic,entitycount-6-operatorcount-2-constraintcount-2-9222f8b87ab8c7e1,propositionalwfomc,error,,42,8.721498,GanakError,ganak exited with code 255,synthetic;family=entitycount-6-operatorcount-2-constraintcount-2;entitycount=6;operatorcount=2;constraintcount=2;depth=1,problems/benchmarks/synthetic/manifest.json
synthetic,entitycount-6-operatorcount-2-constraintcount-2-9222f8b87ab8c7e1,coso,error,,42,0.162879,CoSoEncodingError,"CoSo backend supports exactly one target configuration per component; found 2 (circle_0, choose_0).",synthetic;family=entitycount-6-operatorcount-2-constraintcount-2;entitycount=6;operatorcount=2;constraintcount=2;depth=1,problems/benchmarks/synthetic/manifest.json
synthetic,entitycount-6-operatorcount-2-constraintcount-2-9222f8b87ab8c7e1,asp,unsolved,,42,0.144938,CoSoEncodingError,"CoSo backend supports exactly one target configuration per component; found 2 (circle_0, choose_0).",synthetic;family=entitycount-6-operatorcount-2-constraintcount-2;entitycount=6;operatorcount=2;constraintcount=2;depth=1,problems/benchmarks/synthetic/manifest.json
synthetic,entitycount-6-operatorcount-2-constraintcount-2-9222f8b87ab8c7e1,essence,unsolved,,42,0.143677,CoSoEncodingError,"CoSo backend supports exactly one target configuration per component; found 2 (circle_0, choose_0).",synthetic;family=entitycount-6-operatorcount-2-constraintcount-2;entitycount=6;operatorcount=2;constraintcount=2;depth=1,problems/benchmarks/synthetic/manifest.json
synthetic,entitycount-6-operatorcount-2-constraintcount-2-cec10f42ac958b3a,wfomc,solved,31104000,31104000,3.538948,,,synthetic;family=entitycount-6-operatorcount-2-constraintcount-2;entitycount=6;operatorcount=2;constraintcount=2;depth=1,problems/benchmarks/synthetic/manifest.json
synthetic,entitycount-6-operatorcount-2-constraintcount-2-cec10f42ac958b3a,propositionalwfomc,error,,31104000,16.171116,GanakError,ganak exited with code 255,synthetic;family=entitycount-6-operatorcount-2-constraintcount-2;entitycount=6;operatorcount=2;constraintcount=2;depth=1,problems/benchmarks/synthetic/manifest.json
synthetic,entitycount-6-operatorcount-2-constraintcount-2-cec10f42ac958b3a,coso,error,,31104000,0.167882,CoSoEncodingError,"CoSo backend supports exactly one target configuration per component; found 2 (sequence_0, tuple_0).",synthetic;family=entitycount-6-operatorcount-2-constraintcount-2;entitycount=6;operatorcount=2;constraintcount=2;depth=1,problems/benchmarks/synthetic/manifest.json
synthetic,entitycount-6-operatorcount-2-constraintcount-2-cec10f42ac958b3a,asp,unsolved,,31104000,0.147082,CoSoEncodingError,"CoSo backend supports exactly one target configuration per component; found 2 (sequence_0, tuple_0).",synthetic;family=entitycount-6-operatorcount-2-constraintcount-2;entitycount=6;operatorcount=2;constraintcount=2;depth=1,problems/benchmarks/synthetic/manifest.json
synthetic,entitycount-6-operatorcount-2-constraintcount-2-cec10f42ac958b3a,essence,unsolved,,31104000,0.145732,CoSoEncodingError,"CoSo backend supports exactly one target configuration per component; found 2 (sequence_0, tuple_0).",synthetic;family=entitycount-6-operatorcount-2-constraintcount-2;entitycount=6;operatorcount=2;constraintcount=2;depth=1,problems/benchmarks/synthetic/manifest.json
synthetic,entitycount-6-operatorcount-3-constraintcount-0-43200cd4614758dc,wfomc,solved,73285005312,73285005312,1.229659,,,synthetic;family=entitycount-6-operatorcount-3-constraintcount-0;entitycount=6;operatorcount=3;constraintcount=0;depth=1,problems/benchmarks/synthetic/manifest.json
synthetic,entitycount-6-operatorcount-3-constraintcount-0-43200cd4614758dc,propositionalwfomc,error,,73285005312,9.960537,GanakError,ganak exited with code 255,synthetic;family=entitycount-6-operatorcount-3-constraintcount-0;entitycount=6;operatorcount=3;constraintcount=0;depth=1,problems/benchmarks/synthetic/manifest.json
synthetic,entitycount-6-operatorcount-3-constraintcount-0-43200cd4614758dc,coso,wrong,202,73285005312,0.294820,WrongAnswer,"expected 73285005312, got 202",synthetic;family=entitycount-6-operatorcount-3-constraintcount-0;entitycount=6;operatorcount=3;constraintcount=0;depth=1,problems/benchmarks/synthetic/manifest.json
synthetic,entitycount-6-operatorcount-3-constraintcount-0-43200cd4614758dc,asp,unsolved,,73285005312,0.146027,CoSoEncodingError,"CoSo backend supports exactly one target configuration per component; found 3 (partition_0, choose_tuple_0, choose_tuple_1).",synthetic;family=entitycount-6-operatorcount-3-constraintcount-0;entitycount=6;operatorcount=3;constraintcount=0;depth=1,problems/benchmarks/synthetic/manifest.json
synthetic,entitycount-6-operatorcount-3-constraintcount-0-43200cd4614758dc,essence,unsolved,,73285005312,0.145932,CoSoEncodingError,"CoSo backend supports exactly one target configuration per component; found 3 (partition_0, choose_tuple_0, choose_tuple_1).",synthetic;family=entitycount-6-operatorcount-3-constraintcount-0;entitycount=6;operatorcount=3;constraintcount=0;depth=1,problems/benchmarks/synthetic/manifest.json
synthetic,entitycount-6-operatorcount-3-constraintcount-0-c31517ec875ce649,wfomc,solved,8,8,0.628035,,,synthetic;family=entitycount-6-operatorcount-3-constraintcount-0;entitycount=6;operatorcount=3;constraintcount=0;depth=2,problems/benchmarks/synthetic/manifest.json
synthetic,entitycount-6-operatorcount-3-constraintcount-0-c31517ec875ce649,propositionalwfomc,error,,8,0.777385,GanakError,ganak exited with code 255,synthetic;family=entitycount-6-operatorcount-3-constraintcount-0;entitycount=6;operatorcount=3;constraintcount=0;depth=2,problems/benchmarks/synthetic/manifest.json
synthetic,entitycount-6-operatorcount-3-constraintcount-0-c31517ec875ce649,coso,solved,8,8,0.162044,,,synthetic;family=entitycount-6-operatorcount-3-constraintcount-0;entitycount=6;operatorcount=3;constraintcount=0;depth=2,problems/benchmarks/synthetic/manifest.json
synthetic,entitycount-6-operatorcount-3-constraintcount-0-c31517ec875ce649,asp,solved,8,8,0.151469,,,synthetic;family=entitycount-6-operatorcount-3-constraintcount-0;entitycount=6;operatorcount=3;constraintcount=0;depth=2,problems/benchmarks/synthetic/manifest.json
synthetic,entitycount-6-operatorcount-3-constraintcount-0-c31517ec875ce649,essence,solved,8,8,1.333106,,,synthetic;family=entitycount-6-operatorcount-3-constraintcount-0;entitycount=6;operatorcount=3;constraintcount=0;depth=2,problems/benchmarks/synthetic/manifest.json
synthetic,entitycount-6-operatorcount-3-constraintcount-0-e454fd4da6fcdcd9,wfomc,solved,2016,2016,2.303746,,,synthetic;family=entitycount-6-operatorcount-3-constraintcount-0;entitycount=6;operatorcount=3;constraintcount=0;depth=1,problems/benchmarks/synthetic/manifest.json
synthetic,entitycount-6-operatorcount-3-constraintcount-0-e454fd4da6fcdcd9,propositionalwfomc,error,,2016,3.574230,GanakError,ganak exited with code 255,synthetic;family=entitycount-6-operatorcount-3-constraintcount-0;entitycount=6;operatorcount=3;constraintcount=0;depth=1,problems/benchmarks/synthetic/manifest.json
synthetic,entitycount-6-operatorcount-3-constraintcount-0-e454fd4da6fcdcd9,coso,error,,2016,0.174344,CoSoEncodingError,"CoSo backend supports exactly one target configuration per component; found 3 (choose_tuple_0, choose_replace_0, choose_0).",synthetic;family=entitycount-6-operatorcount-3-constraintcount-0;entitycount=6;operatorcount=3;constraintcount=0;depth=1,problems/benchmarks/synthetic/manifest.json
synthetic,entitycount-6-operatorcount-3-constraintcount-0-e454fd4da6fcdcd9,asp,unsolved,,2016,0.150938,CoSoEncodingError,"CoSo backend supports exactly one target configuration per component; found 3 (choose_tuple_0, choose_replace_0, choose_0).",synthetic;family=entitycount-6-operatorcount-3-constraintcount-0;entitycount=6;operatorcount=3;constraintcount=0;depth=1,problems/benchmarks/synthetic/manifest.json
synthetic,entitycount-6-operatorcount-3-constraintcount-0-e454fd4da6fcdcd9,essence,unsolved,,2016,0.156727,CoSoEncodingError,"CoSo backend supports exactly one target configuration per component; found 3 (choose_tuple_0, choose_replace_0, choose_0).",synthetic;family=entitycount-6-operatorcount-3-constraintcount-0;entitycount=6;operatorcount=3;constraintcount=0;depth=1,problems/benchmarks/synthetic/manifest.json
synthetic,entitycount-6-operatorcount-3-constraintcount-3-3231f166594d7e8c,wfomc,solved,2560,2560,0.606359,,,synthetic;family=entitycount-6-operatorcount-3-constraintcount-3;entitycount=6;operatorcount=3;constraintcount=3;depth=2,problems/benchmarks/synthetic/manifest.json
synthetic,entitycount-6-operatorcount-3-constraintcount-3-3231f166594d7e8c,propositionalwfomc,error,,2560,0.855324,GanakError,ganak exited with code 255,synthetic;family=entitycount-6-operatorcount-3-constraintcount-3;entitycount=6;operatorcount=3;constraintcount=3;depth=2,problems/benchmarks/synthetic/manifest.json
synthetic,entitycount-6-operatorcount-3-constraintcount-3-3231f166594d7e8c,coso,error,,2560,0.240699,CoSoEncodingError,"CoSo backend supports exactly one target configuration per component; found 2 (partition_0, compose_0).",synthetic;family=entitycount-6-operatorcount-3-constraintcount-3;entitycount=6;operatorcount=3;constraintcount=3;depth=2,problems/benchmarks/synthetic/manifest.json
synthetic,entitycount-6-operatorcount-3-constraintcount-3-3231f166594d7e8c,asp,unsolved,,2560,0.209144,CoSoEncodingError,"CoSo backend supports exactly one target configuration per component; found 2 (partition_0, compose_0).",synthetic;family=entitycount-6-operatorcount-3-constraintcount-3;entitycount=6;operatorcount=3;constraintcount=3;depth=2,problems/benchmarks/synthetic/manifest.json
synthetic,entitycount-6-operatorcount-3-constraintcount-3-3231f166594d7e8c,essence,unsolved,,2560,0.208151,CoSoEncodingError,"CoSo backend supports exactly one target configuration per component; found 2 (partition_0, compose_0).",synthetic;family=entitycount-6-operatorcount-3-constraintcount-3;entitycount=6;operatorcount=3;constraintcount=3;depth=2,problems/benchmarks/synthetic/manifest.json
synthetic,entitycount-6-operatorcount-4-constraintcount-2-2a3bc365b5f360e2,wfomc,solved,0,0,1.922289,,,synthetic;family=entitycount-6-operatorcount-4-constraintcount-2;entitycount=6;operatorcount=4;constraintcount=2;depth=3,problems/benchmarks/synthetic/manifest.json
synthetic,entitycount-6-operatorcount-4-constraintcount-2-2a3bc365b5f360e2,propositionalwfomc,error,,0,10.387644,GanakError,ganak exited with code 255,synthetic;family=entitycount-6-operatorcount-4-constraintcount-2;entitycount=6;operatorcount=4;constraintcount=2;depth=3,problems/benchmarks/synthetic/manifest.json
synthetic,entitycount-6-operatorcount-4-constraintcount-2-2a3bc365b5f360e2,coso,error,,0,0.179441,CoSoEncodingError,CoSo backend only supports count atoms on the target.,synthetic;family=entitycount-6-operatorcount-4-constraintcount-2;entitycount=6;operatorcount=4;constraintcount=2;depth=3,problems/benchmarks/synthetic/manifest.json
synthetic,entitycount-6-operatorcount-4-constraintcount-2-2a3bc365b5f360e2,asp,unsolved,,0,0.161120,CoSoEncodingError,CoSo backend only supports count atoms on the target.,synthetic;family=entitycount-6-operatorcount-4-constraintcount-2;entitycount=6;operatorcount=4;constraintcount=2;depth=3,problems/benchmarks/synthetic/manifest.json
synthetic,entitycount-6-operatorcount-4-constraintcount-2-2a3bc365b5f360e2,essence,unsolved,,0,0.171918,CoSoEncodingError,CoSo backend only supports count atoms on the target.,synthetic;family=entitycount-6-operatorcount-4-constraintcount-2;entitycount=6;operatorcount=4;constraintcount=2;depth=3,problems/benchmarks/synthetic/manifest.json
synthetic,entitycount-6-operatorcount-4-constraintcount-2-30ea8e562dd6146f,wfomc,solved,0,0,1.449095,,,synthetic;family=entitycount-6-operatorcount-4-constraintcount-2;entitycount=6;operatorcount=4;constraintcount=2;depth=2,problems/benchmarks/synthetic/manifest.json
synthetic,entitycount-6-operatorcount-4-constraintcount-2-30ea8e562dd6146f,propositionalwfomc,error,,0,17.745509,GanakError,ganak exited with code 255,synthetic;family=entitycount-6-operatorcount-4-constraintcount-2;entitycount=6;operatorcount=4;constraintcount=2;depth=2,problems/benchmarks/synthetic/manifest.json
synthetic,entitycount-6-operatorcount-4-constraintcount-2-30ea8e562dd6146f,coso,error,,0,0.190786,CoSoEncodingError,"CoSo backend supports exactly one target configuration per component; found 2 (circle_0, choose_1).",synthetic;family=entitycount-6-operatorcount-4-constraintcount-2;entitycount=6;operatorcount=4;constraintcount=2;depth=2,problems/benchmarks/synthetic/manifest.json
synthetic,entitycount-6-operatorcount-4-constraintcount-2-30ea8e562dd6146f,asp,unsolved,,0,0.172691,CoSoEncodingError,"CoSo backend supports exactly one target configuration per component; found 2 (circle_0, choose_1).",synthetic;family=entitycount-6-operatorcount-4-constraintcount-2;entitycount=6;operatorcount=4;constraintcount=2;depth=2,problems/benchmarks/synthetic/manifest.json
synthetic,entitycount-6-operatorcount-4-constraintcount-2-30ea8e562dd6146f,essence,unsolved,,0,0.168910,CoSoEncodingError,"CoSo backend supports exactly one target configuration per component; found 2 (circle_0, choose_1).",synthetic;family=entitycount-6-operatorcount-4-constraintcount-2;entitycount=6;operatorcount=4;constraintcount=2;depth=2,problems/benchmarks/synthetic/manifest.json
synthetic,entitycount-8-operatorcount-1-constraintcount-0-17c2b29ba83a4d1e,wfomc,solved,10080,10080,1.622238,,,synthetic;family=entitycount-8-operatorcount-1-constraintcount-0;entitycount=8;operatorcount=1;constraintcount=0;depth=1,problems/benchmarks/synthetic/manifest.json
synthetic,entitycount-8-operatorcount-1-constraintcount-0-17c2b29ba83a4d1e,propositionalwfomc,error,,10080,7.964447,GanakError,ganak exited with code 255,synthetic;family=entitycount-8-operatorcount-1-constraintcount-0;entitycount=8;operatorcount=1;constraintcount=0;depth=1,problems/benchmarks/synthetic/manifest.json
synthetic,entitycount-8-operatorcount-1-constraintcount-0-17c2b29ba83a4d1e,coso,error,,10080,0.143658,CoSoEncodingError,CoSo backend does not support Cofola sequence objects; use TupleDef/tuple(...) for CoSo-compatible ordered arrangements.,synthetic;family=entitycount-8-operatorcount-1-constraintcount-0;entitycount=8;operatorcount=1;constraintcount=0;depth=1,problems/benchmarks/synthetic/manifest.json
synthetic,entitycount-8-operatorcount-1-constraintcount-0-17c2b29ba83a4d1e,asp,unsolved,,10080,0.128254,CoSoEncodingError,CoSo backend does not support Cofola sequence objects; use TupleDef/tuple(...) for CoSo-compatible ordered arrangements.,synthetic;family=entitycount-8-operatorcount-1-constraintcount-0;entitycount=8;operatorcount=1;constraintcount=0;depth=1,problems/benchmarks/synthetic/manifest.json
synthetic,entitycount-8-operatorcount-1-constraintcount-0-17c2b29ba83a4d1e,essence,unsolved,,10080,0.127176,CoSoEncodingError,CoSo backend does not support Cofola sequence objects; use TupleDef/tuple(...) for CoSo-compatible ordered arrangements.,synthetic;family=entitycount-8-operatorcount-1-constraintcount-0;entitycount=8;operatorcount=1;constraintcount=0;depth=1,problems/benchmarks/synthetic/manifest.json
synthetic,entitycount-8-operatorcount-1-constraintcount-0-84fd1376369d28ad,wfomc,solved,3360,3360,0.688453,,,synthetic;family=entitycount-8-operatorcount-1-constraintcount-0;entitycount=8;operatorcount=1;constraintcount=0;depth=1,problems/benchmarks/synthetic/manifest.json
synthetic,entitycount-8-operatorcount-1-constraintcount-0-84fd1376369d28ad,propositionalwfomc,error,,3360,4.839284,GanakError,ganak exited with code 255,synthetic;family=entitycount-8-operatorcount-1-constraintcount-0;entitycount=8;operatorcount=1;constraintcount=0;depth=1,problems/benchmarks/synthetic/manifest.json
synthetic,entitycount-8-operatorcount-1-constraintcount-0-84fd1376369d28ad,coso,error,,3360,0.130868,CoSoEncodingError,CoSo backend does not support Cofola sequence objects; use TupleDef/tuple(...) for CoSo-compatible ordered arrangements.,synthetic;family=entitycount-8-operatorcount-1-constraintcount-0;entitycount=8;operatorcount=1;constraintcount=0;depth=1,problems/benchmarks/synthetic/manifest.json
synthetic,entitycount-8-operatorcount-1-constraintcount-0-84fd1376369d28ad,asp,unsolved,,3360,0.104399,CoSoEncodingError,CoSo backend does not support Cofola sequence objects; use TupleDef/tuple(...) for CoSo-compatible ordered arrangements.,synthetic;family=entitycount-8-operatorcount-1-constraintcount-0;entitycount=8;operatorcount=1;constraintcount=0;depth=1,problems/benchmarks/synthetic/manifest.json
synthetic,entitycount-8-operatorcount-1-constraintcount-0-84fd1376369d28ad,essence,unsolved,,3360,0.108672,CoSoEncodingError,CoSo backend does not support Cofola sequence objects; use TupleDef/tuple(...) for CoSo-compatible ordered arrangements.,synthetic;family=entitycount-8-operatorcount-1-constraintcount-0;entitycount=8;operatorcount=1;constraintcount=0;depth=1,problems/benchmarks/synthetic/manifest.json
synthetic,entitycount-8-operatorcount-1-constraintcount-0-cb607d8a7ff16521,wfomc,solved,36,36,1.498959,,,synthetic;family=entitycount-8-operatorcount-1-constraintcount-0;entitycount=8;operatorcount=1;constraintcount=0;depth=1,problems/benchmarks/synthetic/manifest.json
synthetic,entitycount-8-operatorcount-1-constraintcount-0-cb607d8a7ff16521,propositionalwfomc,error,,36,2.709379,GanakError,ganak exited with code 255,synthetic;family=entitycount-8-operatorcount-1-constraintcount-0;entitycount=8;operatorcount=1;constraintcount=0;depth=1,problems/benchmarks/synthetic/manifest.json
synthetic,entitycount-8-operatorcount-1-constraintcount-0-cb607d8a7ff16521,coso,wrong,0,36,0.151315,WrongAnswer,"expected 36, got 0",synthetic;family=entitycount-8-operatorcount-1-constraintcount-0;entitycount=8;operatorcount=1;constraintcount=0;depth=1,problems/benchmarks/synthetic/manifest.json
synthetic,entitycount-8-operatorcount-1-constraintcount-0-cb607d8a7ff16521,asp,solved,36,36,0.150392,,,synthetic;family=entitycount-8-operatorcount-1-constraintcount-0;entitycount=8;operatorcount=1;constraintcount=0;depth=1,problems/benchmarks/synthetic/manifest.json
synthetic,entitycount-8-operatorcount-1-constraintcount-0-cb607d8a7ff16521,essence,solved,36,36,0.927011,,,synthetic;family=entitycount-8-operatorcount-1-constraintcount-0;entitycount=8;operatorcount=1;constraintcount=0;depth=1,problems/benchmarks/synthetic/manifest.json
synthetic,entitycount-8-operatorcount-1-constraintcount-1-b860fe6f097ab184,wfomc,solved,23,23,36.798041,,,synthetic;family=entitycount-8-operatorcount-1-constraintcount-1;entitycount=8;operatorcount=1;constraintcount=1;depth=1,problems/benchmarks/synthetic/manifest.json
synthetic,entitycount-8-operatorcount-1-constraintcount-1-b860fe6f097ab184,propositionalwfomc,error,,23,6.646151,GanakError,ganak exited with code 255,synthetic;family=entitycount-8-operatorcount-1-constraintcount-1;entitycount=8;operatorcount=1;constraintcount=1;depth=1,problems/benchmarks/synthetic/manifest.json
synthetic,entitycount-8-operatorcount-1-constraintcount-1-b860fe6f097ab184,coso,solved,23,23,0.281372,,,synthetic;family=entitycount-8-operatorcount-1-constraintcount-1;entitycount=8;operatorcount=1;constraintcount=1;depth=1,problems/benchmarks/synthetic/manifest.json
synthetic,entitycount-8-operatorcount-1-constraintcount-1-b860fe6f097ab184,asp,unsolved,,23,0.181405,BaselineUnsupportedError,ASP baseline translator does not support partition.,synthetic;family=entitycount-8-operatorcount-1-constraintcount-1;entitycount=8;operatorcount=1;constraintcount=1;depth=1,problems/benchmarks/synthetic/manifest.json
synthetic,entitycount-8-operatorcount-1-constraintcount-1-b860fe6f097ab184,essence,unsolved,1,23,0.721621,WrongAnswer,"expected 23, got 1",synthetic;family=entitycount-8-operatorcount-1-constraintcount-1;entitycount=8;operatorcount=1;constraintcount=1;depth=1,problems/benchmarks/synthetic/manifest.json
synthetic,entitycount-8-operatorcount-1-constraintcount-1-c4a14615f8719fc3,wfomc,solved,5040,5040,0.456295,,,synthetic;family=entitycount-8-operatorcount-1-constraintcount-1;entitycount=8;operatorcount=1;constraintcount=1;depth=1,problems/benchmarks/synthetic/manifest.json
synthetic,entitycount-8-operatorcount-1-constraintcount-1-c4a14615f8719fc3,propositionalwfomc,error,,5040,3.229489,GanakError,ganak exited with code 255,synthetic;family=entitycount-8-operatorcount-1-constraintcount-1;entitycount=8;operatorcount=1;constraintcount=1;depth=1,problems/benchmarks/synthetic/manifest.json
synthetic,entitycount-8-operatorcount-1-constraintcount-1-c4a14615f8719fc3,coso,solved,5040,5040,0.171906,,,synthetic;family=entitycount-8-operatorcount-1-constraintcount-1;entitycount=8;operatorcount=1;constraintcount=1;depth=1,problems/benchmarks/synthetic/manifest.json
synthetic,entitycount-8-operatorcount-1-constraintcount-1-c4a14615f8719fc3,asp,solved,5040,5040,2.437761,,,synthetic;family=entitycount-8-operatorcount-1-constraintcount-1;entitycount=8;operatorcount=1;constraintcount=1;depth=1,problems/benchmarks/synthetic/manifest.json
synthetic,entitycount-8-operatorcount-1-constraintcount-1-c4a14615f8719fc3,essence,solved,5040,5040,6.141322,,,synthetic;family=entitycount-8-operatorcount-1-constraintcount-1;entitycount=8;operatorcount=1;constraintcount=1;depth=1,problems/benchmarks/synthetic/manifest.json
synthetic,entitycount-8-operatorcount-1-constraintcount-2-591bc70cdd6e86ca,wfomc,solved,4320,4320,0.729177,,,synthetic;family=entitycount-8-operatorcount-1-constraintcount-2;entitycount=8;operatorcount=1;constraintcount=2;depth=1,problems/benchmarks/synthetic/manifest.json
synthetic,entitycount-8-operatorcount-1-constraintcount-2-591bc70cdd6e86ca,propositionalwfomc,error,,4320,4.475934,GanakError,ganak exited with code 255,synthetic;family=entitycount-8-operatorcount-1-constraintcount-2;entitycount=8;operatorcount=1;constraintcount=2;depth=1,problems/benchmarks/synthetic/manifest.json
synthetic,entitycount-8-operatorcount-1-constraintcount-2-591bc70cdd6e86ca,coso,solved,4320,4320,0.398640,,,synthetic;family=entitycount-8-operatorcount-1-constraintcount-2;entitycount=8;operatorcount=1;constraintcount=2;depth=1,problems/benchmarks/synthetic/manifest.json
synthetic,entitycount-8-operatorcount-1-constraintcount-2-591bc70cdd6e86ca,asp,solved,4320,4320,1.899386,,,synthetic;family=entitycount-8-operatorcount-1-constraintcount-2;entitycount=8;operatorcount=1;constraintcount=2;depth=1,problems/benchmarks/synthetic/manifest.json
synthetic,entitycount-8-operatorcount-1-constraintcount-2-591bc70cdd6e86ca,essence,solved,4320,4320,6.032573,,,synthetic;family=entitycount-8-operatorcount-1-constraintcount-2;entitycount=8;operatorcount=1;constraintcount=2;depth=1,problems/benchmarks/synthetic/manifest.json
synthetic,entitycount-8-operatorcount-1-constraintcount-2-db03d03a3ac2b0cb,wfomc,solved,1200,1200,0.622636,,,synthetic;family=entitycount-8-operatorcount-1-constraintcount-2;entitycount=8;operatorcount=1;constraintcount=2;depth=1,problems/benchmarks/synthetic/manifest.json
synthetic,entitycount-8-operatorcount-1-constraintcount-2-db03d03a3ac2b0cb,propositionalwfomc,error,,1200,5.057755,GanakError,ganak exited with code 255,synthetic;family=entitycount-8-operatorcount-1-constraintcount-2;entitycount=8;operatorcount=1;constraintcount=2;depth=1,problems/benchmarks/synthetic/manifest.json
synthetic,entitycount-8-operatorcount-1-constraintcount-2-db03d03a3ac2b0cb,coso,error,,1200,0.155242,CoSoEncodingError,CoSo backend does not support Cofola circle objects.,synthetic;family=entitycount-8-operatorcount-1-constraintcount-2;entitycount=8;operatorcount=1;constraintcount=2;depth=1,problems/benchmarks/synthetic/manifest.json
synthetic,entitycount-8-operatorcount-1-constraintcount-2-db03d03a3ac2b0cb,asp,unsolved,,1200,0.137043,CoSoEncodingError,CoSo backend does not support Cofola circle objects.,synthetic;family=entitycount-8-operatorcount-1-constraintcount-2;entitycount=8;operatorcount=1;constraintcount=2;depth=1,problems/benchmarks/synthetic/manifest.json
synthetic,entitycount-8-operatorcount-1-constraintcount-2-db03d03a3ac2b0cb,essence,unsolved,,1200,0.128288,CoSoEncodingError,CoSo backend does not support Cofola circle objects.,synthetic;family=entitycount-8-operatorcount-1-constraintcount-2;entitycount=8;operatorcount=1;constraintcount=2;depth=1,problems/benchmarks/synthetic/manifest.json
synthetic,entitycount-8-operatorcount-1-constraintcount-2-eec0c01b36b41b1f,wfomc,solved,26,26,6.244251,,,synthetic;family=entitycount-8-operatorcount-1-constraintcount-2;entitycount=8;operatorcount=1;constraintcount=2;depth=1,problems/benchmarks/synthetic/manifest.json
synthetic,entitycount-8-operatorcount-1-constraintcount-2-eec0c01b36b41b1f,propositionalwfomc,error,,26,9.283767,GanakError,ganak exited with code 255,synthetic;family=entitycount-8-operatorcount-1-constraintcount-2;entitycount=8;operatorcount=1;constraintcount=2;depth=1,problems/benchmarks/synthetic/manifest.json
synthetic,entitycount-8-operatorcount-1-constraintcount-2-eec0c01b36b41b1f,coso,error,,26,0.153853,CoSoEncodingError,CoSo backend does not support Cofola circle objects.,synthetic;family=entitycount-8-operatorcount-1-constraintcount-2;entitycount=8;operatorcount=1;constraintcount=2;depth=1,problems/benchmarks/synthetic/manifest.json
synthetic,entitycount-8-operatorcount-1-constraintcount-2-eec0c01b36b41b1f,asp,unsolved,,26,0.130239,CoSoEncodingError,CoSo backend does not support Cofola circle objects.,synthetic;family=entitycount-8-operatorcount-1-constraintcount-2;entitycount=8;operatorcount=1;constraintcount=2;depth=1,problems/benchmarks/synthetic/manifest.json
synthetic,entitycount-8-operatorcount-1-constraintcount-2-eec0c01b36b41b1f,essence,unsolved,,26,0.128812,CoSoEncodingError,CoSo backend does not support Cofola circle objects.,synthetic;family=entitycount-8-operatorcount-1-constraintcount-2;entitycount=8;operatorcount=1;constraintcount=2;depth=1,problems/benchmarks/synthetic/manifest.json
synthetic,entitycount-8-operatorcount-1-constraintcount-3-164e13afbb530e28,wfomc,solved,0,0,1.826001,,,synthetic;family=entitycount-8-operatorcount-1-constraintcount-3;entitycount=8;operatorcount=1;constraintcount=3;depth=1,problems/benchmarks/synthetic/manifest.json
synthetic,entitycount-8-operatorcount-1-constraintcount-3-164e13afbb530e28,propositionalwfomc,error,,0,3.286504,GanakError,ganak exited with code 255,synthetic;family=entitycount-8-operatorcount-1-constraintcount-3;entitycount=8;operatorcount=1;constraintcount=3;depth=1,problems/benchmarks/synthetic/manifest.json
synthetic,entitycount-8-operatorcount-1-constraintcount-3-164e13afbb530e28,coso,error,,0,0.156799,CoSoEncodingError,CoSo backend supports disjoint constraints only with the target.,synthetic;family=entitycount-8-operatorcount-1-constraintcount-3;entitycount=8;operatorcount=1;constraintcount=3;depth=1,problems/benchmarks/synthetic/manifest.json
synthetic,entitycount-8-operatorcount-1-constraintcount-3-164e13afbb530e28,asp,unsolved,,0,0.142821,CoSoEncodingError,CoSo backend supports disjoint constraints only with the target.,synthetic;family=entitycount-8-operatorcount-1-constraintcount-3;entitycount=8;operatorcount=1;constraintcount=3;depth=1,problems/benchmarks/synthetic/manifest.json
synthetic,entitycount-8-operatorcount-1-constraintcount-3-164e13afbb530e28,essence,unsolved,,0,0.142629,CoSoEncodingError,CoSo backend supports disjoint constraints only with the target.,synthetic;family=entitycount-8-operatorcount-1-constraintcount-3;entitycount=8;operatorcount=1;constraintcount=3;depth=1,problems/benchmarks/synthetic/manifest.json
synthetic,entitycount-8-operatorcount-1-constraintcount-3-3aa3bc2e6e53fdfc,wfomc,solved,246,246,0.323690,,,synthetic;family=entitycount-8-operatorcount-1-constraintcount-3;entitycount=8;operatorcount=1;constraintcount=3;depth=1,problems/benchmarks/synthetic/manifest.json
synthetic,entitycount-8-operatorcount-1-constraintcount-3-3aa3bc2e6e53fdfc,propositionalwfomc,error,,246,0.431345,GanakError,ganak exited with code 255,synthetic;family=entitycount-8-operatorcount-1-constraintcount-3;entitycount=8;operatorcount=1;constraintcount=3;depth=1,problems/benchmarks/synthetic/manifest.json
synthetic,entitycount-8-operatorcount-1-constraintcount-3-3aa3bc2e6e53fdfc,coso,solved,246,246,0.225189,,,synthetic;family=entitycount-8-operatorcount-1-constraintcount-3;entitycount=8;operatorcount=1;constraintcount=3;depth=1,problems/benchmarks/synthetic/manifest.json
synthetic,entitycount-8-operatorcount-1-constraintcount-3-3aa3bc2e6e53fdfc,asp,unsolved,0,246,0.206491,WrongAnswer,"expected 246, got 0",synthetic;family=entitycount-8-operatorcount-1-constraintcount-3;entitycount=8;operatorcount=1;constraintcount=3;depth=1,problems/benchmarks/synthetic/manifest.json
synthetic,entitycount-8-operatorcount-1-constraintcount-3-3aa3bc2e6e53fdfc,essence,unsolved,,246,0.476061,RuntimeError,Error:,synthetic;family=entitycount-8-operatorcount-1-constraintcount-3;entitycount=8;operatorcount=1;constraintcount=3;depth=1,problems/benchmarks/synthetic/manifest.json
synthetic,entitycount-8-operatorcount-2-constraintcount-0-9f8cd64698bc8227,wfomc,solved,4096770048000,4096770048000,0.427908,,,synthetic;family=entitycount-8-operatorcount-2-constraintcount-0;entitycount=8;operatorcount=2;constraintcount=0;depth=1,problems/benchmarks/synthetic/manifest.json
synthetic,entitycount-8-operatorcount-2-constraintcount-0-9f8cd64698bc8227,propositionalwfomc,error,,4096770048000,5.329884,GanakError,ganak exited with code 255,synthetic;family=entitycount-8-operatorcount-2-constraintcount-0;entitycount=8;operatorcount=2;constraintcount=0;depth=1,problems/benchmarks/synthetic/manifest.json
synthetic,entitycount-8-operatorcount-2-constraintcount-0-9f8cd64698bc8227,coso,error,,4096770048000,0.152674,CoSoEncodingError,"CoSo backend supports exactly one target configuration per component; found 2 (circle_0, tuple_0).",synthetic;family=entitycount-8-operatorcount-2-constraintcount-0;entitycount=8;operatorcount=2;constraintcount=0;depth=1,problems/benchmarks/synthetic/manifest.json
synthetic,entitycount-8-operatorcount-2-constraintcount-0-9f8cd64698bc8227,asp,unsolved,,4096770048000,0.131850,CoSoEncodingError,"CoSo backend supports exactly one target configuration per component; found 2 (circle_0, tuple_0).",synthetic;family=entitycount-8-operatorcount-2-constraintcount-0;entitycount=8;operatorcount=2;constraintcount=0;depth=1,problems/benchmarks/synthetic/manifest.json
synthetic,entitycount-8-operatorcount-2-constraintcount-0-9f8cd64698bc8227,essence,unsolved,,4096770048000,0.132223,CoSoEncodingError,"CoSo backend supports exactly one target configuration per component; found 2 (circle_0, tuple_0).",synthetic;family=entitycount-8-operatorcount-2-constraintcount-0;entitycount=8;operatorcount=2;constraintcount=0;depth=1,problems/benchmarks/synthetic/manifest.json
synthetic,entitycount-8-operatorcount-2-constraintcount-1-1d19f76201f86b76,wfomc,solved,37881611550720,37881611550720,0.826018,,,synthetic;family=entitycount-8-operatorcount-2-constraintcount-1;entitycount=8;operatorcount=2;constraintcount=1;depth=1,problems/benchmarks/synthetic/manifest.json
synthetic,entitycount-8-operatorcount-2-constraintcount-1-1d19f76201f86b76,propositionalwfomc,error,,37881611550720,7.535429,GanakError,ganak exited with code 255,synthetic;family=entitycount-8-operatorcount-2-constraintcount-1;entitycount=8;operatorcount=2;constraintcount=1;depth=1,problems/benchmarks/synthetic/manifest.json
synthetic,entitycount-8-operatorcount-2-constraintcount-1-1d19f76201f86b76,coso,error,,37881611550720,0.165379,CoSoEncodingError,"CoSo backend supports exactly one target configuration per component; found 2 (tuple_0, choose_tuple_0).",synthetic;family=entitycount-8-operatorcount-2-constraintcount-1;entitycount=8;operatorcount=2;constraintcount=1;depth=1,problems/benchmarks/synthetic/manifest.json
synthetic,entitycount-8-operatorcount-2-constraintcount-1-1d19f76201f86b76,asp,unsolved,,37881611550720,0.141311,CoSoEncodingError,"CoSo backend supports exactly one target configuration per component; found 2 (tuple_0, choose_tuple_0).",synthetic;family=entitycount-8-operatorcount-2-constraintcount-1;entitycount=8;operatorcount=2;constraintcount=1;depth=1,problems/benchmarks/synthetic/manifest.json
synthetic,entitycount-8-operatorcount-2-constraintcount-1-1d19f76201f86b76,essence,unsolved,,37881611550720,0.141428,CoSoEncodingError,"CoSo backend supports exactly one target configuration per component; found 2 (tuple_0, choose_tuple_0).",synthetic;family=entitycount-8-operatorcount-2-constraintcount-1;entitycount=8;operatorcount=2;constraintcount=1;depth=1,problems/benchmarks/synthetic/manifest.json
synthetic,entitycount-8-operatorcount-2-constraintcount-1-2c0c89dcbd025ca2,wfomc,solved,0,0,1.415440,,,synthetic;family=entitycount-8-operatorcount-2-constraintcount-1;entitycount=8;operatorcount=2;constraintcount=1;depth=1,problems/benchmarks/synthetic/manifest.json
synthetic,entitycount-8-operatorcount-2-constraintcount-1-2c0c89dcbd025ca2,propositionalwfomc,error,,0,8.499475,GanakError,ganak exited with code 255,synthetic;family=entitycount-8-operatorcount-2-constraintcount-1;entitycount=8;operatorcount=2;constraintcount=1;depth=1,problems/benchmarks/synthetic/manifest.json
synthetic,entitycount-8-operatorcount-2-constraintcount-1-2c0c89dcbd025ca2,coso,solved,0,0,13.030695,,,synthetic;family=entitycount-8-operatorcount-2-constraintcount-1;entitycount=8;operatorcount=2;constraintcount=1;depth=1,problems/benchmarks/synthetic/manifest.json
synthetic,entitycount-8-operatorcount-2-constraintcount-1-2c0c89dcbd025ca2,asp,unsolved,,0,0.214091,CoSoEncodingError,"CoSo backend supports exactly one target configuration per component; found 2 (choose_tuple_0, partition_0).",synthetic;family=entitycount-8-operatorcount-2-constraintcount-1;entitycount=8;operatorcount=2;constraintcount=1;depth=1,problems/benchmarks/synthetic/manifest.json
synthetic,entitycount-8-operatorcount-2-constraintcount-1-2c0c89dcbd025ca2,essence,unsolved,,0,0.230007,CoSoEncodingError,"CoSo backend supports exactly one target configuration per component; found 2 (choose_tuple_0, partition_0).",synthetic;family=entitycount-8-operatorcount-2-constraintcount-1;entitycount=8;operatorcount=2;constraintcount=1;depth=1,problems/benchmarks/synthetic/manifest.json
synthetic,entitycount-8-operatorcount-2-constraintcount-1-2e82d0d4845aec4f,wfomc,solved,20860560,20860560,2.678174,,,synthetic;family=entitycount-8-operatorcount-2-constraintcount-1;entitycount=8;operatorcount=2;constraintcount=1;depth=1,problems/benchmarks/synthetic/manifest.json
synthetic,entitycount-8-operatorcount-2-constraintcount-1-2e82d0d4845aec4f,propositionalwfomc,error,,20860560,21.629986,GanakError,ganak exited with code 255,synthetic;family=entitycount-8-operatorcount-2-constraintcount-1;entitycount=8;operatorcount=2;constraintcount=1;depth=1,problems/benchmarks/synthetic/manifest.json
synthetic,entitycount-8-operatorcount-2-constraintcount-1-2e82d0d4845aec4f,coso,error,,20860560,0.164021,CoSoEncodingError,"CoSo backend supports exactly one target configuration per component; found 2 (tuple_0, partition_0).",synthetic;family=entitycount-8-operatorcount-2-constraintcount-1;entitycount=8;operatorcount=2;constraintcount=1;depth=1,problems/benchmarks/synthetic/manifest.json
synthetic,entitycount-8-operatorcount-2-constraintcount-1-2e82d0d4845aec4f,asp,unsolved,,20860560,0.148049,CoSoEncodingError,"CoSo backend supports exactly one target configuration per component; found 2 (tuple_0, partition_0).",synthetic;family=entitycount-8-operatorcount-2-constraintcount-1;entitycount=8;operatorcount=2;constraintcount=1;depth=1,problems/benchmarks/synthetic/manifest.json
synthetic,entitycount-8-operatorcount-2-constraintcount-1-2e82d0d4845aec4f,essence,unsolved,,20860560,0.141094,CoSoEncodingError,"CoSo backend supports exactly one target configuration per component; found 2 (tuple_0, partition_0).",synthetic;family=entitycount-8-operatorcount-2-constraintcount-1;entitycount=8;operatorcount=2;constraintcount=1;depth=1,problems/benchmarks/synthetic/manifest.json
synthetic,entitycount-8-operatorcount-2-constraintcount-2-1649e8673463cac7,wfomc,solved,74970,74970,0.743856,,,synthetic;family=entitycount-8-operatorcount-2-constraintcount-2;entitycount=8;operatorcount=2;constraintcount=2;depth=1,problems/benchmarks/synthetic/manifest.json
synthetic,entitycount-8-operatorcount-2-constraintcount-2-1649e8673463cac7,propositionalwfomc,error,,74970,3.464135,GanakError,ganak exited with code 255,synthetic;family=entitycount-8-operatorcount-2-constraintcount-2;entitycount=8;operatorcount=2;constraintcount=2;depth=1,problems/benchmarks/synthetic/manifest.json
synthetic,entitycount-8-operatorcount-2-constraintcount-2-1649e8673463cac7,coso,error,,74970,0.199171,CoSoEncodingError,"CoSo backend supports exactly one target configuration per component; found 2 (choose_tuple_0, compose_0).",synthetic;family=entitycount-8-operatorcount-2-constraintcount-2;entitycount=8;operatorcount=2;constraintcount=2;depth=1,problems/benchmarks/synthetic/manifest.json
synthetic,entitycount-8-operatorcount-2-constraintcount-2-1649e8673463cac7,asp,unsolved,,74970,0.179003,CoSoEncodingError,"CoSo backend supports exactly one target configuration per component; found 2 (choose_tuple_0, compose_0).",synthetic;family=entitycount-8-operatorcount-2-constraintcount-2;entitycount=8;operatorcount=2;constraintcount=2;depth=1,problems/benchmarks/synthetic/manifest.json
synthetic,entitycount-8-operatorcount-2-constraintcount-2-1649e8673463cac7,essence,unsolved,,74970,0.181521,CoSoEncodingError,"CoSo backend supports exactly one target configuration per component; found 2 (choose_tuple_0, compose_0).",synthetic;family=entitycount-8-operatorcount-2-constraintcount-2;entitycount=8;operatorcount=2;constraintcount=2;depth=1,problems/benchmarks/synthetic/manifest.json
synthetic,entitycount-8-operatorcount-2-constraintcount-2-20dc9f0b942528ae,wfomc,solved,0,0,2.681277,,,synthetic;family=entitycount-8-operatorcount-2-constraintcount-2;entitycount=8;operatorcount=2;constraintcount=2;depth=1,problems/benchmarks/synthetic/manifest.json
synthetic,entitycount-8-operatorcount-2-constraintcount-2-20dc9f0b942528ae,propositionalwfomc,error,,0,11.006001,GanakError,ganak exited with code 255,synthetic;family=entitycount-8-operatorcount-2-constraintcount-2;entitycount=8;operatorcount=2;constraintcount=2;depth=1,problems/benchmarks/synthetic/manifest.json
synthetic,entitycount-8-operatorcount-2-constraintcount-2-20dc9f0b942528ae,coso,error,,0,0.184370,CoSoEncodingError,"CoSo backend supports exactly one target configuration per component; found 2 (tuple_0, choose_tuple_0).",synthetic;family=entitycount-8-operatorcount-2-constraintcount-2;entitycount=8;operatorcount=2;constraintcount=2;depth=1,problems/benchmarks/synthetic/manifest.json
synthetic,entitycount-8-operatorcount-2-constraintcount-2-20dc9f0b942528ae,asp,unsolved,,0,0.132568,CoSoEncodingError,"CoSo backend supports exactly one target configuration per component; found 2 (tuple_0, choose_tuple_0).",synthetic;family=entitycount-8-operatorcount-2-constraintcount-2;entitycount=8;operatorcount=2;constraintcount=2;depth=1,problems/benchmarks/synthetic/manifest.json
synthetic,entitycount-8-operatorcount-2-constraintcount-2-20dc9f0b942528ae,essence,unsolved,,0,0.133376,CoSoEncodingError,"CoSo backend supports exactly one target configuration per component; found 2 (tuple_0, choose_tuple_0).",synthetic;family=entitycount-8-operatorcount-2-constraintcount-2;entitycount=8;operatorcount=2;constraintcount=2;depth=1,problems/benchmarks/synthetic/manifest.json
synthetic,entitycount-8-operatorcount-2-constraintcount-2-63932c1283bda3af,wfomc,solved,483418,483418,9.818821,,,synthetic;family=entitycount-8-operatorcount-2-constraintcount-2;entitycount=8;operatorcount=2;constraintcount=2;depth=2,problems/benchmarks/synthetic/manifest.json
synthetic,entitycount-8-operatorcount-2-constraintcount-2-63932c1283bda3af,propositionalwfomc,error,,483418,3.381130,GanakError,ganak exited with code 255,synthetic;family=entitycount-8-operatorcount-2-constraintcount-2;entitycount=8;operatorcount=2;constraintcount=2;depth=2,problems/benchmarks/synthetic/manifest.json
synthetic,entitycount-8-operatorcount-2-constraintcount-2-63932c1283bda3af,coso,error,,483418,0.527102,CoSoEncodingError,"CoSo backend supports exactly one target configuration per component; found 2 (compose_0, sequence_0).",synthetic;family=entitycount-8-operatorcount-2-constraintcount-2;entitycount=8;operatorcount=2;constraintcount=2;depth=2,problems/benchmarks/synthetic/manifest.json
synthetic,entitycount-8-operatorcount-2-constraintcount-2-63932c1283bda3af,asp,unsolved,,483418,0.514815,CoSoEncodingError,"CoSo backend supports exactly one target configuration per component; found 2 (compose_0, sequence_0).",synthetic;family=entitycount-8-operatorcount-2-constraintcount-2;entitycount=8;operatorcount=2;constraintcount=2;depth=2,problems/benchmarks/synthetic/manifest.json
synthetic,entitycount-8-operatorcount-2-constraintcount-2-63932c1283bda3af,essence,unsolved,,483418,0.502474,CoSoEncodingError,"CoSo backend supports exactly one target configuration per component; found 2 (compose_0, sequence_0).",synthetic;family=entitycount-8-operatorcount-2-constraintcount-2;entitycount=8;operatorcount=2;constraintcount=2;depth=2,problems/benchmarks/synthetic/manifest.json
synthetic,entitycount-8-operatorcount-2-constraintcount-2-b12cf609fc4486f4,wfomc,solved,4102875000,4102875000,1.617013,,,synthetic;family=entitycount-8-operatorcount-2-constraintcount-2;entitycount=8;operatorcount=2;constraintcount=2;depth=1,problems/benchmarks/synthetic/manifest.json
synthetic,entitycount-8-operatorcount-2-constraintcount-2-b12cf609fc4486f4,propositionalwfomc,error,,4102875000,3.975737,GanakError,ganak exited with code 255,synthetic;family=entitycount-8-operatorcount-2-constraintcount-2;entitycount=8;operatorcount=2;constraintcount=2;depth=1,problems/benchmarks/synthetic/manifest.json
synthetic,entitycount-8-operatorcount-2-constraintcount-2-b12cf609fc4486f4,coso,error,,4102875000,0.217667,CoSoEncodingError,"CoSo backend supports exactly one target configuration per component; found 2 (circle_0, compose_0).",synthetic;family=entitycount-8-operatorcount-2-constraintcount-2;entitycount=8;operatorcount=2;constraintcount=2;depth=1,problems/benchmarks/synthetic/manifest.json
synthetic,entitycount-8-operatorcount-2-constraintcount-2-b12cf609fc4486f4,asp,unsolved,,4102875000,0.197283,CoSoEncodingError,"CoSo backend supports exactly one target configuration per component; found 2 (circle_0, compose_0).",synthetic;family=entitycount-8-operatorcount-2-constraintcount-2;entitycount=8;operatorcount=2;constraintcount=2;depth=1,problems/benchmarks/synthetic/manifest.json
synthetic,entitycount-8-operatorcount-2-constraintcount-2-b12cf609fc4486f4,essence,unsolved,,4102875000,0.203225,CoSoEncodingError,"CoSo backend supports exactly one target configuration per component; found 2 (circle_0, compose_0).",synthetic;family=entitycount-8-operatorcount-2-constraintcount-2;entitycount=8;operatorcount=2;constraintcount=2;depth=1,problems/benchmarks/synthetic/manifest.json
synthetic,entitycount-8-operatorcount-2-constraintcount-2-c10eeaa09f64764d,wfomc,solved,0,0,4.149306,,,synthetic;family=entitycount-8-operatorcount-2-constraintcount-2;entitycount=8;operatorcount=2;constraintcount=2;depth=1,problems/benchmarks/synthetic/manifest.json
synthetic,entitycount-8-operatorcount-2-constraintcount-2-c10eeaa09f64764d,propositionalwfomc,error,,0,19.010545,GanakError,ganak exited with code 255,synthetic;family=entitycount-8-operatorcount-2-constraintcount-2;entitycount=8;operatorcount=2;constraintcount=2;depth=1,problems/benchmarks/synthetic/manifest.json
synthetic,entitycount-8-operatorcount-2-constraintcount-2-c10eeaa09f64764d,coso,error,,0,0.161724,CoSoEncodingError,"CoSo backend supports exactly one target configuration per component; found 2 (sequence_0, choose_0).",synthetic;family=entitycount-8-operatorcount-2-constraintcount-2;entitycount=8;operatorcount=2;constraintcount=2;depth=1,problems/benchmarks/synthetic/manifest.json
synthetic,entitycount-8-operatorcount-2-constraintcount-2-c10eeaa09f64764d,asp,unsolved,,0,0.151332,CoSoEncodingError,"CoSo backend supports exactly one target configuration per component; found 2 (sequence_0, choose_0).",synthetic;family=entitycount-8-operatorcount-2-constraintcount-2;entitycount=8;operatorcount=2;constraintcount=2;depth=1,problems/benchmarks/synthetic/manifest.json
synthetic,entitycount-8-operatorcount-2-constraintcount-2-c10eeaa09f64764d,essence,unsolved,,0,0.142416,CoSoEncodingError,"CoSo backend supports exactly one target configuration per component; found 2 (sequence_0, choose_0).",synthetic;family=entitycount-8-operatorcount-2-constraintcount-2;entitycount=8;operatorcount=2;constraintcount=2;depth=1,problems/benchmarks/synthetic/manifest.json
synthetic,entitycount-8-operatorcount-3-constraintcount-0-0f188b7d69167556,wfomc,solved,20160,20160,0.426846,,,synthetic;family=entitycount-8-operatorcount-3-constraintcount-0;entitycount=8;operatorcount=3;constraintcount=0;depth=2,problems/benchmarks/synthetic/manifest.json
synthetic,entitycount-8-operatorcount-3-constraintcount-0-0f188b7d69167556,propositionalwfomc,error,,20160,2.788738,GanakError,ganak exited with code 255,synthetic;family=entitycount-8-operatorcount-3-constraintcount-0;entitycount=8;operatorcount=3;constraintcount=0;depth=2,problems/benchmarks/synthetic/manifest.json
synthetic,entitycount-8-operatorcount-3-constraintcount-0-0f188b7d69167556,coso,solved,20160,20160,0.172833,,,synthetic;family=entitycount-8-operatorcount-3-constraintcount-0;entitycount=8;operatorcount=3;constraintcount=0;depth=2,problems/benchmarks/synthetic/manifest.json
synthetic,entitycount-8-operatorcount-3-constraintcount-0-0f188b7d69167556,asp,solved,20160,20160,12.980999,,,synthetic;family=entitycount-8-operatorcount-3-constraintcount-0;entitycount=8;operatorcount=3;constraintcount=0;depth=2,problems/benchmarks/synthetic/manifest.json
synthetic,entitycount-8-operatorcount-3-constraintcount-0-0f188b7d69167556,essence,solved,20160,20160,17.280646,,,synthetic;family=entitycount-8-operatorcount-3-constraintcount-0;entitycount=8;operatorcount=3;constraintcount=0;depth=2,problems/benchmarks/synthetic/manifest.json
synthetic,entitycount-8-operatorcount-3-constraintcount-0-72dc9c872895f815,wfomc,solved,0,0,3.306256,,,synthetic;family=entitycount-8-operatorcount-3-constraintcount-0;entitycount=8;operatorcount=3;constraintcount=0;depth=3,problems/benchmarks/synthetic/manifest.json
synthetic,entitycount-8-operatorcount-3-constraintcount-0-72dc9c872895f815,propositionalwfomc,error,,0,4.513403,GanakError,ganak exited with code 255,synthetic;family=entitycount-8-operatorcount-3-constraintcount-0;entitycount=8;operatorcount=3;constraintcount=0;depth=3,problems/benchmarks/synthetic/manifest.json
synthetic,entitycount-8-operatorcount-3-constraintcount-0-72dc9c872895f815,coso,wrong,54,0,0.160726,WrongAnswer,"expected 0, got 54",synthetic;family=entitycount-8-operatorcount-3-constraintcount-0;entitycount=8;operatorcount=3;constraintcount=0;depth=3,problems/benchmarks/synthetic/manifest.json
synthetic,entitycount-8-operatorcount-3-constraintcount-0-72dc9c872895f815,asp,unsolved,,0,0.139270,CoSoEncodingError,"CoSo backend supports exactly one target configuration per component; found 2 (choose_0, partition_0).",synthetic;family=entitycount-8-operatorcount-3-constraintcount-0;entitycount=8;operatorcount=3;constraintcount=0;depth=3,problems/benchmarks/synthetic/manifest.json
synthetic,entitycount-8-operatorcount-3-constraintcount-0-72dc9c872895f815,essence,unsolved,,0,0.143206,CoSoEncodingError,"CoSo backend supports exactly one target configuration per component; found 2 (choose_0, partition_0).",synthetic;family=entitycount-8-operatorcount-3-constraintcount-0;entitycount=8;operatorcount=3;constraintcount=0;depth=3,problems/benchmarks/synthetic/manifest.json
synthetic,entitycount-8-operatorcount-3-constraintcount-1-1529688da2b4b460,wfomc,solved,0,0,1.486831,,,synthetic;family=entitycount-8-operatorcount-3-constraintcount-1;entitycount=8;operatorcount=3;constraintcount=1;depth=2,problems/benchmarks/synthetic/manifest.json
synthetic,entitycount-8-operatorcount-3-constraintcount-1-1529688da2b4b460,propositionalwfomc,error,,0,1.970908,GanakError,ganak exited with code 255,synthetic;family=entitycount-8-operatorcount-3-constraintcount-1;entitycount=8;operatorcount=3;constraintcount=1;depth=2,problems/benchmarks/synthetic/manifest.json
synthetic,entitycount-8-operatorcount-3-constraintcount-1-1529688da2b4b460,coso,solved,0,0,0.200773,,,synthetic;family=entitycount-8-operatorcount-3-constraintcount-1;entitycount=8;operatorcount=3;constraintcount=1;depth=2,problems/benchmarks/synthetic/manifest.json
synthetic,entitycount-8-operatorcount-3-constraintcount-1-1529688da2b4b460,asp,unsolved,1,0,0.178978,WrongAnswer,"expected 0, got 1",synthetic;family=entitycount-8-operatorcount-3-constraintcount-1;entitycount=8;operatorcount=3;constraintcount=1;depth=2,problems/benchmarks/synthetic/manifest.json
synthetic,entitycount-8-operatorcount-3-constraintcount-1-1529688da2b4b460,essence,unsolved,,0,1.734715,RuntimeError,Conjure did not produce model000001.solutions,synthetic;family=entitycount-8-operatorcount-3-constraintcount-1;entitycount=8;operatorcount=3;constraintcount=1;depth=2,problems/benchmarks/synthetic/manifest.json
synthetic,entitycount-8-operatorcount-4-constraintcount-1-779bc0f3453144e6,wfomc,solved,40320,40320,0.423267,,,synthetic;family=entitycount-8-operatorcount-4-constraintcount-1;entitycount=8;operatorcount=4;constraintcount=1;depth=3,problems/benchmarks/synthetic/manifest.json
synthetic,entitycount-8-operatorcount-4-constraintcount-1-779bc0f3453144e6,propositionalwfomc,error,,40320,0.740292,GanakError,ganak exited with code 255,synthetic;family=entitycount-8-operatorcount-4-constraintcount-1;entitycount=8;operatorcount=4;constraintcount=1;depth=3,problems/benchmarks/synthetic/manifest.json
synthetic,entitycount-8-operatorcount-4-constraintcount-1-779bc0f3453144e6,coso,error,,40320,0.184670,CoSoEncodingError,"CoSo backend supports exactly one target configuration per component; found 2 (circle_0, choose_1).",synthetic;family=entitycount-8-operatorcount-4-constraintcount-1;entitycount=8;operatorcount=4;constraintcount=1;depth=3,problems/benchmarks/synthetic/manifest.json
synthetic,entitycount-8-operatorcount-4-constraintcount-1-779bc0f3453144e6,asp,unsolved,,40320,0.165731,CoSoEncodingError,"CoSo backend supports exactly one target configuration per component; found 2 (circle_0, choose_1).",synthetic;family=entitycount-8-operatorcount-4-constraintcount-1;entitycount=8;operatorcount=4;constraintcount=1;depth=3,problems/benchmarks/synthetic/manifest.json
synthetic,entitycount-8-operatorcount-4-constraintcount-1-779bc0f3453144e6,essence,unsolved,,40320,0.168195,CoSoEncodingError,"CoSo backend supports exactly one target configuration per component; found 2 (circle_0, choose_1).",synthetic;family=entitycount-8-operatorcount-4-constraintcount-1;entitycount=8;operatorcount=4;constraintcount=1;depth=3,problems/benchmarks/synthetic/manifest.json
synthetic,entitycount-8-operatorcount-4-constraintcount-1-a7c2eb240bb648b6,wfomc,solved,24367868928,24367868928,1.233361,,,synthetic;family=entitycount-8-operatorcount-4-constraintcount-1;entitycount=8;operatorcount=4;constraintcount=1;depth=3,problems/benchmarks/synthetic/manifest.json
synthetic,entitycount-8-operatorcount-4-constraintcount-1-a7c2eb240bb648b6,propositionalwfomc,error,,24367868928,10.113012,GanakError,ganak exited with code 255,synthetic;family=entitycount-8-operatorcount-4-constraintcount-1;entitycount=8;operatorcount=4;constraintcount=1;depth=3,problems/benchmarks/synthetic/manifest.json
synthetic,entitycount-8-operatorcount-4-constraintcount-1-a7c2eb240bb648b6,coso,error,,24367868928,0.198007,CoSoEncodingError,"CoSo backend supports exactly one target configuration per component; found 3 (compose_0, choose_tuple_0, compose_1).",synthetic;family=entitycount-8-operatorcount-4-constraintcount-1;entitycount=8;operatorcount=4;constraintcount=1;depth=3,problems/benchmarks/synthetic/manifest.json
synthetic,entitycount-8-operatorcount-4-constraintcount-1-a7c2eb240bb648b6,asp,unsolved,,24367868928,0.190168,CoSoEncodingError,"CoSo backend supports exactly one target configuration per component; found 3 (compose_0, choose_tuple_0, compose_1).",synthetic;family=entitycount-8-operatorcount-4-constraintcount-1;entitycount=8;operatorcount=4;constraintcount=1;depth=3,problems/benchmarks/synthetic/manifest.json
synthetic,entitycount-8-operatorcount-4-constraintcount-1-a7c2eb240bb648b6,essence,unsolved,,24367868928,0.181263,CoSoEncodingError,"CoSo backend supports exactly one target configuration per component; found 3 (compose_0, choose_tuple_0, compose_1).",synthetic;family=entitycount-8-operatorcount-4-constraintcount-1;entitycount=8;operatorcount=4;constraintcount=1;depth=3,problems/benchmarks/synthetic/manifest.json
synthetic,entitycount-8-operatorcount-4-constraintcount-3-3fc73f82e58ffbfd,wfomc,solved,0,0,0.230539,,,synthetic;family=entitycount-8-operatorcount-4-constraintcount-3;entitycount=8;operatorcount=4;constraintcount=3;depth=3,problems/benchmarks/synthetic/manifest.json
synthetic,entitycount-8-operatorcount-4-constraintcount-3-3fc73f82e58ffbfd,propositionalwfomc,solved,0,0,0.229647,,,synthetic;family=entitycount-8-operatorcount-4-constraintcount-3;entitycount=8;operatorcount=4;constraintcount=3;depth=3,problems/benchmarks/synthetic/manifest.json
synthetic,entitycount-8-operatorcount-4-constraintcount-3-3fc73f82e58ffbfd,coso,solved,0,0,0.228005,,,synthetic;family=entitycount-8-operatorcount-4-constraintcount-3;entitycount=8;operatorcount=4;constraintcount=3;depth=3,problems/benchmarks/synthetic/manifest.json
synthetic,entitycount-8-operatorcount-4-constraintcount-3-3fc73f82e58ffbfd,asp,solved,0,0,0.209249,,,synthetic;family=entitycount-8-operatorcount-4-constraintcount-3;entitycount=8;operatorcount=4;constraintcount=3;depth=3,problems/benchmarks/synthetic/manifest.json
synthetic,entitycount-8-operatorcount-4-constraintcount-3-3fc73f82e58ffbfd,essence,solved,0,0,0.207552,,,synthetic;family=entitycount-8-operatorcount-4-constraintcount-3;entitycount=8;operatorcount=4;constraintcount=3;depth=3,problems/benchmarks/synthetic/manifest.json
