suite,case_id,backend,status,result,expected,elapsed_sec,error_type,error_message,tags,source,lifted_bags,repetition,order,recheck_reason
real,3,wfomc,solved,165,165,0.479049,,,set;choose,problems/real/corpus.json,True,0,0,
real,3,wfomc,solved,165,165,0.478155,,,set;choose,problems/real/corpus.json,False,0,1,
real,7,wfomc,solved,1440,1440,0.720304,,,set;sequence;together;benchmark,problems/real/corpus.json,True,0,0,
real,7,wfomc,solved,1440,1440,0.716339,,,set;sequence;together;benchmark,problems/real/corpus.json,False,0,1,
real,14,wfomc,solved,9240,9240,0.569654,,,set;choose;multiple choosing,problems/real/corpus.json,True,0,0,
real,14,wfomc,solved,9240,9240,0.574249,,,set;choose;multiple choosing,problems/real/corpus.json,False,0,1,
real,20,wfomc,solved,10,10,0.479507,,,set;choose,problems/real/corpus.json,True,0,0,
real,20,wfomc,solved,10,10,0.478904,,,set;choose,problems/real/corpus.json,False,0,1,
real,24,wfomc,solved,1296540,1296540,0.942262,,,set;choose;multiple choosing;second order logic,problems/real/corpus.json,True,0,0,
real,24,wfomc,solved,1296540,1296540,0.939853,,,set;choose;multiple choosing;second order logic,problems/real/corpus.json,False,0,1,
real,28,wfomc,solved,243,243,0.571228,,,set;composition,problems/real/corpus.json,True,0,0,
real,28,wfomc,solved,243,243,0.571141,,,set;composition,problems/real/corpus.json,False,0,1,
real,32,wfomc,solved,21,21,1.176765,,,bag;tuple,problems/real/corpus.json,True,0,0,
real,32,wfomc,solved,21,21,1.169249,,,bag;tuple,problems/real/corpus.json,False,0,1,
real,38,wfomc,solved,3,3,0.595785,,,bag;partition,problems/real/corpus.json,True,0,0,
real,38,wfomc,solved,3,3,0.589014,,,bag;partition,problems/real/corpus.json,False,0,1,
real,43,wfomc,solved,15,15,0.860233,,,set;choose;size constraint,problems/real/corpus.json,True,0,0,
real,43,wfomc,solved,15,15,0.850121,,,set;choose;size constraint,problems/real/corpus.json,False,0,1,
real,48,wfomc,solved,35,35,1.165533,,,bag;tuple,problems/real/corpus.json,True,0,0,
real,48,wfomc,solved,35,35,1.173692,,,bag;tuple,problems/real/corpus.json,False,0,1,
real,56,wfomc,solved,45045,45045,0.587390,,,set;choose;multiple choosing,problems/real/corpus.json,True,0,0,
real,56,wfomc,solved,45045,45045,0.565684,,,set;choose;multiple choosing,problems/real/corpus.json,False,0,1,
real,60,wfomc,solved,36,36,0.506408,,,set;choose,problems/real/corpus.json,True,0,0,
real,60,wfomc,solved,36,36,0.483401,,,set;choose,problems/real/corpus.json,False,0,1,
real,65,wfomc,solved,61328,61328,1.123785,,,set;choose_replace_permute;tuple;index;compare element;count element;not constraint;or constraint,problems/real/corpus.json,True,0,0,
real,65,wfomc,solved,61328,61328,1.099082,,,set;choose_replace_permute;tuple;index;compare element;count element;not constraint;or constraint,problems/real/corpus.json,False,0,1,
real,70,wfomc,solved,28,28,0.623503,,,set;choose_replace,problems/real/corpus.json,True,0,0,
real,70,wfomc,solved,28,28,0.630652,,,set;choose_replace,problems/real/corpus.json,False,0,1,
real,74,wfomc,solved,30951,30951,1.092979,,,set;choose_replace_permute;index;compare element;multiplicity constraint;not constraint;benchmark,problems/real/corpus.json,True,0,0,
real,74,wfomc,solved,30951,30951,1.083051,,,set;choose_replace_permute;index;compare element;multiplicity constraint;not constraint;benchmark,problems/real/corpus.json,False,0,1,
real,80,wfomc,solved,24,24,0.638305,,,set;sequence;next_to;not constraint,problems/real/corpus.json,True,0,0,
real,80,wfomc,solved,24,24,0.640549,,,set;sequence;next_to;not constraint,problems/real/corpus.json,False,0,1,
real,85,wfomc,solved,225,225,0.572383,,,set;choose;multiple choosing,problems/real/corpus.json,True,0,0,
real,85,wfomc,solved,225,225,0.573425,,,set;choose;multiple choosing,problems/real/corpus.json,False,0,1,
real,92,wfomc,solved,15600,15600,1.041643,,,set;choose;multiple choosing;union;size constraint,problems/real/corpus.json,True,0,0,
real,92,wfomc,solved,15600,15600,1.040778,,,set;choose;multiple choosing;union;size constraint,problems/real/corpus.json,False,0,1,
real,96,wfomc,solved,480,480,0.575179,,,set;sequence;next_to;not constraint,problems/real/corpus.json,True,0,0,
real,96,wfomc,solved,480,480,0.579673,,,set;sequence;next_to;not constraint,problems/real/corpus.json,False,0,1,
real,100,wfomc,solved,650,650,1.117656,,,set;choose;tuple,problems/real/corpus.json,True,0,0,
real,100,wfomc,solved,650,650,1.113841,,,set;choose;tuple,problems/real/corpus.json,False,0,1,
real,104,wfomc,solved,840,840,1.055245,,,set;choose;intersection;size constraint,problems/real/corpus.json,True,0,0,
real,104,wfomc,solved,840,840,1.003711,,,set;choose;intersection;size constraint,problems/real/corpus.json,False,0,1,
real,108,wfomc,solved,126,126,0.854103,,,partition;benchmark,problems/real/corpus.json,True,0,0,
real,108,wfomc,solved,126,126,0.881962,,,partition;benchmark,problems/real/corpus.json,False,0,1,
real,112,wfomc,solved,1940,1940,0.967778,,,set;choose;intersection;size constraint,problems/real/corpus.json,True,0,0,
real,112,wfomc,solved,1940,1940,0.967104,,,set;choose;intersection;size constraint,problems/real/corpus.json,False,0,1,
real,118,wfomc,solved,1024,1024,0.448088,,,set;composition,problems/real/corpus.json,True,0,0,
real,118,wfomc,solved,1024,1024,0.446431,,,set;composition,problems/real/corpus.json,False,0,1,
real,124,wfomc,solved,32,32,0.443538,,,set;composition,problems/real/corpus.json,True,0,0,
real,124,wfomc,solved,32,32,0.448251,,,set;composition,problems/real/corpus.json,False,0,1,
real,128,wfomc,solved,12500,12500,0.682662,,,set;choose_permute;tuple;index;in,problems/real/corpus.json,True,0,0,
real,128,wfomc,solved,12500,12500,0.682211,,,set;choose_permute;tuple;index;in,problems/real/corpus.json,False,0,1,
real,132,wfomc,solved,72,72,0.673442,,,bag;choose;multiple choosing;benchmark,problems/real/corpus.json,True,0,0,
real,132,wfomc,solved,72,72,0.751536,,,bag;choose;multiple choosing;benchmark,problems/real/corpus.json,False,0,1,
real,136,wfomc,solved,4320,4320,1.620999,,,set;choose;tuple;intersection;size constraint,problems/real/corpus.json,True,0,0,
real,136,wfomc,solved,4320,4320,1.628708,,,set;choose;tuple;intersection;size constraint,problems/real/corpus.json,False,0,1,
real,142,wfomc,solved,151200,151200,0.788951,,,set;choose;multiple choosing,problems/real/corpus.json,True,0,0,
real,142,wfomc,solved,151200,151200,0.642219,,,set;choose;multiple choosing,problems/real/corpus.json,False,0,1,
real,142,wfomc,solved,151200,151200,0.640466,,,set;choose;multiple choosing,problems/real/corpus.json,False,1,0,slowdown
real,142,wfomc,solved,151200,151200,0.639263,,,set;choose;multiple choosing,problems/real/corpus.json,True,1,1,slowdown
real,142,wfomc,solved,151200,151200,0.639845,,,set;choose;multiple choosing,problems/real/corpus.json,True,2,0,slowdown
real,142,wfomc,solved,151200,151200,0.642915,,,set;choose;multiple choosing,problems/real/corpus.json,False,2,1,slowdown
real,142,wfomc,solved,151200,151200,0.642124,,,set;choose;multiple choosing,problems/real/corpus.json,False,3,0,slowdown
real,142,wfomc,solved,151200,151200,0.644424,,,set;choose;multiple choosing,problems/real/corpus.json,True,3,1,slowdown
real,146,wfomc,solved,371043400,371043400,0.785021,,,set;choose;intersection;size constraint,problems/real/corpus.json,True,0,0,
real,146,wfomc,solved,371043400,371043400,0.784389,,,set;choose;intersection;size constraint,problems/real/corpus.json,False,0,1,
real,152,wfomc,solved,36,36,0.647975,,,set;choose;size constraint,problems/real/corpus.json,True,0,0,
real,152,wfomc,solved,36,36,0.645974,,,set;choose;size constraint,problems/real/corpus.json,False,0,1,
real,158,wfomc,solved,125,125,0.328429,,,set;choose_replace_permute;tuple,problems/real/corpus.json,True,0,0,
real,158,wfomc,solved,125,125,0.333678,,,set;choose_replace_permute;tuple,problems/real/corpus.json,False,0,1,
real,163,wfomc,solved,3003,3003,0.335497,,,set;choose,problems/real/corpus.json,True,0,0,
real,163,wfomc,solved,3003,3003,0.332104,,,set;choose,problems/real/corpus.json,False,0,1,
real,167,wfomc,solved,48048,48048,0.390151,,,set;choose;multiple choosing,problems/real/corpus.json,True,0,0,
real,167,wfomc,solved,48048,48048,0.383779,,,set;choose;multiple choosing,problems/real/corpus.json,False,0,1,
real,171,wfomc,solved,60,60,0.370160,,,set;choose;multiple choosing,problems/real/corpus.json,True,0,0,
real,171,wfomc,solved,60,60,0.374508,,,set;choose;multiple choosing,problems/real/corpus.json,False,0,1,
real,176,wfomc,solved,30,30,0.878396,,,tuple;unknown length,problems/real/corpus.json,True,0,0,
real,176,wfomc,solved,30,30,0.876202,,,tuple;unknown length,problems/real/corpus.json,False,0,1,
real,181,wfomc,solved,1295,1295,0.996757,,,set;choose_replace_permute;tuple;count element;disjoint,problems/real/corpus.json,True,0,0,
real,181,wfomc,solved,1295,1295,1.003598,,,set;choose_replace_permute;tuple;count element;disjoint,problems/real/corpus.json,False,0,1,
real,185,wfomc,solved,56,56,0.320370,,,set;choose,problems/real/corpus.json,True,0,0,
real,185,wfomc,solved,56,56,0.331113,,,set;choose,problems/real/corpus.json,False,0,1,
real,189,wfomc,solved,81,81,0.368388,,,set;composition,problems/real/corpus.json,True,0,0,
real,189,wfomc,solved,81,81,0.371333,,,set;composition,problems/real/corpus.json,False,0,1,
real,193,wfomc,solved,2880,2880,0.396551,,,set;sequence;pred;succ,problems/real/corpus.json,True,0,0,
real,193,wfomc,solved,2880,2880,0.393114,,,set;sequence;pred;succ,problems/real/corpus.json,False,0,1,
real,200,wfomc,solved,31,31,0.659031,,,set;choose;size constraint,problems/real/corpus.json,True,0,0,
real,200,wfomc,solved,31,31,0.646886,,,set;choose;size constraint,problems/real/corpus.json,False,0,1,
real,204,wfomc,solved,56,56,0.320658,,,set;choose,problems/real/corpus.json,True,0,0,
real,204,wfomc,solved,56,56,0.328075,,,set;choose,problems/real/corpus.json,False,0,1,
real,211,wfomc,solved,15,15,0.320959,,,set;choose,problems/real/corpus.json,True,0,0,
real,211,wfomc,solved,15,15,0.324045,,,set;choose,problems/real/corpus.json,False,0,1,
real,219,wfomc,solved,165,165,0.479477,,,bag;composition,problems/real/corpus.json,True,0,0,
real,219,wfomc,solved,165,165,0.484472,,,bag;composition,problems/real/corpus.json,False,0,1,
real,225,wfomc,solved,28,28,0.319515,,,set;choose,problems/real/corpus.json,True,0,0,
real,225,wfomc,solved,28,28,0.318972,,,set;choose,problems/real/corpus.json,False,0,1,
real,231,wfomc,solved,36000,36000,0.390437,,,set;sequence;not constraint;pred,problems/real/corpus.json,True,0,0,
real,231,wfomc,solved,36000,36000,0.386483,,,set;sequence;not constraint;pred,problems/real/corpus.json,False,0,1,
real,237,wfomc,solved,48,48,0.466572,,,set;tuple;index;in,problems/real/corpus.json,True,0,0,
real,237,wfomc,solved,48,48,0.470544,,,set;tuple;index;in,problems/real/corpus.json,False,0,1,
real,242,wfomc,solved,62,62,1.614296,,,set;choose;multiple choosing;set equality;or constraint,problems/real/corpus.json,True,0,0,
real,242,wfomc,solved,62,62,1.625935,,,set;choose;multiple choosing;set equality;or constraint,problems/real/corpus.json,False,0,1,
real,246,wfomc,solved,35,35,0.325704,,,set;choose,problems/real/corpus.json,True,0,0,
real,246,wfomc,solved,35,35,0.323255,,,set;choose,problems/real/corpus.json,False,0,1,
real,252,wfomc,solved,48,48,0.802137,,,bag;tuple;index;not constraint;compare element,problems/real/corpus.json,True,0,0,
real,252,wfomc,solved,48,48,0.805416,,,bag;tuple;index;not constraint;compare element,problems/real/corpus.json,False,0,1,
real,256,wfomc,solved,28,28,0.321577,,,set;choose,problems/real/corpus.json,True,0,0,
real,256,wfomc,solved,28,28,0.323597,,,set;choose,problems/real/corpus.json,False,0,1,
real,262,wfomc,solved,9240,9240,0.820662,,,set;composition;size constraint;index;in,problems/real/corpus.json,True,0,0,
real,262,wfomc,solved,9240,9240,0.827746,,,set;composition;size constraint;index;in,problems/real/corpus.json,False,0,1,
real,268,wfomc,solved,4,4,0.424368,,,bag;partition,problems/real/corpus.json,True,0,0,
real,268,wfomc,solved,4,4,0.432065,,,bag;partition,problems/real/corpus.json,False,0,1,
real,274,wfomc,solved,2598960,2598960,0.325818,,,set;choose,problems/real/corpus.json,True,0,0,
real,274,wfomc,solved,2598960,2598960,0.326349,,,set;choose,problems/real/corpus.json,False,0,1,
real,279,wfomc,solved,210,210,0.417987,,,set;choose;multiple choosing;subset;not constraint,problems/real/corpus.json,True,0,0,
real,279,wfomc,solved,210,210,0.421816,,,set;choose;multiple choosing;subset;not constraint,problems/real/corpus.json,False,0,1,
real,286,wfomc,solved,4242,4242,0.712711,,,set;choose;intersection;size constraint,problems/real/corpus.json,True,0,0,
real,286,wfomc,solved,4242,4242,0.718092,,,set;choose;intersection;size constraint,problems/real/corpus.json,False,0,1,
real,291,wfomc,solved,180,180,0.806054,,,set;sequence;choose_replace_permute;pred;succ,problems/real/corpus.json,True,0,0,
real,291,wfomc,solved,180,180,0.804250,,,set;sequence;choose_replace_permute;pred;succ,problems/real/corpus.json,False,0,1,
real,296,wfomc,solved,80,80,0.393312,,,set;choose;multiple choosing,problems/real/corpus.json,True,0,0,
real,296,wfomc,solved,80,80,0.396751,,,set;choose;multiple choosing,problems/real/corpus.json,False,0,1,
real,300,wfomc,solved,380,380,0.384867,,,set;choose;multiple choosing,problems/real/corpus.json,True,0,0,
real,300,wfomc,solved,380,380,0.386760,,,set;choose;multiple choosing,problems/real/corpus.json,False,0,1,
real,305,wfomc,solved,1050,1050,0.810528,,,set;choose;intersection;size constraint,problems/real/corpus.json,True,0,0,
real,305,wfomc,solved,1050,1050,0.811419,,,set;choose;intersection;size constraint,problems/real/corpus.json,False,0,1,
real,325,wfomc,solved,452,452,0.787368,,,set;choose_replace_permute;tuple;in;not constraint;compare element,problems/real/corpus.json,True,0,0,
real,325,wfomc,solved,452,452,0.787755,,,set;choose_replace_permute;tuple;in;not constraint;compare element,problems/real/corpus.json,False,0,1,
growing,mathcounts_005,wfomc,solved,4,4,0.798760,,,mathcounts;bag;choose;count;growing;family=mathcounts;domain=5,MATHCOUNTS bag choose,True,0,0,
growing,mathcounts_005,wfomc,solved,4,4,0.802414,,,mathcounts;bag;choose;count;growing;family=mathcounts;domain=5,MATHCOUNTS bag choose,False,0,1,
growing,mathcounts_025,wfomc,solved,6525,6525,0.810395,,,mathcounts;bag;choose;count;growing;family=mathcounts;domain=25,MATHCOUNTS bag choose,True,0,0,
growing,mathcounts_025,wfomc,solved,6525,6525,0.809660,,,mathcounts;bag;choose;count;growing;family=mathcounts;domain=25,MATHCOUNTS bag choose,False,0,1,
growing,mathcounts_045,wfomc,solved,79359,79359,0.812023,,,mathcounts;bag;choose;count;growing;family=mathcounts;domain=45,MATHCOUNTS bag choose,True,0,0,
growing,mathcounts_045,wfomc,solved,79359,79359,0.833768,,,mathcounts;bag;choose;count;growing;family=mathcounts;domain=45,MATHCOUNTS bag choose,False,0,1,
growing,mathcounts_065,wfomc,solved,384314,384314,0.987621,,,mathcounts;bag;choose;count;growing;family=mathcounts;domain=65,MATHCOUNTS bag choose,True,0,0,
growing,mathcounts_065,wfomc,solved,384314,384314,0.868538,,,mathcounts;bag;choose;count;growing;family=mathcounts;domain=65,MATHCOUNTS bag choose,False,0,1,
growing,mathcounts_085,wfomc,solved,1146475,1146475,0.873082,,,mathcounts;bag;choose;count;growing;family=mathcounts;domain=85,MATHCOUNTS bag choose,True,0,0,
growing,mathcounts_085,wfomc,solved,1146475,1146475,0.860509,,,mathcounts;bag;choose;count;growing;family=mathcounts;domain=85,MATHCOUNTS bag choose,False,0,1,
growing,fourletter_005,wfomc,solved,18,18,0.788535,,,fourletter;set;tuple;position;count;growing;family=fourletter;domain=5,four-letter arrangements,True,0,0,
growing,fourletter_005,wfomc,solved,18,18,0.779840,,,fourletter;set;tuple;position;count;growing;family=fourletter;domain=5,four-letter arrangements,False,0,1,
growing,fourletter_025,wfomc,solved,1518,1518,0.835410,,,fourletter;set;tuple;position;count;growing;family=fourletter;domain=25,four-letter arrangements,True,0,0,
growing,fourletter_025,wfomc,solved,1518,1518,0.816844,,,fourletter;set;tuple;position;count;growing;family=fourletter;domain=25,four-letter arrangements,False,0,1,
growing,fourletter_045,wfomc,solved,5418,5418,0.859025,,,fourletter;set;tuple;position;count;growing;family=fourletter;domain=45,four-letter arrangements,True,0,0,
growing,fourletter_045,wfomc,solved,5418,5418,0.853938,,,fourletter;set;tuple;position;count;growing;family=fourletter;domain=45,four-letter arrangements,False,0,1,
growing,fourletter_065,wfomc,solved,11718,11718,0.957280,,,fourletter;set;tuple;position;count;growing;family=fourletter;domain=65,four-letter arrangements,True,0,0,
growing,fourletter_065,wfomc,solved,11718,11718,0.960010,,,fourletter;set;tuple;position;count;growing;family=fourletter;domain=65,four-letter arrangements,False,0,1,
growing,fourletter_085,wfomc,solved,20418,20418,1.163203,,,fourletter;set;tuple;position;count;growing;family=fourletter;domain=85,four-letter arrangements,True,0,0,
growing,fourletter_085,wfomc,solved,20418,20418,1.168145,,,fourletter;set;tuple;position;count;growing;family=fourletter;domain=85,four-letter arrangements,False,0,1,
growing,tvs_005,wfomc,solved,1,1,0.684250,,,tvs;set;choose;count;growing;family=tvs;domain=5,defective TVs purchase,True,0,0,
growing,tvs_005,wfomc,solved,1,1,0.673964,,,tvs;set;choose;count;growing;family=tvs;domain=5,defective TVs purchase,False,0,1,
growing,tvs_025,wfomc,solved,18246,18246,0.728810,,,tvs;set;choose;count;growing;family=tvs;domain=25,defective TVs purchase,True,0,0,
growing,tvs_025,wfomc,solved,18246,18246,0.725279,,,tvs;set;choose;count;growing;family=tvs;domain=25,defective TVs purchase,False,0,1,
growing,tvs_045,wfomc,solved,433367,433367,0.729801,,,tvs;set;choose;count;growing;family=tvs;domain=45,defective TVs purchase,True,0,0,
growing,tvs_045,wfomc,solved,433367,433367,0.727689,,,tvs;set;choose;count;growing;family=tvs;domain=45,defective TVs purchase,False,0,1,
growing,tvs_065,wfomc,solved,2962988,2962988,0.746727,,,tvs;set;choose;count;growing;family=tvs;domain=65,defective TVs purchase,True,0,0,
growing,tvs_065,wfomc,solved,2962988,2962988,0.736597,,,tvs;set;choose;count;growing;family=tvs;domain=65,defective TVs purchase,False,0,1,
growing,tvs_085,wfomc,solved,11834109,11834109,0.766976,,,tvs;set;choose;count;growing;family=tvs;domain=85,defective TVs purchase,True,0,0,
growing,tvs_085,wfomc,solved,11834109,11834109,0.742484,,,tvs;set;choose;count;growing;family=tvs;domain=85,defective TVs purchase,False,0,1,
growing,workers_005,wfomc,solved,30,30,0.814100,,,workers;set;composition;index;size;growing;family=workers;domain=5,workers composition,True,0,0,
growing,workers_005,wfomc,solved,30,30,0.812155,,,workers;set;composition;index;size;growing;family=workers;domain=5,workers composition,False,0,1,
growing,workers_025,wfomc,solved,6692786100,6692786100,0.804342,,,workers;set;composition;index;size;growing;family=workers;domain=25,workers composition,True,0,0,
growing,workers_025,wfomc,solved,6692786100,6692786100,0.817635,,,workers;set;composition;index;size;growing;family=workers;domain=25,workers composition,False,0,1,
growing,workers_045,wfomc,solved,2018483176886233200,2018483176886233200,0.824743,,,workers;set;composition;index;size;growing;family=workers;domain=45,workers composition,True,0,0,
growing,workers_045,wfomc,solved,2018483176886233200,2018483176886233200,0.814125,,,workers;set;composition;index;size;growing;family=workers;domain=45,workers composition,False,0,1,
growing,workers_065,wfomc,solved,1280789124444724123137308400,1280789124444724123137308400,0.822713,,,workers;set;composition;index;size;growing;family=workers;domain=65,workers composition,True,0,0,
growing,workers_065,wfomc,solved,1280789124444724123137308400,1280789124444724123137308400,0.816995,,,workers;set;composition;index;size;growing;family=workers;domain=65,workers composition,False,0,1,
growing,workers_085,wfomc,solved,502903026467190218552744304651038400,502903026467190218552744304651038400,0.847490,,,workers;set;composition;index;size;growing;family=workers;domain=85,workers composition,True,0,0,
growing,workers_085,wfomc,solved,502903026467190218552744304651038400,502903026467190218552744304651038400,0.842521,,,workers;set;composition;index;size;growing;family=workers;domain=85,workers composition,False,0,1,
growing,banana_005,wfomc,solved,30,30,0.870872,,,banana;bag;tuple;growing;family=banana;domain=5,BANANA bag tuple,True,0,0,
growing,banana_005,wfomc,solved,30,30,0.874984,,,banana;bag;tuple;growing;family=banana;domain=5,BANANA bag tuple,False,0,1,
growing,banana_025,wfomc,solved,3718214500,3718214500,1.131910,,,banana;bag;tuple;growing;family=banana;domain=25,BANANA bag tuple,True,0,0,
growing,banana_025,wfomc,solved,3718214500,3718214500,1.142346,,,banana;bag;tuple;growing;family=banana;domain=25,BANANA bag tuple,False,0,1,
growing,banana_045,wfomc,solved,1009241588443116600,1009241588443116600,1.142427,,,banana;bag;tuple;growing;family=banana;domain=45,BANANA bag tuple,True,0,0,
growing,banana_045,wfomc,solved,1009241588443116600,1009241588443116600,1.142585,,,banana;bag;tuple;growing;family=banana;domain=45,BANANA bag tuple,False,0,1,
growing,banana_065,wfomc,solved,334118902029058466905384800,334118902029058466905384800,1.210221,,,banana;bag;tuple;growing;family=banana;domain=65,BANANA bag tuple,True,0,0,
growing,banana_065,wfomc,solved,334118902029058466905384800,334118902029058466905384800,1.205369,,,banana;bag;tuple;growing;family=banana;domain=65,BANANA bag tuple,False,0,1,
growing,banana_085,wfomc,solved,260122255069236319941074640336744000,260122255069236319941074640336744000,1.231045,,,banana;bag;tuple;growing;family=banana;domain=85,BANANA bag tuple,True,0,0,
growing,banana_085,wfomc,solved,260122255069236319941074640336744000,260122255069236319941074640336744000,1.219712,,,banana;bag;tuple;growing;family=banana;domain=85,BANANA bag tuple,False,0,1,
growing,nested_choice_005,wfomc,solved,20,20,0.359759,,,nested_choice;set;choose;dependent_configuration;outside_cola_fragment;growing;family=nested_choice;domain=5,choose a team and then its captain,True,0,0,
growing,nested_choice_005,wfomc,solved,20,20,0.360390,,,nested_choice;set;choose;dependent_configuration;outside_cola_fragment;growing;family=nested_choice;domain=5,choose a team and then its captain,False,0,1,
growing,nested_choice_025,wfomc,solved,50600,50600,0.366047,,,nested_choice;set;choose;dependent_configuration;outside_cola_fragment;growing;family=nested_choice;domain=25,choose a team and then its captain,True,0,0,
growing,nested_choice_025,wfomc,solved,50600,50600,0.367404,,,nested_choice;set;choose;dependent_configuration;outside_cola_fragment;growing;family=nested_choice;domain=25,choose a team and then its captain,False,0,1,
growing,nested_choice_045,wfomc,solved,595980,595980,0.367749,,,nested_choice;set;choose;dependent_configuration;outside_cola_fragment;growing;family=nested_choice;domain=45,choose a team and then its captain,True,0,0,
growing,nested_choice_045,wfomc,solved,595980,595980,0.372446,,,nested_choice;set;choose;dependent_configuration;outside_cola_fragment;growing;family=nested_choice;domain=45,choose a team and then its captain,False,0,1,
growing,nested_choice_065,wfomc,solved,2708160,2708160,0.379213,,,nested_choice;set;choose;dependent_configuration;outside_cola_fragment;growing;family=nested_choice;domain=65,choose a team and then its captain,True,0,0,
growing,nested_choice_065,wfomc,solved,2708160,2708160,0.384194,,,nested_choice;set;choose;dependent_configuration;outside_cola_fragment;growing;family=nested_choice;domain=65,choose a team and then its captain,False,0,1,
growing,nested_choice_085,wfomc,solved,8099140,8099140,0.388542,,,nested_choice;set;choose;dependent_configuration;outside_cola_fragment;growing;family=nested_choice;domain=85,choose a team and then its captain,True,0,0,
growing,nested_choice_085,wfomc,solved,8099140,8099140,0.389615,,,nested_choice;set;choose;dependent_configuration;outside_cola_fragment;growing;family=nested_choice;domain=85,choose a team and then its captain,False,0,1,
growing,selected_pairs_005,wfomc,solved,15,15,0.735287,,,selected_pairs;set;choose;partition;dependent_configuration;outside_cola_fragment;growing;family=selected_pairs;domain=5,choose four people and partition them into pairs,True,0,0,
growing,selected_pairs_005,wfomc,solved,15,15,0.756973,,,selected_pairs;set;choose;partition;dependent_configuration;outside_cola_fragment;growing;family=selected_pairs;domain=5,choose four people and partition them into pairs,False,0,1,
growing,selected_pairs_025,wfomc,solved,37950,37950,0.742927,,,selected_pairs;set;choose;partition;dependent_configuration;outside_cola_fragment;growing;family=selected_pairs;domain=25,choose four people and partition them into pairs,True,0,0,
growing,selected_pairs_025,wfomc,solved,37950,37950,0.746111,,,selected_pairs;set;choose;partition;dependent_configuration;outside_cola_fragment;growing;family=selected_pairs;domain=25,choose four people and partition them into pairs,False,0,1,
growing,selected_pairs_045,wfomc,solved,446985,446985,0.747737,,,selected_pairs;set;choose;partition;dependent_configuration;outside_cola_fragment;growing;family=selected_pairs;domain=45,choose four people and partition them into pairs,True,0,0,
growing,selected_pairs_045,wfomc,solved,446985,446985,0.750159,,,selected_pairs;set;choose;partition;dependent_configuration;outside_cola_fragment;growing;family=selected_pairs;domain=45,choose four people and partition them into pairs,False,0,1,
growing,selected_pairs_065,wfomc,solved,2031120,2031120,0.760999,,,selected_pairs;set;choose;partition;dependent_configuration;outside_cola_fragment;growing;family=selected_pairs;domain=65,choose four people and partition them into pairs,True,0,0,
growing,selected_pairs_065,wfomc,solved,2031120,2031120,0.760168,,,selected_pairs;set;choose;partition;dependent_configuration;outside_cola_fragment;growing;family=selected_pairs;domain=65,choose four people and partition them into pairs,False,0,1,
growing,selected_pairs_085,wfomc,solved,6074355,6074355,0.765471,,,selected_pairs;set;choose;partition;dependent_configuration;outside_cola_fragment;growing;family=selected_pairs;domain=85,choose four people and partition them into pairs,True,0,0,
growing,selected_pairs_085,wfomc,solved,6074355,6074355,0.763536,,,selected_pairs;set;choose;partition;dependent_configuration;outside_cola_fragment;growing;family=selected_pairs;domain=85,choose four people and partition them into pairs,False,0,1,
growing,selected_sequence_005,wfomc,solved,48,48,0.343734,,,selected_sequence;set;choose;sequence;adjacency;dependent_configuration;outside_cola_fragment;growing;family=selected_sequence;domain=5,"choose five items, order them, and keep two adjacent",True,0,0,
growing,selected_sequence_005,wfomc,solved,48,48,0.346554,,,selected_sequence;set;choose;sequence;adjacency;dependent_configuration;outside_cola_fragment;growing;family=selected_sequence;domain=5,"choose five items, order them, and keep two adjacent",False,0,1,
growing,selected_sequence_025,wfomc,solved,85008,85008,0.782035,,,selected_sequence;set;choose;sequence;adjacency;dependent_configuration;outside_cola_fragment;growing;family=selected_sequence;domain=25,"choose five items, order them, and keep two adjacent",True,0,0,
growing,selected_sequence_025,wfomc,solved,85008,85008,0.779126,,,selected_sequence;set;choose;sequence;adjacency;dependent_configuration;outside_cola_fragment;growing;family=selected_sequence;domain=25,"choose five items, order them, and keep two adjacent",False,0,1,
growing,selected_sequence_045,wfomc,solved,592368,592368,0.857455,,,selected_sequence;set;choose;sequence;adjacency;dependent_configuration;outside_cola_fragment;growing;family=selected_sequence;domain=45,"choose five items, order them, and keep two adjacent",True,0,0,
growing,selected_sequence_045,wfomc,solved,592368,592368,0.851066,,,selected_sequence;set;choose;sequence;adjacency;dependent_configuration;outside_cola_fragment;growing;family=selected_sequence;domain=45,"choose five items, order them, and keep two adjacent",False,0,1,
growing,selected_sequence_065,wfomc,solved,1906128,1906128,0.985449,,,selected_sequence;set;choose;sequence;adjacency;dependent_configuration;outside_cola_fragment;growing;family=selected_sequence;domain=65,"choose five items, order them, and keep two adjacent",True,0,0,
growing,selected_sequence_065,wfomc,solved,1906128,1906128,0.981728,,,selected_sequence;set;choose;sequence;adjacency;dependent_configuration;outside_cola_fragment;growing;family=selected_sequence;domain=65,"choose five items, order them, and keep two adjacent",False,0,1,
growing,selected_sequence_085,wfomc,solved,4410288,4410288,1.198351,,,selected_sequence;set;choose;sequence;adjacency;dependent_configuration;outside_cola_fragment;growing;family=selected_sequence;domain=85,"choose five items, order them, and keep two adjacent",True,0,0,
growing,selected_sequence_085,wfomc,solved,4410288,4410288,1.146170,,,selected_sequence;set;choose;sequence;adjacency;dependent_configuration;outside_cola_fragment;growing;family=selected_sequence;domain=85,"choose five items, order them, and keep two adjacent",False,0,1,
synthetic,syn-set_choice_intersection-small-00,wfomc,solved,30,30,0.721674,,,synthetic;stratified;stratum=set_choice_intersection;family=set_choice_intersection;difficulty=small;domain=8;variant=0;seed=20260811;operatorcount=1;constraintcount=1;depth=1;set;choose;intersection;size,problems/benchmarks/synthetic/manifest.json,True,0,0,
synthetic,syn-set_choice_intersection-small-00,wfomc,solved,30,30,0.732794,,,synthetic;stratified;stratum=set_choice_intersection;family=set_choice_intersection;difficulty=small;domain=8;variant=0;seed=20260811;operatorcount=1;constraintcount=1;depth=1;set;choose;intersection;size,problems/benchmarks/synthetic/manifest.json,False,0,1,
synthetic,syn-set_choice_intersection-small-04,wfomc,solved,10,10,0.728293,,,synthetic;stratified;stratum=set_choice_intersection;family=set_choice_intersection;difficulty=small;domain=8;variant=4;seed=20260811;operatorcount=1;constraintcount=1;depth=1;set;choose;intersection;size,problems/benchmarks/synthetic/manifest.json,True,0,0,
synthetic,syn-set_choice_intersection-small-04,wfomc,solved,10,10,0.730910,,,synthetic;stratified;stratum=set_choice_intersection;family=set_choice_intersection;difficulty=small;domain=8;variant=4;seed=20260811;operatorcount=1;constraintcount=1;depth=1;set;choose;intersection;size,problems/benchmarks/synthetic/manifest.json,False,0,1,
synthetic,syn-bag_choice_multiplicity-small-00,wfomc,solved,3,3,0.392111,,,synthetic;stratified;stratum=bag_choice_multiplicity;family=bag_choice_multiplicity;difficulty=small;domain=8;variant=0;seed=20260811;operatorcount=1;constraintcount=1;depth=1;bag;choose;count,problems/benchmarks/synthetic/manifest.json,True,0,0,
synthetic,syn-bag_choice_multiplicity-small-00,wfomc,solved,3,3,0.392046,,,synthetic;stratified;stratum=bag_choice_multiplicity;family=bag_choice_multiplicity;difficulty=small;domain=8;variant=0;seed=20260811;operatorcount=1;constraintcount=1;depth=1;bag;choose;count,problems/benchmarks/synthetic/manifest.json,False,0,1,
synthetic,syn-bag_choice_multiplicity-small-04,wfomc,solved,6,6,0.393808,,,synthetic;stratified;stratum=bag_choice_multiplicity;family=bag_choice_multiplicity;difficulty=small;domain=8;variant=4;seed=20260811;operatorcount=1;constraintcount=1;depth=1;bag;choose;count,problems/benchmarks/synthetic/manifest.json,True,0,0,
synthetic,syn-bag_choice_multiplicity-small-04,wfomc,solved,6,6,0.391205,,,synthetic;stratified;stratum=bag_choice_multiplicity;family=bag_choice_multiplicity;difficulty=small;domain=8;variant=4;seed=20260811;operatorcount=1;constraintcount=1;depth=1;bag;choose;count,problems/benchmarks/synthetic/manifest.json,False,0,1,
synthetic,syn-set_tuple_position_count-small-00,wfomc,solved,2880,2880,1.380634,,,synthetic;stratified;stratum=set_tuple_position_count;family=set_tuple_position_count;difficulty=small;domain=8;variant=0;seed=20260811;operatorcount=1;constraintcount=2;depth=1;set;tuple;position;count,problems/benchmarks/synthetic/manifest.json,True,0,0,
synthetic,syn-set_tuple_position_count-small-00,wfomc,solved,2880,2880,1.236648,,,synthetic;stratified;stratum=set_tuple_position_count;family=set_tuple_position_count;difficulty=small;domain=8;variant=0;seed=20260811;operatorcount=1;constraintcount=2;depth=1;set;tuple;position;count,problems/benchmarks/synthetic/manifest.json,False,0,1,
synthetic,syn-set_tuple_position_count-small-04,wfomc,solved,120,120,1.231765,,,synthetic;stratified;stratum=set_tuple_position_count;family=set_tuple_position_count;difficulty=small;domain=8;variant=4;seed=20260811;operatorcount=1;constraintcount=2;depth=1;set;tuple;position;count,problems/benchmarks/synthetic/manifest.json,True,0,0,
synthetic,syn-set_tuple_position_count-small-04,wfomc,solved,120,120,1.222699,,,synthetic;stratified;stratum=set_tuple_position_count;family=set_tuple_position_count;difficulty=small;domain=8;variant=4;seed=20260811;operatorcount=1;constraintcount=2;depth=1;set;tuple;position;count,problems/benchmarks/synthetic/manifest.json,False,0,1,
synthetic,syn-bag_tuple_multiplicity-small-00,wfomc,solved,504,504,1.839535,,,synthetic;stratified;stratum=bag_tuple_multiplicity;family=bag_tuple_multiplicity;difficulty=small;domain=8;variant=0;seed=20260811;operatorcount=2;constraintcount=1;depth=1;bag;tuple;set;choose;membership;decomposition,problems/benchmarks/synthetic/manifest.json,True,0,0,
synthetic,syn-bag_tuple_multiplicity-small-00,wfomc,solved,504,504,1.866845,,,synthetic;stratified;stratum=bag_tuple_multiplicity;family=bag_tuple_multiplicity;difficulty=small;domain=8;variant=0;seed=20260811;operatorcount=2;constraintcount=1;depth=1;bag;tuple;set;choose;membership;decomposition,problems/benchmarks/synthetic/manifest.json,False,0,1,
synthetic,syn-bag_tuple_multiplicity-small-04,wfomc,solved,1680,1680,1.182148,,,synthetic;stratified;stratum=bag_tuple_multiplicity;family=bag_tuple_multiplicity;difficulty=small;domain=8;variant=4;seed=20260811;operatorcount=2;constraintcount=1;depth=1;bag;tuple;set;choose;membership;decomposition,problems/benchmarks/synthetic/manifest.json,True,0,0,
synthetic,syn-bag_tuple_multiplicity-small-04,wfomc,solved,1680,1680,1.185543,,,synthetic;stratified;stratum=bag_tuple_multiplicity;family=bag_tuple_multiplicity;difficulty=small;domain=8;variant=4;seed=20260811;operatorcount=2;constraintcount=1;depth=1;bag;tuple;set;choose;membership;decomposition,problems/benchmarks/synthetic/manifest.json,False,0,1,
synthetic,syn-set_sequence_patterns-small-00,wfomc,solved,2520,2520,0.492825,,,synthetic;stratified;stratum=set_sequence_patterns;family=set_sequence_patterns;difficulty=small;domain=8;variant=0;seed=20260811;operatorcount=1;constraintcount=3;depth=1;set;sequence;adjacency;order,problems/benchmarks/synthetic/manifest.json,True,0,0,
synthetic,syn-set_sequence_patterns-small-00,wfomc,solved,2520,2520,0.491034,,,synthetic;stratified;stratum=set_sequence_patterns;family=set_sequence_patterns;difficulty=small;domain=8;variant=0;seed=20260811;operatorcount=1;constraintcount=3;depth=1;set;sequence;adjacency;order,problems/benchmarks/synthetic/manifest.json,False,0,1,
synthetic,syn-set_sequence_patterns-small-04,wfomc,solved,5040,5040,0.437304,,,synthetic;stratified;stratum=set_sequence_patterns;family=set_sequence_patterns;difficulty=small;domain=8;variant=4;seed=20260811;operatorcount=1;constraintcount=2;depth=1;set;sequence;adjacency;order,problems/benchmarks/synthetic/manifest.json,True,0,0,
synthetic,syn-set_sequence_patterns-small-04,wfomc,solved,5040,5040,0.437796,,,synthetic;stratified;stratum=set_sequence_patterns;family=set_sequence_patterns;difficulty=small;domain=8;variant=4;seed=20260811;operatorcount=1;constraintcount=2;depth=1;set;sequence;adjacency;order,problems/benchmarks/synthetic/manifest.json,False,0,1,
synthetic,syn-bag_sequence_adjacency-small-00,wfomc,solved,420,420,0.524116,,,synthetic;stratified;stratum=bag_sequence_adjacency;family=bag_sequence_adjacency;difficulty=small;domain=8;variant=0;seed=20260811;operatorcount=1;constraintcount=1;depth=1;bag;sequence;adjacency,problems/benchmarks/synthetic/manifest.json,True,0,0,
synthetic,syn-bag_sequence_adjacency-small-00,wfomc,solved,420,420,0.520033,,,synthetic;stratified;stratum=bag_sequence_adjacency;family=bag_sequence_adjacency;difficulty=small;domain=8;variant=0;seed=20260811;operatorcount=1;constraintcount=1;depth=1;bag;sequence;adjacency,problems/benchmarks/synthetic/manifest.json,False,0,1,
synthetic,syn-bag_sequence_adjacency-small-04,wfomc,solved,840,840,0.524583,,,synthetic;stratified;stratum=bag_sequence_adjacency;family=bag_sequence_adjacency;difficulty=small;domain=8;variant=4;seed=20260811;operatorcount=1;constraintcount=1;depth=1;bag;sequence;adjacency,problems/benchmarks/synthetic/manifest.json,True,0,0,
synthetic,syn-bag_sequence_adjacency-small-04,wfomc,solved,840,840,0.520576,,,synthetic;stratified;stratum=bag_sequence_adjacency;family=bag_sequence_adjacency;difficulty=small;domain=8;variant=4;seed=20260811;operatorcount=1;constraintcount=1;depth=1;bag;sequence;adjacency,problems/benchmarks/synthetic/manifest.json,False,0,1,
synthetic,syn-set_partition_min_size-small-00,wfomc,solved,966,966,0.736500,,,synthetic;stratified;stratum=set_partition_min_size;family=set_partition_min_size;difficulty=small;domain=8;variant=0;seed=20260811;operatorcount=1;constraintcount=1;depth=1;set;partition;size,problems/benchmarks/synthetic/manifest.json,True,0,0,
synthetic,syn-set_partition_min_size-small-00,wfomc,solved,966,966,0.731772,,,synthetic;stratified;stratum=set_partition_min_size;family=set_partition_min_size;difficulty=small;domain=8;variant=0;seed=20260811;operatorcount=1;constraintcount=1;depth=1;set;partition;size,problems/benchmarks/synthetic/manifest.json,False,0,1,
synthetic,syn-set_partition_min_size-small-04,wfomc,solved,119,119,0.669223,,,synthetic;stratified;stratum=set_partition_min_size;family=set_partition_min_size;difficulty=small;domain=8;variant=4;seed=20260811;operatorcount=1;constraintcount=1;depth=1;set;partition;size,problems/benchmarks/synthetic/manifest.json,True,0,0,
synthetic,syn-set_partition_min_size-small-04,wfomc,solved,119,119,0.676568,,,synthetic;stratified;stratum=set_partition_min_size;family=set_partition_min_size;difficulty=small;domain=8;variant=4;seed=20260811;operatorcount=1;constraintcount=1;depth=1;set;partition;size,problems/benchmarks/synthetic/manifest.json,False,0,1,
synthetic,syn-set_composition_sizes-small-00,wfomc,solved,336,336,0.911193,,,synthetic;stratified;stratum=set_composition_sizes;family=set_composition_sizes;difficulty=small;domain=8;variant=0;seed=20260811;operatorcount=1;constraintcount=4;depth=1;set;composition;size,problems/benchmarks/synthetic/manifest.json,True,0,0,
synthetic,syn-set_composition_sizes-small-00,wfomc,solved,336,336,0.936919,,,synthetic;stratified;stratum=set_composition_sizes;family=set_composition_sizes;difficulty=small;domain=8;variant=0;seed=20260811;operatorcount=1;constraintcount=4;depth=1;set;composition;size,problems/benchmarks/synthetic/manifest.json,False,0,1,
synthetic,syn-set_composition_sizes-small-04,wfomc,solved,56,56,0.730533,,,synthetic;stratified;stratum=set_composition_sizes;family=set_composition_sizes;difficulty=small;domain=8;variant=4;seed=20260811;operatorcount=1;constraintcount=2;depth=1;set;composition;size,problems/benchmarks/synthetic/manifest.json,True,0,0,
synthetic,syn-set_composition_sizes-small-04,wfomc,solved,56,56,0.725399,,,synthetic;stratified;stratum=set_composition_sizes;family=set_composition_sizes;difficulty=small;domain=8;variant=4;seed=20260811;operatorcount=1;constraintcount=2;depth=1;set;composition;size,problems/benchmarks/synthetic/manifest.json,False,0,1,
synthetic,syn-dependent_choice_disjoint-small-00,wfomc,solved,840,840,0.418681,,,synthetic;stratified;stratum=dependent_choice_disjoint;family=dependent_choice_disjoint;difficulty=small;domain=8;variant=0;seed=20260811;operatorcount=3;constraintcount=1;depth=2;set;choose;disjoint;dependent_configuration;outside_cola_fragment,problems/benchmarks/synthetic/manifest.json,True,0,0,
synthetic,syn-dependent_choice_disjoint-small-00,wfomc,solved,840,840,0.430073,,,synthetic;stratified;stratum=dependent_choice_disjoint;family=dependent_choice_disjoint;difficulty=small;domain=8;variant=0;seed=20260811;operatorcount=3;constraintcount=1;depth=2;set;choose;disjoint;dependent_configuration;outside_cola_fragment,problems/benchmarks/synthetic/manifest.json,False,0,1,
synthetic,syn-dependent_choice_disjoint-small-04,wfomc,solved,336,336,0.450912,,,synthetic;stratified;stratum=dependent_choice_disjoint;family=dependent_choice_disjoint;difficulty=small;domain=8;variant=4;seed=20260811;operatorcount=3;constraintcount=1;depth=2;set;choose;disjoint;dependent_configuration;outside_cola_fragment,problems/benchmarks/synthetic/manifest.json,True,0,0,
synthetic,syn-dependent_choice_disjoint-small-04,wfomc,solved,336,336,0.425930,,,synthetic;stratified;stratum=dependent_choice_disjoint;family=dependent_choice_disjoint;difficulty=small;domain=8;variant=4;seed=20260811;operatorcount=3;constraintcount=1;depth=2;set;choose;disjoint;dependent_configuration;outside_cola_fragment,problems/benchmarks/synthetic/manifest.json,False,0,1,
synthetic,syn-dependent_tuple_position_count-small-00,wfomc,solved,3600,3600,1.036626,,,synthetic;stratified;stratum=dependent_tuple_position_count;family=dependent_tuple_position_count;difficulty=small;domain=8;variant=0;seed=20260811;operatorcount=2;constraintcount=2;depth=2;set;choose;tuple;position;count;dependent_configuration;outside_cola_fragment,problems/benchmarks/synthetic/manifest.json,True,0,0,
synthetic,syn-dependent_tuple_position_count-small-00,wfomc,solved,3600,3600,1.033587,,,synthetic;stratified;stratum=dependent_tuple_position_count;family=dependent_tuple_position_count;difficulty=small;domain=8;variant=0;seed=20260811;operatorcount=2;constraintcount=2;depth=2;set;choose;tuple;position;count;dependent_configuration;outside_cola_fragment,problems/benchmarks/synthetic/manifest.json,False,0,1,
synthetic,syn-dependent_tuple_position_count-small-04,wfomc,solved,3600,3600,1.050798,,,synthetic;stratified;stratum=dependent_tuple_position_count;family=dependent_tuple_position_count;difficulty=small;domain=8;variant=4;seed=20260811;operatorcount=2;constraintcount=2;depth=2;set;choose;tuple;position;count;dependent_configuration;outside_cola_fragment,problems/benchmarks/synthetic/manifest.json,True,0,0,
synthetic,syn-dependent_tuple_position_count-small-04,wfomc,solved,3600,3600,1.025392,,,synthetic;stratified;stratum=dependent_tuple_position_count;family=dependent_tuple_position_count;difficulty=small;domain=8;variant=4;seed=20260811;operatorcount=2;constraintcount=2;depth=2;set;choose;tuple;position;count;dependent_configuration;outside_cola_fragment,problems/benchmarks/synthetic/manifest.json,False,0,1,
synthetic,syn-dependent_sequence_patterns-small-00,wfomc,solved,720,720,0.912947,,,synthetic;stratified;stratum=dependent_sequence_patterns;family=dependent_sequence_patterns;difficulty=small;domain=8;variant=0;seed=20260811;operatorcount=2;constraintcount=9;depth=2;set;choose;sequence;adjacency;order;dependent_configuration;outside_cola_fragment,problems/benchmarks/synthetic/manifest.json,True,0,0,
synthetic,syn-dependent_sequence_patterns-small-00,wfomc,solved,720,720,0.908899,,,synthetic;stratified;stratum=dependent_sequence_patterns;family=dependent_sequence_patterns;difficulty=small;domain=8;variant=0;seed=20260811;operatorcount=2;constraintcount=9;depth=2;set;choose;sequence;adjacency;order;dependent_configuration;outside_cola_fragment,problems/benchmarks/synthetic/manifest.json,False,0,1,
synthetic,syn-dependent_sequence_patterns-small-04,wfomc,solved,720,720,0.940502,,,synthetic;stratified;stratum=dependent_sequence_patterns;family=dependent_sequence_patterns;difficulty=small;domain=8;variant=4;seed=20260811;operatorcount=2;constraintcount=9;depth=2;set;choose;sequence;adjacency;order;dependent_configuration;outside_cola_fragment,problems/benchmarks/synthetic/manifest.json,True,0,0,
synthetic,syn-dependent_sequence_patterns-small-04,wfomc,solved,720,720,0.952619,,,synthetic;stratified;stratum=dependent_sequence_patterns;family=dependent_sequence_patterns;difficulty=small;domain=8;variant=4;seed=20260811;operatorcount=2;constraintcount=9;depth=2;set;choose;sequence;adjacency;order;dependent_configuration;outside_cola_fragment,problems/benchmarks/synthetic/manifest.json,False,0,1,
synthetic,syn-dependent_partition_min_size-small-00,wfomc,solved,840,840,0.808851,,,synthetic;stratified;stratum=dependent_partition_min_size;family=dependent_partition_min_size;difficulty=small;domain=8;variant=0;seed=20260811;operatorcount=2;constraintcount=1;depth=2;set;choose;partition;size;dependent_configuration;outside_cola_fragment,problems/benchmarks/synthetic/manifest.json,True,0,0,
synthetic,syn-dependent_partition_min_size-small-00,wfomc,solved,840,840,0.818845,,,synthetic;stratified;stratum=dependent_partition_min_size;family=dependent_partition_min_size;difficulty=small;domain=8;variant=0;seed=20260811;operatorcount=2;constraintcount=1;depth=2;set;choose;partition;size;dependent_configuration;outside_cola_fragment,problems/benchmarks/synthetic/manifest.json,False,0,1,
synthetic,syn-dependent_partition_min_size-small-04,wfomc,solved,504,504,0.754398,,,synthetic;stratified;stratum=dependent_partition_min_size;family=dependent_partition_min_size;difficulty=small;domain=8;variant=4;seed=20260811;operatorcount=2;constraintcount=1;depth=2;set;choose;partition;size;dependent_configuration;outside_cola_fragment,problems/benchmarks/synthetic/manifest.json,True,0,0,
synthetic,syn-dependent_partition_min_size-small-04,wfomc,solved,504,504,0.735028,,,synthetic;stratified;stratum=dependent_partition_min_size;family=dependent_partition_min_size;difficulty=small;domain=8;variant=4;seed=20260811;operatorcount=2;constraintcount=1;depth=2;set;choose;partition;size;dependent_configuration;outside_cola_fragment,problems/benchmarks/synthetic/manifest.json,False,0,1,
synthetic,syn-dependent_composition_sizes-small-00,wfomc,solved,10080,10080,1.133044,,,synthetic;stratified;stratum=dependent_composition_sizes;family=dependent_composition_sizes;difficulty=small;domain=8;variant=0;seed=20260811;operatorcount=2;constraintcount=5;depth=2;set;choose;composition;size;dependent_configuration;outside_cola_fragment,problems/benchmarks/synthetic/manifest.json,True,0,0,
synthetic,syn-dependent_composition_sizes-small-00,wfomc,solved,10080,10080,1.137783,,,synthetic;stratified;stratum=dependent_composition_sizes;family=dependent_composition_sizes;difficulty=small;domain=8;variant=0;seed=20260811;operatorcount=2;constraintcount=5;depth=2;set;choose;composition;size;dependent_configuration;outside_cola_fragment,problems/benchmarks/synthetic/manifest.json,False,0,1,
synthetic,syn-dependent_composition_sizes-small-04,wfomc,solved,840,840,0.851823,,,synthetic;stratified;stratum=dependent_composition_sizes;family=dependent_composition_sizes;difficulty=small;domain=8;variant=4;seed=20260811;operatorcount=2;constraintcount=3;depth=2;set;choose;composition;size;dependent_configuration;outside_cola_fragment,problems/benchmarks/synthetic/manifest.json,True,0,0,
synthetic,syn-dependent_composition_sizes-small-04,wfomc,solved,840,840,0.850376,,,synthetic;stratified;stratum=dependent_composition_sizes;family=dependent_composition_sizes;difficulty=small;domain=8;variant=4;seed=20260811;operatorcount=2;constraintcount=3;depth=2;set;choose;composition;size;dependent_configuration;outside_cola_fragment,problems/benchmarks/synthetic/manifest.json,False,0,1,
synthetic,syn-dependent_bag_tuple-small-00,wfomc,solved,392,392,0.836562,,,synthetic;stratified;stratum=dependent_bag_tuple;family=dependent_bag_tuple;difficulty=small;domain=8;variant=0;seed=20260811;operatorcount=3;constraintcount=1;depth=2;bag;choose;tuple;set;membership;decomposition;dependent_configuration;outside_cola_fragment,problems/benchmarks/synthetic/manifest.json,True,0,0,
synthetic,syn-dependent_bag_tuple-small-00,wfomc,solved,392,392,0.831301,,,synthetic;stratified;stratum=dependent_bag_tuple;family=dependent_bag_tuple;difficulty=small;domain=8;variant=0;seed=20260811;operatorcount=3;constraintcount=1;depth=2;bag;choose;tuple;set;membership;decomposition;dependent_configuration;outside_cola_fragment,problems/benchmarks/synthetic/manifest.json,False,0,1,
synthetic,syn-dependent_bag_tuple-small-04,wfomc,solved,840,840,1.852472,,,synthetic;stratified;stratum=dependent_bag_tuple;family=dependent_bag_tuple;difficulty=small;domain=8;variant=4;seed=20260811;operatorcount=3;constraintcount=1;depth=2;bag;choose;tuple;set;membership;decomposition;dependent_configuration;outside_cola_fragment,problems/benchmarks/synthetic/manifest.json,True,0,0,
synthetic,syn-dependent_bag_tuple-small-04,wfomc,solved,840,840,1.860987,,,synthetic;stratified;stratum=dependent_bag_tuple;family=dependent_bag_tuple;difficulty=small;domain=8;variant=4;seed=20260811;operatorcount=3;constraintcount=1;depth=2;bag;choose;tuple;set;membership;decomposition;dependent_configuration;outside_cola_fragment,problems/benchmarks/synthetic/manifest.json,False,0,1,
synthetic,syn-nested_choice_chain-small-00,wfomc,solved,1050,1050,0.404294,,,synthetic;stratified;stratum=nested_choice_chain;family=nested_choice_chain;difficulty=small;domain=8;variant=0;seed=20260811;operatorcount=3;constraintcount=1;depth=3;set;choose;membership;dependent_configuration;outside_cola_fragment,problems/benchmarks/synthetic/manifest.json,True,0,0,
synthetic,syn-nested_choice_chain-small-00,wfomc,solved,1050,1050,0.406660,,,synthetic;stratified;stratum=nested_choice_chain;family=nested_choice_chain;difficulty=small;domain=8;variant=0;seed=20260811;operatorcount=3;constraintcount=1;depth=3;set;choose;membership;dependent_configuration;outside_cola_fragment,problems/benchmarks/synthetic/manifest.json,False,0,1,
synthetic,syn-nested_choice_chain-small-04,wfomc,solved,630,630,0.407635,,,synthetic;stratified;stratum=nested_choice_chain;family=nested_choice_chain;difficulty=small;domain=8;variant=4;seed=20260811;operatorcount=3;constraintcount=1;depth=3;set;choose;membership;dependent_configuration;outside_cola_fragment,problems/benchmarks/synthetic/manifest.json,True,0,0,
synthetic,syn-nested_choice_chain-small-04,wfomc,solved,630,630,0.402933,,,synthetic;stratified;stratum=nested_choice_chain;family=nested_choice_chain;difficulty=small;domain=8;variant=4;seed=20260811;operatorcount=3;constraintcount=1;depth=3;set;choose;membership;dependent_configuration;outside_cola_fragment,problems/benchmarks/synthetic/manifest.json,False,0,1,
synthetic,syn-dependent_selected_subsets-small-00,wfomc,solved,336,336,0.434762,,,synthetic;stratified;stratum=dependent_selected_subsets;family=dependent_selected_subsets;difficulty=small;domain=8;variant=0;seed=20260811;operatorcount=3;constraintcount=1;depth=2;set;choose;disjoint;dependent_configuration;outside_cola_fragment,problems/benchmarks/synthetic/manifest.json,True,0,0,
synthetic,syn-dependent_selected_subsets-small-00,wfomc,solved,336,336,0.435193,,,synthetic;stratified;stratum=dependent_selected_subsets;family=dependent_selected_subsets;difficulty=small;domain=8;variant=0;seed=20260811;operatorcount=3;constraintcount=1;depth=2;set;choose;disjoint;dependent_configuration;outside_cola_fragment,problems/benchmarks/synthetic/manifest.json,False,0,1,
synthetic,syn-dependent_selected_subsets-small-04,wfomc,solved,1680,1680,0.439309,,,synthetic;stratified;stratum=dependent_selected_subsets;family=dependent_selected_subsets;difficulty=small;domain=8;variant=4;seed=20260811;operatorcount=3;constraintcount=1;depth=2;set;choose;disjoint;dependent_configuration;outside_cola_fragment,problems/benchmarks/synthetic/manifest.json,True,0,0,
synthetic,syn-dependent_selected_subsets-small-04,wfomc,solved,1680,1680,0.490609,,,synthetic;stratified;stratum=dependent_selected_subsets;family=dependent_selected_subsets;difficulty=small;domain=8;variant=4;seed=20260811;operatorcount=3;constraintcount=1;depth=2;set;choose;disjoint;dependent_configuration;outside_cola_fragment,problems/benchmarks/synthetic/manifest.json,False,0,1,
synthetic,syn-set_choice_intersection-medium-00,wfomc,solved,350,350,0.815823,,,synthetic;stratified;stratum=set_choice_intersection;family=set_choice_intersection;difficulty=medium;domain=12;variant=0;seed=20260811;operatorcount=1;constraintcount=1;depth=1;set;choose;intersection;size,problems/benchmarks/synthetic/manifest.json,True,0,0,
synthetic,syn-set_choice_intersection-medium-00,wfomc,solved,350,350,0.814428,,,synthetic;stratified;stratum=set_choice_intersection;family=set_choice_intersection;difficulty=medium;domain=12;variant=0;seed=20260811;operatorcount=1;constraintcount=1;depth=1;set;choose;intersection;size,problems/benchmarks/synthetic/manifest.json,False,0,1,
synthetic,syn-set_choice_intersection-medium-04,wfomc,solved,225,225,0.811968,,,synthetic;stratified;stratum=set_choice_intersection;family=set_choice_intersection;difficulty=medium;domain=12;variant=4;seed=20260811;operatorcount=1;constraintcount=1;depth=1;set;choose;intersection;size,problems/benchmarks/synthetic/manifest.json,True,0,0,
synthetic,syn-set_choice_intersection-medium-04,wfomc,solved,225,225,0.814468,,,synthetic;stratified;stratum=set_choice_intersection;family=set_choice_intersection;difficulty=medium;domain=12;variant=4;seed=20260811;operatorcount=1;constraintcount=1;depth=1;set;choose;intersection;size,problems/benchmarks/synthetic/manifest.json,False,0,1,
synthetic,syn-bag_choice_multiplicity-medium-00,wfomc,solved,56,56,0.441278,,,synthetic;stratified;stratum=bag_choice_multiplicity;family=bag_choice_multiplicity;difficulty=medium;domain=12;variant=0;seed=20260811;operatorcount=1;constraintcount=1;depth=1;bag;choose;count,problems/benchmarks/synthetic/manifest.json,True,0,0,
synthetic,syn-bag_choice_multiplicity-medium-00,wfomc,solved,56,56,0.445851,,,synthetic;stratified;stratum=bag_choice_multiplicity;family=bag_choice_multiplicity;difficulty=medium;domain=12;variant=0;seed=20260811;operatorcount=1;constraintcount=1;depth=1;bag;choose;count,problems/benchmarks/synthetic/manifest.json,False,0,1,
synthetic,syn-bag_choice_multiplicity-medium-04,wfomc,solved,21,21,0.440723,,,synthetic;stratified;stratum=bag_choice_multiplicity;family=bag_choice_multiplicity;difficulty=medium;domain=12;variant=4;seed=20260811;operatorcount=1;constraintcount=1;depth=1;bag;choose;count,problems/benchmarks/synthetic/manifest.json,True,0,0,
synthetic,syn-bag_choice_multiplicity-medium-04,wfomc,solved,21,21,0.441092,,,synthetic;stratified;stratum=bag_choice_multiplicity;family=bag_choice_multiplicity;difficulty=medium;domain=12;variant=4;seed=20260811;operatorcount=1;constraintcount=1;depth=1;bag;choose;count,problems/benchmarks/synthetic/manifest.json,False,0,1,
synthetic,syn-set_tuple_position_count-medium-00,wfomc,solved,54,54,1.404976,,,synthetic;stratified;stratum=set_tuple_position_count;family=set_tuple_position_count;difficulty=medium;domain=12;variant=0;seed=20260811;operatorcount=1;constraintcount=2;depth=1;set;tuple;position;count,problems/benchmarks/synthetic/manifest.json,True,0,0,
synthetic,syn-set_tuple_position_count-medium-00,wfomc,solved,54,54,1.399112,,,synthetic;stratified;stratum=set_tuple_position_count;family=set_tuple_position_count;difficulty=medium;domain=12;variant=0;seed=20260811;operatorcount=1;constraintcount=2;depth=1;set;tuple;position;count,problems/benchmarks/synthetic/manifest.json,False,0,1,
synthetic,syn-set_tuple_position_count-medium-04,wfomc,solved,864,864,1.667058,,,synthetic;stratified;stratum=set_tuple_position_count;family=set_tuple_position_count;difficulty=medium;domain=12;variant=4;seed=20260811;operatorcount=1;constraintcount=2;depth=1;set;tuple;position;count,problems/benchmarks/synthetic/manifest.json,True,0,0,
synthetic,syn-set_tuple_position_count-medium-04,wfomc,solved,864,864,1.535109,,,synthetic;stratified;stratum=set_tuple_position_count;family=set_tuple_position_count;difficulty=medium;domain=12;variant=4;seed=20260811;operatorcount=1;constraintcount=2;depth=1;set;tuple;position;count,problems/benchmarks/synthetic/manifest.json,False,0,1,
synthetic,syn-bag_tuple_multiplicity-medium-00,wfomc,solved,83160,83160,1.465456,,,synthetic;stratified;stratum=bag_tuple_multiplicity;family=bag_tuple_multiplicity;difficulty=medium;domain=12;variant=0;seed=20260811;operatorcount=2;constraintcount=1;depth=1;bag;tuple;set;choose;membership;decomposition,problems/benchmarks/synthetic/manifest.json,True,0,0,
synthetic,syn-bag_tuple_multiplicity-medium-00,wfomc,solved,83160,83160,1.462365,,,synthetic;stratified;stratum=bag_tuple_multiplicity;family=bag_tuple_multiplicity;difficulty=medium;domain=12;variant=0;seed=20260811;operatorcount=2;constraintcount=1;depth=1;bag;tuple;set;choose;membership;decomposition,problems/benchmarks/synthetic/manifest.json,False,0,1,
synthetic,syn-bag_tuple_multiplicity-medium-04,wfomc,solved,11880,11880,4.131820,,,synthetic;stratified;stratum=bag_tuple_multiplicity;family=bag_tuple_multiplicity;difficulty=medium;domain=12;variant=4;seed=20260811;operatorcount=2;constraintcount=1;depth=1;bag;tuple;set;choose;membership;decomposition,problems/benchmarks/synthetic/manifest.json,True,0,0,
synthetic,syn-bag_tuple_multiplicity-medium-04,wfomc,solved,11880,11880,4.009467,,,synthetic;stratified;stratum=bag_tuple_multiplicity;family=bag_tuple_multiplicity;difficulty=medium;domain=12;variant=4;seed=20260811;operatorcount=2;constraintcount=1;depth=1;bag;tuple;set;choose;membership;decomposition,problems/benchmarks/synthetic/manifest.json,False,0,1,
synthetic,syn-set_sequence_patterns-medium-00,wfomc,solved,9979200,9979200,0.779418,,,synthetic;stratified;stratum=set_sequence_patterns;family=set_sequence_patterns;difficulty=medium;domain=12;variant=0;seed=20260811;operatorcount=1;constraintcount=4;depth=1;set;sequence;adjacency;order,problems/benchmarks/synthetic/manifest.json,True,0,0,
synthetic,syn-set_sequence_patterns-medium-00,wfomc,solved,9979200,9979200,0.779445,,,synthetic;stratified;stratum=set_sequence_patterns;family=set_sequence_patterns;difficulty=medium;domain=12;variant=0;seed=20260811;operatorcount=1;constraintcount=4;depth=1;set;sequence;adjacency;order,problems/benchmarks/synthetic/manifest.json,False,0,1,
synthetic,syn-set_sequence_patterns-medium-04,wfomc,solved,39916800,39916800,0.501132,,,synthetic;stratified;stratum=set_sequence_patterns;family=set_sequence_patterns;difficulty=medium;domain=12;variant=4;seed=20260811;operatorcount=1;constraintcount=2;depth=1;set;sequence;adjacency;order,problems/benchmarks/synthetic/manifest.json,True,0,0,
synthetic,syn-set_sequence_patterns-medium-04,wfomc,solved,39916800,39916800,0.505322,,,synthetic;stratified;stratum=set_sequence_patterns;family=set_sequence_patterns;difficulty=medium;domain=12;variant=4;seed=20260811;operatorcount=1;constraintcount=2;depth=1;set;sequence;adjacency;order,problems/benchmarks/synthetic/manifest.json,False,0,1,
synthetic,syn-bag_sequence_adjacency-medium-00,wfomc,solved,18480,18480,1.318873,,,synthetic;stratified;stratum=bag_sequence_adjacency;family=bag_sequence_adjacency;difficulty=medium;domain=12;variant=0;seed=20260811;operatorcount=1;constraintcount=1;depth=1;bag;sequence;adjacency,problems/benchmarks/synthetic/manifest.json,True,0,0,
synthetic,syn-bag_sequence_adjacency-medium-00,wfomc,solved,18480,18480,1.310614,,,synthetic;stratified;stratum=bag_sequence_adjacency;family=bag_sequence_adjacency;difficulty=medium;domain=12;variant=0;seed=20260811;operatorcount=1;constraintcount=1;depth=1;bag;sequence;adjacency,problems/benchmarks/synthetic/manifest.json,False,0,1,
synthetic,syn-bag_sequence_adjacency-medium-04,wfomc,solved,7920,7920,1.317480,,,synthetic;stratified;stratum=bag_sequence_adjacency;family=bag_sequence_adjacency;difficulty=medium;domain=12;variant=4;seed=20260811;operatorcount=1;constraintcount=1;depth=1;bag;sequence;adjacency,problems/benchmarks/synthetic/manifest.json,True,0,0,
synthetic,syn-bag_sequence_adjacency-medium-04,wfomc,solved,7920,7920,1.307820,,,synthetic;stratified;stratum=bag_sequence_adjacency;family=bag_sequence_adjacency;difficulty=medium;domain=12;variant=4;seed=20260811;operatorcount=1;constraintcount=1;depth=1;bag;sequence;adjacency,problems/benchmarks/synthetic/manifest.json,False,0,1,
synthetic,syn-set_partition_min_size-medium-00,wfomc,solved,462,462,0.762859,,,synthetic;stratified;stratum=set_partition_min_size;family=set_partition_min_size;difficulty=medium;domain=12;variant=0;seed=20260811;operatorcount=1;constraintcount=1;depth=1;set;partition;size,problems/benchmarks/synthetic/manifest.json,True,0,0,
synthetic,syn-set_partition_min_size-medium-00,wfomc,solved,462,462,0.757869,,,synthetic;stratified;stratum=set_partition_min_size;family=set_partition_min_size;difficulty=medium;domain=12;variant=0;seed=20260811;operatorcount=1;constraintcount=1;depth=1;set;partition;size,problems/benchmarks/synthetic/manifest.json,False,0,1,
synthetic,syn-set_partition_min_size-medium-04,wfomc,solved,611501,611501,0.931263,,,synthetic;stratified;stratum=set_partition_min_size;family=set_partition_min_size;difficulty=medium;domain=12;variant=4;seed=20260811;operatorcount=1;constraintcount=1;depth=1;set;partition;size,problems/benchmarks/synthetic/manifest.json,True,0,0,
synthetic,syn-set_partition_min_size-medium-04,wfomc,solved,611501,611501,0.933866,,,synthetic;stratified;stratum=set_partition_min_size;family=set_partition_min_size;difficulty=medium;domain=12;variant=4;seed=20260811;operatorcount=1;constraintcount=1;depth=1;set;partition;size,problems/benchmarks/synthetic/manifest.json,False,0,1,
synthetic,syn-set_composition_sizes-medium-00,wfomc,solved,495,495,0.820368,,,synthetic;stratified;stratum=set_composition_sizes;family=set_composition_sizes;difficulty=medium;domain=12;variant=0;seed=20260811;operatorcount=1;constraintcount=2;depth=1;set;composition;size,problems/benchmarks/synthetic/manifest.json,True,0,0,
synthetic,syn-set_composition_sizes-medium-00,wfomc,solved,495,495,0.830312,,,synthetic;stratified;stratum=set_composition_sizes;family=set_composition_sizes;difficulty=medium;domain=12;variant=0;seed=20260811;operatorcount=1;constraintcount=2;depth=1;set;composition;size,problems/benchmarks/synthetic/manifest.json,False,0,1,
synthetic,syn-set_composition_sizes-medium-04,wfomc,solved,660,660,0.919408,,,synthetic;stratified;stratum=set_composition_sizes;family=set_composition_sizes;difficulty=medium;domain=12;variant=4;seed=20260811;operatorcount=1;constraintcount=3;depth=1;set;composition;size,problems/benchmarks/synthetic/manifest.json,True,0,0,
synthetic,syn-set_composition_sizes-medium-04,wfomc,solved,660,660,0.918536,,,synthetic;stratified;stratum=set_composition_sizes;family=set_composition_sizes;difficulty=medium;domain=12;variant=4;seed=20260811;operatorcount=1;constraintcount=3;depth=1;set;composition;size,problems/benchmarks/synthetic/manifest.json,False,0,1,
synthetic,syn-dependent_choice_disjoint-medium-00,wfomc,solved,15840,15840,0.490906,,,synthetic;stratified;stratum=dependent_choice_disjoint;family=dependent_choice_disjoint;difficulty=medium;domain=12;variant=0;seed=20260811;operatorcount=3;constraintcount=1;depth=2;set;choose;disjoint;dependent_configuration;outside_cola_fragment,problems/benchmarks/synthetic/manifest.json,True,0,0,
synthetic,syn-dependent_choice_disjoint-medium-00,wfomc,solved,15840,15840,0.490819,,,synthetic;stratified;stratum=dependent_choice_disjoint;family=dependent_choice_disjoint;difficulty=medium;domain=12;variant=0;seed=20260811;operatorcount=3;constraintcount=1;depth=2;set;choose;disjoint;dependent_configuration;outside_cola_fragment,problems/benchmarks/synthetic/manifest.json,False,0,1,
synthetic,syn-dependent_choice_disjoint-medium-04,wfomc,solved,33264,33264,0.517528,,,synthetic;stratified;stratum=dependent_choice_disjoint;family=dependent_choice_disjoint;difficulty=medium;domain=12;variant=4;seed=20260811;operatorcount=3;constraintcount=1;depth=2;set;choose;disjoint;dependent_configuration;outside_cola_fragment,problems/benchmarks/synthetic/manifest.json,True,0,0,
synthetic,syn-dependent_choice_disjoint-medium-04,wfomc,solved,33264,33264,0.495107,,,synthetic;stratified;stratum=dependent_choice_disjoint;family=dependent_choice_disjoint;difficulty=medium;domain=12;variant=4;seed=20260811;operatorcount=3;constraintcount=1;depth=2;set;choose;disjoint;dependent_configuration;outside_cola_fragment,problems/benchmarks/synthetic/manifest.json,False,0,1,
synthetic,syn-dependent_tuple_position_count-medium-00,wfomc,solved,432,432,1.193536,,,synthetic;stratified;stratum=dependent_tuple_position_count;family=dependent_tuple_position_count;difficulty=medium;domain=12;variant=0;seed=20260811;operatorcount=2;constraintcount=2;depth=2;set;choose;tuple;position;count;dependent_configuration;outside_cola_fragment,problems/benchmarks/synthetic/manifest.json,True,0,0,
synthetic,syn-dependent_tuple_position_count-medium-00,wfomc,solved,432,432,1.197034,,,synthetic;stratified;stratum=dependent_tuple_position_count;family=dependent_tuple_position_count;difficulty=medium;domain=12;variant=0;seed=20260811;operatorcount=2;constraintcount=2;depth=2;set;choose;tuple;position;count;dependent_configuration;outside_cola_fragment,problems/benchmarks/synthetic/manifest.json,False,0,1,
synthetic,syn-dependent_tuple_position_count-medium-04,wfomc,solved,450,450,1.201696,,,synthetic;stratified;stratum=dependent_tuple_position_count;family=dependent_tuple_position_count;difficulty=medium;domain=12;variant=4;seed=20260811;operatorcount=2;constraintcount=2;depth=2;set;choose;tuple;position;count;dependent_configuration;outside_cola_fragment,problems/benchmarks/synthetic/manifest.json,True,0,0,
synthetic,syn-dependent_tuple_position_count-medium-04,wfomc,solved,450,450,1.198796,,,synthetic;stratified;stratum=dependent_tuple_position_count;family=dependent_tuple_position_count;difficulty=medium;domain=12;variant=4;seed=20260811;operatorcount=2;constraintcount=2;depth=2;set;choose;tuple;position;count;dependent_configuration;outside_cola_fragment,problems/benchmarks/synthetic/manifest.json,False,0,1,
synthetic,syn-dependent_sequence_patterns-medium-00,wfomc,solved,37800,37800,1.089022,,,synthetic;stratified;stratum=dependent_sequence_patterns;family=dependent_sequence_patterns;difficulty=medium;domain=12;variant=0;seed=20260811;operatorcount=2;constraintcount=9;depth=2;set;choose;sequence;adjacency;order;dependent_configuration;outside_cola_fragment,problems/benchmarks/synthetic/manifest.json,True,0,0,
synthetic,syn-dependent_sequence_patterns-medium-00,wfomc,solved,37800,37800,1.085065,,,synthetic;stratified;stratum=dependent_sequence_patterns;family=dependent_sequence_patterns;difficulty=medium;domain=12;variant=0;seed=20260811;operatorcount=2;constraintcount=9;depth=2;set;choose;sequence;adjacency;order;dependent_configuration;outside_cola_fragment,problems/benchmarks/synthetic/manifest.json,False,0,1,
synthetic,syn-dependent_sequence_patterns-medium-04,wfomc,solved,10160640,10160640,0.985061,,,synthetic;stratified;stratum=dependent_sequence_patterns;family=dependent_sequence_patterns;difficulty=medium;domain=12;variant=4;seed=20260811;operatorcount=2;constraintcount=6;depth=2;set;choose;sequence;adjacency;order;dependent_configuration;outside_cola_fragment,problems/benchmarks/synthetic/manifest.json,True,0,0,
synthetic,syn-dependent_sequence_patterns-medium-04,wfomc,solved,10160640,10160640,0.987321,,,synthetic;stratified;stratum=dependent_sequence_patterns;family=dependent_sequence_patterns;difficulty=medium;domain=12;variant=4;seed=20260811;operatorcount=2;constraintcount=6;depth=2;set;choose;sequence;adjacency;order;dependent_configuration;outside_cola_fragment,problems/benchmarks/synthetic/manifest.json,False,0,1,
synthetic,syn-dependent_partition_min_size-medium-00,wfomc,solved,478170,478170,0.909013,,,synthetic;stratified;stratum=dependent_partition_min_size;family=dependent_partition_min_size;difficulty=medium;domain=12;variant=0;seed=20260811;operatorcount=2;constraintcount=1;depth=2;set;choose;partition;size;dependent_configuration;outside_cola_fragment,problems/benchmarks/synthetic/manifest.json,True,0,0,
synthetic,syn-dependent_partition_min_size-medium-00,wfomc,solved,478170,478170,0.908261,,,synthetic;stratified;stratum=dependent_partition_min_size;family=dependent_partition_min_size;difficulty=medium;domain=12;variant=0;seed=20260811;operatorcount=2;constraintcount=1;depth=2;set;choose;partition;size;dependent_configuration;outside_cola_fragment,problems/benchmarks/synthetic/manifest.json,False,0,1,
synthetic,syn-dependent_partition_min_size-medium-04,wfomc,solved,238392,238392,0.899568,,,synthetic;stratified;stratum=dependent_partition_min_size;family=dependent_partition_min_size;difficulty=medium;domain=12;variant=4;seed=20260811;operatorcount=2;constraintcount=1;depth=2;set;choose;partition;size;dependent_configuration;outside_cola_fragment,problems/benchmarks/synthetic/manifest.json,True,0,0,
synthetic,syn-dependent_partition_min_size-medium-04,wfomc,solved,238392,238392,0.929009,,,synthetic;stratified;stratum=dependent_partition_min_size;family=dependent_partition_min_size;difficulty=medium;domain=12;variant=4;seed=20260811;operatorcount=2;constraintcount=1;depth=2;set;choose;partition;size;dependent_configuration;outside_cola_fragment,problems/benchmarks/synthetic/manifest.json,False,0,1,
synthetic,syn-dependent_composition_sizes-medium-00,wfomc,solved,332640,332640,1.088870,,,synthetic;stratified;stratum=dependent_composition_sizes;family=dependent_composition_sizes;difficulty=medium;domain=12;variant=0;seed=20260811;operatorcount=2;constraintcount=4;depth=2;set;choose;composition;size;dependent_configuration;outside_cola_fragment,problems/benchmarks/synthetic/manifest.json,True,0,0,
synthetic,syn-dependent_composition_sizes-medium-00,wfomc,solved,332640,332640,1.085016,,,synthetic;stratified;stratum=dependent_composition_sizes;family=dependent_composition_sizes;difficulty=medium;domain=12;variant=0;seed=20260811;operatorcount=2;constraintcount=4;depth=2;set;choose;composition;size;dependent_configuration;outside_cola_fragment,problems/benchmarks/synthetic/manifest.json,False,0,1,
synthetic,syn-dependent_composition_sizes-medium-04,wfomc,solved,660,660,0.865393,,,synthetic;stratified;stratum=dependent_composition_sizes;family=dependent_composition_sizes;difficulty=medium;domain=12;variant=4;seed=20260811;operatorcount=2;constraintcount=2;depth=2;set;choose;composition;size;dependent_configuration;outside_cola_fragment,problems/benchmarks/synthetic/manifest.json,True,0,0,
synthetic,syn-dependent_composition_sizes-medium-04,wfomc,solved,660,660,0.869200,,,synthetic;stratified;stratum=dependent_composition_sizes;family=dependent_composition_sizes;difficulty=medium;domain=12;variant=4;seed=20260811;operatorcount=2;constraintcount=2;depth=2;set;choose;composition;size;dependent_configuration;outside_cola_fragment,problems/benchmarks/synthetic/manifest.json,False,0,1,
synthetic,syn-dependent_bag_tuple-medium-00,wfomc,solved,29700,29700,1.429520,,,synthetic;stratified;stratum=dependent_bag_tuple;family=dependent_bag_tuple;difficulty=medium;domain=12;variant=0;seed=20260811;operatorcount=3;constraintcount=1;depth=2;bag;choose;tuple;set;membership;decomposition;dependent_configuration;outside_cola_fragment,problems/benchmarks/synthetic/manifest.json,True,0,0,
synthetic,syn-dependent_bag_tuple-medium-00,wfomc,solved,29700,29700,1.419250,,,synthetic;stratified;stratum=dependent_bag_tuple;family=dependent_bag_tuple;difficulty=medium;domain=12;variant=0;seed=20260811;operatorcount=3;constraintcount=1;depth=2;bag;choose;tuple;set;membership;decomposition;dependent_configuration;outside_cola_fragment,problems/benchmarks/synthetic/manifest.json,False,0,1,
synthetic,syn-dependent_bag_tuple-medium-04,wfomc,solved,2772,2772,0.962342,,,synthetic;stratified;stratum=dependent_bag_tuple;family=dependent_bag_tuple;difficulty=medium;domain=12;variant=4;seed=20260811;operatorcount=3;constraintcount=1;depth=2;bag;choose;tuple;set;membership;decomposition;dependent_configuration;outside_cola_fragment,problems/benchmarks/synthetic/manifest.json,True,0,0,
synthetic,syn-dependent_bag_tuple-medium-04,wfomc,solved,2772,2772,0.956370,,,synthetic;stratified;stratum=dependent_bag_tuple;family=dependent_bag_tuple;difficulty=medium;domain=12;variant=4;seed=20260811;operatorcount=3;constraintcount=1;depth=2;bag;choose;tuple;set;membership;decomposition;dependent_configuration;outside_cola_fragment,problems/benchmarks/synthetic/manifest.json,False,0,1,
synthetic,syn-nested_choice_chain-medium-00,wfomc,solved,11880,11880,0.460961,,,synthetic;stratified;stratum=nested_choice_chain;family=nested_choice_chain;difficulty=medium;domain=12;variant=0;seed=20260811;operatorcount=3;constraintcount=1;depth=3;set;choose;membership;dependent_configuration;outside_cola_fragment,problems/benchmarks/synthetic/manifest.json,True,0,0,
synthetic,syn-nested_choice_chain-medium-00,wfomc,solved,11880,11880,0.462884,,,synthetic;stratified;stratum=nested_choice_chain;family=nested_choice_chain;difficulty=medium;domain=12;variant=0;seed=20260811;operatorcount=3;constraintcount=1;depth=3;set;choose;membership;dependent_configuration;outside_cola_fragment,problems/benchmarks/synthetic/manifest.json,False,0,1,
synthetic,syn-nested_choice_chain-medium-04,wfomc,solved,1980,1980,0.464083,,,synthetic;stratified;stratum=nested_choice_chain;family=nested_choice_chain;difficulty=medium;domain=12;variant=4;seed=20260811;operatorcount=3;constraintcount=1;depth=3;set;choose;membership;dependent_configuration;outside_cola_fragment,problems/benchmarks/synthetic/manifest.json,True,0,0,
synthetic,syn-nested_choice_chain-medium-04,wfomc,solved,1980,1980,0.461332,,,synthetic;stratified;stratum=nested_choice_chain;family=nested_choice_chain;difficulty=medium;domain=12;variant=4;seed=20260811;operatorcount=3;constraintcount=1;depth=3;set;choose;membership;dependent_configuration;outside_cola_fragment,problems/benchmarks/synthetic/manifest.json,False,0,1,
synthetic,syn-dependent_selected_subsets-medium-00,wfomc,solved,33264,33264,0.491869,,,synthetic;stratified;stratum=dependent_selected_subsets;family=dependent_selected_subsets;difficulty=medium;domain=12;variant=0;seed=20260811;operatorcount=3;constraintcount=1;depth=2;set;choose;disjoint;dependent_configuration;outside_cola_fragment,problems/benchmarks/synthetic/manifest.json,True,0,0,
synthetic,syn-dependent_selected_subsets-medium-00,wfomc,solved,33264,33264,0.489777,,,synthetic;stratified;stratum=dependent_selected_subsets;family=dependent_selected_subsets;difficulty=medium;domain=12;variant=0;seed=20260811;operatorcount=3;constraintcount=1;depth=2;set;choose;disjoint;dependent_configuration;outside_cola_fragment,problems/benchmarks/synthetic/manifest.json,False,0,1,
synthetic,syn-dependent_selected_subsets-medium-04,wfomc,solved,23760,23760,0.491426,,,synthetic;stratified;stratum=dependent_selected_subsets;family=dependent_selected_subsets;difficulty=medium;domain=12;variant=4;seed=20260811;operatorcount=3;constraintcount=1;depth=2;set;choose;disjoint;dependent_configuration;outside_cola_fragment,problems/benchmarks/synthetic/manifest.json,True,0,0,
synthetic,syn-dependent_selected_subsets-medium-04,wfomc,solved,23760,23760,0.499357,,,synthetic;stratified;stratum=dependent_selected_subsets;family=dependent_selected_subsets;difficulty=medium;domain=12;variant=4;seed=20260811;operatorcount=3;constraintcount=1;depth=2;set;choose;disjoint;dependent_configuration;outside_cola_fragment,problems/benchmarks/synthetic/manifest.json,False,0,1,
synthetic,syn-set_choice_intersection-large-00,wfomc,solved,756,756,0.812650,,,synthetic;stratified;stratum=set_choice_intersection;family=set_choice_intersection;difficulty=large;domain=16;variant=0;seed=20260811;operatorcount=1;constraintcount=1;depth=1;set;choose;intersection;size,problems/benchmarks/synthetic/manifest.json,True,0,0,
synthetic,syn-set_choice_intersection-large-00,wfomc,solved,756,756,0.814082,,,synthetic;stratified;stratum=set_choice_intersection;family=set_choice_intersection;difficulty=large;domain=16;variant=0;seed=20260811;operatorcount=1;constraintcount=1;depth=1;set;choose;intersection;size,problems/benchmarks/synthetic/manifest.json,False,0,1,
synthetic,syn-set_choice_intersection-large-04,wfomc,solved,224,224,0.814343,,,synthetic;stratified;stratum=set_choice_intersection;family=set_choice_intersection;difficulty=large;domain=16;variant=4;seed=20260811;operatorcount=1;constraintcount=1;depth=1;set;choose;intersection;size,problems/benchmarks/synthetic/manifest.json,True,0,0,
synthetic,syn-set_choice_intersection-large-04,wfomc,solved,224,224,0.813952,,,synthetic;stratified;stratum=set_choice_intersection;family=set_choice_intersection;difficulty=large;domain=16;variant=4;seed=20260811;operatorcount=1;constraintcount=1;depth=1;set;choose;intersection;size,problems/benchmarks/synthetic/manifest.json,False,0,1,
synthetic,syn-bag_choice_multiplicity-large-00,wfomc,solved,3432,3432,0.451414,,,synthetic;stratified;stratum=bag_choice_multiplicity;family=bag_choice_multiplicity;difficulty=large;domain=16;variant=0;seed=20260811;operatorcount=1;constraintcount=1;depth=1;bag;choose;count,problems/benchmarks/synthetic/manifest.json,True,0,0,
synthetic,syn-bag_choice_multiplicity-large-00,wfomc,solved,3432,3432,0.450507,,,synthetic;stratified;stratum=bag_choice_multiplicity;family=bag_choice_multiplicity;difficulty=large;domain=16;variant=0;seed=20260811;operatorcount=1;constraintcount=1;depth=1;bag;choose;count,problems/benchmarks/synthetic/manifest.json,False,0,1,
synthetic,syn-bag_choice_multiplicity-large-04,wfomc,solved,12,12,0.451322,,,synthetic;stratified;stratum=bag_choice_multiplicity;family=bag_choice_multiplicity;difficulty=large;domain=16;variant=4;seed=20260811;operatorcount=1;constraintcount=1;depth=1;bag;choose;count,problems/benchmarks/synthetic/manifest.json,True,0,0,
synthetic,syn-bag_choice_multiplicity-large-04,wfomc,solved,12,12,0.450932,,,synthetic;stratified;stratum=bag_choice_multiplicity;family=bag_choice_multiplicity;difficulty=large;domain=16;variant=4;seed=20260811;operatorcount=1;constraintcount=1;depth=1;bag;choose;count,problems/benchmarks/synthetic/manifest.json,False,0,1,
synthetic,syn-set_tuple_position_count-large-00,wfomc,solved,12700800,12700800,1.505337,,,synthetic;stratified;stratum=set_tuple_position_count;family=set_tuple_position_count;difficulty=large;domain=16;variant=0;seed=20260811;operatorcount=1;constraintcount=2;depth=1;set;tuple;position;count,problems/benchmarks/synthetic/manifest.json,True,0,0,
synthetic,syn-set_tuple_position_count-large-00,wfomc,solved,12700800,12700800,1.506467,,,synthetic;stratified;stratum=set_tuple_position_count;family=set_tuple_position_count;difficulty=large;domain=16;variant=0;seed=20260811;operatorcount=1;constraintcount=2;depth=1;set;tuple;position;count,problems/benchmarks/synthetic/manifest.json,False,0,1,
synthetic,syn-set_tuple_position_count-large-04,wfomc,solved,144000,144000,1.455245,,,synthetic;stratified;stratum=set_tuple_position_count;family=set_tuple_position_count;difficulty=large;domain=16;variant=4;seed=20260811;operatorcount=1;constraintcount=2;depth=1;set;tuple;position;count,problems/benchmarks/synthetic/manifest.json,True,0,0,
synthetic,syn-set_tuple_position_count-large-04,wfomc,solved,144000,144000,1.462245,,,synthetic;stratified;stratum=set_tuple_position_count;family=set_tuple_position_count;difficulty=large;domain=16;variant=4;seed=20260811;operatorcount=1;constraintcount=2;depth=1;set;tuple;position;count,problems/benchmarks/synthetic/manifest.json,False,0,1,
synthetic,syn-bag_tuple_multiplicity-large-00,wfomc,solved,3600,3600,0.963810,,,synthetic;stratified;stratum=bag_tuple_multiplicity;family=bag_tuple_multiplicity;difficulty=large;domain=16;variant=0;seed=20260811;operatorcount=2;constraintcount=1;depth=1;bag;tuple;set;choose;membership;decomposition,problems/benchmarks/synthetic/manifest.json,True,0,0,
synthetic,syn-bag_tuple_multiplicity-large-00,wfomc,solved,3600,3600,0.977010,,,synthetic;stratified;stratum=bag_tuple_multiplicity;family=bag_tuple_multiplicity;difficulty=large;domain=16;variant=0;seed=20260811;operatorcount=2;constraintcount=1;depth=1;bag;tuple;set;choose;membership;decomposition,problems/benchmarks/synthetic/manifest.json,False,0,1,
synthetic,syn-bag_tuple_multiplicity-large-04,wfomc,solved,10090080,10090080,1.400281,,,synthetic;stratified;stratum=bag_tuple_multiplicity;family=bag_tuple_multiplicity;difficulty=large;domain=16;variant=4;seed=20260811;operatorcount=2;constraintcount=1;depth=1;bag;tuple;set;choose;membership;decomposition,problems/benchmarks/synthetic/manifest.json,True,0,0,
synthetic,syn-bag_tuple_multiplicity-large-04,wfomc,solved,10090080,10090080,1.391920,,,synthetic;stratified;stratum=bag_tuple_multiplicity;family=bag_tuple_multiplicity;difficulty=large;domain=16;variant=4;seed=20260811;operatorcount=2;constraintcount=1;depth=1;bag;tuple;set;choose;membership;decomposition,problems/benchmarks/synthetic/manifest.json,False,0,1,
synthetic,syn-set_sequence_patterns-large-00,wfomc,solved,326918592000,326918592000,0.873948,,,synthetic;stratified;stratum=set_sequence_patterns;family=set_sequence_patterns;difficulty=large;domain=16;variant=0;seed=20260811;operatorcount=1;constraintcount=4;depth=1;set;sequence;adjacency;order,problems/benchmarks/synthetic/manifest.json,True,0,0,
synthetic,syn-set_sequence_patterns-large-00,wfomc,solved,326918592000,326918592000,0.873843,,,synthetic;stratified;stratum=set_sequence_patterns;family=set_sequence_patterns;difficulty=large;domain=16;variant=0;seed=20260811;operatorcount=1;constraintcount=4;depth=1;set;sequence;adjacency;order,problems/benchmarks/synthetic/manifest.json,False,0,1,
synthetic,syn-set_sequence_patterns-large-04,wfomc,solved,653837184000,653837184000,0.591886,,,synthetic;stratified;stratum=set_sequence_patterns;family=set_sequence_patterns;difficulty=large;domain=16;variant=4;seed=20260811;operatorcount=1;constraintcount=3;depth=1;set;sequence;adjacency;order,problems/benchmarks/synthetic/manifest.json,True,0,0,
synthetic,syn-set_sequence_patterns-large-04,wfomc,solved,653837184000,653837184000,0.590848,,,synthetic;stratified;stratum=set_sequence_patterns;family=set_sequence_patterns;difficulty=large;domain=16;variant=4;seed=20260811;operatorcount=1;constraintcount=3;depth=1;set;sequence;adjacency;order,problems/benchmarks/synthetic/manifest.json,False,0,1,
synthetic,syn-bag_sequence_adjacency-large-00,wfomc,solved,180180,180180,3.943624,,,synthetic;stratified;stratum=bag_sequence_adjacency;family=bag_sequence_adjacency;difficulty=large;domain=16;variant=0;seed=20260811;operatorcount=1;constraintcount=1;depth=1;bag;sequence;adjacency,problems/benchmarks/synthetic/manifest.json,True,0,0,
synthetic,syn-bag_sequence_adjacency-large-00,wfomc,solved,180180,180180,3.924285,,,synthetic;stratified;stratum=bag_sequence_adjacency;family=bag_sequence_adjacency;difficulty=large;domain=16;variant=0;seed=20260811;operatorcount=1;constraintcount=1;depth=1;bag;sequence;adjacency,problems/benchmarks/synthetic/manifest.json,False,0,1,
synthetic,syn-bag_sequence_adjacency-large-04,wfomc,solved,540540,540540,3.976436,,,synthetic;stratified;stratum=bag_sequence_adjacency;family=bag_sequence_adjacency;difficulty=large;domain=16;variant=4;seed=20260811;operatorcount=1;constraintcount=1;depth=1;bag;sequence;adjacency,problems/benchmarks/synthetic/manifest.json,True,0,0,
synthetic,syn-bag_sequence_adjacency-large-04,wfomc,solved,540540,540540,3.959632,,,synthetic;stratified;stratum=bag_sequence_adjacency;family=bag_sequence_adjacency;difficulty=large;domain=16;variant=4;seed=20260811;operatorcount=1;constraintcount=1;depth=1;bag;sequence;adjacency,problems/benchmarks/synthetic/manifest.json,False,0,1,
synthetic,syn-set_partition_min_size-large-00,wfomc,solved,57962905,57962905,0.939857,,,synthetic;stratified;stratum=set_partition_min_size;family=set_partition_min_size;difficulty=large;domain=16;variant=0;seed=20260811;operatorcount=1;constraintcount=1;depth=1;set;partition;size,problems/benchmarks/synthetic/manifest.json,True,0,0,
synthetic,syn-set_partition_min_size-large-00,wfomc,solved,57962905,57962905,0.936297,,,synthetic;stratified;stratum=set_partition_min_size;family=set_partition_min_size;difficulty=large;domain=16;variant=0;seed=20260811;operatorcount=1;constraintcount=1;depth=1;set;partition;size,problems/benchmarks/synthetic/manifest.json,False,0,1,
synthetic,syn-set_partition_min_size-large-04,wfomc,solved,25883,25883,0.761600,,,synthetic;stratified;stratum=set_partition_min_size;family=set_partition_min_size;difficulty=large;domain=16;variant=4;seed=20260811;operatorcount=1;constraintcount=1;depth=1;set;partition;size,problems/benchmarks/synthetic/manifest.json,True,0,0,
synthetic,syn-set_partition_min_size-large-04,wfomc,solved,25883,25883,0.763920,,,synthetic;stratified;stratum=set_partition_min_size;family=set_partition_min_size;difficulty=large;domain=16;variant=4;seed=20260811;operatorcount=1;constraintcount=1;depth=1;set;partition;size,problems/benchmarks/synthetic/manifest.json,False,0,1,
synthetic,syn-set_composition_sizes-large-00,wfomc,solved,43243200,43243200,1.268284,,,synthetic;stratified;stratum=set_composition_sizes;family=set_composition_sizes;difficulty=large;domain=16;variant=0;seed=20260811;operatorcount=1;constraintcount=5;depth=1;set;composition;size,problems/benchmarks/synthetic/manifest.json,True,0,0,
synthetic,syn-set_composition_sizes-large-00,wfomc,solved,43243200,43243200,1.248394,,,synthetic;stratified;stratum=set_composition_sizes;family=set_composition_sizes;difficulty=large;domain=16;variant=0;seed=20260811;operatorcount=1;constraintcount=5;depth=1;set;composition;size,problems/benchmarks/synthetic/manifest.json,False,0,1,
synthetic,syn-set_composition_sizes-large-04,wfomc,solved,11440,11440,0.823200,,,synthetic;stratified;stratum=set_composition_sizes;family=set_composition_sizes;difficulty=large;domain=16;variant=4;seed=20260811;operatorcount=1;constraintcount=2;depth=1;set;composition;size,problems/benchmarks/synthetic/manifest.json,True,0,0,
synthetic,syn-set_composition_sizes-large-04,wfomc,solved,11440,11440,0.823109,,,synthetic;stratified;stratum=set_composition_sizes;family=set_composition_sizes;difficulty=large;domain=16;variant=4;seed=20260811;operatorcount=1;constraintcount=2;depth=1;set;composition;size,problems/benchmarks/synthetic/manifest.json,False,0,1,
synthetic,syn-dependent_choice_disjoint-large-00,wfomc,solved,2882880,2882880,0.490027,,,synthetic;stratified;stratum=dependent_choice_disjoint;family=dependent_choice_disjoint;difficulty=large;domain=16;variant=0;seed=20260811;operatorcount=3;constraintcount=1;depth=2;set;choose;disjoint;dependent_configuration;outside_cola_fragment,problems/benchmarks/synthetic/manifest.json,True,0,0,
synthetic,syn-dependent_choice_disjoint-large-00,wfomc,solved,2882880,2882880,0.491285,,,synthetic;stratified;stratum=dependent_choice_disjoint;family=dependent_choice_disjoint;difficulty=large;domain=16;variant=0;seed=20260811;operatorcount=3;constraintcount=1;depth=2;set;choose;disjoint;dependent_configuration;outside_cola_fragment,problems/benchmarks/synthetic/manifest.json,False,0,1,
synthetic,syn-dependent_choice_disjoint-large-04,wfomc,solved,2162160,2162160,0.488779,,,synthetic;stratified;stratum=dependent_choice_disjoint;family=dependent_choice_disjoint;difficulty=large;domain=16;variant=4;seed=20260811;operatorcount=3;constraintcount=1;depth=2;set;choose;disjoint;dependent_configuration;outside_cola_fragment,problems/benchmarks/synthetic/manifest.json,True,0,0,
synthetic,syn-dependent_choice_disjoint-large-04,wfomc,solved,2162160,2162160,0.486099,,,synthetic;stratified;stratum=dependent_choice_disjoint;family=dependent_choice_disjoint;difficulty=large;domain=16;variant=4;seed=20260811;operatorcount=3;constraintcount=1;depth=2;set;choose;disjoint;dependent_configuration;outside_cola_fragment,problems/benchmarks/synthetic/manifest.json,False,0,1,
synthetic,syn-dependent_tuple_position_count-large-00,wfomc,solved,1209600,1209600,1.251357,,,synthetic;stratified;stratum=dependent_tuple_position_count;family=dependent_tuple_position_count;difficulty=large;domain=16;variant=0;seed=20260811;operatorcount=2;constraintcount=2;depth=2;set;choose;tuple;position;count;dependent_configuration;outside_cola_fragment,problems/benchmarks/synthetic/manifest.json,True,0,0,
synthetic,syn-dependent_tuple_position_count-large-00,wfomc,solved,1209600,1209600,1.248646,,,synthetic;stratified;stratum=dependent_tuple_position_count;family=dependent_tuple_position_count;difficulty=large;domain=16;variant=0;seed=20260811;operatorcount=2;constraintcount=2;depth=2;set;choose;tuple;position;count;dependent_configuration;outside_cola_fragment,problems/benchmarks/synthetic/manifest.json,False,0,1,
synthetic,syn-dependent_tuple_position_count-large-04,wfomc,solved,514800,514800,1.231862,,,synthetic;stratified;stratum=dependent_tuple_position_count;family=dependent_tuple_position_count;difficulty=large;domain=16;variant=4;seed=20260811;operatorcount=2;constraintcount=2;depth=2;set;choose;tuple;position;count;dependent_configuration;outside_cola_fragment,problems/benchmarks/synthetic/manifest.json,True,0,0,
synthetic,syn-dependent_tuple_position_count-large-04,wfomc,solved,514800,514800,1.232595,,,synthetic;stratified;stratum=dependent_tuple_position_count;family=dependent_tuple_position_count;difficulty=large;domain=16;variant=4;seed=20260811;operatorcount=2;constraintcount=2;depth=2;set;choose;tuple;position;count;dependent_configuration;outside_cola_fragment,problems/benchmarks/synthetic/manifest.json,False,0,1,
synthetic,syn-dependent_sequence_patterns-large-00,wfomc,solved,113400,113400,1.122033,,,synthetic;stratified;stratum=dependent_sequence_patterns;family=dependent_sequence_patterns;difficulty=large;domain=16;variant=0;seed=20260811;operatorcount=2;constraintcount=9;depth=2;set;choose;sequence;adjacency;order;dependent_configuration;outside_cola_fragment,problems/benchmarks/synthetic/manifest.json,True,0,0,
synthetic,syn-dependent_sequence_patterns-large-00,wfomc,solved,113400,113400,1.123244,,,synthetic;stratified;stratum=dependent_sequence_patterns;family=dependent_sequence_patterns;difficulty=large;domain=16;variant=0;seed=20260811;operatorcount=2;constraintcount=9;depth=2;set;choose;sequence;adjacency;order;dependent_configuration;outside_cola_fragment,problems/benchmarks/synthetic/manifest.json,False,0,1,
synthetic,syn-dependent_sequence_patterns-large-04,wfomc,solved,113400,113400,1.123745,,,synthetic;stratified;stratum=dependent_sequence_patterns;family=dependent_sequence_patterns;difficulty=large;domain=16;variant=4;seed=20260811;operatorcount=2;constraintcount=9;depth=2;set;choose;sequence;adjacency;order;dependent_configuration;outside_cola_fragment,problems/benchmarks/synthetic/manifest.json,True,0,0,
synthetic,syn-dependent_sequence_patterns-large-04,wfomc,solved,113400,113400,1.126791,,,synthetic;stratified;stratum=dependent_sequence_patterns;family=dependent_sequence_patterns;difficulty=large;domain=16;variant=4;seed=20260811;operatorcount=2;constraintcount=9;depth=2;set;choose;sequence;adjacency;order;dependent_configuration;outside_cola_fragment,problems/benchmarks/synthetic/manifest.json,False,0,1,
synthetic,syn-dependent_partition_min_size-large-00,wfomc,solved,1441440,1441440,0.828621,,,synthetic;stratified;stratum=dependent_partition_min_size;family=dependent_partition_min_size;difficulty=large;domain=16;variant=0;seed=20260811;operatorcount=2;constraintcount=1;depth=2;set;choose;partition;size;dependent_configuration;outside_cola_fragment,problems/benchmarks/synthetic/manifest.json,True,0,0,
synthetic,syn-dependent_partition_min_size-large-00,wfomc,solved,1441440,1441440,0.825904,,,synthetic;stratified;stratum=dependent_partition_min_size;family=dependent_partition_min_size;difficulty=large;domain=16;variant=0;seed=20260811;operatorcount=2;constraintcount=1;depth=2;set;choose;partition;size;dependent_configuration;outside_cola_fragment,problems/benchmarks/synthetic/manifest.json,False,0,1,
synthetic,syn-dependent_partition_min_size-large-04,wfomc,solved,3443440,3443440,0.891575,,,synthetic;stratified;stratum=dependent_partition_min_size;family=dependent_partition_min_size;difficulty=large;domain=16;variant=4;seed=20260811;operatorcount=2;constraintcount=1;depth=2;set;choose;partition;size;dependent_configuration;outside_cola_fragment,problems/benchmarks/synthetic/manifest.json,True,0,0,
synthetic,syn-dependent_partition_min_size-large-04,wfomc,solved,3443440,3443440,0.898559,,,synthetic;stratified;stratum=dependent_partition_min_size;family=dependent_partition_min_size;difficulty=large;domain=16;variant=4;seed=20260811;operatorcount=2;constraintcount=1;depth=2;set;choose;partition;size;dependent_configuration;outside_cola_fragment,problems/benchmarks/synthetic/manifest.json,False,0,1,
synthetic,syn-dependent_composition_sizes-large-00,wfomc,solved,17297280,17297280,1.091712,,,synthetic;stratified;stratum=dependent_composition_sizes;family=dependent_composition_sizes;difficulty=large;domain=16;variant=0;seed=20260811;operatorcount=2;constraintcount=4;depth=2;set;choose;composition;size;dependent_configuration;outside_cola_fragment,problems/benchmarks/synthetic/manifest.json,True,0,0,
synthetic,syn-dependent_composition_sizes-large-00,wfomc,solved,17297280,17297280,1.089054,,,synthetic;stratified;stratum=dependent_composition_sizes;family=dependent_composition_sizes;difficulty=large;domain=16;variant=0;seed=20260811;operatorcount=2;constraintcount=4;depth=2;set;choose;composition;size;dependent_configuration;outside_cola_fragment,problems/benchmarks/synthetic/manifest.json,False,0,1,
synthetic,syn-dependent_composition_sizes-large-04,wfomc,solved,5765760,5765760,0.952286,,,synthetic;stratified;stratum=dependent_composition_sizes;family=dependent_composition_sizes;difficulty=large;domain=16;variant=4;seed=20260811;operatorcount=2;constraintcount=3;depth=2;set;choose;composition;size;dependent_configuration;outside_cola_fragment,problems/benchmarks/synthetic/manifest.json,True,0,0,
synthetic,syn-dependent_composition_sizes-large-04,wfomc,solved,5765760,5765760,0.959409,,,synthetic;stratified;stratum=dependent_composition_sizes;family=dependent_composition_sizes;difficulty=large;domain=16;variant=4;seed=20260811;operatorcount=2;constraintcount=3;depth=2;set;choose;composition;size;dependent_configuration;outside_cola_fragment,problems/benchmarks/synthetic/manifest.json,False,0,1,
synthetic,syn-dependent_bag_tuple-large-00,wfomc,solved,655200,655200,1.403818,,,synthetic;stratified;stratum=dependent_bag_tuple;family=dependent_bag_tuple;difficulty=large;domain=16;variant=0;seed=20260811;operatorcount=3;constraintcount=1;depth=2;bag;choose;tuple;set;membership;decomposition;dependent_configuration;outside_cola_fragment,problems/benchmarks/synthetic/manifest.json,True,0,0,
synthetic,syn-dependent_bag_tuple-large-00,wfomc,solved,655200,655200,1.425087,,,synthetic;stratified;stratum=dependent_bag_tuple;family=dependent_bag_tuple;difficulty=large;domain=16;variant=0;seed=20260811;operatorcount=3;constraintcount=1;depth=2;bag;choose;tuple;set;membership;decomposition;dependent_configuration;outside_cola_fragment,problems/benchmarks/synthetic/manifest.json,False,0,1,
synthetic,syn-dependent_bag_tuple-large-04,wfomc,solved,514800,514800,7.438568,,,synthetic;stratified;stratum=dependent_bag_tuple;family=dependent_bag_tuple;difficulty=large;domain=16;variant=4;seed=20260811;operatorcount=3;constraintcount=1;depth=2;bag;choose;tuple;set;membership;decomposition;dependent_configuration;outside_cola_fragment,problems/benchmarks/synthetic/manifest.json,True,0,0,
synthetic,syn-dependent_bag_tuple-large-04,wfomc,solved,514800,514800,7.444247,,,synthetic;stratified;stratum=dependent_bag_tuple;family=dependent_bag_tuple;difficulty=large;domain=16;variant=4;seed=20260811;operatorcount=3;constraintcount=1;depth=2;bag;choose;tuple;set;membership;decomposition;dependent_configuration;outside_cola_fragment,problems/benchmarks/synthetic/manifest.json,False,0,1,
synthetic,syn-nested_choice_chain-large-00,wfomc,solved,5460,5460,0.470471,,,synthetic;stratified;stratum=nested_choice_chain;family=nested_choice_chain;difficulty=large;domain=16;variant=0;seed=20260811;operatorcount=3;constraintcount=1;depth=3;set;choose;membership;dependent_configuration;outside_cola_fragment,problems/benchmarks/synthetic/manifest.json,True,0,0,
synthetic,syn-nested_choice_chain-large-00,wfomc,solved,5460,5460,0.469870,,,synthetic;stratified;stratum=nested_choice_chain;family=nested_choice_chain;difficulty=large;domain=16;variant=0;seed=20260811;operatorcount=3;constraintcount=1;depth=3;set;choose;membership;dependent_configuration;outside_cola_fragment,problems/benchmarks/synthetic/manifest.json,False,0,1,
synthetic,syn-nested_choice_chain-large-04,wfomc,solved,40950,40950,0.471085,,,synthetic;stratified;stratum=nested_choice_chain;family=nested_choice_chain;difficulty=large;domain=16;variant=4;seed=20260811;operatorcount=3;constraintcount=1;depth=3;set;choose;membership;dependent_configuration;outside_cola_fragment,problems/benchmarks/synthetic/manifest.json,True,0,0,
synthetic,syn-nested_choice_chain-large-04,wfomc,solved,40950,40950,0.470432,,,synthetic;stratified;stratum=nested_choice_chain;family=nested_choice_chain;difficulty=large;domain=16;variant=4;seed=20260811;operatorcount=3;constraintcount=1;depth=3;set;choose;membership;dependent_configuration;outside_cola_fragment,problems/benchmarks/synthetic/manifest.json,False,0,1,
synthetic,syn-dependent_selected_subsets-large-00,wfomc,solved,2882880,2882880,0.496946,,,synthetic;stratified;stratum=dependent_selected_subsets;family=dependent_selected_subsets;difficulty=large;domain=16;variant=0;seed=20260811;operatorcount=3;constraintcount=1;depth=2;set;choose;disjoint;dependent_configuration;outside_cola_fragment,problems/benchmarks/synthetic/manifest.json,True,0,0,
synthetic,syn-dependent_selected_subsets-large-00,wfomc,solved,2882880,2882880,0.497466,,,synthetic;stratified;stratum=dependent_selected_subsets;family=dependent_selected_subsets;difficulty=large;domain=16;variant=0;seed=20260811;operatorcount=3;constraintcount=1;depth=2;set;choose;disjoint;dependent_configuration;outside_cola_fragment,problems/benchmarks/synthetic/manifest.json,False,0,1,
synthetic,syn-dependent_selected_subsets-large-04,wfomc,solved,1601600,1601600,0.496445,,,synthetic;stratified;stratum=dependent_selected_subsets;family=dependent_selected_subsets;difficulty=large;domain=16;variant=4;seed=20260811;operatorcount=3;constraintcount=1;depth=2;set;choose;disjoint;dependent_configuration;outside_cola_fragment,problems/benchmarks/synthetic/manifest.json,True,0,0,
synthetic,syn-dependent_selected_subsets-large-04,wfomc,solved,1601600,1601600,0.496471,,,synthetic;stratified;stratum=dependent_selected_subsets;family=dependent_selected_subsets;difficulty=large;domain=16;variant=4;seed=20260811;operatorcount=3;constraintcount=1;depth=2;set;choose;disjoint;dependent_configuration;outside_cola_fragment,problems/benchmarks/synthetic/manifest.json,False,0,1,
