suite,case_id,backend,status,result,expected,elapsed_sec,error_type,error_message,tags,source,lifted_bags,repetition,order,recheck_reason
real,0,wfomc,solved,3003,3003,0.360707,,,set;choose;benchmark,problems/real/corpus.json,False,0,0,
real,0,wfomc,solved,3003,3003,0.378287,,,set;choose;benchmark,problems/real/corpus.json,True,0,1,
real,4,wfomc,solved,6732,6732,1.105686,,,set;choose;not constraint;or constraint;benchmark,problems/real/corpus.json,False,0,0,
real,4,wfomc,solved,6732,6732,1.095910,,,set;choose;not constraint;or constraint;benchmark,problems/real/corpus.json,True,0,1,
real,11,wfomc,solved,28,28,0.462352,,,bag;composition;benchmark,problems/real/corpus.json,False,0,0,
real,11,wfomc,solved,28,28,0.457296,,,bag;composition;benchmark,problems/real/corpus.json,True,0,1,
real,15,wfomc,solved,729,729,0.416243,,,set;composition,problems/real/corpus.json,False,0,0,
real,15,wfomc,solved,729,729,0.410969,,,set;composition,problems/real/corpus.json,True,0,1,
real,21,wfomc,solved,15,15,0.459308,,,bag;choose_replace;benchmark,problems/real/corpus.json,False,0,0,
real,21,wfomc,solved,15,15,0.450102,,,bag;choose_replace;benchmark,problems/real/corpus.json,True,0,1,
real,25,wfomc,solved,72,72,0.476737,,,set;choose;multiple choosing,problems/real/corpus.json,False,0,0,
real,25,wfomc,solved,72,72,0.473950,,,set;choose;multiple choosing,problems/real/corpus.json,True,0,1,
real,29,wfomc,solved,720,720,0.495825,,,set;sequence;together;leq,problems/real/corpus.json,False,0,0,
real,29,wfomc,solved,720,720,0.502677,,,set;sequence;together;leq,problems/real/corpus.json,True,0,1,
real,34,wfomc,solved,3,3,0.441009,,,bag;sequence;pred;not constraint;benchmark,problems/real/corpus.json,False,0,0,
real,34,wfomc,solved,3,3,0.453306,,,bag;sequence;pred;not constraint;benchmark,problems/real/corpus.json,True,0,1,
real,40,wfomc,solved,560,560,0.509396,,,bag;choose_replace_permute;sequence;pred;count pred,problems/real/corpus.json,False,0,0,
real,40,wfomc,solved,560,560,0.511803,,,bag;choose_replace_permute;sequence;pred;count pred,problems/real/corpus.json,True,0,1,
real,44,wfomc,solved,672,672,0.411417,,,set;choose;intersection;size constraint,problems/real/corpus.json,False,0,0,
real,44,wfomc,solved,672,672,0.416358,,,set;choose;intersection;size constraint,problems/real/corpus.json,True,0,1,
real,49,wfomc,solved,12441600,12441600,0.670751,,,set;tuple,problems/real/corpus.json,False,0,0,
real,49,wfomc,solved,12441600,12441600,0.668422,,,set;tuple,problems/real/corpus.json,True,0,1,
real,57,wfomc,solved,25972650,25972650,0.468458,,,set;choose;multiple choosing,problems/real/corpus.json,False,0,0,
real,57,wfomc,solved,25972650,25972650,0.465607,,,set;choose;multiple choosing,problems/real/corpus.json,True,0,1,
real,61,wfomc,solved,5120,5120,0.461774,,,set;choose;multiple choosing,problems/real/corpus.json,False,0,0,
real,61,wfomc,solved,5120,5120,0.464074,,,set;choose;multiple choosing,problems/real/corpus.json,True,0,1,
real,66,wfomc,solved,750,750,0.523358,,,set;choose;multiple choosing,problems/real/corpus.json,False,0,0,
real,66,wfomc,solved,750,750,0.525672,,,set;choose;multiple choosing,problems/real/corpus.json,True,0,1,
real,71,wfomc,solved,12650,12650,0.367673,,,set;choose,problems/real/corpus.json,False,0,0,
real,71,wfomc,solved,12650,12650,0.421677,,,set;choose,problems/real/corpus.json,True,0,1,
real,75,wfomc,solved,6,6,0.940320,,,bag;tuple,problems/real/corpus.json,False,0,0,
real,75,wfomc,solved,6,6,0.952773,,,bag;tuple,problems/real/corpus.json,True,0,1,
real,81,wfomc,solved,840,840,0.832755,,,set;choose;intersection;size constraint,problems/real/corpus.json,False,0,0,
real,81,wfomc,solved,840,840,0.819375,,,set;choose;intersection;size constraint,problems/real/corpus.json,True,0,1,
real,86,wfomc,solved,10,10,0.875455,,,bag;tuple;index;compare element;not constraint,problems/real/corpus.json,False,0,0,
real,86,wfomc,solved,10,10,0.875994,,,bag;tuple;index;compare element;not constraint,problems/real/corpus.json,True,0,1,
real,93,wfomc,solved,5,5,0.751866,,,bag;choose;size constraint,problems/real/corpus.json,False,0,0,
real,93,wfomc,solved,5,5,0.777766,,,bag;choose;size constraint,problems/real/corpus.json,True,0,1,
real,97,wfomc,solved,16,16,0.332036,,,set;choose;in,problems/real/corpus.json,False,0,0,
real,97,wfomc,solved,16,16,0.340984,,,set;choose;in,problems/real/corpus.json,True,0,1,
real,101,wfomc,solved,5,5,0.421788,,,bag;composition,problems/real/corpus.json,False,0,0,
real,101,wfomc,solved,5,5,0.425845,,,bag;composition,problems/real/corpus.json,True,0,1,
real,105,wfomc,solved,720,720,0.407637,,,set;tuple,problems/real/corpus.json,False,0,0,
real,105,wfomc,solved,720,720,0.404442,,,set;tuple,problems/real/corpus.json,True,0,1,
real,109,wfomc,solved,140,140,0.873126,,,set;choose;multiple choosing;not constraint,problems/real/corpus.json,False,0,0,
real,109,wfomc,solved,140,140,0.879364,,,set;choose;multiple choosing;not constraint,problems/real/corpus.json,True,0,1,
real,114,wfomc,solved,21,21,0.361480,,,set;choose,problems/real/corpus.json,False,0,0,
real,114,wfomc,solved,21,21,0.366044,,,set;choose,problems/real/corpus.json,True,0,1,
real,119,wfomc,solved,30,30,0.444095,,,set;choose;multiple choosing,problems/real/corpus.json,False,0,0,
real,119,wfomc,solved,30,30,0.442802,,,set;choose;multiple choosing,problems/real/corpus.json,True,0,1,
real,125,wfomc,solved,100000,100000,0.373178,,,set;choose_replace_permute,problems/real/corpus.json,False,0,0,
real,125,wfomc,solved,100000,100000,0.379793,,,set;choose_replace_permute,problems/real/corpus.json,True,0,1,
real,129,wfomc,solved,36,36,0.561663,,,bag;composition,problems/real/corpus.json,False,0,0,
real,129,wfomc,solved,36,36,0.567065,,,bag;composition,problems/real/corpus.json,True,0,1,
real,133,wfomc,solved,880,880,0.372919,,,set;choose_replace_permute;sequence;count pred,problems/real/corpus.json,False,0,0,
real,133,wfomc,solved,880,880,0.367527,,,set;choose_replace_permute;sequence;count pred,problems/real/corpus.json,True,0,1,
real,138,wfomc,solved,7000,7000,0.523533,,,set;choose;multiple choosing,problems/real/corpus.json,False,0,0,
real,138,wfomc,solved,7000,7000,0.524008,,,set;choose;multiple choosing,problems/real/corpus.json,True,0,1,
real,143,wfomc,solved,10,10,0.807718,,,bag;composition;none_empty,problems/real/corpus.json,False,0,0,
real,143,wfomc,solved,10,10,0.806663,,,bag;composition;none_empty,problems/real/corpus.json,True,0,1,
real,147,wfomc,solved,33800,33800,1.067936,,,set;choose_replace_permute;tuple;intersection;size constraint,problems/real/corpus.json,False,0,0,
real,147,wfomc,solved,33800,33800,1.141976,,,set;choose_replace_permute;tuple;intersection;size constraint,problems/real/corpus.json,True,0,1,
real,153,wfomc,solved,8,8,0.368325,,,set;partition,problems/real/corpus.json,False,0,0,
real,153,wfomc,solved,8,8,0.367146,,,set;partition,problems/real/corpus.json,True,0,1,
real,160,wfomc,solved,49,49,1.374401,,,set;choose;multiple choosing;subset;or constraint,problems/real/corpus.json,False,0,0,
real,160,wfomc,solved,49,49,1.383010,,,set;choose;multiple choosing;subset;or constraint,problems/real/corpus.json,True,0,1,
real,164,wfomc,solved,968,968,0.730128,,,set;composition;index;size constraint,problems/real/corpus.json,False,0,0,
real,164,wfomc,solved,968,968,0.728369,,,set;composition;index;size constraint,problems/real/corpus.json,True,0,1,
real,168,wfomc,solved,12,12,0.932443,,,set;choose;multiple choosing;tuple;difference;subset,problems/real/corpus.json,False,0,0,
real,168,wfomc,solved,12,12,0.932980,,,set;choose;multiple choosing;tuple;difference;subset,problems/real/corpus.json,True,0,1,
real,172,wfomc,solved,12441600,12441600,27.690769,,,set;sequence;together;timeout,problems/real/corpus.json,False,0,0,
real,172,wfomc,solved,12441600,12441600,28.136487,,,set;sequence;together;timeout,problems/real/corpus.json,True,0,1,
real,178,wfomc,solved,560,560,1.180707,,,bag;tuple,problems/real/corpus.json,False,0,0,
real,178,wfomc,solved,560,560,1.183664,,,bag;tuple,problems/real/corpus.json,True,0,1,
real,182,wfomc,solved,90,90,1.175661,,,bag;tuple,problems/real/corpus.json,False,0,0,
real,182,wfomc,solved,90,90,1.186585,,,bag;tuple,problems/real/corpus.json,True,0,1,
real,186,wfomc,solved,504,504,0.919813,,,set;choose;permute;tuple;index;in;compare element;or constraint;not constraint,problems/real/corpus.json,False,0,0,
real,186,wfomc,solved,504,504,0.915982,,,set;choose;permute;tuple;index;in;compare element;or constraint;not constraint,problems/real/corpus.json,True,0,1,
real,190,wfomc,solved,16,16,0.377663,,,set;partition,problems/real/corpus.json,False,0,0,
real,190,wfomc,solved,16,16,0.369913,,,set;partition,problems/real/corpus.json,True,0,1,
real,194,wfomc,solved,9,9,0.766592,,,set;choose;intersection;in;size constraint,problems/real/corpus.json,False,0,0,
real,194,wfomc,solved,9,9,0.771654,,,set;choose;intersection;in;size constraint,problems/real/corpus.json,True,0,1,
real,201,wfomc,solved,288,288,1.059632,,,set;choose;multiple choosing;intersection;size constraint,problems/real/corpus.json,False,0,0,
real,201,wfomc,solved,288,288,1.079026,,,set;choose;multiple choosing;intersection;size constraint,problems/real/corpus.json,True,0,1,
real,207,wfomc,solved,3110400,3110400,14.246145,,,set;sequence;together;timeout,problems/real/corpus.json,False,0,0,
real,207,wfomc,solved,3110400,3110400,14.345563,,,set;sequence;together;timeout,problems/real/corpus.json,True,0,1,
real,212,wfomc,solved,2250,2250,0.492081,,,set;choose;multiple choosing,problems/real/corpus.json,False,0,0,
real,212,wfomc,solved,2250,2250,0.490002,,,set;choose;multiple choosing,problems/real/corpus.json,True,0,1,
real,221,wfomc,solved,18,18,0.445085,,,set;tuple;not constraint;index;compare element,problems/real/corpus.json,False,0,0,
real,221,wfomc,solved,18,18,0.447128,,,set;tuple;not constraint;index;compare element,problems/real/corpus.json,True,0,1,
real,227,wfomc,solved,544,544,0.790439,,,set;choose;tuple;intersection;size constraint,problems/real/corpus.json,False,0,0,
real,227,wfomc,solved,544,544,0.795999,,,set;choose;tuple;intersection;size constraint,problems/real/corpus.json,True,0,1,
real,232,wfomc,solved,864000,864000,1.069881,,,set;choose;tuple;multiple choosing;index;in,problems/real/corpus.json,False,0,0,
real,232,wfomc,solved,864000,864000,1.068725,,,set;choose;tuple;multiple choosing;index;in,problems/real/corpus.json,True,0,1,
real,238,wfomc,solved,6,6,0.899254,,,bag;tuple,problems/real/corpus.json,False,0,0,
real,238,wfomc,solved,6,6,0.885384,,,bag;tuple,problems/real/corpus.json,True,0,1,
real,243,wfomc,solved,4896,4896,0.278300,,,set;sequence;count sequence,problems/real/corpus.json,False,0,0,
real,243,wfomc,solved,4896,4896,0.280571,,,set;sequence;count sequence,problems/real/corpus.json,True,0,1,
real,248,wfomc,solved,6960,6960,1.355513,,,set;choose;multiple choosing;subset;difference;not constraint;or constraint,problems/real/corpus.json,False,0,0,
real,248,wfomc,solved,6960,6960,1.390916,,,set;choose;multiple choosing;subset;difference;not constraint;or constraint,problems/real/corpus.json,True,0,1,
real,253,wfomc,solved,1120,1120,0.820021,,,set;choose;intersection;size constraint,problems/real/corpus.json,False,0,0,
real,253,wfomc,solved,1120,1120,0.832078,,,set;choose;intersection;size constraint,problems/real/corpus.json,True,0,1,
real,258,wfomc,solved,105,105,0.379110,,,set;choose,problems/real/corpus.json,False,0,0,
real,258,wfomc,solved,105,105,0.374223,,,set;choose,problems/real/corpus.json,True,0,1,
real,264,wfomc,solved,15,15,0.746478,,,set;choose;subset,problems/real/corpus.json,False,0,0,
real,264,wfomc,solved,15,15,0.751596,,,set;choose;subset,problems/real/corpus.json,True,0,1,
real,271,wfomc,solved,6,6,0.903523,,,bag;tuple,problems/real/corpus.json,False,0,0,
real,271,wfomc,solved,6,6,0.950378,,,bag;tuple,problems/real/corpus.json,True,0,1,
real,275,wfomc,solved,768,768,0.841803,,,set;choose;multiple choosing,problems/real/corpus.json,False,0,0,
real,275,wfomc,solved,768,768,0.830571,,,set;choose;multiple choosing,problems/real/corpus.json,True,0,1,
real,280,wfomc,solved,12,12,0.569973,,,set;choose_replace_permute;tuple;index;in,problems/real/corpus.json,False,0,0,
real,280,wfomc,solved,12,12,0.557400,,,set;choose_replace_permute;tuple;index;in,problems/real/corpus.json,True,0,1,
real,287,wfomc,solved,210,210,0.372766,,,set;choose,problems/real/corpus.json,False,0,0,
real,287,wfomc,solved,210,210,0.368901,,,set;choose,problems/real/corpus.json,True,0,1,
real,292,wfomc,solved,720,720,0.394013,,,set;sequence;together,problems/real/corpus.json,False,0,0,
real,292,wfomc,solved,720,720,0.392568,,,set;sequence;together,problems/real/corpus.json,True,0,1,
real,297,wfomc,solved,16,16,0.695037,,,set;choose;difference;multiple choosing,problems/real/corpus.json,False,0,0,
real,297,wfomc,solved,16,16,0.692992,,,set;choose;difference;multiple choosing,problems/real/corpus.json,True,0,1,
real,301,wfomc,solved,48,48,0.467212,,,set;tuple;composition,problems/real/corpus.json,False,0,0,
real,301,wfomc,solved,48,48,0.485215,,,set;tuple;composition,problems/real/corpus.json,True,0,1,
real,306,wfomc,solved,6840,6840,0.522413,,,set;choose;multiple choosing;difference,problems/real/corpus.json,False,0,0,
real,306,wfomc,solved,6840,6840,0.503935,,,set;choose;multiple choosing;difference,problems/real/corpus.json,True,0,1,
real,335,wfomc,solved,320,320,0.959772,,,set;choose_replace_permute;tuple;index;in;supp,problems/real/corpus.json,False,0,0,
real,335,wfomc,solved,320,320,0.953569,,,set;choose_replace_permute;tuple;index;in;supp,problems/real/corpus.json,True,0,1,
growing,mathcounts_010,wfomc,solved,100,100,0.860487,,,mathcounts;bag;choose;count;growing;family=mathcounts;domain=10,MATHCOUNTS bag choose,False,0,0,
growing,mathcounts_010,wfomc,solved,100,100,0.865890,,,mathcounts;bag;choose;count;growing;family=mathcounts;domain=10,MATHCOUNTS bag choose,True,0,1,
growing,mathcounts_030,wfomc,solved,13899,13899,0.872855,,,mathcounts;bag;choose;count;growing;family=mathcounts;domain=30,MATHCOUNTS bag choose,False,0,0,
growing,mathcounts_030,wfomc,solved,13899,13899,0.874299,,,mathcounts;bag;choose;count;growing;family=mathcounts;domain=30,MATHCOUNTS bag choose,True,0,1,
growing,mathcounts_050,wfomc,solved,129224,129224,0.885878,,,mathcounts;bag;choose;count;growing;family=mathcounts;domain=50,MATHCOUNTS bag choose,False,0,0,
growing,mathcounts_050,wfomc,solved,129224,129224,0.881335,,,mathcounts;bag;choose;count;growing;family=mathcounts;domain=50,MATHCOUNTS bag choose,True,0,1,
growing,mathcounts_070,wfomc,solved,514350,514350,0.893262,,,mathcounts;bag;choose;count;growing;family=mathcounts;domain=70,MATHCOUNTS bag choose,False,0,0,
growing,mathcounts_070,wfomc,solved,514350,514350,0.883988,,,mathcounts;bag;choose;count;growing;family=mathcounts;domain=70,MATHCOUNTS bag choose,True,0,1,
growing,mathcounts_090,wfomc,solved,1433789,1433789,0.899484,,,mathcounts;bag;choose;count;growing;family=mathcounts;domain=90,MATHCOUNTS bag choose,False,0,0,
growing,mathcounts_090,wfomc,solved,1433789,1433789,0.885745,,,mathcounts;bag;choose;count;growing;family=mathcounts;domain=90,MATHCOUNTS bag choose,True,0,1,
growing,fourletter_010,wfomc,solved,168,168,0.845614,,,fourletter;set;tuple;position;count;growing;family=fourletter;domain=10,four-letter arrangements,False,0,0,
growing,fourletter_010,wfomc,solved,168,168,0.830019,,,fourletter;set;tuple;position;count;growing;family=fourletter;domain=10,four-letter arrangements,True,0,1,
growing,fourletter_030,wfomc,solved,2268,2268,0.852744,,,fourletter;set;tuple;position;count;growing;family=fourletter;domain=30,four-letter arrangements,False,0,0,
growing,fourletter_030,wfomc,solved,2268,2268,0.855388,,,fourletter;set;tuple;position;count;growing;family=fourletter;domain=30,four-letter arrangements,True,0,1,
growing,fourletter_050,wfomc,solved,6768,6768,0.930832,,,fourletter;set;tuple;position;count;growing;family=fourletter;domain=50,four-letter arrangements,False,0,0,
growing,fourletter_050,wfomc,solved,6768,6768,0.914652,,,fourletter;set;tuple;position;count;growing;family=fourletter;domain=50,four-letter arrangements,True,0,1,
growing,fourletter_070,wfomc,solved,13668,13668,1.034444,,,fourletter;set;tuple;position;count;growing;family=fourletter;domain=70,four-letter arrangements,False,0,0,
growing,fourletter_070,wfomc,solved,13668,13668,1.053659,,,fourletter;set;tuple;position;count;growing;family=fourletter;domain=70,four-letter arrangements,True,0,1,
growing,fourletter_090,wfomc,solved,22968,22968,1.274140,,,fourletter;set;tuple;position;count;growing;family=fourletter;domain=90,four-letter arrangements,False,0,0,
growing,fourletter_090,wfomc,solved,22968,22968,1.264794,,,fourletter;set;tuple;position;count;growing;family=fourletter;domain=90,four-letter arrangements,True,0,1,
growing,tvs_010,wfomc,solved,56,56,0.770138,,,tvs;set;choose;count;growing;family=tvs;domain=10,defective TVs purchase,False,0,0,
growing,tvs_010,wfomc,solved,56,56,0.772976,,,tvs;set;choose;count;growing;family=tvs;domain=10,defective TVs purchase,True,0,1,
growing,tvs_030,wfomc,solved,46872,46872,0.790209,,,tvs;set;choose;count;growing;family=tvs;domain=30,defective TVs purchase,False,0,0,
growing,tvs_030,wfomc,solved,46872,46872,0.786936,,,tvs;set;choose;count;growing;family=tvs;domain=30,defective TVs purchase,True,0,1,
growing,tvs_050,wfomc,solved,731038,731038,0.775525,,,tvs;set;choose;count;growing;family=tvs;domain=50,defective TVs purchase,False,0,0,
growing,tvs_050,wfomc,solved,731038,731038,0.798723,,,tvs;set;choose;count;growing;family=tvs;domain=50,defective TVs purchase,True,0,1,
growing,tvs_070,wfomc,solved,4255304,4255304,0.770556,,,tvs;set;choose;count;growing;family=tvs;domain=70,defective TVs purchase,False,0,0,
growing,tvs_070,wfomc,solved,4255304,4255304,0.774944,,,tvs;set;choose;count;growing;family=tvs;domain=70,defective TVs purchase,True,0,1,
growing,tvs_090,wfomc,solved,15608670,15608670,0.777177,,,tvs;set;choose;count;growing;family=tvs;domain=90,defective TVs purchase,False,0,0,
growing,tvs_090,wfomc,solved,15608670,15608670,0.790914,,,tvs;set;choose;count;growing;family=tvs;domain=90,defective TVs purchase,True,0,1,
growing,workers_010,wfomc,solved,2520,2520,0.856960,,,workers;set;composition;index;size;growing;family=workers;domain=10,workers composition,False,0,0,
growing,workers_010,wfomc,solved,2520,2520,0.852206,,,workers;set;composition;index;size;growing;family=workers;domain=10,workers composition,True,0,1,
growing,workers_030,wfomc,solved,465817912560,465817912560,0.858999,,,workers;set;composition;index;size;growing;family=workers;domain=30,workers composition,False,0,0,
growing,workers_030,wfomc,solved,465817912560,465817912560,0.865143,,,workers;set;composition;index;size;growing;family=workers;domain=30,workers composition,True,0,1,
growing,workers_050,wfomc,solved,258253708687166392200,258253708687166392200,0.867799,,,workers;set;composition;index;size;growing;family=workers;domain=50,workers composition,False,0,0,
growing,workers_050,wfomc,solved,258253708687166392200,258253708687166392200,0.873127,,,workers;set;composition;index;size;growing;family=workers;domain=50,workers composition,True,0,1,
growing,workers_070,wfomc,solved,93614041459414381363854177600,93614041459414381363854177600,0.880285,,,workers;set;composition;index;size;growing;family=workers;domain=70,workers composition,False,0,0,
growing,workers_070,wfomc,solved,93614041459414381363854177600,93614041459414381363854177600,0.880828,,,workers;set;composition;index;size;growing;family=workers;domain=70,workers composition,True,0,1,
growing,workers_090,wfomc,solved,35806695484463943560955394491153934080,35806695484463943560955394491153934080,0.895536,,,workers;set;composition;index;size;growing;family=workers;domain=90,workers composition,False,0,0,
growing,workers_090,wfomc,solved,35806695484463943560955394491153934080,35806695484463943560955394491153934080,0.899037,,,workers;set;composition;index;size;growing;family=workers;domain=90,workers composition,True,0,1,
growing,banana_010,wfomc,solved,1260,1260,0.945030,,,banana;bag;tuple;growing;family=banana;domain=10,BANANA bag tuple,False,0,0,
growing,banana_010,wfomc,solved,1260,1260,1.045403,,,banana;bag;tuple;growing;family=banana;domain=10,BANANA bag tuple,True,0,1,
growing,banana_030,wfomc,solved,465817912560,465817912560,1.341448,,,banana;bag;tuple;growing;family=banana;domain=30,BANANA bag tuple,False,0,0,
growing,banana_030,wfomc,solved,465817912560,465817912560,1.344240,,,banana;bag;tuple;growing;family=banana;domain=30,BANANA bag tuple,True,0,1,
growing,banana_050,wfomc,solved,136722551657911619400,136722551657911619400,1.354508,,,banana;bag;tuple;growing;family=banana;domain=50,BANANA bag tuple,False,0,0,
growing,banana_050,wfomc,solved,136722551657911619400,136722551657911619400,1.349561,,,banana;bag;tuple;growing;family=banana;domain=50,BANANA bag tuple,True,0,1,
growing,banana_070,wfomc,solved,46807020729707190681927088800,46807020729707190681927088800,1.448343,,,banana;bag;tuple;growing;family=banana;domain=70,BANANA bag tuple,False,0,0,
growing,banana_070,wfomc,solved,46807020729707190681927088800,46807020729707190681927088800,1.558573,,,banana;bag;tuple;growing;family=banana;domain=70,BANANA bag tuple,True,0,1,
growing,banana_090,wfomc,solved,35806695484463943560955394491153934080,35806695484463943560955394491153934080,1.754290,,,banana;bag;tuple;growing;family=banana;domain=90,BANANA bag tuple,False,0,0,
growing,banana_090,wfomc,solved,35806695484463943560955394491153934080,35806695484463943560955394491153934080,1.783403,,,banana;bag;tuple;growing;family=banana;domain=90,BANANA bag tuple,True,0,1,
growing,nested_choice_010,wfomc,solved,840,840,0.523816,,,nested_choice;set;choose;dependent_configuration;outside_cola_fragment;growing;family=nested_choice;domain=10,choose a team and then its captain,False,0,0,
growing,nested_choice_010,wfomc,solved,840,840,0.488336,,,nested_choice;set;choose;dependent_configuration;outside_cola_fragment;growing;family=nested_choice;domain=10,choose a team and then its captain,True,0,1,
growing,nested_choice_030,wfomc,solved,109620,109620,0.496198,,,nested_choice;set;choose;dependent_configuration;outside_cola_fragment;growing;family=nested_choice;domain=30,choose a team and then its captain,False,0,0,
growing,nested_choice_030,wfomc,solved,109620,109620,0.493252,,,nested_choice;set;choose;dependent_configuration;outside_cola_fragment;growing;family=nested_choice;domain=30,choose a team and then its captain,True,0,1,
growing,nested_choice_050,wfomc,solved,921200,921200,0.496148,,,nested_choice;set;choose;dependent_configuration;outside_cola_fragment;growing;family=nested_choice;domain=50,choose a team and then its captain,False,0,0,
growing,nested_choice_050,wfomc,solved,921200,921200,0.485196,,,nested_choice;set;choose;dependent_configuration;outside_cola_fragment;growing;family=nested_choice;domain=50,choose a team and then its captain,True,0,1,
growing,nested_choice_070,wfomc,solved,3667580,3667580,0.485711,,,nested_choice;set;choose;dependent_configuration;outside_cola_fragment;growing;family=nested_choice;domain=70,choose a team and then its captain,False,0,0,
growing,nested_choice_070,wfomc,solved,3667580,3667580,0.469279,,,nested_choice;set;choose;dependent_configuration;outside_cola_fragment;growing;family=nested_choice;domain=70,choose a team and then its captain,True,0,1,
growing,nested_choice_090,wfomc,solved,10220760,10220760,0.478142,,,nested_choice;set;choose;dependent_configuration;outside_cola_fragment;growing;family=nested_choice;domain=90,choose a team and then its captain,False,0,0,
growing,nested_choice_090,wfomc,solved,10220760,10220760,0.474881,,,nested_choice;set;choose;dependent_configuration;outside_cola_fragment;growing;family=nested_choice;domain=90,choose a team and then its captain,True,0,1,
growing,selected_pairs_010,wfomc,solved,630,630,0.877390,,,selected_pairs;set;choose;partition;dependent_configuration;outside_cola_fragment;growing;family=selected_pairs;domain=10,choose four people and partition them into pairs,False,0,0,
growing,selected_pairs_010,wfomc,solved,630,630,0.878573,,,selected_pairs;set;choose;partition;dependent_configuration;outside_cola_fragment;growing;family=selected_pairs;domain=10,choose four people and partition them into pairs,True,0,1,
growing,selected_pairs_030,wfomc,solved,82215,82215,0.880032,,,selected_pairs;set;choose;partition;dependent_configuration;outside_cola_fragment;growing;family=selected_pairs;domain=30,choose four people and partition them into pairs,False,0,0,
growing,selected_pairs_030,wfomc,solved,82215,82215,0.881445,,,selected_pairs;set;choose;partition;dependent_configuration;outside_cola_fragment;growing;family=selected_pairs;domain=30,choose four people and partition them into pairs,True,0,1,
growing,selected_pairs_050,wfomc,solved,690900,690900,0.889074,,,selected_pairs;set;choose;partition;dependent_configuration;outside_cola_fragment;growing;family=selected_pairs;domain=50,choose four people and partition them into pairs,False,0,0,
growing,selected_pairs_050,wfomc,solved,690900,690900,0.874725,,,selected_pairs;set;choose;partition;dependent_configuration;outside_cola_fragment;growing;family=selected_pairs;domain=50,choose four people and partition them into pairs,True,0,1,
growing,selected_pairs_070,wfomc,solved,2750685,2750685,0.898819,,,selected_pairs;set;choose;partition;dependent_configuration;outside_cola_fragment;growing;family=selected_pairs;domain=70,choose four people and partition them into pairs,False,0,0,
growing,selected_pairs_070,wfomc,solved,2750685,2750685,0.899337,,,selected_pairs;set;choose;partition;dependent_configuration;outside_cola_fragment;growing;family=selected_pairs;domain=70,choose four people and partition them into pairs,True,0,1,
growing,selected_pairs_090,wfomc,solved,7665570,7665570,0.914083,,,selected_pairs;set;choose;partition;dependent_configuration;outside_cola_fragment;growing;family=selected_pairs;domain=90,choose four people and partition them into pairs,False,0,0,
growing,selected_pairs_090,wfomc,solved,7665570,7665570,0.911527,,,selected_pairs;set;choose;partition;dependent_configuration;outside_cola_fragment;growing;family=selected_pairs;domain=90,choose four people and partition them into pairs,True,0,1,
growing,selected_sequence_010,wfomc,solved,2688,2688,0.881391,,,selected_sequence;set;choose;sequence;adjacency;dependent_configuration;outside_cola_fragment;growing;family=selected_sequence;domain=10,"choose five items, order them, and keep two adjacent",False,0,0,
growing,selected_sequence_010,wfomc,solved,2688,2688,0.882232,,,selected_sequence;set;choose;sequence;adjacency;dependent_configuration;outside_cola_fragment;growing;family=selected_sequence;domain=10,"choose five items, order them, and keep two adjacent",True,0,1,
growing,selected_sequence_030,wfomc,solved,157248,157248,0.939768,,,selected_sequence;set;choose;sequence;adjacency;dependent_configuration;outside_cola_fragment;growing;family=selected_sequence;domain=30,"choose five items, order them, and keep two adjacent",False,0,0,
growing,selected_sequence_030,wfomc,solved,157248,157248,0.938136,,,selected_sequence;set;choose;sequence;adjacency;dependent_configuration;outside_cola_fragment;growing;family=selected_sequence;domain=30,"choose five items, order them, and keep two adjacent",True,0,1,
growing,selected_sequence_050,wfomc,solved,830208,830208,1.047283,,,selected_sequence;set;choose;sequence;adjacency;dependent_configuration;outside_cola_fragment;growing;family=selected_sequence;domain=50,"choose five items, order them, and keep two adjacent",False,0,0,
growing,selected_sequence_050,wfomc,solved,830208,830208,1.044860,,,selected_sequence;set;choose;sequence;adjacency;dependent_configuration;outside_cola_fragment;growing;family=selected_sequence;domain=50,"choose five items, order them, and keep two adjacent",True,0,1,
growing,selected_sequence_070,wfomc,solved,2405568,2405568,1.206903,,,selected_sequence;set;choose;sequence;adjacency;dependent_configuration;outside_cola_fragment;growing;family=selected_sequence;domain=70,"choose five items, order them, and keep two adjacent",False,0,0,
growing,selected_sequence_070,wfomc,solved,2405568,2405568,1.215345,,,selected_sequence;set;choose;sequence;adjacency;dependent_configuration;outside_cola_fragment;growing;family=selected_sequence;domain=70,"choose five items, order them, and keep two adjacent",True,0,1,
growing,selected_sequence_090,wfomc,solved,5267328,5267328,1.438922,,,selected_sequence;set;choose;sequence;adjacency;dependent_configuration;outside_cola_fragment;growing;family=selected_sequence;domain=90,"choose five items, order them, and keep two adjacent",False,0,0,
growing,selected_sequence_090,wfomc,solved,5267328,5267328,1.433838,,,selected_sequence;set;choose;sequence;adjacency;dependent_configuration;outside_cola_fragment;growing;family=selected_sequence;domain=90,"choose five items, order them, and keep two adjacent",True,0,1,
synthetic,syn-set_choice_intersection-small-01,wfomc,solved,24,24,0.874133,,,synthetic;stratified;stratum=set_choice_intersection;family=set_choice_intersection;difficulty=small;domain=8;variant=1;seed=20260811;operatorcount=1;constraintcount=1;depth=1;set;choose;intersection;size,problems/benchmarks/synthetic/manifest.json,False,0,0,
synthetic,syn-set_choice_intersection-small-01,wfomc,solved,24,24,0.861605,,,synthetic;stratified;stratum=set_choice_intersection;family=set_choice_intersection;difficulty=small;domain=8;variant=1;seed=20260811;operatorcount=1;constraintcount=1;depth=1;set;choose;intersection;size,problems/benchmarks/synthetic/manifest.json,True,0,1,
synthetic,syn-set_choice_intersection-small-05,wfomc,solved,3,3,0.850238,,,synthetic;stratified;stratum=set_choice_intersection;family=set_choice_intersection;difficulty=small;domain=8;variant=5;seed=20260811;operatorcount=1;constraintcount=1;depth=1;set;choose;intersection;size,problems/benchmarks/synthetic/manifest.json,False,0,0,
synthetic,syn-set_choice_intersection-small-05,wfomc,solved,3,3,0.859368,,,synthetic;stratified;stratum=set_choice_intersection;family=set_choice_intersection;difficulty=small;domain=8;variant=5;seed=20260811;operatorcount=1;constraintcount=1;depth=1;set;choose;intersection;size,problems/benchmarks/synthetic/manifest.json,True,0,1,
synthetic,syn-bag_choice_multiplicity-small-01,wfomc,solved,4,4,0.492229,,,synthetic;stratified;stratum=bag_choice_multiplicity;family=bag_choice_multiplicity;difficulty=small;domain=8;variant=1;seed=20260811;operatorcount=1;constraintcount=1;depth=1;bag;choose;count,problems/benchmarks/synthetic/manifest.json,False,0,0,
synthetic,syn-bag_choice_multiplicity-small-01,wfomc,solved,4,4,0.487095,,,synthetic;stratified;stratum=bag_choice_multiplicity;family=bag_choice_multiplicity;difficulty=small;domain=8;variant=1;seed=20260811;operatorcount=1;constraintcount=1;depth=1;bag;choose;count,problems/benchmarks/synthetic/manifest.json,True,0,1,
synthetic,syn-bag_choice_multiplicity-small-05,wfomc,solved,3,3,0.488991,,,synthetic;stratified;stratum=bag_choice_multiplicity;family=bag_choice_multiplicity;difficulty=small;domain=8;variant=5;seed=20260811;operatorcount=1;constraintcount=1;depth=1;bag;choose;count,problems/benchmarks/synthetic/manifest.json,False,0,0,
synthetic,syn-bag_choice_multiplicity-small-05,wfomc,solved,3,3,0.487550,,,synthetic;stratified;stratum=bag_choice_multiplicity;family=bag_choice_multiplicity;difficulty=small;domain=8;variant=5;seed=20260811;operatorcount=1;constraintcount=1;depth=1;bag;choose;count,problems/benchmarks/synthetic/manifest.json,True,0,1,
synthetic,syn-set_tuple_position_count-small-01,wfomc,solved,1200,1200,1.451262,,,synthetic;stratified;stratum=set_tuple_position_count;family=set_tuple_position_count;difficulty=small;domain=8;variant=1;seed=20260811;operatorcount=1;constraintcount=2;depth=1;set;tuple;position;count,problems/benchmarks/synthetic/manifest.json,False,0,0,
synthetic,syn-set_tuple_position_count-small-01,wfomc,solved,1200,1200,1.452343,,,synthetic;stratified;stratum=set_tuple_position_count;family=set_tuple_position_count;difficulty=small;domain=8;variant=1;seed=20260811;operatorcount=1;constraintcount=2;depth=1;set;tuple;position;count,problems/benchmarks/synthetic/manifest.json,True,0,1,
synthetic,syn-set_tuple_position_count-small-05,wfomc,solved,2160,2160,1.449212,,,synthetic;stratified;stratum=set_tuple_position_count;family=set_tuple_position_count;difficulty=small;domain=8;variant=5;seed=20260811;operatorcount=1;constraintcount=2;depth=1;set;tuple;position;count,problems/benchmarks/synthetic/manifest.json,False,0,0,
synthetic,syn-set_tuple_position_count-small-05,wfomc,solved,2160,2160,1.448270,,,synthetic;stratified;stratum=set_tuple_position_count;family=set_tuple_position_count;difficulty=small;domain=8;variant=5;seed=20260811;operatorcount=1;constraintcount=2;depth=1;set;tuple;position;count,problems/benchmarks/synthetic/manifest.json,True,0,1,
synthetic,syn-bag_tuple_multiplicity-small-01,wfomc,solved,1176,1176,2.182896,,,synthetic;stratified;stratum=bag_tuple_multiplicity;family=bag_tuple_multiplicity;difficulty=small;domain=8;variant=1;seed=20260811;operatorcount=2;constraintcount=1;depth=1;bag;tuple;set;choose;membership;decomposition,problems/benchmarks/synthetic/manifest.json,False,0,0,
synthetic,syn-bag_tuple_multiplicity-small-01,wfomc,solved,1176,1176,2.216649,,,synthetic;stratified;stratum=bag_tuple_multiplicity;family=bag_tuple_multiplicity;difficulty=small;domain=8;variant=1;seed=20260811;operatorcount=2;constraintcount=1;depth=1;bag;tuple;set;choose;membership;decomposition,problems/benchmarks/synthetic/manifest.json,True,0,1,
synthetic,syn-bag_tuple_multiplicity-small-05,wfomc,solved,6300,6300,1.392915,,,synthetic;stratified;stratum=bag_tuple_multiplicity;family=bag_tuple_multiplicity;difficulty=small;domain=8;variant=5;seed=20260811;operatorcount=2;constraintcount=1;depth=1;bag;tuple;set;choose;membership;decomposition,problems/benchmarks/synthetic/manifest.json,False,0,0,
synthetic,syn-bag_tuple_multiplicity-small-05,wfomc,solved,6300,6300,1.393751,,,synthetic;stratified;stratum=bag_tuple_multiplicity;family=bag_tuple_multiplicity;difficulty=small;domain=8;variant=5;seed=20260811;operatorcount=2;constraintcount=1;depth=1;bag;tuple;set;choose;membership;decomposition,problems/benchmarks/synthetic/manifest.json,True,0,1,
synthetic,syn-set_sequence_patterns-small-01,wfomc,solved,1260,1260,0.669586,,,synthetic;stratified;stratum=set_sequence_patterns;family=set_sequence_patterns;difficulty=small;domain=8;variant=1;seed=20260811;operatorcount=1;constraintcount=4;depth=1;set;sequence;adjacency;order,problems/benchmarks/synthetic/manifest.json,False,0,0,
synthetic,syn-set_sequence_patterns-small-01,wfomc,solved,1260,1260,0.667176,,,synthetic;stratified;stratum=set_sequence_patterns;family=set_sequence_patterns;difficulty=small;domain=8;variant=1;seed=20260811;operatorcount=1;constraintcount=4;depth=1;set;sequence;adjacency;order,problems/benchmarks/synthetic/manifest.json,True,0,1,
synthetic,syn-set_sequence_patterns-small-05,wfomc,solved,2520,2520,0.610090,,,synthetic;stratified;stratum=set_sequence_patterns;family=set_sequence_patterns;difficulty=small;domain=8;variant=5;seed=20260811;operatorcount=1;constraintcount=3;depth=1;set;sequence;adjacency;order,problems/benchmarks/synthetic/manifest.json,False,0,0,
synthetic,syn-set_sequence_patterns-small-05,wfomc,solved,2520,2520,0.601998,,,synthetic;stratified;stratum=set_sequence_patterns;family=set_sequence_patterns;difficulty=small;domain=8;variant=5;seed=20260811;operatorcount=1;constraintcount=3;depth=1;set;sequence;adjacency;order,problems/benchmarks/synthetic/manifest.json,True,0,1,
synthetic,syn-bag_sequence_adjacency-small-01,wfomc,solved,840,840,0.650805,,,synthetic;stratified;stratum=bag_sequence_adjacency;family=bag_sequence_adjacency;difficulty=small;domain=8;variant=1;seed=20260811;operatorcount=1;constraintcount=1;depth=1;bag;sequence;adjacency,problems/benchmarks/synthetic/manifest.json,False,0,0,
synthetic,syn-bag_sequence_adjacency-small-01,wfomc,solved,840,840,0.656009,,,synthetic;stratified;stratum=bag_sequence_adjacency;family=bag_sequence_adjacency;difficulty=small;domain=8;variant=1;seed=20260811;operatorcount=1;constraintcount=1;depth=1;bag;sequence;adjacency,problems/benchmarks/synthetic/manifest.json,True,0,1,
synthetic,syn-bag_sequence_adjacency-small-05,wfomc,solved,840,840,0.654067,,,synthetic;stratified;stratum=bag_sequence_adjacency;family=bag_sequence_adjacency;difficulty=small;domain=8;variant=5;seed=20260811;operatorcount=1;constraintcount=1;depth=1;bag;sequence;adjacency,problems/benchmarks/synthetic/manifest.json,False,0,0,
synthetic,syn-bag_sequence_adjacency-small-05,wfomc,solved,840,840,0.653038,,,synthetic;stratified;stratum=bag_sequence_adjacency;family=bag_sequence_adjacency;difficulty=small;domain=8;variant=5;seed=20260811;operatorcount=1;constraintcount=1;depth=1;bag;sequence;adjacency,problems/benchmarks/synthetic/manifest.json,True,0,1,
synthetic,syn-set_partition_min_size-small-01,wfomc,solved,1701,1701,0.984679,,,synthetic;stratified;stratum=set_partition_min_size;family=set_partition_min_size;difficulty=small;domain=8;variant=1;seed=20260811;operatorcount=1;constraintcount=1;depth=1;set;partition;size,problems/benchmarks/synthetic/manifest.json,False,0,0,
synthetic,syn-set_partition_min_size-small-01,wfomc,solved,1701,1701,0.982307,,,synthetic;stratified;stratum=set_partition_min_size;family=set_partition_min_size;difficulty=small;domain=8;variant=1;seed=20260811;operatorcount=1;constraintcount=1;depth=1;set;partition;size,problems/benchmarks/synthetic/manifest.json,True,0,1,
synthetic,syn-set_partition_min_size-small-05,wfomc,solved,490,490,0.875974,,,synthetic;stratified;stratum=set_partition_min_size;family=set_partition_min_size;difficulty=small;domain=8;variant=5;seed=20260811;operatorcount=1;constraintcount=1;depth=1;set;partition;size,problems/benchmarks/synthetic/manifest.json,False,0,0,
synthetic,syn-set_partition_min_size-small-05,wfomc,solved,490,490,0.897336,,,synthetic;stratified;stratum=set_partition_min_size;family=set_partition_min_size;difficulty=small;domain=8;variant=5;seed=20260811;operatorcount=1;constraintcount=1;depth=1;set;partition;size,problems/benchmarks/synthetic/manifest.json,True,0,1,
synthetic,syn-set_composition_sizes-small-01,wfomc,solved,8,8,0.872277,,,synthetic;stratified;stratum=set_composition_sizes;family=set_composition_sizes;difficulty=small;domain=8;variant=1;seed=20260811;operatorcount=1;constraintcount=2;depth=1;set;composition;size,problems/benchmarks/synthetic/manifest.json,False,0,0,
synthetic,syn-set_composition_sizes-small-01,wfomc,solved,8,8,0.871528,,,synthetic;stratified;stratum=set_composition_sizes;family=set_composition_sizes;difficulty=small;domain=8;variant=1;seed=20260811;operatorcount=1;constraintcount=2;depth=1;set;composition;size,problems/benchmarks/synthetic/manifest.json,True,0,1,
synthetic,syn-set_composition_sizes-small-05,wfomc,solved,1680,1680,1.091548,,,synthetic;stratified;stratum=set_composition_sizes;family=set_composition_sizes;difficulty=small;domain=8;variant=5;seed=20260811;operatorcount=1;constraintcount=4;depth=1;set;composition;size,problems/benchmarks/synthetic/manifest.json,False,0,0,
synthetic,syn-set_composition_sizes-small-05,wfomc,solved,1680,1680,1.093993,,,synthetic;stratified;stratum=set_composition_sizes;family=set_composition_sizes;difficulty=small;domain=8;variant=5;seed=20260811;operatorcount=1;constraintcount=4;depth=1;set;composition;size,problems/benchmarks/synthetic/manifest.json,True,0,1,
synthetic,syn-dependent_choice_disjoint-small-01,wfomc,solved,840,840,0.535104,,,synthetic;stratified;stratum=dependent_choice_disjoint;family=dependent_choice_disjoint;difficulty=small;domain=8;variant=1;seed=20260811;operatorcount=3;constraintcount=1;depth=2;set;choose;disjoint;dependent_configuration;outside_cola_fragment,problems/benchmarks/synthetic/manifest.json,False,0,0,
synthetic,syn-dependent_choice_disjoint-small-01,wfomc,solved,840,840,0.532418,,,synthetic;stratified;stratum=dependent_choice_disjoint;family=dependent_choice_disjoint;difficulty=small;domain=8;variant=1;seed=20260811;operatorcount=3;constraintcount=1;depth=2;set;choose;disjoint;dependent_configuration;outside_cola_fragment,problems/benchmarks/synthetic/manifest.json,True,0,1,
synthetic,syn-dependent_choice_disjoint-small-05,wfomc,solved,840,840,0.531696,,,synthetic;stratified;stratum=dependent_choice_disjoint;family=dependent_choice_disjoint;difficulty=small;domain=8;variant=5;seed=20260811;operatorcount=3;constraintcount=1;depth=2;set;choose;disjoint;dependent_configuration;outside_cola_fragment,problems/benchmarks/synthetic/manifest.json,False,0,0,
synthetic,syn-dependent_choice_disjoint-small-05,wfomc,solved,840,840,0.533672,,,synthetic;stratified;stratum=dependent_choice_disjoint;family=dependent_choice_disjoint;difficulty=small;domain=8;variant=5;seed=20260811;operatorcount=3;constraintcount=1;depth=2;set;choose;disjoint;dependent_configuration;outside_cola_fragment,problems/benchmarks/synthetic/manifest.json,True,0,1,
synthetic,syn-dependent_tuple_position_count-small-01,wfomc,solved,1200,1200,1.236660,,,synthetic;stratified;stratum=dependent_tuple_position_count;family=dependent_tuple_position_count;difficulty=small;domain=8;variant=1;seed=20260811;operatorcount=2;constraintcount=2;depth=2;set;choose;tuple;position;count;dependent_configuration;outside_cola_fragment,problems/benchmarks/synthetic/manifest.json,False,0,0,
synthetic,syn-dependent_tuple_position_count-small-01,wfomc,solved,1200,1200,1.238417,,,synthetic;stratified;stratum=dependent_tuple_position_count;family=dependent_tuple_position_count;difficulty=small;domain=8;variant=1;seed=20260811;operatorcount=2;constraintcount=2;depth=2;set;choose;tuple;position;count;dependent_configuration;outside_cola_fragment,problems/benchmarks/synthetic/manifest.json,True,0,1,
synthetic,syn-dependent_tuple_position_count-small-05,wfomc,solved,240,240,1.241563,,,synthetic;stratified;stratum=dependent_tuple_position_count;family=dependent_tuple_position_count;difficulty=small;domain=8;variant=5;seed=20260811;operatorcount=2;constraintcount=2;depth=2;set;choose;tuple;position;count;dependent_configuration;outside_cola_fragment,problems/benchmarks/synthetic/manifest.json,False,0,0,
synthetic,syn-dependent_tuple_position_count-small-05,wfomc,solved,240,240,1.242282,,,synthetic;stratified;stratum=dependent_tuple_position_count;family=dependent_tuple_position_count;difficulty=small;domain=8;variant=5;seed=20260811;operatorcount=2;constraintcount=2;depth=2;set;choose;tuple;position;count;dependent_configuration;outside_cola_fragment,problems/benchmarks/synthetic/manifest.json,True,0,1,
synthetic,syn-dependent_sequence_patterns-small-01,wfomc,solved,2880,2880,1.019760,,,synthetic;stratified;stratum=dependent_sequence_patterns;family=dependent_sequence_patterns;difficulty=small;domain=8;variant=1;seed=20260811;operatorcount=2;constraintcount=6;depth=2;set;choose;sequence;adjacency;order;dependent_configuration;outside_cola_fragment,problems/benchmarks/synthetic/manifest.json,False,0,0,
synthetic,syn-dependent_sequence_patterns-small-01,wfomc,solved,2880,2880,1.030756,,,synthetic;stratified;stratum=dependent_sequence_patterns;family=dependent_sequence_patterns;difficulty=small;domain=8;variant=1;seed=20260811;operatorcount=2;constraintcount=6;depth=2;set;choose;sequence;adjacency;order;dependent_configuration;outside_cola_fragment,problems/benchmarks/synthetic/manifest.json,True,0,1,
synthetic,syn-dependent_sequence_patterns-small-05,wfomc,solved,2880,2880,1.024519,,,synthetic;stratified;stratum=dependent_sequence_patterns;family=dependent_sequence_patterns;difficulty=small;domain=8;variant=5;seed=20260811;operatorcount=2;constraintcount=6;depth=2;set;choose;sequence;adjacency;order;dependent_configuration;outside_cola_fragment,problems/benchmarks/synthetic/manifest.json,False,0,0,
synthetic,syn-dependent_sequence_patterns-small-05,wfomc,solved,2880,2880,1.018191,,,synthetic;stratified;stratum=dependent_sequence_patterns;family=dependent_sequence_patterns;difficulty=small;domain=8;variant=5;seed=20260811;operatorcount=2;constraintcount=6;depth=2;set;choose;sequence;adjacency;order;dependent_configuration;outside_cola_fragment,problems/benchmarks/synthetic/manifest.json,True,0,1,
synthetic,syn-dependent_partition_min_size-small-01,wfomc,solved,840,840,0.871932,,,synthetic;stratified;stratum=dependent_partition_min_size;family=dependent_partition_min_size;difficulty=small;domain=8;variant=1;seed=20260811;operatorcount=2;constraintcount=1;depth=2;set;choose;partition;size;dependent_configuration;outside_cola_fragment,problems/benchmarks/synthetic/manifest.json,False,0,0,
synthetic,syn-dependent_partition_min_size-small-01,wfomc,solved,840,840,0.873027,,,synthetic;stratified;stratum=dependent_partition_min_size;family=dependent_partition_min_size;difficulty=small;domain=8;variant=1;seed=20260811;operatorcount=2;constraintcount=1;depth=2;set;choose;partition;size;dependent_configuration;outside_cola_fragment,problems/benchmarks/synthetic/manifest.json,True,0,1,
synthetic,syn-dependent_partition_min_size-small-05,wfomc,solved,868,868,0.874156,,,synthetic;stratified;stratum=dependent_partition_min_size;family=dependent_partition_min_size;difficulty=small;domain=8;variant=5;seed=20260811;operatorcount=2;constraintcount=1;depth=2;set;choose;partition;size;dependent_configuration;outside_cola_fragment,problems/benchmarks/synthetic/manifest.json,False,0,0,
synthetic,syn-dependent_partition_min_size-small-05,wfomc,solved,868,868,0.879608,,,synthetic;stratified;stratum=dependent_partition_min_size;family=dependent_partition_min_size;difficulty=small;domain=8;variant=5;seed=20260811;operatorcount=2;constraintcount=1;depth=2;set;choose;partition;size;dependent_configuration;outside_cola_fragment,problems/benchmarks/synthetic/manifest.json,True,0,1,
synthetic,syn-dependent_composition_sizes-small-01,wfomc,solved,1680,1680,1.014524,,,synthetic;stratified;stratum=dependent_composition_sizes;family=dependent_composition_sizes;difficulty=small;domain=8;variant=1;seed=20260811;operatorcount=2;constraintcount=3;depth=2;set;choose;composition;size;dependent_configuration;outside_cola_fragment,problems/benchmarks/synthetic/manifest.json,False,0,0,
synthetic,syn-dependent_composition_sizes-small-01,wfomc,solved,1680,1680,1.010358,,,synthetic;stratified;stratum=dependent_composition_sizes;family=dependent_composition_sizes;difficulty=small;domain=8;variant=1;seed=20260811;operatorcount=2;constraintcount=3;depth=2;set;choose;composition;size;dependent_configuration;outside_cola_fragment,problems/benchmarks/synthetic/manifest.json,True,0,1,
synthetic,syn-dependent_composition_sizes-small-05,wfomc,solved,420,420,0.914974,,,synthetic;stratified;stratum=dependent_composition_sizes;family=dependent_composition_sizes;difficulty=small;domain=8;variant=5;seed=20260811;operatorcount=2;constraintcount=2;depth=2;set;choose;composition;size;dependent_configuration;outside_cola_fragment,problems/benchmarks/synthetic/manifest.json,False,0,0,
synthetic,syn-dependent_composition_sizes-small-05,wfomc,solved,420,420,0.913061,,,synthetic;stratified;stratum=dependent_composition_sizes;family=dependent_composition_sizes;difficulty=small;domain=8;variant=5;seed=20260811;operatorcount=2;constraintcount=2;depth=2;set;choose;composition;size;dependent_configuration;outside_cola_fragment,problems/benchmarks/synthetic/manifest.json,True,0,1,
synthetic,syn-dependent_bag_tuple-small-01,wfomc,solved,3360,3360,1.473878,,,synthetic;stratified;stratum=dependent_bag_tuple;family=dependent_bag_tuple;difficulty=small;domain=8;variant=1;seed=20260811;operatorcount=3;constraintcount=1;depth=2;bag;choose;tuple;set;membership;decomposition;dependent_configuration;outside_cola_fragment,problems/benchmarks/synthetic/manifest.json,False,0,0,
synthetic,syn-dependent_bag_tuple-small-01,wfomc,solved,3360,3360,1.483208,,,synthetic;stratified;stratum=dependent_bag_tuple;family=dependent_bag_tuple;difficulty=small;domain=8;variant=1;seed=20260811;operatorcount=3;constraintcount=1;depth=2;bag;choose;tuple;set;membership;decomposition;dependent_configuration;outside_cola_fragment,problems/benchmarks/synthetic/manifest.json,True,0,1,
synthetic,syn-dependent_bag_tuple-small-05,wfomc,solved,2240,2240,1.486282,,,synthetic;stratified;stratum=dependent_bag_tuple;family=dependent_bag_tuple;difficulty=small;domain=8;variant=5;seed=20260811;operatorcount=3;constraintcount=1;depth=2;bag;choose;tuple;set;membership;decomposition;dependent_configuration;outside_cola_fragment,problems/benchmarks/synthetic/manifest.json,False,0,0,
synthetic,syn-dependent_bag_tuple-small-05,wfomc,solved,2240,2240,1.486829,,,synthetic;stratified;stratum=dependent_bag_tuple;family=dependent_bag_tuple;difficulty=small;domain=8;variant=5;seed=20260811;operatorcount=3;constraintcount=1;depth=2;bag;choose;tuple;set;membership;decomposition;dependent_configuration;outside_cola_fragment,problems/benchmarks/synthetic/manifest.json,True,0,1,
synthetic,syn-nested_choice_chain-small-01,wfomc,solved,630,630,0.509901,,,synthetic;stratified;stratum=nested_choice_chain;family=nested_choice_chain;difficulty=small;domain=8;variant=1;seed=20260811;operatorcount=3;constraintcount=1;depth=3;set;choose;membership;dependent_configuration;outside_cola_fragment,problems/benchmarks/synthetic/manifest.json,False,0,0,
synthetic,syn-nested_choice_chain-small-01,wfomc,solved,630,630,0.509768,,,synthetic;stratified;stratum=nested_choice_chain;family=nested_choice_chain;difficulty=small;domain=8;variant=1;seed=20260811;operatorcount=3;constraintcount=1;depth=3;set;choose;membership;dependent_configuration;outside_cola_fragment,problems/benchmarks/synthetic/manifest.json,True,0,1,
synthetic,syn-nested_choice_chain-small-05,wfomc,solved,735,735,0.507731,,,synthetic;stratified;stratum=nested_choice_chain;family=nested_choice_chain;difficulty=small;domain=8;variant=5;seed=20260811;operatorcount=3;constraintcount=1;depth=3;set;choose;membership;dependent_configuration;outside_cola_fragment,problems/benchmarks/synthetic/manifest.json,False,0,0,
synthetic,syn-nested_choice_chain-small-05,wfomc,solved,735,735,0.508173,,,synthetic;stratified;stratum=nested_choice_chain;family=nested_choice_chain;difficulty=small;domain=8;variant=5;seed=20260811;operatorcount=3;constraintcount=1;depth=3;set;choose;membership;dependent_configuration;outside_cola_fragment,problems/benchmarks/synthetic/manifest.json,True,0,1,
synthetic,syn-dependent_selected_subsets-small-01,wfomc,solved,1680,1680,0.537347,,,synthetic;stratified;stratum=dependent_selected_subsets;family=dependent_selected_subsets;difficulty=small;domain=8;variant=1;seed=20260811;operatorcount=3;constraintcount=1;depth=2;set;choose;disjoint;dependent_configuration;outside_cola_fragment,problems/benchmarks/synthetic/manifest.json,False,0,0,
synthetic,syn-dependent_selected_subsets-small-01,wfomc,solved,1680,1680,0.538924,,,synthetic;stratified;stratum=dependent_selected_subsets;family=dependent_selected_subsets;difficulty=small;domain=8;variant=1;seed=20260811;operatorcount=3;constraintcount=1;depth=2;set;choose;disjoint;dependent_configuration;outside_cola_fragment,problems/benchmarks/synthetic/manifest.json,True,0,1,
synthetic,syn-dependent_selected_subsets-small-05,wfomc,solved,840,840,0.535907,,,synthetic;stratified;stratum=dependent_selected_subsets;family=dependent_selected_subsets;difficulty=small;domain=8;variant=5;seed=20260811;operatorcount=3;constraintcount=1;depth=2;set;choose;disjoint;dependent_configuration;outside_cola_fragment,problems/benchmarks/synthetic/manifest.json,False,0,0,
synthetic,syn-dependent_selected_subsets-small-05,wfomc,solved,840,840,0.537005,,,synthetic;stratified;stratum=dependent_selected_subsets;family=dependent_selected_subsets;difficulty=small;domain=8;variant=5;seed=20260811;operatorcount=3;constraintcount=1;depth=2;set;choose;disjoint;dependent_configuration;outside_cola_fragment,problems/benchmarks/synthetic/manifest.json,True,0,1,
synthetic,syn-set_choice_intersection-medium-01,wfomc,solved,15,15,0.861183,,,synthetic;stratified;stratum=set_choice_intersection;family=set_choice_intersection;difficulty=medium;domain=12;variant=1;seed=20260811;operatorcount=1;constraintcount=1;depth=1;set;choose;intersection;size,problems/benchmarks/synthetic/manifest.json,False,0,0,
synthetic,syn-set_choice_intersection-medium-01,wfomc,solved,15,15,0.863649,,,synthetic;stratified;stratum=set_choice_intersection;family=set_choice_intersection;difficulty=medium;domain=12;variant=1;seed=20260811;operatorcount=1;constraintcount=1;depth=1;set;choose;intersection;size,problems/benchmarks/synthetic/manifest.json,True,0,1,
synthetic,syn-set_choice_intersection-medium-05,wfomc,solved,8,8,0.855720,,,synthetic;stratified;stratum=set_choice_intersection;family=set_choice_intersection;difficulty=medium;domain=12;variant=5;seed=20260811;operatorcount=1;constraintcount=1;depth=1;set;choose;intersection;size,problems/benchmarks/synthetic/manifest.json,False,0,0,
synthetic,syn-set_choice_intersection-medium-05,wfomc,solved,8,8,0.857763,,,synthetic;stratified;stratum=set_choice_intersection;family=set_choice_intersection;difficulty=medium;domain=12;variant=5;seed=20260811;operatorcount=1;constraintcount=1;depth=1;set;choose;intersection;size,problems/benchmarks/synthetic/manifest.json,True,0,1,
synthetic,syn-bag_choice_multiplicity-medium-01,wfomc,solved,252,252,0.490539,,,synthetic;stratified;stratum=bag_choice_multiplicity;family=bag_choice_multiplicity;difficulty=medium;domain=12;variant=1;seed=20260811;operatorcount=1;constraintcount=1;depth=1;bag;choose;count,problems/benchmarks/synthetic/manifest.json,False,0,0,
synthetic,syn-bag_choice_multiplicity-medium-01,wfomc,solved,252,252,0.496005,,,synthetic;stratified;stratum=bag_choice_multiplicity;family=bag_choice_multiplicity;difficulty=medium;domain=12;variant=1;seed=20260811;operatorcount=1;constraintcount=1;depth=1;bag;choose;count,problems/benchmarks/synthetic/manifest.json,True,0,1,
synthetic,syn-bag_choice_multiplicity-medium-05,wfomc,solved,56,56,0.490835,,,synthetic;stratified;stratum=bag_choice_multiplicity;family=bag_choice_multiplicity;difficulty=medium;domain=12;variant=5;seed=20260811;operatorcount=1;constraintcount=1;depth=1;bag;choose;count,problems/benchmarks/synthetic/manifest.json,False,0,0,
synthetic,syn-bag_choice_multiplicity-medium-05,wfomc,solved,56,56,0.494627,,,synthetic;stratified;stratum=bag_choice_multiplicity;family=bag_choice_multiplicity;difficulty=medium;domain=12;variant=5;seed=20260811;operatorcount=1;constraintcount=1;depth=1;bag;choose;count,problems/benchmarks/synthetic/manifest.json,True,0,1,
synthetic,syn-set_tuple_position_count-medium-01,wfomc,solved,120960,120960,1.471115,,,synthetic;stratified;stratum=set_tuple_position_count;family=set_tuple_position_count;difficulty=medium;domain=12;variant=1;seed=20260811;operatorcount=1;constraintcount=2;depth=1;set;tuple;position;count,problems/benchmarks/synthetic/manifest.json,False,0,0,
synthetic,syn-set_tuple_position_count-medium-01,wfomc,solved,120960,120960,1.470861,,,synthetic;stratified;stratum=set_tuple_position_count;family=set_tuple_position_count;difficulty=medium;domain=12;variant=1;seed=20260811;operatorcount=1;constraintcount=2;depth=1;set;tuple;position;count,problems/benchmarks/synthetic/manifest.json,True,0,1,
synthetic,syn-set_tuple_position_count-medium-05,wfomc,solved,252,252,1.462719,,,synthetic;stratified;stratum=set_tuple_position_count;family=set_tuple_position_count;difficulty=medium;domain=12;variant=5;seed=20260811;operatorcount=1;constraintcount=2;depth=1;set;tuple;position;count,problems/benchmarks/synthetic/manifest.json,False,0,0,
synthetic,syn-set_tuple_position_count-medium-05,wfomc,solved,252,252,1.459030,,,synthetic;stratified;stratum=set_tuple_position_count;family=set_tuple_position_count;difficulty=medium;domain=12;variant=5;seed=20260811;operatorcount=1;constraintcount=2;depth=1;set;tuple;position;count,problems/benchmarks/synthetic/manifest.json,True,0,1,
synthetic,syn-bag_tuple_multiplicity-medium-01,wfomc,solved,7920,7920,4.142701,,,synthetic;stratified;stratum=bag_tuple_multiplicity;family=bag_tuple_multiplicity;difficulty=medium;domain=12;variant=1;seed=20260811;operatorcount=2;constraintcount=1;depth=1;bag;tuple;set;choose;membership;decomposition,problems/benchmarks/synthetic/manifest.json,False,0,0,
synthetic,syn-bag_tuple_multiplicity-medium-01,wfomc,solved,7920,7920,4.181228,,,synthetic;stratified;stratum=bag_tuple_multiplicity;family=bag_tuple_multiplicity;difficulty=medium;domain=12;variant=1;seed=20260811;operatorcount=2;constraintcount=1;depth=1;bag;tuple;set;choose;membership;decomposition,problems/benchmarks/synthetic/manifest.json,True,0,1,
synthetic,syn-bag_tuple_multiplicity-medium-05,wfomc,solved,5940,5940,4.153795,,,synthetic;stratified;stratum=bag_tuple_multiplicity;family=bag_tuple_multiplicity;difficulty=medium;domain=12;variant=5;seed=20260811;operatorcount=2;constraintcount=1;depth=1;bag;tuple;set;choose;membership;decomposition,problems/benchmarks/synthetic/manifest.json,False,0,0,
synthetic,syn-bag_tuple_multiplicity-medium-05,wfomc,solved,5940,5940,4.176010,,,synthetic;stratified;stratum=bag_tuple_multiplicity;family=bag_tuple_multiplicity;difficulty=medium;domain=12;variant=5;seed=20260811;operatorcount=2;constraintcount=1;depth=1;bag;tuple;set;choose;membership;decomposition,problems/benchmarks/synthetic/manifest.json,True,0,1,
synthetic,syn-set_sequence_patterns-medium-01,wfomc,solved,9979200,9979200,0.835675,,,synthetic;stratified;stratum=set_sequence_patterns;family=set_sequence_patterns;difficulty=medium;domain=12;variant=1;seed=20260811;operatorcount=1;constraintcount=4;depth=1;set;sequence;adjacency;order,problems/benchmarks/synthetic/manifest.json,False,0,0,
synthetic,syn-set_sequence_patterns-medium-01,wfomc,solved,9979200,9979200,0.835474,,,synthetic;stratified;stratum=set_sequence_patterns;family=set_sequence_patterns;difficulty=medium;domain=12;variant=1;seed=20260811;operatorcount=1;constraintcount=4;depth=1;set;sequence;adjacency;order,problems/benchmarks/synthetic/manifest.json,True,0,1,
synthetic,syn-set_sequence_patterns-medium-05,wfomc,solved,19958400,19958400,0.624548,,,synthetic;stratified;stratum=set_sequence_patterns;family=set_sequence_patterns;difficulty=medium;domain=12;variant=5;seed=20260811;operatorcount=1;constraintcount=3;depth=1;set;sequence;adjacency;order,problems/benchmarks/synthetic/manifest.json,False,0,0,
synthetic,syn-set_sequence_patterns-medium-05,wfomc,solved,19958400,19958400,0.630330,,,synthetic;stratified;stratum=set_sequence_patterns;family=set_sequence_patterns;difficulty=medium;domain=12;variant=5;seed=20260811;operatorcount=1;constraintcount=3;depth=1;set;sequence;adjacency;order,problems/benchmarks/synthetic/manifest.json,True,0,1,
synthetic,syn-bag_sequence_adjacency-medium-01,wfomc,solved,7920,7920,1.483600,,,synthetic;stratified;stratum=bag_sequence_adjacency;family=bag_sequence_adjacency;difficulty=medium;domain=12;variant=1;seed=20260811;operatorcount=1;constraintcount=1;depth=1;bag;sequence;adjacency,problems/benchmarks/synthetic/manifest.json,False,0,0,
synthetic,syn-bag_sequence_adjacency-medium-01,wfomc,solved,7920,7920,1.474111,,,synthetic;stratified;stratum=bag_sequence_adjacency;family=bag_sequence_adjacency;difficulty=medium;domain=12;variant=1;seed=20260811;operatorcount=1;constraintcount=1;depth=1;bag;sequence;adjacency,problems/benchmarks/synthetic/manifest.json,True,0,1,
synthetic,syn-bag_sequence_adjacency-medium-05,wfomc,solved,7920,7920,1.485102,,,synthetic;stratified;stratum=bag_sequence_adjacency;family=bag_sequence_adjacency;difficulty=medium;domain=12;variant=5;seed=20260811;operatorcount=1;constraintcount=1;depth=1;bag;sequence;adjacency,problems/benchmarks/synthetic/manifest.json,False,0,0,
synthetic,syn-bag_sequence_adjacency-medium-05,wfomc,solved,7920,7920,1.477371,,,synthetic;stratified;stratum=bag_sequence_adjacency;family=bag_sequence_adjacency;difficulty=medium;domain=12;variant=5;seed=20260811;operatorcount=1;constraintcount=1;depth=1;bag;sequence;adjacency,problems/benchmarks/synthetic/manifest.json,True,0,1,
synthetic,syn-set_partition_min_size-medium-01,wfomc,solved,15400,15400,0.989872,,,synthetic;stratified;stratum=set_partition_min_size;family=set_partition_min_size;difficulty=medium;domain=12;variant=1;seed=20260811;operatorcount=1;constraintcount=1;depth=1;set;partition;size,problems/benchmarks/synthetic/manifest.json,False,0,0,
synthetic,syn-set_partition_min_size-medium-01,wfomc,solved,15400,15400,0.991402,,,synthetic;stratified;stratum=set_partition_min_size;family=set_partition_min_size;difficulty=medium;domain=12;variant=1;seed=20260811;operatorcount=1;constraintcount=1;depth=1;set;partition;size,problems/benchmarks/synthetic/manifest.json,True,0,1,
synthetic,syn-set_partition_min_size-medium-05,wfomc,solved,42735,42735,0.884452,,,synthetic;stratified;stratum=set_partition_min_size;family=set_partition_min_size;difficulty=medium;domain=12;variant=5;seed=20260811;operatorcount=1;constraintcount=1;depth=1;set;partition;size,problems/benchmarks/synthetic/manifest.json,False,0,0,
synthetic,syn-set_partition_min_size-medium-05,wfomc,solved,42735,42735,0.885909,,,synthetic;stratified;stratum=set_partition_min_size;family=set_partition_min_size;difficulty=medium;domain=12;variant=5;seed=20260811;operatorcount=1;constraintcount=1;depth=1;set;partition;size,problems/benchmarks/synthetic/manifest.json,True,0,1,
synthetic,syn-set_composition_sizes-medium-01,wfomc,solved,3960,3960,0.971101,,,synthetic;stratified;stratum=set_composition_sizes;family=set_composition_sizes;difficulty=medium;domain=12;variant=1;seed=20260811;operatorcount=1;constraintcount=3;depth=1;set;composition;size,problems/benchmarks/synthetic/manifest.json,False,0,0,
synthetic,syn-set_composition_sizes-medium-01,wfomc,solved,3960,3960,0.972569,,,synthetic;stratified;stratum=set_composition_sizes;family=set_composition_sizes;difficulty=medium;domain=12;variant=1;seed=20260811;operatorcount=1;constraintcount=3;depth=1;set;composition;size,problems/benchmarks/synthetic/manifest.json,True,0,1,
synthetic,syn-set_composition_sizes-medium-05,wfomc,solved,495,495,0.879367,,,synthetic;stratified;stratum=set_composition_sizes;family=set_composition_sizes;difficulty=medium;domain=12;variant=5;seed=20260811;operatorcount=1;constraintcount=2;depth=1;set;composition;size,problems/benchmarks/synthetic/manifest.json,False,0,0,
synthetic,syn-set_composition_sizes-medium-05,wfomc,solved,495,495,0.876234,,,synthetic;stratified;stratum=set_composition_sizes;family=set_composition_sizes;difficulty=medium;domain=12;variant=5;seed=20260811;operatorcount=1;constraintcount=2;depth=1;set;composition;size,problems/benchmarks/synthetic/manifest.json,True,0,1,
synthetic,syn-dependent_choice_disjoint-medium-01,wfomc,solved,5940,5940,0.543548,,,synthetic;stratified;stratum=dependent_choice_disjoint;family=dependent_choice_disjoint;difficulty=medium;domain=12;variant=1;seed=20260811;operatorcount=3;constraintcount=1;depth=2;set;choose;disjoint;dependent_configuration;outside_cola_fragment,problems/benchmarks/synthetic/manifest.json,False,0,0,
synthetic,syn-dependent_choice_disjoint-medium-01,wfomc,solved,5940,5940,0.540114,,,synthetic;stratified;stratum=dependent_choice_disjoint;family=dependent_choice_disjoint;difficulty=medium;domain=12;variant=1;seed=20260811;operatorcount=3;constraintcount=1;depth=2;set;choose;disjoint;dependent_configuration;outside_cola_fragment,problems/benchmarks/synthetic/manifest.json,True,0,1,
synthetic,syn-dependent_choice_disjoint-medium-05,wfomc,solved,33264,33264,0.538119,,,synthetic;stratified;stratum=dependent_choice_disjoint;family=dependent_choice_disjoint;difficulty=medium;domain=12;variant=5;seed=20260811;operatorcount=3;constraintcount=1;depth=2;set;choose;disjoint;dependent_configuration;outside_cola_fragment,problems/benchmarks/synthetic/manifest.json,False,0,0,
synthetic,syn-dependent_choice_disjoint-medium-05,wfomc,solved,33264,33264,0.537212,,,synthetic;stratified;stratum=dependent_choice_disjoint;family=dependent_choice_disjoint;difficulty=medium;domain=12;variant=5;seed=20260811;operatorcount=3;constraintcount=1;depth=2;set;choose;disjoint;dependent_configuration;outside_cola_fragment,problems/benchmarks/synthetic/manifest.json,True,0,1,
synthetic,syn-dependent_tuple_position_count-medium-01,wfomc,solved,864,864,1.254460,,,synthetic;stratified;stratum=dependent_tuple_position_count;family=dependent_tuple_position_count;difficulty=medium;domain=12;variant=1;seed=20260811;operatorcount=2;constraintcount=2;depth=2;set;choose;tuple;position;count;dependent_configuration;outside_cola_fragment,problems/benchmarks/synthetic/manifest.json,False,0,0,
synthetic,syn-dependent_tuple_position_count-medium-01,wfomc,solved,864,864,1.256903,,,synthetic;stratified;stratum=dependent_tuple_position_count;family=dependent_tuple_position_count;difficulty=medium;domain=12;variant=1;seed=20260811;operatorcount=2;constraintcount=2;depth=2;set;choose;tuple;position;count;dependent_configuration;outside_cola_fragment,problems/benchmarks/synthetic/manifest.json,True,0,1,
synthetic,syn-dependent_tuple_position_count-medium-05,wfomc,solved,705600,705600,1.283796,,,synthetic;stratified;stratum=dependent_tuple_position_count;family=dependent_tuple_position_count;difficulty=medium;domain=12;variant=5;seed=20260811;operatorcount=2;constraintcount=2;depth=2;set;choose;tuple;position;count;dependent_configuration;outside_cola_fragment,problems/benchmarks/synthetic/manifest.json,False,0,0,
synthetic,syn-dependent_tuple_position_count-medium-05,wfomc,solved,705600,705600,1.274951,,,synthetic;stratified;stratum=dependent_tuple_position_count;family=dependent_tuple_position_count;difficulty=medium;domain=12;variant=5;seed=20260811;operatorcount=2;constraintcount=2;depth=2;set;choose;tuple;position;count;dependent_configuration;outside_cola_fragment,problems/benchmarks/synthetic/manifest.json,True,0,1,
synthetic,syn-dependent_sequence_patterns-medium-01,wfomc,solved,2160,2160,1.130991,,,synthetic;stratified;stratum=dependent_sequence_patterns;family=dependent_sequence_patterns;difficulty=medium;domain=12;variant=1;seed=20260811;operatorcount=2;constraintcount=9;depth=2;set;choose;sequence;adjacency;order;dependent_configuration;outside_cola_fragment,problems/benchmarks/synthetic/manifest.json,False,0,0,
synthetic,syn-dependent_sequence_patterns-medium-01,wfomc,solved,2160,2160,1.133080,,,synthetic;stratified;stratum=dependent_sequence_patterns;family=dependent_sequence_patterns;difficulty=medium;domain=12;variant=1;seed=20260811;operatorcount=2;constraintcount=9;depth=2;set;choose;sequence;adjacency;order;dependent_configuration;outside_cola_fragment,problems/benchmarks/synthetic/manifest.json,True,0,1,
synthetic,syn-dependent_sequence_patterns-medium-05,wfomc,solved,40320,40320,1.022737,,,synthetic;stratified;stratum=dependent_sequence_patterns;family=dependent_sequence_patterns;difficulty=medium;domain=12;variant=5;seed=20260811;operatorcount=2;constraintcount=6;depth=2;set;choose;sequence;adjacency;order;dependent_configuration;outside_cola_fragment,problems/benchmarks/synthetic/manifest.json,False,0,0,
synthetic,syn-dependent_sequence_patterns-medium-05,wfomc,solved,40320,40320,1.012441,,,synthetic;stratified;stratum=dependent_sequence_patterns;family=dependent_sequence_patterns;difficulty=medium;domain=12;variant=5;seed=20260811;operatorcount=2;constraintcount=6;depth=2;set;choose;sequence;adjacency;order;dependent_configuration;outside_cola_fragment,problems/benchmarks/synthetic/manifest.json,True,0,1,
synthetic,syn-dependent_partition_min_size-medium-01,wfomc,solved,275220,275220,0.864885,,,synthetic;stratified;stratum=dependent_partition_min_size;family=dependent_partition_min_size;difficulty=medium;domain=12;variant=1;seed=20260811;operatorcount=2;constraintcount=1;depth=2;set;choose;partition;size;dependent_configuration;outside_cola_fragment,problems/benchmarks/synthetic/manifest.json,False,0,0,
synthetic,syn-dependent_partition_min_size-medium-01,wfomc,solved,275220,275220,0.880440,,,synthetic;stratified;stratum=dependent_partition_min_size;family=dependent_partition_min_size;difficulty=medium;domain=12;variant=1;seed=20260811;operatorcount=2;constraintcount=1;depth=2;set;choose;partition;size;dependent_configuration;outside_cola_fragment,problems/benchmarks/synthetic/manifest.json,True,0,1,
synthetic,syn-dependent_partition_min_size-medium-05,wfomc,solved,421960,421960,0.854270,,,synthetic;stratified;stratum=dependent_partition_min_size;family=dependent_partition_min_size;difficulty=medium;domain=12;variant=5;seed=20260811;operatorcount=2;constraintcount=1;depth=2;set;choose;partition;size;dependent_configuration;outside_cola_fragment,problems/benchmarks/synthetic/manifest.json,False,0,0,
synthetic,syn-dependent_partition_min_size-medium-05,wfomc,solved,421960,421960,0.853344,,,synthetic;stratified;stratum=dependent_partition_min_size;family=dependent_partition_min_size;difficulty=medium;domain=12;variant=5;seed=20260811;operatorcount=2;constraintcount=1;depth=2;set;choose;partition;size;dependent_configuration;outside_cola_fragment,problems/benchmarks/synthetic/manifest.json,True,0,1,
synthetic,syn-dependent_composition_sizes-medium-01,wfomc,solved,332640,332640,1.009684,,,synthetic;stratified;stratum=dependent_composition_sizes;family=dependent_composition_sizes;difficulty=medium;domain=12;variant=1;seed=20260811;operatorcount=2;constraintcount=4;depth=2;set;choose;composition;size;dependent_configuration;outside_cola_fragment,problems/benchmarks/synthetic/manifest.json,False,0,0,
synthetic,syn-dependent_composition_sizes-medium-01,wfomc,solved,332640,332640,1.008235,,,synthetic;stratified;stratum=dependent_composition_sizes;family=dependent_composition_sizes;difficulty=medium;domain=12;variant=1;seed=20260811;operatorcount=2;constraintcount=4;depth=2;set;choose;composition;size;dependent_configuration;outside_cola_fragment,problems/benchmarks/synthetic/manifest.json,True,0,1,
synthetic,syn-dependent_composition_sizes-medium-05,wfomc,solved,15840,15840,0.903608,,,synthetic;stratified;stratum=dependent_composition_sizes;family=dependent_composition_sizes;difficulty=medium;domain=12;variant=5;seed=20260811;operatorcount=2;constraintcount=3;depth=2;set;choose;composition;size;dependent_configuration;outside_cola_fragment,problems/benchmarks/synthetic/manifest.json,False,0,0,
synthetic,syn-dependent_composition_sizes-medium-05,wfomc,solved,15840,15840,0.891791,,,synthetic;stratified;stratum=dependent_composition_sizes;family=dependent_composition_sizes;difficulty=medium;domain=12;variant=5;seed=20260811;operatorcount=2;constraintcount=3;depth=2;set;choose;composition;size;dependent_configuration;outside_cola_fragment,problems/benchmarks/synthetic/manifest.json,True,0,1,
synthetic,syn-dependent_bag_tuple-medium-01,wfomc,solved,5940,5940,3.669779,,,synthetic;stratified;stratum=dependent_bag_tuple;family=dependent_bag_tuple;difficulty=medium;domain=12;variant=1;seed=20260811;operatorcount=3;constraintcount=1;depth=2;bag;choose;tuple;set;membership;decomposition;dependent_configuration;outside_cola_fragment,problems/benchmarks/synthetic/manifest.json,False,0,0,
synthetic,syn-dependent_bag_tuple-medium-01,wfomc,solved,5940,5940,3.657110,,,synthetic;stratified;stratum=dependent_bag_tuple;family=dependent_bag_tuple;difficulty=medium;domain=12;variant=1;seed=20260811;operatorcount=3;constraintcount=1;depth=2;bag;choose;tuple;set;membership;decomposition;dependent_configuration;outside_cola_fragment,problems/benchmarks/synthetic/manifest.json,True,0,1,
synthetic,syn-dependent_bag_tuple-medium-05,wfomc,solved,118800,118800,1.314386,,,synthetic;stratified;stratum=dependent_bag_tuple;family=dependent_bag_tuple;difficulty=medium;domain=12;variant=5;seed=20260811;operatorcount=3;constraintcount=1;depth=2;bag;choose;tuple;set;membership;decomposition;dependent_configuration;outside_cola_fragment,problems/benchmarks/synthetic/manifest.json,False,0,0,
synthetic,syn-dependent_bag_tuple-medium-05,wfomc,solved,118800,118800,1.322409,,,synthetic;stratified;stratum=dependent_bag_tuple;family=dependent_bag_tuple;difficulty=medium;domain=12;variant=5;seed=20260811;operatorcount=3;constraintcount=1;depth=2;bag;choose;tuple;set;membership;decomposition;dependent_configuration;outside_cola_fragment,problems/benchmarks/synthetic/manifest.json,True,0,1,
synthetic,syn-nested_choice_chain-medium-01,wfomc,solved,1980,1980,0.455730,,,synthetic;stratified;stratum=nested_choice_chain;family=nested_choice_chain;difficulty=medium;domain=12;variant=1;seed=20260811;operatorcount=3;constraintcount=1;depth=3;set;choose;membership;dependent_configuration;outside_cola_fragment,problems/benchmarks/synthetic/manifest.json,False,0,0,
synthetic,syn-nested_choice_chain-medium-01,wfomc,solved,1980,1980,0.455224,,,synthetic;stratified;stratum=nested_choice_chain;family=nested_choice_chain;difficulty=medium;domain=12;variant=1;seed=20260811;operatorcount=3;constraintcount=1;depth=3;set;choose;membership;dependent_configuration;outside_cola_fragment,problems/benchmarks/synthetic/manifest.json,True,0,1,
synthetic,syn-nested_choice_chain-medium-05,wfomc,solved,83160,83160,0.457875,,,synthetic;stratified;stratum=nested_choice_chain;family=nested_choice_chain;difficulty=medium;domain=12;variant=5;seed=20260811;operatorcount=3;constraintcount=1;depth=3;set;choose;membership;dependent_configuration;outside_cola_fragment,problems/benchmarks/synthetic/manifest.json,False,0,0,
synthetic,syn-nested_choice_chain-medium-05,wfomc,solved,83160,83160,0.456668,,,synthetic;stratified;stratum=nested_choice_chain;family=nested_choice_chain;difficulty=medium;domain=12;variant=5;seed=20260811;operatorcount=3;constraintcount=1;depth=3;set;choose;membership;dependent_configuration;outside_cola_fragment,problems/benchmarks/synthetic/manifest.json,True,0,1,
synthetic,syn-dependent_selected_subsets-medium-01,wfomc,solved,83160,83160,0.482448,,,synthetic;stratified;stratum=dependent_selected_subsets;family=dependent_selected_subsets;difficulty=medium;domain=12;variant=1;seed=20260811;operatorcount=3;constraintcount=1;depth=2;set;choose;disjoint;dependent_configuration;outside_cola_fragment,problems/benchmarks/synthetic/manifest.json,False,0,0,
synthetic,syn-dependent_selected_subsets-medium-01,wfomc,solved,83160,83160,0.481399,,,synthetic;stratified;stratum=dependent_selected_subsets;family=dependent_selected_subsets;difficulty=medium;domain=12;variant=1;seed=20260811;operatorcount=3;constraintcount=1;depth=2;set;choose;disjoint;dependent_configuration;outside_cola_fragment,problems/benchmarks/synthetic/manifest.json,True,0,1,
synthetic,syn-dependent_selected_subsets-medium-05,wfomc,solved,83160,83160,0.484652,,,synthetic;stratified;stratum=dependent_selected_subsets;family=dependent_selected_subsets;difficulty=medium;domain=12;variant=5;seed=20260811;operatorcount=3;constraintcount=1;depth=2;set;choose;disjoint;dependent_configuration;outside_cola_fragment,problems/benchmarks/synthetic/manifest.json,False,0,0,
synthetic,syn-dependent_selected_subsets-medium-05,wfomc,solved,83160,83160,0.482602,,,synthetic;stratified;stratum=dependent_selected_subsets;family=dependent_selected_subsets;difficulty=medium;domain=12;variant=5;seed=20260811;operatorcount=3;constraintcount=1;depth=2;set;choose;disjoint;dependent_configuration;outside_cola_fragment,problems/benchmarks/synthetic/manifest.json,True,0,1,
synthetic,syn-set_choice_intersection-large-01,wfomc,solved,784,784,0.773015,,,synthetic;stratified;stratum=set_choice_intersection;family=set_choice_intersection;difficulty=large;domain=16;variant=1;seed=20260811;operatorcount=1;constraintcount=1;depth=1;set;choose;intersection;size,problems/benchmarks/synthetic/manifest.json,False,0,0,
synthetic,syn-set_choice_intersection-large-01,wfomc,solved,784,784,0.767607,,,synthetic;stratified;stratum=set_choice_intersection;family=set_choice_intersection;difficulty=large;domain=16;variant=1;seed=20260811;operatorcount=1;constraintcount=1;depth=1;set;choose;intersection;size,problems/benchmarks/synthetic/manifest.json,True,0,1,
synthetic,syn-set_choice_intersection-large-05,wfomc,solved,550,550,0.770968,,,synthetic;stratified;stratum=set_choice_intersection;family=set_choice_intersection;difficulty=large;domain=16;variant=5;seed=20260811;operatorcount=1;constraintcount=1;depth=1;set;choose;intersection;size,problems/benchmarks/synthetic/manifest.json,False,0,0,
synthetic,syn-set_choice_intersection-large-05,wfomc,solved,550,550,0.772745,,,synthetic;stratified;stratum=set_choice_intersection;family=set_choice_intersection;difficulty=large;domain=16;variant=5;seed=20260811;operatorcount=1;constraintcount=1;depth=1;set;choose;intersection;size,problems/benchmarks/synthetic/manifest.json,True,0,1,
synthetic,syn-bag_choice_multiplicity-large-01,wfomc,solved,13,13,0.448970,,,synthetic;stratified;stratum=bag_choice_multiplicity;family=bag_choice_multiplicity;difficulty=large;domain=16;variant=1;seed=20260811;operatorcount=1;constraintcount=1;depth=1;bag;choose;count,problems/benchmarks/synthetic/manifest.json,False,0,0,
synthetic,syn-bag_choice_multiplicity-large-01,wfomc,solved,13,13,0.444951,,,synthetic;stratified;stratum=bag_choice_multiplicity;family=bag_choice_multiplicity;difficulty=large;domain=16;variant=1;seed=20260811;operatorcount=1;constraintcount=1;depth=1;bag;choose;count,problems/benchmarks/synthetic/manifest.json,True,0,1,
synthetic,syn-bag_choice_multiplicity-large-05,wfomc,solved,495,495,0.448207,,,synthetic;stratified;stratum=bag_choice_multiplicity;family=bag_choice_multiplicity;difficulty=large;domain=16;variant=5;seed=20260811;operatorcount=1;constraintcount=1;depth=1;bag;choose;count,problems/benchmarks/synthetic/manifest.json,False,0,0,
synthetic,syn-bag_choice_multiplicity-large-05,wfomc,solved,495,495,0.447353,,,synthetic;stratified;stratum=bag_choice_multiplicity;family=bag_choice_multiplicity;difficulty=large;domain=16;variant=5;seed=20260811;operatorcount=1;constraintcount=1;depth=1;bag;choose;count,problems/benchmarks/synthetic/manifest.json,True,0,1,
synthetic,syn-set_tuple_position_count-large-01,wfomc,solved,158400,158400,1.348323,,,synthetic;stratified;stratum=set_tuple_position_count;family=set_tuple_position_count;difficulty=large;domain=16;variant=1;seed=20260811;operatorcount=1;constraintcount=2;depth=1;set;tuple;position;count,problems/benchmarks/synthetic/manifest.json,False,0,0,
synthetic,syn-set_tuple_position_count-large-01,wfomc,solved,158400,158400,1.360760,,,synthetic;stratified;stratum=set_tuple_position_count;family=set_tuple_position_count;difficulty=large;domain=16;variant=1;seed=20260811;operatorcount=1;constraintcount=2;depth=1;set;tuple;position;count,problems/benchmarks/synthetic/manifest.json,True,0,1,
synthetic,syn-set_tuple_position_count-large-05,wfomc,solved,12096,12096,1.336552,,,synthetic;stratified;stratum=set_tuple_position_count;family=set_tuple_position_count;difficulty=large;domain=16;variant=5;seed=20260811;operatorcount=1;constraintcount=2;depth=1;set;tuple;position;count,problems/benchmarks/synthetic/manifest.json,False,0,0,
synthetic,syn-set_tuple_position_count-large-05,wfomc,solved,12096,12096,1.349126,,,synthetic;stratified;stratum=set_tuple_position_count;family=set_tuple_position_count;difficulty=large;domain=16;variant=5;seed=20260811;operatorcount=1;constraintcount=2;depth=1;set;tuple;position;count,problems/benchmarks/synthetic/manifest.json,True,0,1,
synthetic,syn-bag_tuple_multiplicity-large-01,wfomc,solved,6720,6720,6.695915,,,synthetic;stratified;stratum=bag_tuple_multiplicity;family=bag_tuple_multiplicity;difficulty=large;domain=16;variant=1;seed=20260811;operatorcount=2;constraintcount=1;depth=1;bag;tuple;set;choose;membership;decomposition,problems/benchmarks/synthetic/manifest.json,False,0,0,
synthetic,syn-bag_tuple_multiplicity-large-01,wfomc,solved,6720,6720,6.770187,,,synthetic;stratified;stratum=bag_tuple_multiplicity;family=bag_tuple_multiplicity;difficulty=large;domain=16;variant=1;seed=20260811;operatorcount=2;constraintcount=1;depth=1;bag;tuple;set;choose;membership;decomposition,problems/benchmarks/synthetic/manifest.json,True,0,1,
synthetic,syn-bag_tuple_multiplicity-large-05,wfomc,solved,109200,109200,6.748056,,,synthetic;stratified;stratum=bag_tuple_multiplicity;family=bag_tuple_multiplicity;difficulty=large;domain=16;variant=5;seed=20260811;operatorcount=2;constraintcount=1;depth=1;bag;tuple;set;choose;membership;decomposition,problems/benchmarks/synthetic/manifest.json,False,0,0,
synthetic,syn-bag_tuple_multiplicity-large-05,wfomc,solved,109200,109200,6.860330,,,synthetic;stratified;stratum=bag_tuple_multiplicity;family=bag_tuple_multiplicity;difficulty=large;domain=16;variant=5;seed=20260811;operatorcount=2;constraintcount=1;depth=1;bag;tuple;set;choose;membership;decomposition,problems/benchmarks/synthetic/manifest.json,True,0,1,
synthetic,syn-set_sequence_patterns-large-01,wfomc,solved,326918592000,326918592000,0.863231,,,synthetic;stratified;stratum=set_sequence_patterns;family=set_sequence_patterns;difficulty=large;domain=16;variant=1;seed=20260811;operatorcount=1;constraintcount=4;depth=1;set;sequence;adjacency;order,problems/benchmarks/synthetic/manifest.json,False,0,0,
synthetic,syn-set_sequence_patterns-large-01,wfomc,solved,326918592000,326918592000,0.854684,,,synthetic;stratified;stratum=set_sequence_patterns;family=set_sequence_patterns;difficulty=large;domain=16;variant=1;seed=20260811;operatorcount=1;constraintcount=4;depth=1;set;sequence;adjacency;order,problems/benchmarks/synthetic/manifest.json,True,0,1,
synthetic,syn-set_sequence_patterns-large-05,wfomc,solved,653837184000,653837184000,0.579015,,,synthetic;stratified;stratum=set_sequence_patterns;family=set_sequence_patterns;difficulty=large;domain=16;variant=5;seed=20260811;operatorcount=1;constraintcount=3;depth=1;set;sequence;adjacency;order,problems/benchmarks/synthetic/manifest.json,False,0,0,
synthetic,syn-set_sequence_patterns-large-05,wfomc,solved,653837184000,653837184000,0.577242,,,synthetic;stratified;stratum=set_sequence_patterns;family=set_sequence_patterns;difficulty=large;domain=16;variant=5;seed=20260811;operatorcount=1;constraintcount=3;depth=1;set;sequence;adjacency;order,problems/benchmarks/synthetic/manifest.json,True,0,1,
synthetic,syn-bag_sequence_adjacency-large-01,wfomc,solved,2162160,2162160,3.958869,,,synthetic;stratified;stratum=bag_sequence_adjacency;family=bag_sequence_adjacency;difficulty=large;domain=16;variant=1;seed=20260811;operatorcount=1;constraintcount=1;depth=1;bag;sequence;adjacency,problems/benchmarks/synthetic/manifest.json,False,0,0,
synthetic,syn-bag_sequence_adjacency-large-01,wfomc,solved,2162160,2162160,3.945783,,,synthetic;stratified;stratum=bag_sequence_adjacency;family=bag_sequence_adjacency;difficulty=large;domain=16;variant=1;seed=20260811;operatorcount=1;constraintcount=1;depth=1;bag;sequence;adjacency,problems/benchmarks/synthetic/manifest.json,True,0,1,
synthetic,syn-bag_sequence_adjacency-large-05,wfomc,solved,540540,540540,3.870563,,,synthetic;stratified;stratum=bag_sequence_adjacency;family=bag_sequence_adjacency;difficulty=large;domain=16;variant=5;seed=20260811;operatorcount=1;constraintcount=1;depth=1;bag;sequence;adjacency,problems/benchmarks/synthetic/manifest.json,False,0,0,
synthetic,syn-bag_sequence_adjacency-large-05,wfomc,solved,540540,540540,3.943841,,,synthetic;stratified;stratum=bag_sequence_adjacency;family=bag_sequence_adjacency;difficulty=large;domain=16;variant=5;seed=20260811;operatorcount=1;constraintcount=1;depth=1;bag;sequence;adjacency,problems/benchmarks/synthetic/manifest.json,True,0,1,
synthetic,syn-set_partition_min_size-large-01,wfomc,solved,17875,17875,0.737083,,,synthetic;stratified;stratum=set_partition_min_size;family=set_partition_min_size;difficulty=large;domain=16;variant=1;seed=20260811;operatorcount=1;constraintcount=1;depth=1;set;partition;size,problems/benchmarks/synthetic/manifest.json,False,0,0,
synthetic,syn-set_partition_min_size-large-01,wfomc,solved,17875,17875,0.740754,,,synthetic;stratified;stratum=set_partition_min_size;family=set_partition_min_size;difficulty=large;domain=16;variant=1;seed=20260811;operatorcount=1;constraintcount=1;depth=1;set;partition;size,problems/benchmarks/synthetic/manifest.json,True,0,1,
synthetic,syn-set_partition_min_size-large-05,wfomc,solved,30251,30251,0.735230,,,synthetic;stratified;stratum=set_partition_min_size;family=set_partition_min_size;difficulty=large;domain=16;variant=5;seed=20260811;operatorcount=1;constraintcount=1;depth=1;set;partition;size,problems/benchmarks/synthetic/manifest.json,False,0,0,
synthetic,syn-set_partition_min_size-large-05,wfomc,solved,30251,30251,0.738492,,,synthetic;stratified;stratum=set_partition_min_size;family=set_partition_min_size;difficulty=large;domain=16;variant=5;seed=20260811;operatorcount=1;constraintcount=1;depth=1;set;partition;size,problems/benchmarks/synthetic/manifest.json,True,0,1,
synthetic,syn-set_composition_sizes-large-01,wfomc,solved,400400,400400,0.881049,,,synthetic;stratified;stratum=set_composition_sizes;family=set_composition_sizes;difficulty=large;domain=16;variant=1;seed=20260811;operatorcount=1;constraintcount=3;depth=1;set;composition;size,problems/benchmarks/synthetic/manifest.json,False,0,0,
synthetic,syn-set_composition_sizes-large-01,wfomc,solved,400400,400400,0.887811,,,synthetic;stratified;stratum=set_composition_sizes;family=set_composition_sizes;difficulty=large;domain=16;variant=1;seed=20260811;operatorcount=1;constraintcount=3;depth=1;set;composition;size,problems/benchmarks/synthetic/manifest.json,True,0,1,
synthetic,syn-set_composition_sizes-large-05,wfomc,solved,21840,21840,0.999320,,,synthetic;stratified;stratum=set_composition_sizes;family=set_composition_sizes;difficulty=large;domain=16;variant=5;seed=20260811;operatorcount=1;constraintcount=4;depth=1;set;composition;size,problems/benchmarks/synthetic/manifest.json,False,0,0,
synthetic,syn-set_composition_sizes-large-05,wfomc,solved,21840,21840,1.001149,,,synthetic;stratified;stratum=set_composition_sizes;family=set_composition_sizes;difficulty=large;domain=16;variant=5;seed=20260811;operatorcount=1;constraintcount=4;depth=1;set;composition;size,problems/benchmarks/synthetic/manifest.json,True,0,1,
synthetic,syn-dependent_choice_disjoint-large-01,wfomc,solved,480480,480480,0.488785,,,synthetic;stratified;stratum=dependent_choice_disjoint;family=dependent_choice_disjoint;difficulty=large;domain=16;variant=1;seed=20260811;operatorcount=3;constraintcount=1;depth=2;set;choose;disjoint;dependent_configuration;outside_cola_fragment,problems/benchmarks/synthetic/manifest.json,False,0,0,
synthetic,syn-dependent_choice_disjoint-large-01,wfomc,solved,480480,480480,0.494418,,,synthetic;stratified;stratum=dependent_choice_disjoint;family=dependent_choice_disjoint;difficulty=large;domain=16;variant=1;seed=20260811;operatorcount=3;constraintcount=1;depth=2;set;choose;disjoint;dependent_configuration;outside_cola_fragment,problems/benchmarks/synthetic/manifest.json,True,0,1,
synthetic,syn-dependent_choice_disjoint-large-05,wfomc,solved,21840,21840,0.492463,,,synthetic;stratified;stratum=dependent_choice_disjoint;family=dependent_choice_disjoint;difficulty=large;domain=16;variant=5;seed=20260811;operatorcount=3;constraintcount=1;depth=2;set;choose;disjoint;dependent_configuration;outside_cola_fragment,problems/benchmarks/synthetic/manifest.json,False,0,0,
synthetic,syn-dependent_choice_disjoint-large-05,wfomc,solved,21840,21840,0.488720,,,synthetic;stratified;stratum=dependent_choice_disjoint;family=dependent_choice_disjoint;difficulty=large;domain=16;variant=5;seed=20260811;operatorcount=3;constraintcount=1;depth=2;set;choose;disjoint;dependent_configuration;outside_cola_fragment,problems/benchmarks/synthetic/manifest.json,True,0,1,
synthetic,syn-dependent_tuple_position_count-large-01,wfomc,solved,6350400,6350400,1.198885,,,synthetic;stratified;stratum=dependent_tuple_position_count;family=dependent_tuple_position_count;difficulty=large;domain=16;variant=1;seed=20260811;operatorcount=2;constraintcount=2;depth=2;set;choose;tuple;position;count;dependent_configuration;outside_cola_fragment,problems/benchmarks/synthetic/manifest.json,False,0,0,
synthetic,syn-dependent_tuple_position_count-large-01,wfomc,solved,6350400,6350400,1.202037,,,synthetic;stratified;stratum=dependent_tuple_position_count;family=dependent_tuple_position_count;difficulty=large;domain=16;variant=1;seed=20260811;operatorcount=2;constraintcount=2;depth=2;set;choose;tuple;position;count;dependent_configuration;outside_cola_fragment,problems/benchmarks/synthetic/manifest.json,True,0,1,
synthetic,syn-dependent_tuple_position_count-large-05,wfomc,solved,544320,544320,1.183303,,,synthetic;stratified;stratum=dependent_tuple_position_count;family=dependent_tuple_position_count;difficulty=large;domain=16;variant=5;seed=20260811;operatorcount=2;constraintcount=2;depth=2;set;choose;tuple;position;count;dependent_configuration;outside_cola_fragment,problems/benchmarks/synthetic/manifest.json,False,0,0,
synthetic,syn-dependent_tuple_position_count-large-05,wfomc,solved,544320,544320,1.187346,,,synthetic;stratified;stratum=dependent_tuple_position_count;family=dependent_tuple_position_count;difficulty=large;domain=16;variant=5;seed=20260811;operatorcount=2;constraintcount=2;depth=2;set;choose;tuple;position;count;dependent_configuration;outside_cola_fragment,problems/benchmarks/synthetic/manifest.json,True,0,1,
synthetic,syn-dependent_sequence_patterns-large-01,wfomc,solved,60,60,1.070177,,,synthetic;stratified;stratum=dependent_sequence_patterns;family=dependent_sequence_patterns;difficulty=large;domain=16;variant=1;seed=20260811;operatorcount=2;constraintcount=9;depth=2;set;choose;sequence;adjacency;order;dependent_configuration;outside_cola_fragment,problems/benchmarks/synthetic/manifest.json,False,0,0,
synthetic,syn-dependent_sequence_patterns-large-01,wfomc,solved,60,60,1.089764,,,synthetic;stratified;stratum=dependent_sequence_patterns;family=dependent_sequence_patterns;difficulty=large;domain=16;variant=1;seed=20260811;operatorcount=2;constraintcount=9;depth=2;set;choose;sequence;adjacency;order;dependent_configuration;outside_cola_fragment,problems/benchmarks/synthetic/manifest.json,True,0,1,
synthetic,syn-dependent_sequence_patterns-large-05,wfomc,solved,288,288,0.950416,,,synthetic;stratified;stratum=dependent_sequence_patterns;family=dependent_sequence_patterns;difficulty=large;domain=16;variant=5;seed=20260811;operatorcount=2;constraintcount=6;depth=2;set;choose;sequence;adjacency;order;dependent_configuration;outside_cola_fragment,problems/benchmarks/synthetic/manifest.json,False,0,0,
synthetic,syn-dependent_sequence_patterns-large-05,wfomc,solved,288,288,0.945899,,,synthetic;stratified;stratum=dependent_sequence_patterns;family=dependent_sequence_patterns;difficulty=large;domain=16;variant=5;seed=20260811;operatorcount=2;constraintcount=6;depth=2;set;choose;sequence;adjacency;order;dependent_configuration;outside_cola_fragment,problems/benchmarks/synthetic/manifest.json,True,0,1,
synthetic,syn-dependent_partition_min_size-large-01,wfomc,solved,43680,43680,0.786236,,,synthetic;stratified;stratum=dependent_partition_min_size;family=dependent_partition_min_size;difficulty=large;domain=16;variant=1;seed=20260811;operatorcount=2;constraintcount=1;depth=2;set;choose;partition;size;dependent_configuration;outside_cola_fragment,problems/benchmarks/synthetic/manifest.json,False,0,0,
synthetic,syn-dependent_partition_min_size-large-01,wfomc,solved,43680,43680,0.783312,,,synthetic;stratified;stratum=dependent_partition_min_size;family=dependent_partition_min_size;difficulty=large;domain=16;variant=1;seed=20260811;operatorcount=2;constraintcount=1;depth=2;set;choose;partition;size;dependent_configuration;outside_cola_fragment,problems/benchmarks/synthetic/manifest.json,True,0,1,
synthetic,syn-dependent_partition_min_size-large-05,wfomc,solved,1171170,1171170,0.779016,,,synthetic;stratified;stratum=dependent_partition_min_size;family=dependent_partition_min_size;difficulty=large;domain=16;variant=5;seed=20260811;operatorcount=2;constraintcount=1;depth=2;set;choose;partition;size;dependent_configuration;outside_cola_fragment,problems/benchmarks/synthetic/manifest.json,False,0,0,
synthetic,syn-dependent_partition_min_size-large-05,wfomc,solved,1171170,1171170,0.781390,,,synthetic;stratified;stratum=dependent_partition_min_size;family=dependent_partition_min_size;difficulty=large;domain=16;variant=5;seed=20260811;operatorcount=2;constraintcount=1;depth=2;set;choose;partition;size;dependent_configuration;outside_cola_fragment,problems/benchmarks/synthetic/manifest.json,True,0,1,
synthetic,syn-dependent_composition_sizes-large-01,wfomc,solved,605404800,605404800,1.255453,,,synthetic;stratified;stratum=dependent_composition_sizes;family=dependent_composition_sizes;difficulty=large;domain=16;variant=1;seed=20260811;operatorcount=2;constraintcount=5;depth=2;set;choose;composition;size;dependent_configuration;outside_cola_fragment,problems/benchmarks/synthetic/manifest.json,False,0,0,
synthetic,syn-dependent_composition_sizes-large-01,wfomc,solved,605404800,605404800,1.249083,,,synthetic;stratified;stratum=dependent_composition_sizes;family=dependent_composition_sizes;difficulty=large;domain=16;variant=1;seed=20260811;operatorcount=2;constraintcount=5;depth=2;set;choose;composition;size;dependent_configuration;outside_cola_fragment,problems/benchmarks/synthetic/manifest.json,True,0,1,
synthetic,syn-dependent_composition_sizes-large-05,wfomc,solved,43243200,43243200,1.263270,,,synthetic;stratified;stratum=dependent_composition_sizes;family=dependent_composition_sizes;difficulty=large;domain=16;variant=5;seed=20260811;operatorcount=2;constraintcount=5;depth=2;set;choose;composition;size;dependent_configuration;outside_cola_fragment,problems/benchmarks/synthetic/manifest.json,False,0,0,
synthetic,syn-dependent_composition_sizes-large-05,wfomc,solved,43243200,43243200,1.252196,,,synthetic;stratified;stratum=dependent_composition_sizes;family=dependent_composition_sizes;difficulty=large;domain=16;variant=5;seed=20260811;operatorcount=2;constraintcount=5;depth=2;set;choose;composition;size;dependent_configuration;outside_cola_fragment,problems/benchmarks/synthetic/manifest.json,True,0,1,
synthetic,syn-dependent_bag_tuple-large-01,wfomc,solved,764400,764400,6.684770,,,synthetic;stratified;stratum=dependent_bag_tuple;family=dependent_bag_tuple;difficulty=large;domain=16;variant=1;seed=20260811;operatorcount=3;constraintcount=1;depth=2;bag;choose;tuple;set;membership;decomposition;dependent_configuration;outside_cola_fragment,problems/benchmarks/synthetic/manifest.json,False,0,0,
synthetic,syn-dependent_bag_tuple-large-01,wfomc,solved,764400,764400,6.714631,,,synthetic;stratified;stratum=dependent_bag_tuple;family=dependent_bag_tuple;difficulty=large;domain=16;variant=1;seed=20260811;operatorcount=3;constraintcount=1;depth=2;bag;choose;tuple;set;membership;decomposition;dependent_configuration;outside_cola_fragment,problems/benchmarks/synthetic/manifest.json,True,0,1,
synthetic,syn-dependent_bag_tuple-large-05,wfomc,solved,288288,288288,6.755828,,,synthetic;stratified;stratum=dependent_bag_tuple;family=dependent_bag_tuple;difficulty=large;domain=16;variant=5;seed=20260811;operatorcount=3;constraintcount=1;depth=2;bag;choose;tuple;set;membership;decomposition;dependent_configuration;outside_cola_fragment,problems/benchmarks/synthetic/manifest.json,False,0,0,
synthetic,syn-dependent_bag_tuple-large-05,wfomc,solved,288288,288288,6.734060,,,synthetic;stratified;stratum=dependent_bag_tuple;family=dependent_bag_tuple;difficulty=large;domain=16;variant=5;seed=20260811;operatorcount=3;constraintcount=1;depth=2;bag;choose;tuple;set;membership;decomposition;dependent_configuration;outside_cola_fragment,problems/benchmarks/synthetic/manifest.json,True,0,1,
synthetic,syn-nested_choice_chain-large-01,wfomc,solved,360360,360360,0.452122,,,synthetic;stratified;stratum=nested_choice_chain;family=nested_choice_chain;difficulty=large;domain=16;variant=1;seed=20260811;operatorcount=3;constraintcount=1;depth=3;set;choose;membership;dependent_configuration;outside_cola_fragment,problems/benchmarks/synthetic/manifest.json,False,0,0,
synthetic,syn-nested_choice_chain-large-01,wfomc,solved,360360,360360,0.453963,,,synthetic;stratified;stratum=nested_choice_chain;family=nested_choice_chain;difficulty=large;domain=16;variant=1;seed=20260811;operatorcount=3;constraintcount=1;depth=3;set;choose;membership;dependent_configuration;outside_cola_fragment,problems/benchmarks/synthetic/manifest.json,True,0,1,
synthetic,syn-nested_choice_chain-large-05,wfomc,solved,1621620,1621620,0.454110,,,synthetic;stratified;stratum=nested_choice_chain;family=nested_choice_chain;difficulty=large;domain=16;variant=5;seed=20260811;operatorcount=3;constraintcount=1;depth=3;set;choose;membership;dependent_configuration;outside_cola_fragment,problems/benchmarks/synthetic/manifest.json,False,0,0,
synthetic,syn-nested_choice_chain-large-05,wfomc,solved,1621620,1621620,0.450921,,,synthetic;stratified;stratum=nested_choice_chain;family=nested_choice_chain;difficulty=large;domain=16;variant=5;seed=20260811;operatorcount=3;constraintcount=1;depth=3;set;choose;membership;dependent_configuration;outside_cola_fragment,problems/benchmarks/synthetic/manifest.json,True,0,1,
synthetic,syn-dependent_selected_subsets-large-01,wfomc,solved,240240,240240,0.482877,,,synthetic;stratified;stratum=dependent_selected_subsets;family=dependent_selected_subsets;difficulty=large;domain=16;variant=1;seed=20260811;operatorcount=3;constraintcount=1;depth=2;set;choose;disjoint;dependent_configuration;outside_cola_fragment,problems/benchmarks/synthetic/manifest.json,False,0,0,
synthetic,syn-dependent_selected_subsets-large-01,wfomc,solved,240240,240240,0.479072,,,synthetic;stratified;stratum=dependent_selected_subsets;family=dependent_selected_subsets;difficulty=large;domain=16;variant=1;seed=20260811;operatorcount=3;constraintcount=1;depth=2;set;choose;disjoint;dependent_configuration;outside_cola_fragment,problems/benchmarks/synthetic/manifest.json,True,0,1,
synthetic,syn-dependent_selected_subsets-large-05,wfomc,solved,2882880,2882880,0.476673,,,synthetic;stratified;stratum=dependent_selected_subsets;family=dependent_selected_subsets;difficulty=large;domain=16;variant=5;seed=20260811;operatorcount=3;constraintcount=1;depth=2;set;choose;disjoint;dependent_configuration;outside_cola_fragment,problems/benchmarks/synthetic/manifest.json,False,0,0,
synthetic,syn-dependent_selected_subsets-large-05,wfomc,solved,2882880,2882880,0.473796,,,synthetic;stratified;stratum=dependent_selected_subsets;family=dependent_selected_subsets;difficulty=large;domain=16;variant=5;seed=20260811;operatorcount=3;constraintcount=1;depth=2;set;choose;disjoint;dependent_configuration;outside_cola_fragment,problems/benchmarks/synthetic/manifest.json,True,0,1,
real,1,wfomc,solved,609,609,0.768435,,,set;choose_replace_permute;tuple;size constraint;intersection;benchmark,problems/real/corpus.json,True,0,0,
real,1,wfomc,solved,609,609,0.776903,,,set;choose_replace_permute;tuple;size constraint;intersection;benchmark,problems/real/corpus.json,False,0,1,
real,5,wfomc,solved,36,36,0.976399,,,set;choose;tuple;index;count;benchmark,problems/real/corpus.json,True,0,0,
real,5,wfomc,solved,36,36,0.979109,,,set;choose;tuple;index;count;benchmark,problems/real/corpus.json,False,0,1,
real,12,wfomc,solved,540,540,0.770818,,,set;composition;none_empty,problems/real/corpus.json,True,0,0,
real,12,wfomc,solved,540,540,0.769008,,,set;composition;none_empty,problems/real/corpus.json,False,0,1,
real,18,wfomc,solved,12,12,0.814188,,,set;choose;tuple;index;in,problems/real/corpus.json,True,0,0,
real,18,wfomc,solved,12,12,0.812796,,,set;choose;tuple;index;in,problems/real/corpus.json,False,0,1,
real,22,wfomc,solved,36,36,0.809117,,,set;choose;multiple choosing;size constraint;intersection,problems/real/corpus.json,True,0,0,
real,22,wfomc,solved,36,36,0.809473,,,set;choose;multiple choosing;size constraint;intersection,problems/real/corpus.json,False,0,1,
real,26,wfomc,solved,13,13,1.340443,,,set;choose;or constraint;subset;benchmark,problems/real/corpus.json,True,0,0,
real,26,wfomc,solved,13,13,1.350127,,,set;choose;or constraint;subset;benchmark,problems/real/corpus.json,False,0,1,
real,30,wfomc,solved,25200,25200,1.383223,,,set;choose;tuple;multiple choosing;difference,problems/real/corpus.json,True,0,0,
real,30,wfomc,solved,25200,25200,1.375169,,,set;choose;tuple;multiple choosing;difference,problems/real/corpus.json,False,0,1,
real,35,wfomc,solved,60,60,0.844230,,,bag;tuple;index;in,problems/real/corpus.json,True,0,0,
real,35,wfomc,solved,60,60,0.905931,,,bag;tuple;index;in,problems/real/corpus.json,False,0,1,
real,41,wfomc,solved,1386,1386,0.799451,,,set;choose;size constraint;intersection,problems/real/corpus.json,True,0,0,
real,41,wfomc,solved,1386,1386,0.830559,,,set;choose;size constraint;intersection,problems/real/corpus.json,False,0,1,
real,45,wfomc,solved,2880,2880,0.379652,,,set;sequence;together,problems/real/corpus.json,True,0,0,
real,45,wfomc,solved,2880,2880,0.382216,,,set;sequence;together,problems/real/corpus.json,False,0,1,
real,50,wfomc,solved,34650,34650,2.317936,,,bag;tuple,problems/real/corpus.json,True,0,0,
real,50,wfomc,solved,34650,34650,2.348678,,,bag;tuple,problems/real/corpus.json,False,0,1,
real,58,wfomc,solved,280,280,0.463724,,,set;choose;multiple choosing,problems/real/corpus.json,True,0,0,
real,58,wfomc,solved,280,280,0.459722,,,set;choose;multiple choosing,problems/real/corpus.json,False,0,1,
real,62,wfomc,solved,1920,1920,1.007277,,,set;choose;multiple choosing;choose_permute;tuple,problems/real/corpus.json,True,0,0,
real,62,wfomc,solved,1920,1920,1.023883,,,set;choose;multiple choosing;choose_permute;tuple,problems/real/corpus.json,False,0,1,
real,68,wfomc,solved,252,252,0.761303,,,set;choose;intersection;size constraint,problems/real/corpus.json,True,0,0,
real,68,wfomc,solved,252,252,0.758692,,,set;choose;intersection;size constraint,problems/real/corpus.json,False,0,1,
real,72,wfomc,solved,75075,75075,0.401843,,,set;choose;multiple choosing,problems/real/corpus.json,True,0,0,
real,72,wfomc,solved,75075,75075,0.398805,,,set;choose;multiple choosing,problems/real/corpus.json,False,0,1,
real,76,wfomc,solved,70,70,0.754626,,,set;partition;not constraint;subset;benchmark,problems/real/corpus.json,True,0,0,
real,76,wfomc,solved,70,70,0.753675,,,set;partition;not constraint;subset;benchmark,problems/real/corpus.json,False,0,1,
real,83,wfomc,solved,195,195,0.754242,,,set;choose;intersection;size constraint,problems/real/corpus.json,True,0,0,
real,83,wfomc,solved,195,195,0.759891,,,set;choose;intersection;size constraint,problems/real/corpus.json,False,0,1,
real,87,wfomc,solved,2838,2838,0.406387,,,set;choose;intersection;size constraint,problems/real/corpus.json,True,0,0,
real,87,wfomc,solved,2838,2838,0.409367,,,set;choose;intersection;size constraint,problems/real/corpus.json,False,0,1,
real,94,wfomc,solved,56,56,0.390001,,,set;choose;subset,problems/real/corpus.json,True,0,0,
real,94,wfomc,solved,56,56,0.386891,,,set;choose;subset,problems/real/corpus.json,False,0,1,
real,98,wfomc,solved,12,12,0.868478,,,set;tuple;index;compare element,problems/real/corpus.json,True,0,0,
real,98,wfomc,solved,12,12,0.869300,,,set;tuple;index;compare element,problems/real/corpus.json,False,0,1,
real,102,wfomc,solved,432,432,1.024070,,,set;sequence;together,problems/real/corpus.json,True,0,0,
real,102,wfomc,solved,432,432,0.992278,,,set;sequence;together,problems/real/corpus.json,False,0,1,
real,106,wfomc,solved,15,15,0.599668,,,bag;partition,problems/real/corpus.json,True,0,0,
real,106,wfomc,solved,15,15,0.595997,,,bag;partition,problems/real/corpus.json,False,0,1,
real,110,wfomc,solved,504,504,0.600806,,,set;choose;multiple choosing,problems/real/corpus.json,True,0,0,
real,110,wfomc,solved,504,504,0.600750,,,set;choose;multiple choosing,problems/real/corpus.json,False,0,1,
real,116,wfomc,solved,126,126,0.359666,,,set;choose,problems/real/corpus.json,True,0,0,
real,116,wfomc,solved,126,126,0.352983,,,set;choose,problems/real/corpus.json,False,0,1,
real,120,wfomc,solved,30860,30860,1.309602,,,tuple;unknown length,problems/real/corpus.json,True,0,0,
real,120,wfomc,solved,30860,30860,1.307765,,,tuple;unknown length,problems/real/corpus.json,False,0,1,
real,126,wfomc,solved,6,6,0.360112,,,set;choose,problems/real/corpus.json,True,0,0,
real,126,wfomc,solved,6,6,0.358125,,,set;choose,problems/real/corpus.json,False,0,1,
real,130,wfomc,solved,34560,34560,2.508204,,,set;sequence;together,problems/real/corpus.json,True,0,0,
real,130,wfomc,solved,34560,34560,2.497172,,,set;sequence;together,problems/real/corpus.json,False,0,1,
real,134,wfomc,solved,4320,4320,0.507507,,,set;tuple;index;in,problems/real/corpus.json,True,0,0,
real,134,wfomc,solved,4320,4320,0.506818,,,set;tuple;index;in,problems/real/corpus.json,False,0,1,
real,139,wfomc,solved,165,165,0.401686,,,set;choose;subset,problems/real/corpus.json,True,0,0,
real,139,wfomc,solved,165,165,0.402357,,,set;choose;subset,problems/real/corpus.json,False,0,1,
real,144,wfomc,solved,15,15,0.493109,,,set;partition,problems/real/corpus.json,True,0,0,
real,144,wfomc,solved,15,15,0.501544,,,set;partition,problems/real/corpus.json,False,0,1,
real,148,wfomc,solved,29700,29700,1.045825,,,over partitioned sets,problems/real/corpus.json,True,0,0,
real,148,wfomc,solved,29700,29700,1.041252,,,over partitioned sets,problems/real/corpus.json,False,0,1,
real,156,wfomc,solved,62,62,0.704229,,,set;composition;none_empty,problems/real/corpus.json,True,0,0,
real,156,wfomc,solved,62,62,0.706049,,,set;composition;none_empty,problems/real/corpus.json,False,0,1,
real,161,wfomc,solved,864,864,1.832605,,,set;composition;index;in,problems/real/corpus.json,True,0,0,
real,161,wfomc,solved,864,864,1.834962,,,set;composition;index;in,problems/real/corpus.json,False,0,1,
real,165,wfomc,solved,7,7,0.410279,,,bag;choose,problems/real/corpus.json,True,0,0,
real,165,wfomc,solved,7,7,0.414676,,,bag;choose,problems/real/corpus.json,False,0,1,
real,169,wfomc,solved,14,14,1.103044,,,bag;composition;partition,problems/real/corpus.json,True,0,0,
real,169,wfomc,solved,14,14,1.106036,,,bag;composition;partition,problems/real/corpus.json,False,0,1,
real,173,wfomc,solved,21,21,0.452123,,,bag;composition,problems/real/corpus.json,True,0,0,
real,173,wfomc,solved,21,21,0.447273,,,bag;composition,problems/real/corpus.json,False,0,1,
real,179,wfomc,solved,12,12,1.063867,,,set;choose;tuple;difference;index;in,problems/real/corpus.json,True,0,0,
real,179,wfomc,solved,12,12,1.073491,,,set;choose;tuple;difference;index;in,problems/real/corpus.json,False,0,1,
real,183,wfomc,solved,200,200,0.945348,,,set;choose;tuple;intersection;difference;size constraint,problems/real/corpus.json,True,0,0,
real,183,wfomc,solved,200,200,0.954966,,,set;choose;tuple;intersection;difference;size constraint,problems/real/corpus.json,False,0,1,
real,187,wfomc,solved,990,990,0.756047,,,set;choose;intersection;size constraint,problems/real/corpus.json,True,0,0,
real,187,wfomc,solved,990,990,0.753478,,,set;choose;intersection;size constraint,problems/real/corpus.json,False,0,1,
real,191,wfomc,solved,36,36,0.991619,,,bag;multiplicity constraint;over partitioned sets,problems/real/corpus.json,True,0,0,
real,191,wfomc,solved,36,36,0.989660,,,bag;multiplicity constraint;over partitioned sets,problems/real/corpus.json,False,0,1,
real,196,wfomc,solved,200,200,0.487343,,,set;choose_replace_permute;not constraint;index;compare element;in,problems/real/corpus.json,True,0,0,
real,196,wfomc,solved,200,200,0.498916,,,set;choose_replace_permute;not constraint;index;compare element;in,problems/real/corpus.json,False,0,1,
real,202,wfomc,solved,5,5,0.528797,,,bag;partition,problems/real/corpus.json,True,0,0,
real,202,wfomc,solved,5,5,0.539039,,,bag;partition,problems/real/corpus.json,False,0,1,
real,208,wfomc,solved,520,520,1.001965,,,set;tuple;index;in;counting quantifier,problems/real/corpus.json,True,0,0,
real,208,wfomc,solved,520,520,0.992670,,,set;tuple;index;in;counting quantifier,problems/real/corpus.json,False,0,1,
real,215,wfomc,solved,12600,12600,0.436692,,,set;choose;multiple choosing,problems/real/corpus.json,True,0,0,
real,215,wfomc,solved,12600,12600,0.433234,,,set;choose;multiple choosing,problems/real/corpus.json,False,0,1,
real,222,wfomc,solved,111,111,0.612686,,,set;choose;multiple choosing;subset;not constraint,problems/real/corpus.json,True,0,0,
real,222,wfomc,solved,111,111,0.617015,,,set;choose;multiple choosing;subset;not constraint,problems/real/corpus.json,False,0,1,
real,229,wfomc,solved,5,5,3.665391,,,set;choose;multiple choosing;in;or constraint,problems/real/corpus.json,True,0,0,
real,229,wfomc,solved,5,5,3.663860,,,set;choose;multiple choosing;in;or constraint,problems/real/corpus.json,False,0,1,
real,233,wfomc,solved,360,360,0.414209,,,set;choose;multiple choosing,problems/real/corpus.json,True,0,0,
real,233,wfomc,solved,360,360,0.406154,,,set;choose;multiple choosing,problems/real/corpus.json,False,0,1,
real,239,wfomc,solved,10,10,0.455858,,,set;choose_replace;multiplicity constraint,problems/real/corpus.json,True,0,0,
real,239,wfomc,solved,10,10,0.456588,,,set;choose_replace;multiplicity constraint,problems/real/corpus.json,False,0,1,
real,244,wfomc,solved,480,480,0.700474,,,set;choose;multiple choosing;subset;not constraint,problems/real/corpus.json,True,0,0,
real,244,wfomc,solved,480,480,0.690308,,,set;choose;multiple choosing;subset;not constraint,problems/real/corpus.json,False,0,1,
real,249,wfomc,solved,14,14,0.495479,,,bag;partition,problems/real/corpus.json,True,0,0,
real,249,wfomc,solved,14,14,0.493870,,,bag;partition,problems/real/corpus.json,False,0,1,
real,254,wfomc,solved,36,36,0.937743,,,set;choose;multiple choosing;tuple;not constraint;subset;difference;in,problems/real/corpus.json,True,0,0,
real,254,wfomc,solved,36,36,0.938390,,,set;choose;multiple choosing;tuple;not constraint;subset;difference;in,problems/real/corpus.json,False,0,1,
real,259,wfomc,solved,432,432,0.828716,,,counting quantifier,problems/real/corpus.json,True,0,0,
real,259,wfomc,solved,432,432,0.856362,,,counting quantifier,problems/real/corpus.json,False,0,1,
real,265,wfomc,solved,384,384,0.653326,,,set;sequence;choose_replace_permute;not constraint;next_to,problems/real/corpus.json,True,0,0,
real,265,wfomc,solved,384,384,0.506801,,,set;sequence;choose_replace_permute;not constraint;next_to,problems/real/corpus.json,False,0,1,
real,265,wfomc,solved,384,384,0.519692,,,set;sequence;choose_replace_permute;not constraint;next_to,problems/real/corpus.json,False,1,0,slowdown
real,265,wfomc,solved,384,384,0.505978,,,set;sequence;choose_replace_permute;not constraint;next_to,problems/real/corpus.json,True,1,1,slowdown
real,265,wfomc,solved,384,384,0.506685,,,set;sequence;choose_replace_permute;not constraint;next_to,problems/real/corpus.json,True,2,0,slowdown
real,265,wfomc,solved,384,384,0.503030,,,set;sequence;choose_replace_permute;not constraint;next_to,problems/real/corpus.json,False,2,1,slowdown
real,265,wfomc,solved,384,384,0.511067,,,set;sequence;choose_replace_permute;not constraint;next_to,problems/real/corpus.json,False,3,0,slowdown
real,265,wfomc,solved,384,384,0.507148,,,set;sequence;choose_replace_permute;not constraint;next_to,problems/real/corpus.json,True,3,1,slowdown
real,272,wfomc,solved,5416,5416,0.850586,,,set;choose_replace_permute;tuple;or constraint;in,problems/real/corpus.json,True,0,0,
real,272,wfomc,solved,5416,5416,0.897322,,,set;choose_replace_permute;tuple;or constraint;in,problems/real/corpus.json,False,0,1,
real,277,wfomc,solved,100,100,0.890838,,,set;tuple;choose_replace_permute;index;not constraint;compare element,problems/real/corpus.json,True,0,0,
real,277,wfomc,solved,100,100,0.892664,,,set;tuple;choose_replace_permute;index;not constraint;compare element,problems/real/corpus.json,False,0,1,
real,281,wfomc,solved,75,75,0.972864,,,set;bag;choose;multiple choosing,problems/real/corpus.json,True,0,0,
real,281,wfomc,solved,75,75,0.969091,,,set;bag;choose;multiple choosing,problems/real/corpus.json,False,0,1,
real,288,wfomc,solved,210,210,0.415899,,,set;choose;multiple choosing,problems/real/corpus.json,True,0,0,
real,288,wfomc,solved,210,210,0.410571,,,set;choose;multiple choosing,problems/real/corpus.json,False,0,1,
real,294,wfomc,solved,14,14,0.424531,,,set;partition,problems/real/corpus.json,True,0,0,
real,294,wfomc,solved,14,14,0.421408,,,set;partition,problems/real/corpus.json,False,0,1,
real,298,wfomc,solved,45,45,0.361654,,,set;choose,problems/real/corpus.json,True,0,0,
real,298,wfomc,solved,45,45,0.366390,,,set;choose,problems/real/corpus.json,False,0,1,
real,302,wfomc,solved,16,16,0.357529,,,set;composition,problems/real/corpus.json,True,0,0,
real,302,wfomc,solved,16,16,0.356976,,,set;composition,problems/real/corpus.json,False,0,1,
real,307,wfomc,solved,192,192,0.496769,,,set;sequence;choose_replace_permute;pred;not constraint,problems/real/corpus.json,True,0,0,
real,307,wfomc,solved,192,192,0.488969,,,set;sequence;choose_replace_permute;pred;not constraint,problems/real/corpus.json,False,0,1,
real,371,wfomc,solved,26,26,13.080953,,,set;choose_replace_permute;tuple;multiplicity constraint;not constraint,problems/real/corpus.json,True,0,0,
real,371,wfomc,solved,26,26,12.924815,,,set;choose_replace_permute;tuple;multiplicity constraint;not constraint,problems/real/corpus.json,False,0,1,
growing,mathcounts_015,wfomc,solved,614,614,0.848529,,,mathcounts;bag;choose;count;growing;family=mathcounts;domain=15,MATHCOUNTS bag choose,True,0,0,
growing,mathcounts_015,wfomc,solved,614,614,0.857921,,,mathcounts;bag;choose;count;growing;family=mathcounts;domain=15,MATHCOUNTS bag choose,False,0,1,
growing,mathcounts_035,wfomc,solved,28809,28809,0.871908,,,mathcounts;bag;choose;count;growing;family=mathcounts;domain=35,MATHCOUNTS bag choose,True,0,0,
growing,mathcounts_035,wfomc,solved,28809,28809,0.866298,,,mathcounts;bag;choose;count;growing;family=mathcounts;domain=35,MATHCOUNTS bag choose,False,0,1,
growing,mathcounts_055,wfomc,solved,188650,188650,0.878818,,,mathcounts;bag;choose;count;growing;family=mathcounts;domain=55,MATHCOUNTS bag choose,True,0,0,
growing,mathcounts_055,wfomc,solved,188650,188650,0.905679,,,mathcounts;bag;choose;count;growing;family=mathcounts;domain=55,MATHCOUNTS bag choose,False,0,1,
growing,mathcounts_075,wfomc,solved,674804,674804,0.892101,,,mathcounts;bag;choose;count;growing;family=mathcounts;domain=75,MATHCOUNTS bag choose,True,0,0,
growing,mathcounts_075,wfomc,solved,674804,674804,0.890558,,,mathcounts;bag;choose;count;growing;family=mathcounts;domain=75,MATHCOUNTS bag choose,False,0,1,
growing,mathcounts_095,wfomc,solved,1830519,1830519,0.907695,,,mathcounts;bag;choose;count;growing;family=mathcounts;domain=95,MATHCOUNTS bag choose,True,0,0,
growing,mathcounts_095,wfomc,solved,1830519,1830519,0.896284,,,mathcounts;bag;choose;count;growing;family=mathcounts;domain=95,MATHCOUNTS bag choose,False,0,1,
growing,fourletter_015,wfomc,solved,468,468,0.827997,,,fourletter;set;tuple;position;count;growing;family=fourletter;domain=15,four-letter arrangements,True,0,0,
growing,fourletter_015,wfomc,solved,468,468,0.813677,,,fourletter;set;tuple;position;count;growing;family=fourletter;domain=15,four-letter arrangements,False,0,1,
growing,fourletter_035,wfomc,solved,3168,3168,0.862833,,,fourletter;set;tuple;position;count;growing;family=fourletter;domain=35,four-letter arrangements,True,0,0,
growing,fourletter_035,wfomc,solved,3168,3168,0.867898,,,fourletter;set;tuple;position;count;growing;family=fourletter;domain=35,four-letter arrangements,False,0,1,
growing,fourletter_055,wfomc,solved,8268,8268,0.939932,,,fourletter;set;tuple;position;count;growing;family=fourletter;domain=55,four-letter arrangements,True,0,0,
growing,fourletter_055,wfomc,solved,8268,8268,0.938611,,,fourletter;set;tuple;position;count;growing;family=fourletter;domain=55,four-letter arrangements,False,0,1,
growing,fourletter_075,wfomc,solved,15768,15768,1.078256,,,fourletter;set;tuple;position;count;growing;family=fourletter;domain=75,four-letter arrangements,True,0,0,
growing,fourletter_075,wfomc,solved,15768,15768,1.078523,,,fourletter;set;tuple;position;count;growing;family=fourletter;domain=75,four-letter arrangements,False,0,1,
growing,fourletter_095,wfomc,solved,25668,25668,1.365428,,,fourletter;set;tuple;position;count;growing;family=fourletter;domain=95,four-letter arrangements,True,0,0,
growing,fourletter_095,wfomc,solved,25668,25668,1.364227,,,fourletter;set;tuple;position;count;growing;family=fourletter;domain=95,four-letter arrangements,False,0,1,
growing,tvs_015,wfomc,solved,726,726,0.766754,,,tvs;set;choose;count;growing;family=tvs;domain=15,defective TVs purchase,True,0,0,
growing,tvs_015,wfomc,solved,726,726,0.772592,,,tvs;set;choose;count;growing;family=tvs;domain=15,defective TVs purchase,False,0,1,
growing,tvs_035,wfomc,solved,103502,103502,0.777479,,,tvs;set;choose;count;growing;family=tvs;domain=35,defective TVs purchase,True,0,0,
growing,tvs_035,wfomc,solved,103502,103502,0.779563,,,tvs;set;choose;count;growing;family=tvs;domain=35,defective TVs purchase,False,0,1,
growing,tvs_055,wfomc,solved,1173003,1173003,0.778573,,,tvs;set;choose;count;growing;family=tvs;domain=55,defective TVs purchase,True,0,0,
growing,tvs_055,wfomc,solved,1173003,1173003,0.794231,,,tvs;set;choose;count;growing;family=tvs;domain=55,defective TVs purchase,False,0,1,
growing,tvs_075,wfomc,solved,5962104,5962104,0.824479,,,tvs;set;choose;count;growing;family=tvs;domain=75,defective TVs purchase,True,0,0,
growing,tvs_075,wfomc,solved,5962104,5962104,0.854995,,,tvs;set;choose;count;growing;family=tvs;domain=75,defective TVs purchase,False,0,1,
growing,tvs_095,wfomc,solved,20286805,20286805,0.795500,,,tvs;set;choose;count;growing;family=tvs;domain=95,defective TVs purchase,True,0,0,
growing,tvs_095,wfomc,solved,20286805,20286805,0.787725,,,tvs;set;choose;count;growing;family=tvs;domain=95,defective TVs purchase,False,0,1,
growing,workers_015,wfomc,solved,360360,360360,0.852306,,,workers;set;composition;index;size;growing;family=workers;domain=15,workers composition,True,0,0,
growing,workers_015,wfomc,solved,360360,360360,0.859093,,,workers;set;composition;index;size;growing;family=workers;domain=15,workers composition,False,0,1,
growing,workers_035,wfomc,solved,144403552893600,144403552893600,0.860749,,,workers;set;composition;index;size;growing;family=workers;domain=35,workers composition,True,0,0,
growing,workers_035,wfomc,solved,144403552893600,144403552893600,0.852815,,,workers;set;composition;index;size;growing;family=workers;domain=35,workers composition,False,0,1,
growing,workers_055,wfomc,solved,50187304054872668884200,50187304054872668884200,0.886112,,,workers;set;composition;index;size;growing;family=workers;domain=55,workers composition,True,0,0,
growing,workers_055,wfomc,solved,50187304054872668884200,50187304054872668884200,0.860104,,,workers;set;composition;index;size;growing;family=workers;domain=55,workers composition,False,0,1,
growing,workers_075,wfomc,solved,18661599110928643792648315480800,18661599110928643792648315480800,0.872652,,,workers;set;composition;index;size;growing;family=workers;domain=75,workers composition,True,0,0,
growing,workers_075,wfomc,solved,18661599110928643792648315480800,18661599110928643792648315480800,0.869889,,,workers;set;composition;index;size;growing;family=workers;domain=75,workers composition,False,0,1,
growing,workers_095,wfomc,solved,13656568343964299650784972884236430593600,13656568343964299650784972884236430593600,0.884633,,,workers;set;composition;index;size;growing;family=workers;domain=95,workers composition,True,0,0,
growing,workers_095,wfomc,solved,13656568343964299650784972884236430593600,13656568343964299650784972884236430593600,0.883181,,,workers;set;composition;index;size;growing;family=workers;domain=95,workers composition,False,0,1,
growing,banana_015,wfomc,solved,180180,180180,1.159636,,,banana;bag;tuple;growing;family=banana;domain=15,BANANA bag tuple,True,0,0,
growing,banana_015,wfomc,solved,180180,180180,1.158364,,,banana;bag;tuple;growing;family=banana;domain=15,BANANA bag tuple,False,0,1,
growing,banana_035,wfomc,solved,38877879625200,38877879625200,1.172740,,,banana;bag;tuple;growing;family=banana;domain=35,BANANA bag tuple,True,0,0,
growing,banana_035,wfomc,solved,38877879625200,38877879625200,1.173121,,,banana;bag;tuple;growing;family=banana;domain=35,BANANA bag tuple,False,0,1,
growing,banana_055,wfomc,solved,26414370555196141518000,26414370555196141518000,1.171883,,,banana;bag;tuple;growing;family=banana;domain=55,BANANA bag tuple,True,0,0,
growing,banana_055,wfomc,solved,26414370555196141518000,26414370555196141518000,1.168248,,,banana;bag;tuple;growing;family=banana;domain=55,BANANA bag tuple,False,0,1,
growing,banana_075,wfomc,solved,9330799555464321896324157740400,9330799555464321896324157740400,1.269883,,,banana;bag;tuple;growing;family=banana;domain=75,BANANA bag tuple,True,0,0,
growing,banana_075,wfomc,solved,9330799555464321896324157740400,9330799555464321896324157740400,1.252141,,,banana;bag;tuple;growing;family=banana;domain=75,BANANA bag tuple,False,0,1,
growing,banana_095,wfomc,solved,3517600937081713546414311197454838183200,3517600937081713546414311197454838183200,1.299362,,,banana;bag;tuple;growing;family=banana;domain=95,BANANA bag tuple,True,0,0,
growing,banana_095,wfomc,solved,3517600937081713546414311197454838183200,3517600937081713546414311197454838183200,1.286927,,,banana;bag;tuple;growing;family=banana;domain=95,BANANA bag tuple,False,0,1,
growing,nested_choice_015,wfomc,solved,5460,5460,0.392826,,,nested_choice;set;choose;dependent_configuration;outside_cola_fragment;growing;family=nested_choice;domain=15,choose a team and then its captain,True,0,0,
growing,nested_choice_015,wfomc,solved,5460,5460,0.400402,,,nested_choice;set;choose;dependent_configuration;outside_cola_fragment;growing;family=nested_choice;domain=15,choose a team and then its captain,False,0,1,
growing,nested_choice_035,wfomc,solved,209440,209440,0.396948,,,nested_choice;set;choose;dependent_configuration;outside_cola_fragment;growing;family=nested_choice;domain=35,choose a team and then its captain,True,0,0,
growing,nested_choice_035,wfomc,solved,209440,209440,0.410411,,,nested_choice;set;choose;dependent_configuration;outside_cola_fragment;growing;family=nested_choice;domain=35,choose a team and then its captain,False,0,1,
growing,nested_choice_055,wfomc,solved,1364220,1364220,0.415438,,,nested_choice;set;choose;dependent_configuration;outside_cola_fragment;growing;family=nested_choice;domain=55,choose a team and then its captain,True,0,0,
growing,nested_choice_055,wfomc,solved,1364220,1364220,0.402648,,,nested_choice;set;choose;dependent_configuration;outside_cola_fragment;growing;family=nested_choice;domain=55,choose a team and then its captain,False,0,1,
growing,nested_choice_075,wfomc,solved,4861800,4861800,0.414882,,,nested_choice;set;choose;dependent_configuration;outside_cola_fragment;growing;family=nested_choice;domain=75,choose a team and then its captain,True,0,0,
growing,nested_choice_075,wfomc,solved,4861800,4861800,0.413439,,,nested_choice;set;choose;dependent_configuration;outside_cola_fragment;growing;family=nested_choice;domain=75,choose a team and then its captain,False,0,1,
growing,nested_choice_095,wfomc,solved,12734180,12734180,0.421119,,,nested_choice;set;choose;dependent_configuration;outside_cola_fragment;growing;family=nested_choice;domain=95,choose a team and then its captain,True,0,0,
growing,nested_choice_095,wfomc,solved,12734180,12734180,0.421593,,,nested_choice;set;choose;dependent_configuration;outside_cola_fragment;growing;family=nested_choice;domain=95,choose a team and then its captain,False,0,1,
growing,selected_pairs_015,wfomc,solved,4095,4095,0.760866,,,selected_pairs;set;choose;partition;dependent_configuration;outside_cola_fragment;growing;family=selected_pairs;domain=15,choose four people and partition them into pairs,True,0,0,
growing,selected_pairs_015,wfomc,solved,4095,4095,0.793829,,,selected_pairs;set;choose;partition;dependent_configuration;outside_cola_fragment;growing;family=selected_pairs;domain=15,choose four people and partition them into pairs,False,0,1,
growing,selected_pairs_035,wfomc,solved,157080,157080,0.816611,,,selected_pairs;set;choose;partition;dependent_configuration;outside_cola_fragment;growing;family=selected_pairs;domain=35,choose four people and partition them into pairs,True,0,0,
growing,selected_pairs_035,wfomc,solved,157080,157080,0.777000,,,selected_pairs;set;choose;partition;dependent_configuration;outside_cola_fragment;growing;family=selected_pairs;domain=35,choose four people and partition them into pairs,False,0,1,
growing,selected_pairs_055,wfomc,solved,1023165,1023165,0.809844,,,selected_pairs;set;choose;partition;dependent_configuration;outside_cola_fragment;growing;family=selected_pairs;domain=55,choose four people and partition them into pairs,True,0,0,
growing,selected_pairs_055,wfomc,solved,1023165,1023165,0.806066,,,selected_pairs;set;choose;partition;dependent_configuration;outside_cola_fragment;growing;family=selected_pairs;domain=55,choose four people and partition them into pairs,False,0,1,
growing,selected_pairs_075,wfomc,solved,3646350,3646350,0.786903,,,selected_pairs;set;choose;partition;dependent_configuration;outside_cola_fragment;growing;family=selected_pairs;domain=75,choose four people and partition them into pairs,True,0,0,
growing,selected_pairs_075,wfomc,solved,3646350,3646350,0.791097,,,selected_pairs;set;choose;partition;dependent_configuration;outside_cola_fragment;growing;family=selected_pairs;domain=75,choose four people and partition them into pairs,False,0,1,
growing,selected_pairs_095,wfomc,solved,9550635,9550635,0.800335,,,selected_pairs;set;choose;partition;dependent_configuration;outside_cola_fragment;growing;family=selected_pairs;domain=95,choose four people and partition them into pairs,True,0,0,
growing,selected_pairs_095,wfomc,solved,9550635,9550635,0.806688,,,selected_pairs;set;choose;partition;dependent_configuration;outside_cola_fragment;growing;family=selected_pairs;domain=95,choose four people and partition them into pairs,False,0,1,
growing,selected_sequence_015,wfomc,solved,13728,13728,0.787088,,,selected_sequence;set;choose;sequence;adjacency;dependent_configuration;outside_cola_fragment;growing;family=selected_sequence;domain=15,"choose five items, order them, and keep two adjacent",True,0,0,
growing,selected_sequence_015,wfomc,solved,13728,13728,0.790772,,,selected_sequence;set;choose;sequence;adjacency;dependent_configuration;outside_cola_fragment;growing;family=selected_sequence;domain=15,"choose five items, order them, and keep two adjacent",False,0,1,
growing,selected_sequence_035,wfomc,solved,261888,261888,0.840726,,,selected_sequence;set;choose;sequence;adjacency;dependent_configuration;outside_cola_fragment;growing;family=selected_sequence;domain=35,"choose five items, order them, and keep two adjacent",True,0,0,
growing,selected_sequence_035,wfomc,solved,261888,261888,0.849377,,,selected_sequence;set;choose;sequence;adjacency;dependent_configuration;outside_cola_fragment;growing;family=selected_sequence;domain=35,"choose five items, order them, and keep two adjacent",False,0,1,
growing,selected_sequence_055,wfomc,solved,1124448,1124448,0.952100,,,selected_sequence;set;choose;sequence;adjacency;dependent_configuration;outside_cola_fragment;growing;family=selected_sequence;domain=55,"choose five items, order them, and keep two adjacent",True,0,0,
growing,selected_sequence_055,wfomc,solved,1124448,1124448,0.949152,,,selected_sequence;set;choose;sequence;adjacency;dependent_configuration;outside_cola_fragment;growing;family=selected_sequence;domain=55,"choose five items, order them, and keep two adjacent",False,0,1,
growing,selected_sequence_075,wfomc,solved,2985408,2985408,1.108740,,,selected_sequence;set;choose;sequence;adjacency;dependent_configuration;outside_cola_fragment;growing;family=selected_sequence;domain=75,"choose five items, order them, and keep two adjacent",True,0,0,
growing,selected_sequence_075,wfomc,solved,2985408,2985408,1.110035,,,selected_sequence;set;choose;sequence;adjacency;dependent_configuration;outside_cola_fragment;growing;family=selected_sequence;domain=75,"choose five items, order them, and keep two adjacent",False,0,1,
growing,selected_sequence_095,wfomc,solved,6228768,6228768,1.310369,,,selected_sequence;set;choose;sequence;adjacency;dependent_configuration;outside_cola_fragment;growing;family=selected_sequence;domain=95,"choose five items, order them, and keep two adjacent",True,0,0,
growing,selected_sequence_095,wfomc,solved,6228768,6228768,1.315999,,,selected_sequence;set;choose;sequence;adjacency;dependent_configuration;outside_cola_fragment;growing;family=selected_sequence;domain=95,"choose five items, order them, and keep two adjacent",False,0,1,
synthetic,syn-set_choice_intersection-small-02,wfomc,solved,30,30,0.858242,,,synthetic;stratified;stratum=set_choice_intersection;family=set_choice_intersection;difficulty=small;domain=8;variant=2;seed=20260811;operatorcount=1;constraintcount=1;depth=1;set;choose;intersection;size,problems/benchmarks/synthetic/manifest.json,True,0,0,
synthetic,syn-set_choice_intersection-small-02,wfomc,solved,30,30,0.850187,,,synthetic;stratified;stratum=set_choice_intersection;family=set_choice_intersection;difficulty=small;domain=8;variant=2;seed=20260811;operatorcount=1;constraintcount=1;depth=1;set;choose;intersection;size,problems/benchmarks/synthetic/manifest.json,False,0,1,
synthetic,syn-set_choice_intersection-small-06,wfomc,solved,10,10,0.852201,,,synthetic;stratified;stratum=set_choice_intersection;family=set_choice_intersection;difficulty=small;domain=8;variant=6;seed=20260811;operatorcount=1;constraintcount=1;depth=1;set;choose;intersection;size,problems/benchmarks/synthetic/manifest.json,True,0,0,
synthetic,syn-set_choice_intersection-small-06,wfomc,solved,10,10,0.845622,,,synthetic;stratified;stratum=set_choice_intersection;family=set_choice_intersection;difficulty=small;domain=8;variant=6;seed=20260811;operatorcount=1;constraintcount=1;depth=1;set;choose;intersection;size,problems/benchmarks/synthetic/manifest.json,False,0,1,
synthetic,syn-bag_choice_multiplicity-small-02,wfomc,solved,10,10,0.478202,,,synthetic;stratified;stratum=bag_choice_multiplicity;family=bag_choice_multiplicity;difficulty=small;domain=8;variant=2;seed=20260811;operatorcount=1;constraintcount=1;depth=1;bag;choose;count,problems/benchmarks/synthetic/manifest.json,True,0,0,
synthetic,syn-bag_choice_multiplicity-small-02,wfomc,solved,10,10,0.474825,,,synthetic;stratified;stratum=bag_choice_multiplicity;family=bag_choice_multiplicity;difficulty=small;domain=8;variant=2;seed=20260811;operatorcount=1;constraintcount=1;depth=1;bag;choose;count,problems/benchmarks/synthetic/manifest.json,False,0,1,
synthetic,syn-bag_choice_multiplicity-small-06,wfomc,solved,5,5,0.475572,,,synthetic;stratified;stratum=bag_choice_multiplicity;family=bag_choice_multiplicity;difficulty=small;domain=8;variant=6;seed=20260811;operatorcount=1;constraintcount=1;depth=1;bag;choose;count,problems/benchmarks/synthetic/manifest.json,True,0,0,
synthetic,syn-bag_choice_multiplicity-small-06,wfomc,solved,5,5,0.474071,,,synthetic;stratified;stratum=bag_choice_multiplicity;family=bag_choice_multiplicity;difficulty=small;domain=8;variant=6;seed=20260811;operatorcount=1;constraintcount=1;depth=1;bag;choose;count,problems/benchmarks/synthetic/manifest.json,False,0,1,
synthetic,syn-set_tuple_position_count-small-02,wfomc,solved,1440,1440,1.427317,,,synthetic;stratified;stratum=set_tuple_position_count;family=set_tuple_position_count;difficulty=small;domain=8;variant=2;seed=20260811;operatorcount=1;constraintcount=2;depth=1;set;tuple;position;count,problems/benchmarks/synthetic/manifest.json,True,0,0,
synthetic,syn-set_tuple_position_count-small-02,wfomc,solved,1440,1440,1.423799,,,synthetic;stratified;stratum=set_tuple_position_count;family=set_tuple_position_count;difficulty=small;domain=8;variant=2;seed=20260811;operatorcount=1;constraintcount=2;depth=1;set;tuple;position;count,problems/benchmarks/synthetic/manifest.json,False,0,1,
synthetic,syn-set_tuple_position_count-small-06,wfomc,solved,108,108,1.532658,,,synthetic;stratified;stratum=set_tuple_position_count;family=set_tuple_position_count;difficulty=small;domain=8;variant=6;seed=20260811;operatorcount=1;constraintcount=2;depth=1;set;tuple;position;count,problems/benchmarks/synthetic/manifest.json,True,0,0,
synthetic,syn-set_tuple_position_count-small-06,wfomc,solved,108,108,1.555243,,,synthetic;stratified;stratum=set_tuple_position_count;family=set_tuple_position_count;difficulty=small;domain=8;variant=6;seed=20260811;operatorcount=1;constraintcount=2;depth=1;set;tuple;position;count,problems/benchmarks/synthetic/manifest.json,False,0,1,
synthetic,syn-bag_tuple_multiplicity-small-02,wfomc,solved,392,392,1.052078,,,synthetic;stratified;stratum=bag_tuple_multiplicity;family=bag_tuple_multiplicity;difficulty=small;domain=8;variant=2;seed=20260811;operatorcount=2;constraintcount=1;depth=1;bag;tuple;set;choose;membership;decomposition,problems/benchmarks/synthetic/manifest.json,True,0,0,
synthetic,syn-bag_tuple_multiplicity-small-02,wfomc,solved,392,392,1.049638,,,synthetic;stratified;stratum=bag_tuple_multiplicity;family=bag_tuple_multiplicity;difficulty=small;domain=8;variant=2;seed=20260811;operatorcount=2;constraintcount=1;depth=1;bag;tuple;set;choose;membership;decomposition,problems/benchmarks/synthetic/manifest.json,False,0,1,
synthetic,syn-bag_tuple_multiplicity-small-06,wfomc,solved,5880,5880,2.305510,,,synthetic;stratified;stratum=bag_tuple_multiplicity;family=bag_tuple_multiplicity;difficulty=small;domain=8;variant=6;seed=20260811;operatorcount=2;constraintcount=1;depth=1;bag;tuple;set;choose;membership;decomposition,problems/benchmarks/synthetic/manifest.json,True,0,0,
synthetic,syn-bag_tuple_multiplicity-small-06,wfomc,solved,5880,5880,2.134877,,,synthetic;stratified;stratum=bag_tuple_multiplicity;family=bag_tuple_multiplicity;difficulty=small;domain=8;variant=6;seed=20260811;operatorcount=2;constraintcount=1;depth=1;bag;tuple;set;choose;membership;decomposition,problems/benchmarks/synthetic/manifest.json,False,0,1,
synthetic,syn-set_sequence_patterns-small-02,wfomc,solved,1260,1260,0.648111,,,synthetic;stratified;stratum=set_sequence_patterns;family=set_sequence_patterns;difficulty=small;domain=8;variant=2;seed=20260811;operatorcount=1;constraintcount=4;depth=1;set;sequence;adjacency;order,problems/benchmarks/synthetic/manifest.json,True,0,0,
synthetic,syn-set_sequence_patterns-small-02,wfomc,solved,1260,1260,0.647361,,,synthetic;stratified;stratum=set_sequence_patterns;family=set_sequence_patterns;difficulty=small;domain=8;variant=2;seed=20260811;operatorcount=1;constraintcount=4;depth=1;set;sequence;adjacency;order,problems/benchmarks/synthetic/manifest.json,False,0,1,
synthetic,syn-set_sequence_patterns-small-06,wfomc,solved,5040,5040,0.534598,,,synthetic;stratified;stratum=set_sequence_patterns;family=set_sequence_patterns;difficulty=small;domain=8;variant=6;seed=20260811;operatorcount=1;constraintcount=2;depth=1;set;sequence;adjacency;order,problems/benchmarks/synthetic/manifest.json,True,0,0,
synthetic,syn-set_sequence_patterns-small-06,wfomc,solved,5040,5040,0.532000,,,synthetic;stratified;stratum=set_sequence_patterns;family=set_sequence_patterns;difficulty=small;domain=8;variant=6;seed=20260811;operatorcount=1;constraintcount=2;depth=1;set;sequence;adjacency;order,problems/benchmarks/synthetic/manifest.json,False,0,1,
synthetic,syn-bag_sequence_adjacency-small-02,wfomc,solved,420,420,0.632258,,,synthetic;stratified;stratum=bag_sequence_adjacency;family=bag_sequence_adjacency;difficulty=small;domain=8;variant=2;seed=20260811;operatorcount=1;constraintcount=1;depth=1;bag;sequence;adjacency,problems/benchmarks/synthetic/manifest.json,True,0,0,
synthetic,syn-bag_sequence_adjacency-small-02,wfomc,solved,420,420,0.626821,,,synthetic;stratified;stratum=bag_sequence_adjacency;family=bag_sequence_adjacency;difficulty=small;domain=8;variant=2;seed=20260811;operatorcount=1;constraintcount=1;depth=1;bag;sequence;adjacency,problems/benchmarks/synthetic/manifest.json,False,0,1,
synthetic,syn-bag_sequence_adjacency-small-06,wfomc,solved,840,840,0.627209,,,synthetic;stratified;stratum=bag_sequence_adjacency;family=bag_sequence_adjacency;difficulty=small;domain=8;variant=6;seed=20260811;operatorcount=1;constraintcount=1;depth=1;bag;sequence;adjacency,problems/benchmarks/synthetic/manifest.json,True,0,0,
synthetic,syn-bag_sequence_adjacency-small-06,wfomc,solved,840,840,0.635462,,,synthetic;stratified;stratum=bag_sequence_adjacency;family=bag_sequence_adjacency;difficulty=small;domain=8;variant=6;seed=20260811;operatorcount=1;constraintcount=1;depth=1;bag;sequence;adjacency,problems/benchmarks/synthetic/manifest.json,False,0,1,
synthetic,syn-set_partition_min_size-small-02,wfomc,solved,35,35,0.797775,,,synthetic;stratified;stratum=set_partition_min_size;family=set_partition_min_size;difficulty=small;domain=8;variant=2;seed=20260811;operatorcount=1;constraintcount=1;depth=1;set;partition;size,problems/benchmarks/synthetic/manifest.json,True,0,0,
synthetic,syn-set_partition_min_size-small-02,wfomc,solved,35,35,0.792215,,,synthetic;stratified;stratum=set_partition_min_size;family=set_partition_min_size;difficulty=small;domain=8;variant=2;seed=20260811;operatorcount=1;constraintcount=1;depth=1;set;partition;size,problems/benchmarks/synthetic/manifest.json,False,0,1,
synthetic,syn-set_partition_min_size-small-06,wfomc,solved,91,91,0.798017,,,synthetic;stratified;stratum=set_partition_min_size;family=set_partition_min_size;difficulty=small;domain=8;variant=6;seed=20260811;operatorcount=1;constraintcount=1;depth=1;set;partition;size,problems/benchmarks/synthetic/manifest.json,True,0,0,
synthetic,syn-set_partition_min_size-small-06,wfomc,solved,91,91,0.801565,,,synthetic;stratified;stratum=set_partition_min_size;family=set_partition_min_size;difficulty=small;domain=8;variant=6;seed=20260811;operatorcount=1;constraintcount=1;depth=1;set;partition;size,problems/benchmarks/synthetic/manifest.json,False,0,1,
synthetic,syn-set_composition_sizes-small-02,wfomc,solved,56,56,0.864255,,,synthetic;stratified;stratum=set_composition_sizes;family=set_composition_sizes;difficulty=small;domain=8;variant=2;seed=20260811;operatorcount=1;constraintcount=2;depth=1;set;composition;size,problems/benchmarks/synthetic/manifest.json,True,0,0,
synthetic,syn-set_composition_sizes-small-02,wfomc,solved,56,56,0.863343,,,synthetic;stratified;stratum=set_composition_sizes;family=set_composition_sizes;difficulty=small;domain=8;variant=2;seed=20260811;operatorcount=1;constraintcount=2;depth=1;set;composition;size,problems/benchmarks/synthetic/manifest.json,False,0,1,
synthetic,syn-set_composition_sizes-small-06,wfomc,solved,3360,3360,1.235989,,,synthetic;stratified;stratum=set_composition_sizes;family=set_composition_sizes;difficulty=small;domain=8;variant=6;seed=20260811;operatorcount=1;constraintcount=5;depth=1;set;composition;size,problems/benchmarks/synthetic/manifest.json,True,0,0,
synthetic,syn-set_composition_sizes-small-06,wfomc,solved,3360,3360,1.233952,,,synthetic;stratified;stratum=set_composition_sizes;family=set_composition_sizes;difficulty=small;domain=8;variant=6;seed=20260811;operatorcount=1;constraintcount=5;depth=1;set;composition;size,problems/benchmarks/synthetic/manifest.json,False,0,1,
synthetic,syn-dependent_choice_disjoint-small-02,wfomc,solved,336,336,0.524812,,,synthetic;stratified;stratum=dependent_choice_disjoint;family=dependent_choice_disjoint;difficulty=small;domain=8;variant=2;seed=20260811;operatorcount=3;constraintcount=1;depth=2;set;choose;disjoint;dependent_configuration;outside_cola_fragment,problems/benchmarks/synthetic/manifest.json,True,0,0,
synthetic,syn-dependent_choice_disjoint-small-02,wfomc,solved,336,336,0.525451,,,synthetic;stratified;stratum=dependent_choice_disjoint;family=dependent_choice_disjoint;difficulty=small;domain=8;variant=2;seed=20260811;operatorcount=3;constraintcount=1;depth=2;set;choose;disjoint;dependent_configuration;outside_cola_fragment,problems/benchmarks/synthetic/manifest.json,False,0,1,
synthetic,syn-dependent_choice_disjoint-small-06,wfomc,solved,1120,1120,0.521562,,,synthetic;stratified;stratum=dependent_choice_disjoint;family=dependent_choice_disjoint;difficulty=small;domain=8;variant=6;seed=20260811;operatorcount=3;constraintcount=1;depth=2;set;choose;disjoint;dependent_configuration;outside_cola_fragment,problems/benchmarks/synthetic/manifest.json,True,0,0,
synthetic,syn-dependent_choice_disjoint-small-06,wfomc,solved,1120,1120,0.523402,,,synthetic;stratified;stratum=dependent_choice_disjoint;family=dependent_choice_disjoint;difficulty=small;domain=8;variant=6;seed=20260811;operatorcount=3;constraintcount=1;depth=2;set;choose;disjoint;dependent_configuration;outside_cola_fragment,problems/benchmarks/synthetic/manifest.json,False,0,1,
synthetic,syn-dependent_tuple_position_count-small-02,wfomc,solved,96,96,1.217130,,,synthetic;stratified;stratum=dependent_tuple_position_count;family=dependent_tuple_position_count;difficulty=small;domain=8;variant=2;seed=20260811;operatorcount=2;constraintcount=2;depth=2;set;choose;tuple;position;count;dependent_configuration;outside_cola_fragment,problems/benchmarks/synthetic/manifest.json,True,0,0,
synthetic,syn-dependent_tuple_position_count-small-02,wfomc,solved,96,96,1.216071,,,synthetic;stratified;stratum=dependent_tuple_position_count;family=dependent_tuple_position_count;difficulty=small;domain=8;variant=2;seed=20260811;operatorcount=2;constraintcount=2;depth=2;set;choose;tuple;position;count;dependent_configuration;outside_cola_fragment,problems/benchmarks/synthetic/manifest.json,False,0,1,
synthetic,syn-dependent_tuple_position_count-small-06,wfomc,solved,2880,2880,1.231477,,,synthetic;stratified;stratum=dependent_tuple_position_count;family=dependent_tuple_position_count;difficulty=small;domain=8;variant=6;seed=20260811;operatorcount=2;constraintcount=2;depth=2;set;choose;tuple;position;count;dependent_configuration;outside_cola_fragment,problems/benchmarks/synthetic/manifest.json,True,0,0,
synthetic,syn-dependent_tuple_position_count-small-06,wfomc,solved,2880,2880,1.229433,,,synthetic;stratified;stratum=dependent_tuple_position_count;family=dependent_tuple_position_count;difficulty=small;domain=8;variant=6;seed=20260811;operatorcount=2;constraintcount=2;depth=2;set;choose;tuple;position;count;dependent_configuration;outside_cola_fragment,problems/benchmarks/synthetic/manifest.json,False,0,1,
synthetic,syn-dependent_sequence_patterns-small-02,wfomc,solved,720,720,1.086440,,,synthetic;stratified;stratum=dependent_sequence_patterns;family=dependent_sequence_patterns;difficulty=small;domain=8;variant=2;seed=20260811;operatorcount=2;constraintcount=9;depth=2;set;choose;sequence;adjacency;order;dependent_configuration;outside_cola_fragment,problems/benchmarks/synthetic/manifest.json,True,0,0,
synthetic,syn-dependent_sequence_patterns-small-02,wfomc,solved,720,720,1.112002,,,synthetic;stratified;stratum=dependent_sequence_patterns;family=dependent_sequence_patterns;difficulty=small;domain=8;variant=2;seed=20260811;operatorcount=2;constraintcount=9;depth=2;set;choose;sequence;adjacency;order;dependent_configuration;outside_cola_fragment,problems/benchmarks/synthetic/manifest.json,False,0,1,
synthetic,syn-dependent_sequence_patterns-small-06,wfomc,solved,720,720,1.083778,,,synthetic;stratified;stratum=dependent_sequence_patterns;family=dependent_sequence_patterns;difficulty=small;domain=8;variant=6;seed=20260811;operatorcount=2;constraintcount=9;depth=2;set;choose;sequence;adjacency;order;dependent_configuration;outside_cola_fragment,problems/benchmarks/synthetic/manifest.json,True,0,0,
synthetic,syn-dependent_sequence_patterns-small-06,wfomc,solved,720,720,1.088054,,,synthetic;stratified;stratum=dependent_sequence_patterns;family=dependent_sequence_patterns;difficulty=small;domain=8;variant=6;seed=20260811;operatorcount=2;constraintcount=9;depth=2;set;choose;sequence;adjacency;order;dependent_configuration;outside_cola_fragment,problems/benchmarks/synthetic/manifest.json,False,0,1,
synthetic,syn-dependent_partition_min_size-small-02,wfomc,solved,448,448,0.868255,,,synthetic;stratified;stratum=dependent_partition_min_size;family=dependent_partition_min_size;difficulty=small;domain=8;variant=2;seed=20260811;operatorcount=2;constraintcount=1;depth=2;set;choose;partition;size;dependent_configuration;outside_cola_fragment,problems/benchmarks/synthetic/manifest.json,True,0,0,
synthetic,syn-dependent_partition_min_size-small-02,wfomc,solved,448,448,0.867614,,,synthetic;stratified;stratum=dependent_partition_min_size;family=dependent_partition_min_size;difficulty=small;domain=8;variant=2;seed=20260811;operatorcount=2;constraintcount=1;depth=2;set;choose;partition;size;dependent_configuration;outside_cola_fragment,problems/benchmarks/synthetic/manifest.json,False,0,1,
synthetic,syn-dependent_partition_min_size-small-06,wfomc,solved,560,560,0.872212,,,synthetic;stratified;stratum=dependent_partition_min_size;family=dependent_partition_min_size;difficulty=small;domain=8;variant=6;seed=20260811;operatorcount=2;constraintcount=1;depth=2;set;choose;partition;size;dependent_configuration;outside_cola_fragment,problems/benchmarks/synthetic/manifest.json,True,0,0,
synthetic,syn-dependent_partition_min_size-small-06,wfomc,solved,560,560,0.868652,,,synthetic;stratified;stratum=dependent_partition_min_size;family=dependent_partition_min_size;difficulty=small;domain=8;variant=6;seed=20260811;operatorcount=2;constraintcount=1;depth=2;set;choose;partition;size;dependent_configuration;outside_cola_fragment,problems/benchmarks/synthetic/manifest.json,False,0,1,
synthetic,syn-dependent_composition_sizes-small-02,wfomc,solved,1680,1680,1.127136,,,synthetic;stratified;stratum=dependent_composition_sizes;family=dependent_composition_sizes;difficulty=small;domain=8;variant=2;seed=20260811;operatorcount=2;constraintcount=4;depth=2;set;choose;composition;size;dependent_configuration;outside_cola_fragment,problems/benchmarks/synthetic/manifest.json,True,0,0,
synthetic,syn-dependent_composition_sizes-small-02,wfomc,solved,1680,1680,1.129426,,,synthetic;stratified;stratum=dependent_composition_sizes;family=dependent_composition_sizes;difficulty=small;domain=8;variant=2;seed=20260811;operatorcount=2;constraintcount=4;depth=2;set;choose;composition;size;dependent_configuration;outside_cola_fragment,problems/benchmarks/synthetic/manifest.json,False,0,1,
synthetic,syn-dependent_composition_sizes-small-06,wfomc,solved,1680,1680,1.004205,,,synthetic;stratified;stratum=dependent_composition_sizes;family=dependent_composition_sizes;difficulty=small;domain=8;variant=6;seed=20260811;operatorcount=2;constraintcount=3;depth=2;set;choose;composition;size;dependent_configuration;outside_cola_fragment,problems/benchmarks/synthetic/manifest.json,True,0,0,
synthetic,syn-dependent_composition_sizes-small-06,wfomc,solved,1680,1680,1.000101,,,synthetic;stratified;stratum=dependent_composition_sizes;family=dependent_composition_sizes;difficulty=small;domain=8;variant=6;seed=20260811;operatorcount=2;constraintcount=3;depth=2;set;choose;composition;size;dependent_configuration;outside_cola_fragment,problems/benchmarks/synthetic/manifest.json,False,0,1,
synthetic,syn-dependent_bag_tuple-small-02,wfomc,solved,672,672,2.147693,,,synthetic;stratified;stratum=dependent_bag_tuple;family=dependent_bag_tuple;difficulty=small;domain=8;variant=2;seed=20260811;operatorcount=3;constraintcount=1;depth=2;bag;choose;tuple;set;membership;decomposition;dependent_configuration;outside_cola_fragment,problems/benchmarks/synthetic/manifest.json,True,0,0,
synthetic,syn-dependent_bag_tuple-small-02,wfomc,solved,672,672,2.166737,,,synthetic;stratified;stratum=dependent_bag_tuple;family=dependent_bag_tuple;difficulty=small;domain=8;variant=2;seed=20260811;operatorcount=3;constraintcount=1;depth=2;bag;choose;tuple;set;membership;decomposition;dependent_configuration;outside_cola_fragment,problems/benchmarks/synthetic/manifest.json,False,0,1,
synthetic,syn-dependent_bag_tuple-small-06,wfomc,solved,1680,1680,2.131851,,,synthetic;stratified;stratum=dependent_bag_tuple;family=dependent_bag_tuple;difficulty=small;domain=8;variant=6;seed=20260811;operatorcount=3;constraintcount=1;depth=2;bag;choose;tuple;set;membership;decomposition;dependent_configuration;outside_cola_fragment,problems/benchmarks/synthetic/manifest.json,True,0,0,
synthetic,syn-dependent_bag_tuple-small-06,wfomc,solved,1680,1680,2.151767,,,synthetic;stratified;stratum=dependent_bag_tuple;family=dependent_bag_tuple;difficulty=small;domain=8;variant=6;seed=20260811;operatorcount=3;constraintcount=1;depth=2;bag;choose;tuple;set;membership;decomposition;dependent_configuration;outside_cola_fragment,problems/benchmarks/synthetic/manifest.json,False,0,1,
synthetic,syn-nested_choice_chain-small-02,wfomc,solved,700,700,0.500014,,,synthetic;stratified;stratum=nested_choice_chain;family=nested_choice_chain;difficulty=small;domain=8;variant=2;seed=20260811;operatorcount=3;constraintcount=1;depth=3;set;choose;membership;dependent_configuration;outside_cola_fragment,problems/benchmarks/synthetic/manifest.json,True,0,0,
synthetic,syn-nested_choice_chain-small-02,wfomc,solved,700,700,0.497181,,,synthetic;stratified;stratum=nested_choice_chain;family=nested_choice_chain;difficulty=small;domain=8;variant=2;seed=20260811;operatorcount=3;constraintcount=1;depth=3;set;choose;membership;dependent_configuration;outside_cola_fragment,problems/benchmarks/synthetic/manifest.json,False,0,1,
synthetic,syn-nested_choice_chain-small-06,wfomc,solved,294,294,0.498582,,,synthetic;stratified;stratum=nested_choice_chain;family=nested_choice_chain;difficulty=small;domain=8;variant=6;seed=20260811;operatorcount=3;constraintcount=1;depth=3;set;choose;membership;dependent_configuration;outside_cola_fragment,problems/benchmarks/synthetic/manifest.json,True,0,0,
synthetic,syn-nested_choice_chain-small-06,wfomc,solved,294,294,0.504091,,,synthetic;stratified;stratum=nested_choice_chain;family=nested_choice_chain;difficulty=small;domain=8;variant=6;seed=20260811;operatorcount=3;constraintcount=1;depth=3;set;choose;membership;dependent_configuration;outside_cola_fragment,problems/benchmarks/synthetic/manifest.json,False,0,1,
synthetic,syn-dependent_selected_subsets-small-02,wfomc,solved,840,840,0.523199,,,synthetic;stratified;stratum=dependent_selected_subsets;family=dependent_selected_subsets;difficulty=small;domain=8;variant=2;seed=20260811;operatorcount=3;constraintcount=1;depth=2;set;choose;disjoint;dependent_configuration;outside_cola_fragment,problems/benchmarks/synthetic/manifest.json,True,0,0,
synthetic,syn-dependent_selected_subsets-small-02,wfomc,solved,840,840,0.526277,,,synthetic;stratified;stratum=dependent_selected_subsets;family=dependent_selected_subsets;difficulty=small;domain=8;variant=2;seed=20260811;operatorcount=3;constraintcount=1;depth=2;set;choose;disjoint;dependent_configuration;outside_cola_fragment,problems/benchmarks/synthetic/manifest.json,False,0,1,
synthetic,syn-dependent_selected_subsets-small-06,wfomc,solved,1120,1120,0.523542,,,synthetic;stratified;stratum=dependent_selected_subsets;family=dependent_selected_subsets;difficulty=small;domain=8;variant=6;seed=20260811;operatorcount=3;constraintcount=1;depth=2;set;choose;disjoint;dependent_configuration;outside_cola_fragment,problems/benchmarks/synthetic/manifest.json,True,0,0,
synthetic,syn-dependent_selected_subsets-small-06,wfomc,solved,1120,1120,0.527002,,,synthetic;stratified;stratum=dependent_selected_subsets;family=dependent_selected_subsets;difficulty=small;domain=8;variant=6;seed=20260811;operatorcount=3;constraintcount=1;depth=2;set;choose;disjoint;dependent_configuration;outside_cola_fragment,problems/benchmarks/synthetic/manifest.json,False,0,1,
synthetic,syn-set_choice_intersection-medium-02,wfomc,solved,7,7,0.848761,,,synthetic;stratified;stratum=set_choice_intersection;family=set_choice_intersection;difficulty=medium;domain=12;variant=2;seed=20260811;operatorcount=1;constraintcount=1;depth=1;set;choose;intersection;size,problems/benchmarks/synthetic/manifest.json,True,0,0,
synthetic,syn-set_choice_intersection-medium-02,wfomc,solved,7,7,0.848518,,,synthetic;stratified;stratum=set_choice_intersection;family=set_choice_intersection;difficulty=medium;domain=12;variant=2;seed=20260811;operatorcount=1;constraintcount=1;depth=1;set;choose;intersection;size,problems/benchmarks/synthetic/manifest.json,False,0,1,
synthetic,syn-set_choice_intersection-medium-06,wfomc,solved,126,126,0.852357,,,synthetic;stratified;stratum=set_choice_intersection;family=set_choice_intersection;difficulty=medium;domain=12;variant=6;seed=20260811;operatorcount=1;constraintcount=1;depth=1;set;choose;intersection;size,problems/benchmarks/synthetic/manifest.json,True,0,0,
synthetic,syn-set_choice_intersection-medium-06,wfomc,solved,126,126,0.847164,,,synthetic;stratified;stratum=set_choice_intersection;family=set_choice_intersection;difficulty=medium;domain=12;variant=6;seed=20260811;operatorcount=1;constraintcount=1;depth=1;set;choose;intersection;size,problems/benchmarks/synthetic/manifest.json,False,0,1,
synthetic,syn-bag_choice_multiplicity-medium-02,wfomc,solved,84,84,0.480722,,,synthetic;stratified;stratum=bag_choice_multiplicity;family=bag_choice_multiplicity;difficulty=medium;domain=12;variant=2;seed=20260811;operatorcount=1;constraintcount=1;depth=1;bag;choose;count,problems/benchmarks/synthetic/manifest.json,True,0,0,
synthetic,syn-bag_choice_multiplicity-medium-02,wfomc,solved,84,84,0.479941,,,synthetic;stratified;stratum=bag_choice_multiplicity;family=bag_choice_multiplicity;difficulty=medium;domain=12;variant=2;seed=20260811;operatorcount=1;constraintcount=1;depth=1;bag;choose;count,problems/benchmarks/synthetic/manifest.json,False,0,1,
synthetic,syn-bag_choice_multiplicity-medium-06,wfomc,solved,7,7,0.479778,,,synthetic;stratified;stratum=bag_choice_multiplicity;family=bag_choice_multiplicity;difficulty=medium;domain=12;variant=6;seed=20260811;operatorcount=1;constraintcount=1;depth=1;bag;choose;count,problems/benchmarks/synthetic/manifest.json,True,0,0,
synthetic,syn-bag_choice_multiplicity-medium-06,wfomc,solved,7,7,0.479878,,,synthetic;stratified;stratum=bag_choice_multiplicity;family=bag_choice_multiplicity;difficulty=medium;domain=12;variant=6;seed=20260811;operatorcount=1;constraintcount=1;depth=1;bag;choose;count,problems/benchmarks/synthetic/manifest.json,False,0,1,
synthetic,syn-set_tuple_position_count-medium-02,wfomc,solved,635040,635040,1.461478,,,synthetic;stratified;stratum=set_tuple_position_count;family=set_tuple_position_count;difficulty=medium;domain=12;variant=2;seed=20260811;operatorcount=1;constraintcount=2;depth=1;set;tuple;position;count,problems/benchmarks/synthetic/manifest.json,True,0,0,
synthetic,syn-set_tuple_position_count-medium-02,wfomc,solved,635040,635040,1.464041,,,synthetic;stratified;stratum=set_tuple_position_count;family=set_tuple_position_count;difficulty=medium;domain=12;variant=2;seed=20260811;operatorcount=1;constraintcount=2;depth=1;set;tuple;position;count,problems/benchmarks/synthetic/manifest.json,False,0,1,
synthetic,syn-set_tuple_position_count-medium-06,wfomc,solved,4032,4032,1.443591,,,synthetic;stratified;stratum=set_tuple_position_count;family=set_tuple_position_count;difficulty=medium;domain=12;variant=6;seed=20260811;operatorcount=1;constraintcount=2;depth=1;set;tuple;position;count,problems/benchmarks/synthetic/manifest.json,True,0,0,
synthetic,syn-set_tuple_position_count-medium-06,wfomc,solved,4032,4032,1.432847,,,synthetic;stratified;stratum=set_tuple_position_count;family=set_tuple_position_count;difficulty=medium;domain=12;variant=6;seed=20260811;operatorcount=1;constraintcount=2;depth=1;set;tuple;position;count,problems/benchmarks/synthetic/manifest.json,False,0,1,
synthetic,syn-bag_tuple_multiplicity-medium-02,wfomc,solved,528,528,0.985494,,,synthetic;stratified;stratum=bag_tuple_multiplicity;family=bag_tuple_multiplicity;difficulty=medium;domain=12;variant=2;seed=20260811;operatorcount=2;constraintcount=1;depth=1;bag;tuple;set;choose;membership;decomposition,problems/benchmarks/synthetic/manifest.json,True,0,0,
synthetic,syn-bag_tuple_multiplicity-medium-02,wfomc,solved,528,528,0.988202,,,synthetic;stratified;stratum=bag_tuple_multiplicity;family=bag_tuple_multiplicity;difficulty=medium;domain=12;variant=2;seed=20260811;operatorcount=2;constraintcount=1;depth=1;bag;tuple;set;choose;membership;decomposition,problems/benchmarks/synthetic/manifest.json,False,0,1,
synthetic,syn-bag_tuple_multiplicity-medium-06,wfomc,solved,83160,83160,4.057189,,,synthetic;stratified;stratum=bag_tuple_multiplicity;family=bag_tuple_multiplicity;difficulty=medium;domain=12;variant=6;seed=20260811;operatorcount=2;constraintcount=1;depth=1;bag;tuple;set;choose;membership;decomposition,problems/benchmarks/synthetic/manifest.json,True,0,0,
synthetic,syn-bag_tuple_multiplicity-medium-06,wfomc,solved,83160,83160,4.035997,,,synthetic;stratified;stratum=bag_tuple_multiplicity;family=bag_tuple_multiplicity;difficulty=medium;domain=12;variant=6;seed=20260811;operatorcount=2;constraintcount=1;depth=1;bag;tuple;set;choose;membership;decomposition,problems/benchmarks/synthetic/manifest.json,False,0,1,
synthetic,syn-set_sequence_patterns-medium-02,wfomc,solved,19958400,19958400,0.614630,,,synthetic;stratified;stratum=set_sequence_patterns;family=set_sequence_patterns;difficulty=medium;domain=12;variant=2;seed=20260811;operatorcount=1;constraintcount=3;depth=1;set;sequence;adjacency;order,problems/benchmarks/synthetic/manifest.json,True,0,0,
synthetic,syn-set_sequence_patterns-medium-02,wfomc,solved,19958400,19958400,0.611791,,,synthetic;stratified;stratum=set_sequence_patterns;family=set_sequence_patterns;difficulty=medium;domain=12;variant=2;seed=20260811;operatorcount=1;constraintcount=3;depth=1;set;sequence;adjacency;order,problems/benchmarks/synthetic/manifest.json,False,0,1,
synthetic,syn-set_sequence_patterns-medium-06,wfomc,solved,39916800,39916800,0.537717,,,synthetic;stratified;stratum=set_sequence_patterns;family=set_sequence_patterns;difficulty=medium;domain=12;variant=6;seed=20260811;operatorcount=1;constraintcount=2;depth=1;set;sequence;adjacency;order,problems/benchmarks/synthetic/manifest.json,True,0,0,
synthetic,syn-set_sequence_patterns-medium-06,wfomc,solved,39916800,39916800,0.535452,,,synthetic;stratified;stratum=set_sequence_patterns;family=set_sequence_patterns;difficulty=medium;domain=12;variant=6;seed=20260811;operatorcount=1;constraintcount=2;depth=1;set;sequence;adjacency;order,problems/benchmarks/synthetic/manifest.json,False,0,1,
synthetic,syn-bag_sequence_adjacency-medium-02,wfomc,solved,27720,27720,1.370513,,,synthetic;stratified;stratum=bag_sequence_adjacency;family=bag_sequence_adjacency;difficulty=medium;domain=12;variant=2;seed=20260811;operatorcount=1;constraintcount=1;depth=1;bag;sequence;adjacency,problems/benchmarks/synthetic/manifest.json,True,0,0,
synthetic,syn-bag_sequence_adjacency-medium-02,wfomc,solved,27720,27720,1.372861,,,synthetic;stratified;stratum=bag_sequence_adjacency;family=bag_sequence_adjacency;difficulty=medium;domain=12;variant=2;seed=20260811;operatorcount=1;constraintcount=1;depth=1;bag;sequence;adjacency,problems/benchmarks/synthetic/manifest.json,False,0,1,
synthetic,syn-bag_sequence_adjacency-medium-06,wfomc,solved,27720,27720,1.380410,,,synthetic;stratified;stratum=bag_sequence_adjacency;family=bag_sequence_adjacency;difficulty=medium;domain=12;variant=6;seed=20260811;operatorcount=1;constraintcount=1;depth=1;bag;sequence;adjacency,problems/benchmarks/synthetic/manifest.json,True,0,0,
synthetic,syn-bag_sequence_adjacency-medium-06,wfomc,solved,27720,27720,1.388430,,,synthetic;stratified;stratum=bag_sequence_adjacency;family=bag_sequence_adjacency;difficulty=medium;domain=12;variant=6;seed=20260811;operatorcount=1;constraintcount=1;depth=1;bag;sequence;adjacency,problems/benchmarks/synthetic/manifest.json,False,0,1,
synthetic,syn-set_partition_min_size-medium-02,wfomc,solved,86526,86526,0.876263,,,synthetic;stratified;stratum=set_partition_min_size;family=set_partition_min_size;difficulty=medium;domain=12;variant=2;seed=20260811;operatorcount=1;constraintcount=1;depth=1;set;partition;size,problems/benchmarks/synthetic/manifest.json,True,0,0,
synthetic,syn-set_partition_min_size-medium-02,wfomc,solved,86526,86526,0.873059,,,synthetic;stratified;stratum=set_partition_min_size;family=set_partition_min_size;difficulty=medium;domain=12;variant=2;seed=20260811;operatorcount=1;constraintcount=1;depth=1;set;partition;size,problems/benchmarks/synthetic/manifest.json,False,0,1,
synthetic,syn-set_partition_min_size-medium-06,wfomc,solved,5775,5775,0.874195,,,synthetic;stratified;stratum=set_partition_min_size;family=set_partition_min_size;difficulty=medium;domain=12;variant=6;seed=20260811;operatorcount=1;constraintcount=1;depth=1;set;partition;size,problems/benchmarks/synthetic/manifest.json,True,0,0,
synthetic,syn-set_partition_min_size-medium-06,wfomc,solved,5775,5775,0.871948,,,synthetic;stratified;stratum=set_partition_min_size;family=set_partition_min_size;difficulty=medium;domain=12;variant=6;seed=20260811;operatorcount=1;constraintcount=1;depth=1;set;partition;size,problems/benchmarks/synthetic/manifest.json,False,0,1,
synthetic,syn-set_composition_sizes-medium-02,wfomc,solved,23760,23760,1.080281,,,synthetic;stratified;stratum=set_composition_sizes;family=set_composition_sizes;difficulty=medium;domain=12;variant=2;seed=20260811;operatorcount=1;constraintcount=4;depth=1;set;composition;size,problems/benchmarks/synthetic/manifest.json,True,0,0,
synthetic,syn-set_composition_sizes-medium-02,wfomc,solved,23760,23760,1.080635,,,synthetic;stratified;stratum=set_composition_sizes;family=set_composition_sizes;difficulty=medium;domain=12;variant=2;seed=20260811;operatorcount=1;constraintcount=4;depth=1;set;composition;size,problems/benchmarks/synthetic/manifest.json,False,0,1,
synthetic,syn-set_composition_sizes-medium-06,wfomc,solved,138600,138600,1.083952,,,synthetic;stratified;stratum=set_composition_sizes;family=set_composition_sizes;difficulty=medium;domain=12;variant=6;seed=20260811;operatorcount=1;constraintcount=4;depth=1;set;composition;size,problems/benchmarks/synthetic/manifest.json,True,0,0,
synthetic,syn-set_composition_sizes-medium-06,wfomc,solved,138600,138600,1.079445,,,synthetic;stratified;stratum=set_composition_sizes;family=set_composition_sizes;difficulty=medium;domain=12;variant=6;seed=20260811;operatorcount=1;constraintcount=4;depth=1;set;composition;size,problems/benchmarks/synthetic/manifest.json,False,0,1,
synthetic,syn-dependent_choice_disjoint-medium-02,wfomc,solved,83160,83160,0.532473,,,synthetic;stratified;stratum=dependent_choice_disjoint;family=dependent_choice_disjoint;difficulty=medium;domain=12;variant=2;seed=20260811;operatorcount=3;constraintcount=1;depth=2;set;choose;disjoint;dependent_configuration;outside_cola_fragment,problems/benchmarks/synthetic/manifest.json,True,0,0,
synthetic,syn-dependent_choice_disjoint-medium-02,wfomc,solved,83160,83160,0.527501,,,synthetic;stratified;stratum=dependent_choice_disjoint;family=dependent_choice_disjoint;difficulty=medium;domain=12;variant=2;seed=20260811;operatorcount=3;constraintcount=1;depth=2;set;choose;disjoint;dependent_configuration;outside_cola_fragment,problems/benchmarks/synthetic/manifest.json,False,0,1,
synthetic,syn-dependent_choice_disjoint-medium-06,wfomc,solved,27720,27720,0.526499,,,synthetic;stratified;stratum=dependent_choice_disjoint;family=dependent_choice_disjoint;difficulty=medium;domain=12;variant=6;seed=20260811;operatorcount=3;constraintcount=1;depth=2;set;choose;disjoint;dependent_configuration;outside_cola_fragment,problems/benchmarks/synthetic/manifest.json,True,0,0,
synthetic,syn-dependent_choice_disjoint-medium-06,wfomc,solved,27720,27720,0.524613,,,synthetic;stratified;stratum=dependent_choice_disjoint;family=dependent_choice_disjoint;difficulty=medium;domain=12;variant=6;seed=20260811;operatorcount=3;constraintcount=1;depth=2;set;choose;disjoint;dependent_configuration;outside_cola_fragment,problems/benchmarks/synthetic/manifest.json,False,0,1,
synthetic,syn-dependent_tuple_position_count-medium-02,wfomc,solved,144,144,1.233550,,,synthetic;stratified;stratum=dependent_tuple_position_count;family=dependent_tuple_position_count;difficulty=medium;domain=12;variant=2;seed=20260811;operatorcount=2;constraintcount=2;depth=2;set;choose;tuple;position;count;dependent_configuration;outside_cola_fragment,problems/benchmarks/synthetic/manifest.json,True,0,0,
synthetic,syn-dependent_tuple_position_count-medium-02,wfomc,solved,144,144,1.240691,,,synthetic;stratified;stratum=dependent_tuple_position_count;family=dependent_tuple_position_count;difficulty=medium;domain=12;variant=2;seed=20260811;operatorcount=2;constraintcount=2;depth=2;set;choose;tuple;position;count;dependent_configuration;outside_cola_fragment,problems/benchmarks/synthetic/manifest.json,False,0,1,
synthetic,syn-dependent_tuple_position_count-medium-06,wfomc,solved,4032,4032,1.225594,,,synthetic;stratified;stratum=dependent_tuple_position_count;family=dependent_tuple_position_count;difficulty=medium;domain=12;variant=6;seed=20260811;operatorcount=2;constraintcount=2;depth=2;set;choose;tuple;position;count;dependent_configuration;outside_cola_fragment,problems/benchmarks/synthetic/manifest.json,True,0,0,
synthetic,syn-dependent_tuple_position_count-medium-06,wfomc,solved,4032,4032,1.231122,,,synthetic;stratified;stratum=dependent_tuple_position_count;family=dependent_tuple_position_count;difficulty=medium;domain=12;variant=6;seed=20260811;operatorcount=2;constraintcount=2;depth=2;set;choose;tuple;position;count;dependent_configuration;outside_cola_fragment,problems/benchmarks/synthetic/manifest.json,False,0,1,
synthetic,syn-dependent_sequence_patterns-medium-02,wfomc,solved,2721600,2721600,1.116813,,,synthetic;stratified;stratum=dependent_sequence_patterns;family=dependent_sequence_patterns;difficulty=medium;domain=12;variant=2;seed=20260811;operatorcount=2;constraintcount=9;depth=2;set;choose;sequence;adjacency;order;dependent_configuration;outside_cola_fragment,problems/benchmarks/synthetic/manifest.json,True,0,0,
synthetic,syn-dependent_sequence_patterns-medium-02,wfomc,solved,2721600,2721600,1.116299,,,synthetic;stratified;stratum=dependent_sequence_patterns;family=dependent_sequence_patterns;difficulty=medium;domain=12;variant=2;seed=20260811;operatorcount=2;constraintcount=9;depth=2;set;choose;sequence;adjacency;order;dependent_configuration;outside_cola_fragment,problems/benchmarks/synthetic/manifest.json,False,0,1,
synthetic,syn-dependent_sequence_patterns-medium-06,wfomc,solved,2160,2160,1.114423,,,synthetic;stratified;stratum=dependent_sequence_patterns;family=dependent_sequence_patterns;difficulty=medium;domain=12;variant=6;seed=20260811;operatorcount=2;constraintcount=9;depth=2;set;choose;sequence;adjacency;order;dependent_configuration;outside_cola_fragment,problems/benchmarks/synthetic/manifest.json,True,0,0,
synthetic,syn-dependent_sequence_patterns-medium-06,wfomc,solved,2160,2160,1.116852,,,synthetic;stratified;stratum=dependent_sequence_patterns;family=dependent_sequence_patterns;difficulty=medium;domain=12;variant=6;seed=20260811;operatorcount=2;constraintcount=9;depth=2;set;choose;sequence;adjacency;order;dependent_configuration;outside_cola_fragment,problems/benchmarks/synthetic/manifest.json,False,0,1,
synthetic,syn-dependent_partition_min_size-medium-02,wfomc,solved,12276,12276,0.866174,,,synthetic;stratified;stratum=dependent_partition_min_size;family=dependent_partition_min_size;difficulty=medium;domain=12;variant=2;seed=20260811;operatorcount=2;constraintcount=1;depth=2;set;choose;partition;size;dependent_configuration;outside_cola_fragment,problems/benchmarks/synthetic/manifest.json,True,0,0,
synthetic,syn-dependent_partition_min_size-medium-02,wfomc,solved,12276,12276,0.865362,,,synthetic;stratified;stratum=dependent_partition_min_size;family=dependent_partition_min_size;difficulty=medium;domain=12;variant=2;seed=20260811;operatorcount=2;constraintcount=1;depth=2;set;choose;partition;size;dependent_configuration;outside_cola_fragment,problems/benchmarks/synthetic/manifest.json,False,0,1,
synthetic,syn-dependent_partition_min_size-medium-06,wfomc,solved,11880,11880,0.865908,,,synthetic;stratified;stratum=dependent_partition_min_size;family=dependent_partition_min_size;difficulty=medium;domain=12;variant=6;seed=20260811;operatorcount=2;constraintcount=1;depth=2;set;choose;partition;size;dependent_configuration;outside_cola_fragment,problems/benchmarks/synthetic/manifest.json,True,0,0,
synthetic,syn-dependent_partition_min_size-medium-06,wfomc,solved,11880,11880,0.863224,,,synthetic;stratified;stratum=dependent_partition_min_size;family=dependent_partition_min_size;difficulty=medium;domain=12;variant=6;seed=20260811;operatorcount=2;constraintcount=1;depth=2;set;choose;partition;size;dependent_configuration;outside_cola_fragment,problems/benchmarks/synthetic/manifest.json,False,0,1,
synthetic,syn-dependent_composition_sizes-medium-02,wfomc,solved,138600,138600,0.991911,,,synthetic;stratified;stratum=dependent_composition_sizes;family=dependent_composition_sizes;difficulty=medium;domain=12;variant=2;seed=20260811;operatorcount=2;constraintcount=3;depth=2;set;choose;composition;size;dependent_configuration;outside_cola_fragment,problems/benchmarks/synthetic/manifest.json,True,0,0,
synthetic,syn-dependent_composition_sizes-medium-02,wfomc,solved,138600,138600,0.997311,,,synthetic;stratified;stratum=dependent_composition_sizes;family=dependent_composition_sizes;difficulty=medium;domain=12;variant=2;seed=20260811;operatorcount=2;constraintcount=3;depth=2;set;choose;composition;size;dependent_configuration;outside_cola_fragment,problems/benchmarks/synthetic/manifest.json,False,0,1,
synthetic,syn-dependent_composition_sizes-medium-06,wfomc,solved,332640,332640,1.352411,,,synthetic;stratified;stratum=dependent_composition_sizes;family=dependent_composition_sizes;difficulty=medium;domain=12;variant=6;seed=20260811;operatorcount=2;constraintcount=5;depth=2;set;choose;composition;size;dependent_configuration;outside_cola_fragment,problems/benchmarks/synthetic/manifest.json,True,0,0,
synthetic,syn-dependent_composition_sizes-medium-06,wfomc,solved,332640,332640,1.352851,,,synthetic;stratified;stratum=dependent_composition_sizes;family=dependent_composition_sizes;difficulty=medium;domain=12;variant=6;seed=20260811;operatorcount=2;constraintcount=5;depth=2;set;choose;composition;size;dependent_configuration;outside_cola_fragment,problems/benchmarks/synthetic/manifest.json,False,0,1,
synthetic,syn-dependent_bag_tuple-medium-02,wfomc,solved,3300,3300,4.032022,,,synthetic;stratified;stratum=dependent_bag_tuple;family=dependent_bag_tuple;difficulty=medium;domain=12;variant=2;seed=20260811;operatorcount=3;constraintcount=1;depth=2;bag;choose;tuple;set;membership;decomposition;dependent_configuration;outside_cola_fragment,problems/benchmarks/synthetic/manifest.json,True,0,0,
synthetic,syn-dependent_bag_tuple-medium-02,wfomc,solved,3300,3300,4.054031,,,synthetic;stratified;stratum=dependent_bag_tuple;family=dependent_bag_tuple;difficulty=medium;domain=12;variant=2;seed=20260811;operatorcount=3;constraintcount=1;depth=2;bag;choose;tuple;set;membership;decomposition;dependent_configuration;outside_cola_fragment,problems/benchmarks/synthetic/manifest.json,False,0,1,
synthetic,syn-dependent_bag_tuple-medium-06,wfomc,solved,485100,485100,1.468938,,,synthetic;stratified;stratum=dependent_bag_tuple;family=dependent_bag_tuple;difficulty=medium;domain=12;variant=6;seed=20260811;operatorcount=3;constraintcount=1;depth=2;bag;choose;tuple;set;membership;decomposition;dependent_configuration;outside_cola_fragment,problems/benchmarks/synthetic/manifest.json,True,0,0,
synthetic,syn-dependent_bag_tuple-medium-06,wfomc,solved,485100,485100,1.479801,,,synthetic;stratified;stratum=dependent_bag_tuple;family=dependent_bag_tuple;difficulty=medium;domain=12;variant=6;seed=20260811;operatorcount=3;constraintcount=1;depth=2;bag;choose;tuple;set;membership;decomposition;dependent_configuration;outside_cola_fragment,problems/benchmarks/synthetic/manifest.json,False,0,1,
synthetic,syn-nested_choice_chain-medium-02,wfomc,solved,18480,18480,0.502409,,,synthetic;stratified;stratum=nested_choice_chain;family=nested_choice_chain;difficulty=medium;domain=12;variant=2;seed=20260811;operatorcount=3;constraintcount=1;depth=3;set;choose;membership;dependent_configuration;outside_cola_fragment,problems/benchmarks/synthetic/manifest.json,True,0,0,
synthetic,syn-nested_choice_chain-medium-02,wfomc,solved,18480,18480,0.502960,,,synthetic;stratified;stratum=nested_choice_chain;family=nested_choice_chain;difficulty=medium;domain=12;variant=2;seed=20260811;operatorcount=3;constraintcount=1;depth=3;set;choose;membership;dependent_configuration;outside_cola_fragment,problems/benchmarks/synthetic/manifest.json,False,0,1,
synthetic,syn-nested_choice_chain-medium-06,wfomc,solved,92400,92400,0.502072,,,synthetic;stratified;stratum=nested_choice_chain;family=nested_choice_chain;difficulty=medium;domain=12;variant=6;seed=20260811;operatorcount=3;constraintcount=1;depth=3;set;choose;membership;dependent_configuration;outside_cola_fragment,problems/benchmarks/synthetic/manifest.json,True,0,0,
synthetic,syn-nested_choice_chain-medium-06,wfomc,solved,92400,92400,0.504631,,,synthetic;stratified;stratum=nested_choice_chain;family=nested_choice_chain;difficulty=medium;domain=12;variant=6;seed=20260811;operatorcount=3;constraintcount=1;depth=3;set;choose;membership;dependent_configuration;outside_cola_fragment,problems/benchmarks/synthetic/manifest.json,False,0,1,
synthetic,syn-dependent_selected_subsets-medium-02,wfomc,solved,23760,23760,0.536404,,,synthetic;stratified;stratum=dependent_selected_subsets;family=dependent_selected_subsets;difficulty=medium;domain=12;variant=2;seed=20260811;operatorcount=3;constraintcount=1;depth=2;set;choose;disjoint;dependent_configuration;outside_cola_fragment,problems/benchmarks/synthetic/manifest.json,True,0,0,
synthetic,syn-dependent_selected_subsets-medium-02,wfomc,solved,23760,23760,0.536562,,,synthetic;stratified;stratum=dependent_selected_subsets;family=dependent_selected_subsets;difficulty=medium;domain=12;variant=2;seed=20260811;operatorcount=3;constraintcount=1;depth=2;set;choose;disjoint;dependent_configuration;outside_cola_fragment,problems/benchmarks/synthetic/manifest.json,False,0,1,
synthetic,syn-dependent_selected_subsets-medium-06,wfomc,solved,55440,55440,0.531574,,,synthetic;stratified;stratum=dependent_selected_subsets;family=dependent_selected_subsets;difficulty=medium;domain=12;variant=6;seed=20260811;operatorcount=3;constraintcount=1;depth=2;set;choose;disjoint;dependent_configuration;outside_cola_fragment,problems/benchmarks/synthetic/manifest.json,True,0,0,
synthetic,syn-dependent_selected_subsets-medium-06,wfomc,solved,55440,55440,0.533685,,,synthetic;stratified;stratum=dependent_selected_subsets;family=dependent_selected_subsets;difficulty=medium;domain=12;variant=6;seed=20260811;operatorcount=3;constraintcount=1;depth=2;set;choose;disjoint;dependent_configuration;outside_cola_fragment,problems/benchmarks/synthetic/manifest.json,False,0,1,
synthetic,syn-set_choice_intersection-large-02,wfomc,solved,1960,1960,0.861913,,,synthetic;stratified;stratum=set_choice_intersection;family=set_choice_intersection;difficulty=large;domain=16;variant=2;seed=20260811;operatorcount=1;constraintcount=1;depth=1;set;choose;intersection;size,problems/benchmarks/synthetic/manifest.json,True,0,0,
synthetic,syn-set_choice_intersection-large-02,wfomc,solved,1960,1960,0.853850,,,synthetic;stratified;stratum=set_choice_intersection;family=set_choice_intersection;difficulty=large;domain=16;variant=2;seed=20260811;operatorcount=1;constraintcount=1;depth=1;set;choose;intersection;size,problems/benchmarks/synthetic/manifest.json,False,0,1,
synthetic,syn-set_choice_intersection-large-06,wfomc,solved,1260,1260,0.851052,,,synthetic;stratified;stratum=set_choice_intersection;family=set_choice_intersection;difficulty=large;domain=16;variant=6;seed=20260811;operatorcount=1;constraintcount=1;depth=1;set;choose;intersection;size,problems/benchmarks/synthetic/manifest.json,True,0,0,
synthetic,syn-set_choice_intersection-large-06,wfomc,solved,1260,1260,0.853008,,,synthetic;stratified;stratum=set_choice_intersection;family=set_choice_intersection;difficulty=large;domain=16;variant=6;seed=20260811;operatorcount=1;constraintcount=1;depth=1;set;choose;intersection;size,problems/benchmarks/synthetic/manifest.json,False,0,1,
synthetic,syn-bag_choice_multiplicity-large-02,wfomc,solved,220,220,0.490670,,,synthetic;stratified;stratum=bag_choice_multiplicity;family=bag_choice_multiplicity;difficulty=large;domain=16;variant=2;seed=20260811;operatorcount=1;constraintcount=1;depth=1;bag;choose;count,problems/benchmarks/synthetic/manifest.json,True,0,0,
synthetic,syn-bag_choice_multiplicity-large-02,wfomc,solved,220,220,0.490551,,,synthetic;stratified;stratum=bag_choice_multiplicity;family=bag_choice_multiplicity;difficulty=large;domain=16;variant=2;seed=20260811;operatorcount=1;constraintcount=1;depth=1;bag;choose;count,problems/benchmarks/synthetic/manifest.json,False,0,1,
synthetic,syn-bag_choice_multiplicity-large-06,wfomc,solved,2002,2002,0.490229,,,synthetic;stratified;stratum=bag_choice_multiplicity;family=bag_choice_multiplicity;difficulty=large;domain=16;variant=6;seed=20260811;operatorcount=1;constraintcount=1;depth=1;bag;choose;count,problems/benchmarks/synthetic/manifest.json,True,0,0,
synthetic,syn-bag_choice_multiplicity-large-06,wfomc,solved,2002,2002,0.490367,,,synthetic;stratified;stratum=bag_choice_multiplicity;family=bag_choice_multiplicity;difficulty=large;domain=16;variant=6;seed=20260811;operatorcount=1;constraintcount=1;depth=1;bag;choose;count,problems/benchmarks/synthetic/manifest.json,False,0,1,
synthetic,syn-set_tuple_position_count-large-02,wfomc,solved,13970880,13970880,1.510459,,,synthetic;stratified;stratum=set_tuple_position_count;family=set_tuple_position_count;difficulty=large;domain=16;variant=2;seed=20260811;operatorcount=1;constraintcount=2;depth=1;set;tuple;position;count,problems/benchmarks/synthetic/manifest.json,True,0,0,
synthetic,syn-set_tuple_position_count-large-02,wfomc,solved,13970880,13970880,1.508725,,,synthetic;stratified;stratum=set_tuple_position_count;family=set_tuple_position_count;difficulty=large;domain=16;variant=2;seed=20260811;operatorcount=1;constraintcount=2;depth=1;set;tuple;position;count,problems/benchmarks/synthetic/manifest.json,False,0,1,
synthetic,syn-set_tuple_position_count-large-06,wfomc,solved,6000,6000,1.501946,,,synthetic;stratified;stratum=set_tuple_position_count;family=set_tuple_position_count;difficulty=large;domain=16;variant=6;seed=20260811;operatorcount=1;constraintcount=2;depth=1;set;tuple;position;count,problems/benchmarks/synthetic/manifest.json,True,0,0,
synthetic,syn-set_tuple_position_count-large-06,wfomc,solved,6000,6000,1.498700,,,synthetic;stratified;stratum=set_tuple_position_count;family=set_tuple_position_count;difficulty=large;domain=16;variant=6;seed=20260811;operatorcount=1;constraintcount=2;depth=1;set;tuple;position;count,problems/benchmarks/synthetic/manifest.json,False,0,1,
synthetic,syn-bag_tuple_multiplicity-large-02,wfomc,solved,10080,10080,7.453288,,,synthetic;stratified;stratum=bag_tuple_multiplicity;family=bag_tuple_multiplicity;difficulty=large;domain=16;variant=2;seed=20260811;operatorcount=2;constraintcount=1;depth=1;bag;tuple;set;choose;membership;decomposition,problems/benchmarks/synthetic/manifest.json,True,0,0,
synthetic,syn-bag_tuple_multiplicity-large-02,wfomc,solved,10080,10080,6.667237,,,synthetic;stratified;stratum=bag_tuple_multiplicity;family=bag_tuple_multiplicity;difficulty=large;domain=16;variant=2;seed=20260811;operatorcount=2;constraintcount=1;depth=1;bag;tuple;set;choose;membership;decomposition,problems/benchmarks/synthetic/manifest.json,False,0,1,
synthetic,syn-bag_tuple_multiplicity-large-06,wfomc,solved,336336,336336,6.510204,,,synthetic;stratified;stratum=bag_tuple_multiplicity;family=bag_tuple_multiplicity;difficulty=large;domain=16;variant=6;seed=20260811;operatorcount=2;constraintcount=1;depth=1;bag;tuple;set;choose;membership;decomposition,problems/benchmarks/synthetic/manifest.json,True,0,0,
synthetic,syn-bag_tuple_multiplicity-large-06,wfomc,solved,336336,336336,6.599399,,,synthetic;stratified;stratum=bag_tuple_multiplicity;family=bag_tuple_multiplicity;difficulty=large;domain=16;variant=6;seed=20260811;operatorcount=2;constraintcount=1;depth=1;bag;tuple;set;choose;membership;decomposition,problems/benchmarks/synthetic/manifest.json,False,0,1,
synthetic,syn-set_sequence_patterns-large-02,wfomc,solved,1307674368000,1307674368000,0.484777,,,synthetic;stratified;stratum=set_sequence_patterns;family=set_sequence_patterns;difficulty=large;domain=16;variant=2;seed=20260811;operatorcount=1;constraintcount=2;depth=1;set;sequence;adjacency;order,problems/benchmarks/synthetic/manifest.json,True,0,0,
synthetic,syn-set_sequence_patterns-large-02,wfomc,solved,1307674368000,1307674368000,0.484882,,,synthetic;stratified;stratum=set_sequence_patterns;family=set_sequence_patterns;difficulty=large;domain=16;variant=2;seed=20260811;operatorcount=1;constraintcount=2;depth=1;set;sequence;adjacency;order,problems/benchmarks/synthetic/manifest.json,False,0,1,
synthetic,syn-set_sequence_patterns-large-06,wfomc,solved,326918592000,326918592000,0.815354,,,synthetic;stratified;stratum=set_sequence_patterns;family=set_sequence_patterns;difficulty=large;domain=16;variant=6;seed=20260811;operatorcount=1;constraintcount=4;depth=1;set;sequence;adjacency;order,problems/benchmarks/synthetic/manifest.json,True,0,0,
synthetic,syn-set_sequence_patterns-large-06,wfomc,solved,326918592000,326918592000,0.812123,,,synthetic;stratified;stratum=set_sequence_patterns;family=set_sequence_patterns;difficulty=large;domain=16;variant=6;seed=20260811;operatorcount=1;constraintcount=4;depth=1;set;sequence;adjacency;order,problems/benchmarks/synthetic/manifest.json,False,0,1,
synthetic,syn-bag_sequence_adjacency-large-02,wfomc,solved,1801800,1801800,3.611373,,,synthetic;stratified;stratum=bag_sequence_adjacency;family=bag_sequence_adjacency;difficulty=large;domain=16;variant=2;seed=20260811;operatorcount=1;constraintcount=1;depth=1;bag;sequence;adjacency,problems/benchmarks/synthetic/manifest.json,True,0,0,
synthetic,syn-bag_sequence_adjacency-large-02,wfomc,solved,1801800,1801800,3.646937,,,synthetic;stratified;stratum=bag_sequence_adjacency;family=bag_sequence_adjacency;difficulty=large;domain=16;variant=2;seed=20260811;operatorcount=1;constraintcount=1;depth=1;bag;sequence;adjacency,problems/benchmarks/synthetic/manifest.json,False,0,1,
synthetic,syn-bag_sequence_adjacency-large-06,wfomc,solved,2522520,2522520,3.615641,,,synthetic;stratified;stratum=bag_sequence_adjacency;family=bag_sequence_adjacency;difficulty=large;domain=16;variant=6;seed=20260811;operatorcount=1;constraintcount=1;depth=1;bag;sequence;adjacency,problems/benchmarks/synthetic/manifest.json,True,0,0,
synthetic,syn-bag_sequence_adjacency-large-06,wfomc,solved,2522520,2522520,3.613487,,,synthetic;stratified;stratum=bag_sequence_adjacency;family=bag_sequence_adjacency;difficulty=large;domain=16;variant=6;seed=20260811;operatorcount=1;constraintcount=1;depth=1;bag;sequence;adjacency,problems/benchmarks/synthetic/manifest.json,False,0,1,
synthetic,syn-set_partition_min_size-large-02,wfomc,solved,3741738,3741738,0.772887,,,synthetic;stratified;stratum=set_partition_min_size;family=set_partition_min_size;difficulty=large;domain=16;variant=2;seed=20260811;operatorcount=1;constraintcount=1;depth=1;set;partition;size,problems/benchmarks/synthetic/manifest.json,True,0,0,
synthetic,syn-set_partition_min_size-large-02,wfomc,solved,3741738,3741738,0.774427,,,synthetic;stratified;stratum=set_partition_min_size;family=set_partition_min_size;difficulty=large;domain=16;variant=2;seed=20260811;operatorcount=1;constraintcount=1;depth=1;set;partition;size,problems/benchmarks/synthetic/manifest.json,False,0,1,
synthetic,syn-set_partition_min_size-large-06,wfomc,solved,32631,32631,0.722493,,,synthetic;stratified;stratum=set_partition_min_size;family=set_partition_min_size;difficulty=large;domain=16;variant=6;seed=20260811;operatorcount=1;constraintcount=1;depth=1;set;partition;size,problems/benchmarks/synthetic/manifest.json,True,0,0,
synthetic,syn-set_partition_min_size-large-06,wfomc,solved,32631,32631,0.714261,,,synthetic;stratified;stratum=set_partition_min_size;family=set_partition_min_size;difficulty=large;domain=16;variant=6;seed=20260811;operatorcount=1;constraintcount=1;depth=1;set;partition;size,problems/benchmarks/synthetic/manifest.json,False,0,1,
synthetic,syn-set_composition_sizes-large-02,wfomc,solved,80080,80080,0.850630,,,synthetic;stratified;stratum=set_composition_sizes;family=set_composition_sizes;difficulty=large;domain=16;variant=2;seed=20260811;operatorcount=1;constraintcount=3;depth=1;set;composition;size,problems/benchmarks/synthetic/manifest.json,True,0,0,
synthetic,syn-set_composition_sizes-large-02,wfomc,solved,80080,80080,0.854732,,,synthetic;stratified;stratum=set_composition_sizes;family=set_composition_sizes;difficulty=large;domain=16;variant=2;seed=20260811;operatorcount=1;constraintcount=3;depth=1;set;composition;size,problems/benchmarks/synthetic/manifest.json,False,0,1,
synthetic,syn-set_composition_sizes-large-06,wfomc,solved,8008,8008,0.776196,,,synthetic;stratified;stratum=set_composition_sizes;family=set_composition_sizes;difficulty=large;domain=16;variant=6;seed=20260811;operatorcount=1;constraintcount=2;depth=1;set;composition;size,problems/benchmarks/synthetic/manifest.json,True,0,0,
synthetic,syn-set_composition_sizes-large-06,wfomc,solved,8008,8008,0.770558,,,synthetic;stratified;stratum=set_composition_sizes;family=set_composition_sizes;difficulty=large;domain=16;variant=6;seed=20260811;operatorcount=1;constraintcount=2;depth=1;set;composition;size,problems/benchmarks/synthetic/manifest.json,False,0,1,
synthetic,syn-dependent_choice_disjoint-large-02,wfomc,solved,1201200,1201200,0.468559,,,synthetic;stratified;stratum=dependent_choice_disjoint;family=dependent_choice_disjoint;difficulty=large;domain=16;variant=2;seed=20260811;operatorcount=3;constraintcount=1;depth=2;set;choose;disjoint;dependent_configuration;outside_cola_fragment,problems/benchmarks/synthetic/manifest.json,True,0,0,
synthetic,syn-dependent_choice_disjoint-large-02,wfomc,solved,1201200,1201200,0.470212,,,synthetic;stratified;stratum=dependent_choice_disjoint;family=dependent_choice_disjoint;difficulty=large;domain=16;variant=2;seed=20260811;operatorcount=3;constraintcount=1;depth=2;set;choose;disjoint;dependent_configuration;outside_cola_fragment,problems/benchmarks/synthetic/manifest.json,False,0,1,
synthetic,syn-dependent_choice_disjoint-large-06,wfomc,solved,21840,21840,0.470046,,,synthetic;stratified;stratum=dependent_choice_disjoint;family=dependent_choice_disjoint;difficulty=large;domain=16;variant=6;seed=20260811;operatorcount=3;constraintcount=1;depth=2;set;choose;disjoint;dependent_configuration;outside_cola_fragment,problems/benchmarks/synthetic/manifest.json,True,0,0,
synthetic,syn-dependent_choice_disjoint-large-06,wfomc,solved,21840,21840,0.465737,,,synthetic;stratified;stratum=dependent_choice_disjoint;family=dependent_choice_disjoint;difficulty=large;domain=16;variant=6;seed=20260811;operatorcount=3;constraintcount=1;depth=2;set;choose;disjoint;dependent_configuration;outside_cola_fragment,problems/benchmarks/synthetic/manifest.json,False,0,1,
synthetic,syn-dependent_tuple_position_count-large-02,wfomc,solved,1058400,1058400,1.144669,,,synthetic;stratified;stratum=dependent_tuple_position_count;family=dependent_tuple_position_count;difficulty=large;domain=16;variant=2;seed=20260811;operatorcount=2;constraintcount=2;depth=2;set;choose;tuple;position;count;dependent_configuration;outside_cola_fragment,problems/benchmarks/synthetic/manifest.json,True,0,0,
synthetic,syn-dependent_tuple_position_count-large-02,wfomc,solved,1058400,1058400,1.155033,,,synthetic;stratified;stratum=dependent_tuple_position_count;family=dependent_tuple_position_count;difficulty=large;domain=16;variant=2;seed=20260811;operatorcount=2;constraintcount=2;depth=2;set;choose;tuple;position;count;dependent_configuration;outside_cola_fragment,problems/benchmarks/synthetic/manifest.json,False,0,1,
synthetic,syn-dependent_tuple_position_count-large-06,wfomc,solved,33600,33600,1.134911,,,synthetic;stratified;stratum=dependent_tuple_position_count;family=dependent_tuple_position_count;difficulty=large;domain=16;variant=6;seed=20260811;operatorcount=2;constraintcount=2;depth=2;set;choose;tuple;position;count;dependent_configuration;outside_cola_fragment,problems/benchmarks/synthetic/manifest.json,True,0,0,
synthetic,syn-dependent_tuple_position_count-large-06,wfomc,solved,33600,33600,1.138245,,,synthetic;stratified;stratum=dependent_tuple_position_count;family=dependent_tuple_position_count;difficulty=large;domain=16;variant=6;seed=20260811;operatorcount=2;constraintcount=2;depth=2;set;choose;tuple;position;count;dependent_configuration;outside_cola_fragment,problems/benchmarks/synthetic/manifest.json,False,0,1,
synthetic,syn-dependent_sequence_patterns-large-02,wfomc,solved,80640,80640,1.546037,,,synthetic;stratified;stratum=dependent_sequence_patterns;family=dependent_sequence_patterns;difficulty=large;domain=16;variant=2;seed=20260811;operatorcount=2;constraintcount=12;depth=2;set;choose;sequence;adjacency;order;dependent_configuration;outside_cola_fragment,problems/benchmarks/synthetic/manifest.json,True,0,0,
synthetic,syn-dependent_sequence_patterns-large-02,wfomc,solved,80640,80640,1.563670,,,synthetic;stratified;stratum=dependent_sequence_patterns;family=dependent_sequence_patterns;difficulty=large;domain=16;variant=2;seed=20260811;operatorcount=2;constraintcount=12;depth=2;set;choose;sequence;adjacency;order;dependent_configuration;outside_cola_fragment,problems/benchmarks/synthetic/manifest.json,False,0,1,
synthetic,syn-dependent_sequence_patterns-large-06,wfomc,solved,1260,1260,1.569001,,,synthetic;stratified;stratum=dependent_sequence_patterns;family=dependent_sequence_patterns;difficulty=large;domain=16;variant=6;seed=20260811;operatorcount=2;constraintcount=12;depth=2;set;choose;sequence;adjacency;order;dependent_configuration;outside_cola_fragment,problems/benchmarks/synthetic/manifest.json,True,0,0,
synthetic,syn-dependent_sequence_patterns-large-06,wfomc,solved,1260,1260,1.590801,,,synthetic;stratified;stratum=dependent_sequence_patterns;family=dependent_sequence_patterns;difficulty=large;domain=16;variant=6;seed=20260811;operatorcount=2;constraintcount=12;depth=2;set;choose;sequence;adjacency;order;dependent_configuration;outside_cola_fragment,problems/benchmarks/synthetic/manifest.json,False,0,1,
synthetic,syn-dependent_partition_min_size-large-02,wfomc,solved,273112840,273112840,0.960261,,,synthetic;stratified;stratum=dependent_partition_min_size;family=dependent_partition_min_size;difficulty=large;domain=16;variant=2;seed=20260811;operatorcount=2;constraintcount=1;depth=2;set;choose;partition;size;dependent_configuration;outside_cola_fragment,problems/benchmarks/synthetic/manifest.json,True,0,0,
synthetic,syn-dependent_partition_min_size-large-02,wfomc,solved,273112840,273112840,0.960838,,,synthetic;stratified;stratum=dependent_partition_min_size;family=dependent_partition_min_size;difficulty=large;domain=16;variant=2;seed=20260811;operatorcount=2;constraintcount=1;depth=2;set;choose;partition;size;dependent_configuration;outside_cola_fragment,problems/benchmarks/synthetic/manifest.json,False,0,1,
synthetic,syn-dependent_partition_min_size-large-06,wfomc,solved,75675600,75675600,0.962741,,,synthetic;stratified;stratum=dependent_partition_min_size;family=dependent_partition_min_size;difficulty=large;domain=16;variant=6;seed=20260811;operatorcount=2;constraintcount=1;depth=2;set;choose;partition;size;dependent_configuration;outside_cola_fragment,problems/benchmarks/synthetic/manifest.json,True,0,0,
synthetic,syn-dependent_partition_min_size-large-06,wfomc,solved,75675600,75675600,0.967366,,,synthetic;stratified;stratum=dependent_partition_min_size;family=dependent_partition_min_size;difficulty=large;domain=16;variant=6;seed=20260811;operatorcount=2;constraintcount=1;depth=2;set;choose;partition;size;dependent_configuration;outside_cola_fragment,problems/benchmarks/synthetic/manifest.json,False,0,1,
synthetic,syn-dependent_composition_sizes-large-02,wfomc,solved,1816214400,1816214400,1.284594,,,synthetic;stratified;stratum=dependent_composition_sizes;family=dependent_composition_sizes;difficulty=large;domain=16;variant=2;seed=20260811;operatorcount=2;constraintcount=5;depth=2;set;choose;composition;size;dependent_configuration;outside_cola_fragment,problems/benchmarks/synthetic/manifest.json,True,0,0,
synthetic,syn-dependent_composition_sizes-large-02,wfomc,solved,1816214400,1816214400,1.274434,,,synthetic;stratified;stratum=dependent_composition_sizes;family=dependent_composition_sizes;difficulty=large;domain=16;variant=2;seed=20260811;operatorcount=2;constraintcount=5;depth=2;set;choose;composition;size;dependent_configuration;outside_cola_fragment,problems/benchmarks/synthetic/manifest.json,False,0,1,
synthetic,syn-dependent_composition_sizes-large-06,wfomc,solved,960960,960960,0.825189,,,synthetic;stratified;stratum=dependent_composition_sizes;family=dependent_composition_sizes;difficulty=large;domain=16;variant=6;seed=20260811;operatorcount=2;constraintcount=2;depth=2;set;choose;composition;size;dependent_configuration;outside_cola_fragment,problems/benchmarks/synthetic/manifest.json,True,0,0,
synthetic,syn-dependent_composition_sizes-large-06,wfomc,solved,960960,960960,0.831341,,,synthetic;stratified;stratum=dependent_composition_sizes;family=dependent_composition_sizes;difficulty=large;domain=16;variant=6;seed=20260811;operatorcount=2;constraintcount=2;depth=2;set;choose;composition;size;dependent_configuration;outside_cola_fragment,problems/benchmarks/synthetic/manifest.json,False,0,1,
synthetic,syn-dependent_bag_tuple-large-02,wfomc,solved,21840,21840,6.671845,,,synthetic;stratified;stratum=dependent_bag_tuple;family=dependent_bag_tuple;difficulty=large;domain=16;variant=2;seed=20260811;operatorcount=3;constraintcount=1;depth=2;bag;choose;tuple;set;membership;decomposition;dependent_configuration;outside_cola_fragment,problems/benchmarks/synthetic/manifest.json,True,0,0,
synthetic,syn-dependent_bag_tuple-large-02,wfomc,solved,21840,21840,6.676492,,,synthetic;stratified;stratum=dependent_bag_tuple;family=dependent_bag_tuple;difficulty=large;domain=16;variant=2;seed=20260811;operatorcount=3;constraintcount=1;depth=2;bag;choose;tuple;set;membership;decomposition;dependent_configuration;outside_cola_fragment,problems/benchmarks/synthetic/manifest.json,False,0,1,
synthetic,syn-dependent_bag_tuple-large-06,wfomc,solved,327600,327600,6.657145,,,synthetic;stratified;stratum=dependent_bag_tuple;family=dependent_bag_tuple;difficulty=large;domain=16;variant=6;seed=20260811;operatorcount=3;constraintcount=1;depth=2;bag;choose;tuple;set;membership;decomposition;dependent_configuration;outside_cola_fragment,problems/benchmarks/synthetic/manifest.json,True,0,0,
synthetic,syn-dependent_bag_tuple-large-06,wfomc,solved,327600,327600,6.650543,,,synthetic;stratified;stratum=dependent_bag_tuple;family=dependent_bag_tuple;difficulty=large;domain=16;variant=6;seed=20260811;operatorcount=3;constraintcount=1;depth=2;bag;choose;tuple;set;membership;decomposition;dependent_configuration;outside_cola_fragment,problems/benchmarks/synthetic/manifest.json,False,0,1,
synthetic,syn-nested_choice_chain-large-02,wfomc,solved,1081080,1081080,0.457213,,,synthetic;stratified;stratum=nested_choice_chain;family=nested_choice_chain;difficulty=large;domain=16;variant=2;seed=20260811;operatorcount=3;constraintcount=1;depth=3;set;choose;membership;dependent_configuration;outside_cola_fragment,problems/benchmarks/synthetic/manifest.json,True,0,0,
synthetic,syn-nested_choice_chain-large-02,wfomc,solved,1081080,1081080,0.460188,,,synthetic;stratified;stratum=nested_choice_chain;family=nested_choice_chain;difficulty=large;domain=16;variant=2;seed=20260811;operatorcount=3;constraintcount=1;depth=3;set;choose;membership;dependent_configuration;outside_cola_fragment,problems/benchmarks/synthetic/manifest.json,False,0,1,
synthetic,syn-nested_choice_chain-large-06,wfomc,solved,27300,27300,0.456458,,,synthetic;stratified;stratum=nested_choice_chain;family=nested_choice_chain;difficulty=large;domain=16;variant=6;seed=20260811;operatorcount=3;constraintcount=1;depth=3;set;choose;membership;dependent_configuration;outside_cola_fragment,problems/benchmarks/synthetic/manifest.json,True,0,0,
synthetic,syn-nested_choice_chain-large-06,wfomc,solved,27300,27300,0.458576,,,synthetic;stratified;stratum=nested_choice_chain;family=nested_choice_chain;difficulty=large;domain=16;variant=6;seed=20260811;operatorcount=3;constraintcount=1;depth=3;set;choose;membership;dependent_configuration;outside_cola_fragment,problems/benchmarks/synthetic/manifest.json,False,0,1,
synthetic,syn-dependent_selected_subsets-large-02,wfomc,solved,2402400,2402400,0.492535,,,synthetic;stratified;stratum=dependent_selected_subsets;family=dependent_selected_subsets;difficulty=large;domain=16;variant=2;seed=20260811;operatorcount=3;constraintcount=1;depth=2;set;choose;disjoint;dependent_configuration;outside_cola_fragment,problems/benchmarks/synthetic/manifest.json,True,0,0,
synthetic,syn-dependent_selected_subsets-large-02,wfomc,solved,2402400,2402400,0.499770,,,synthetic;stratified;stratum=dependent_selected_subsets;family=dependent_selected_subsets;difficulty=large;domain=16;variant=2;seed=20260811;operatorcount=3;constraintcount=1;depth=2;set;choose;disjoint;dependent_configuration;outside_cola_fragment,problems/benchmarks/synthetic/manifest.json,False,0,1,
synthetic,syn-dependent_selected_subsets-large-06,wfomc,solved,240240,240240,0.491413,,,synthetic;stratified;stratum=dependent_selected_subsets;family=dependent_selected_subsets;difficulty=large;domain=16;variant=6;seed=20260811;operatorcount=3;constraintcount=1;depth=2;set;choose;disjoint;dependent_configuration;outside_cola_fragment,problems/benchmarks/synthetic/manifest.json,True,0,0,
synthetic,syn-dependent_selected_subsets-large-06,wfomc,solved,240240,240240,0.491822,,,synthetic;stratified;stratum=dependent_selected_subsets;family=dependent_selected_subsets;difficulty=large;domain=16;variant=6;seed=20260811;operatorcount=3;constraintcount=1;depth=2;set;choose;disjoint;dependent_configuration;outside_cola_fragment,problems/benchmarks/synthetic/manifest.json,False,0,1,
real,2,wfomc,solved,23,23,0.785006,,,bag;choose;size constraint;benchmark,problems/real/corpus.json,False,0,0,
real,2,wfomc,solved,23,23,0.796262,,,bag;choose;size constraint;benchmark,problems/real/corpus.json,True,0,1,
real,6,wfomc,solved,200,200,0.963802,,,bag;composition;index;size constraint;benchmark,problems/real/corpus.json,False,0,0,
real,6,wfomc,solved,200,200,0.966155,,,bag;composition;index;size constraint;benchmark,problems/real/corpus.json,True,0,1,
real,13,wfomc,solved,6,6,0.418725,,,bag;composition,problems/real/corpus.json,False,0,0,
real,13,wfomc,solved,6,6,0.423080,,,bag;composition,problems/real/corpus.json,True,0,1,
real,19,wfomc,solved,4,4,0.465537,,,bag;partition,problems/real/corpus.json,False,0,0,
real,19,wfomc,solved,4,4,0.468317,,,bag;partition,problems/real/corpus.json,True,0,1,
real,23,wfomc,solved,10080,10080,0.377026,,,set;sequence;together,problems/real/corpus.json,False,0,0,
real,23,wfomc,solved,10080,10080,0.379350,,,set;sequence;together,problems/real/corpus.json,True,0,1,
real,27,wfomc,solved,15,15,0.359410,,,set;choose,problems/real/corpus.json,False,0,0,
real,27,wfomc,solved,15,15,0.359131,,,set;choose,problems/real/corpus.json,True,0,1,
real,31,wfomc,solved,12,12,0.392592,,,set;sequence;next_to;not constraint;benchmark,problems/real/corpus.json,False,0,0,
real,31,wfomc,solved,12,12,0.394177,,,set;sequence;next_to;not constraint;benchmark,problems/real/corpus.json,True,0,1,
real,36,wfomc,solved,240,240,0.501627,,,set;tuple;index;in,problems/real/corpus.json,False,0,0,
real,36,wfomc,solved,240,240,0.511479,,,set;tuple;index;in,problems/real/corpus.json,True,0,1,
real,42,wfomc,solved,17280,17280,0.381635,,,set;sequence;together,problems/real/corpus.json,False,0,0,
real,42,wfomc,solved,17280,17280,0.386008,,,set;sequence;together,problems/real/corpus.json,True,0,1,
real,46,wfomc,solved,25,25,1.810594,,,bag;tuple;index;compare element;or constraint;benchmark,problems/real/corpus.json,False,0,0,
real,46,wfomc,solved,25,25,1.801339,,,bag;tuple;index;compare element;or constraint;benchmark,problems/real/corpus.json,True,0,1,
real,55,wfomc,solved,18,18,0.431219,,,set;tuple;index;not constraint;compare element,problems/real/corpus.json,False,0,0,
real,55,wfomc,solved,18,18,0.435660,,,set;tuple;index;not constraint;compare element,problems/real/corpus.json,True,0,1,
real,59,wfomc,solved,10,10,0.356857,,,set;choose,problems/real/corpus.json,False,0,0,
real,59,wfomc,solved,10,10,0.360642,,,set;choose,problems/real/corpus.json,True,0,1,
real,63,wfomc,solved,220,220,0.360521,,,set;choose,problems/real/corpus.json,False,0,0,
real,63,wfomc,solved,220,220,0.395057,,,set;choose,problems/real/corpus.json,True,0,1,
real,69,wfomc,solved,840,840,0.909385,,,bag;tuple,problems/real/corpus.json,False,0,0,
real,69,wfomc,solved,840,840,0.844387,,,bag;tuple,problems/real/corpus.json,True,0,1,
real,73,wfomc,solved,48,48,0.904723,,,bag;tuple;choose_permute;in,problems/real/corpus.json,False,0,0,
real,73,wfomc,solved,48,48,0.891754,,,bag;tuple;choose_permute;in,problems/real/corpus.json,True,0,1,
real,78,wfomc,solved,1414,1414,0.807146,,,set;choose;intersection;size constraint,problems/real/corpus.json,False,0,0,
real,78,wfomc,solved,1414,1414,0.813222,,,set;choose;intersection;size constraint,problems/real/corpus.json,True,0,1,
real,84,wfomc,solved,28,28,0.359490,,,set;choose,problems/real/corpus.json,False,0,0,
real,84,wfomc,solved,28,28,0.357331,,,set;choose,problems/real/corpus.json,True,0,1,
real,91,wfomc,solved,771400,771400,0.433322,,,set;choose;multiple choosing,problems/real/corpus.json,False,0,0,
real,91,wfomc,solved,771400,771400,0.423109,,,set;choose;multiple choosing,problems/real/corpus.json,True,0,1,
real,95,wfomc,solved,6,6,0.831692,,,bag;tuple;index;compare element;not constraint,problems/real/corpus.json,False,0,0,
real,95,wfomc,solved,6,6,0.826691,,,bag;tuple;index;compare element;not constraint,problems/real/corpus.json,True,0,1,
real,99,wfomc,solved,360,360,0.354785,,,set;sequence;leq,problems/real/corpus.json,False,0,0,
real,99,wfomc,solved,360,360,0.355610,,,set;sequence;leq,problems/real/corpus.json,True,0,1,
real,103,wfomc,solved,495,495,0.357114,,,set;choose,problems/real/corpus.json,False,0,0,
real,103,wfomc,solved,495,495,0.358677,,,set;choose,problems/real/corpus.json,True,0,1,
real,107,wfomc,solved,15,15,0.448171,,,bag;composition,problems/real/corpus.json,False,0,0,
real,107,wfomc,solved,15,15,0.443702,,,bag;composition,problems/real/corpus.json,True,0,1,
real,111,wfomc,solved,3,3,0.426714,,,bag;partition,problems/real/corpus.json,False,0,0,
real,111,wfomc,solved,3,3,0.422739,,,bag;partition,problems/real/corpus.json,True,0,1,
real,117,wfomc,solved,5,5,0.473976,,,bag;partition,problems/real/corpus.json,False,0,0,
real,117,wfomc,solved,5,5,0.472449,,,bag;partition,problems/real/corpus.json,True,0,1,
real,121,wfomc,solved,4,4,0.817886,,,set;choose;or constraint;subset,problems/real/corpus.json,False,0,0,
real,121,wfomc,solved,4,4,0.819276,,,set;choose;or constraint;subset,problems/real/corpus.json,True,0,1,
real,127,wfomc,solved,43,43,0.864638,,,bag;tuple;choose_permute,problems/real/corpus.json,False,0,0,
real,127,wfomc,solved,43,43,0.867394,,,bag;tuple;choose_permute,problems/real/corpus.json,True,0,1,
real,131,wfomc,solved,1512,1512,0.817253,,,set;choose_permute;tuple;index;in,problems/real/corpus.json,False,0,0,
real,131,wfomc,solved,1512,1512,0.814069,,,set;choose_permute;tuple;index;in,problems/real/corpus.json,True,0,1,
real,135,wfomc,solved,60,60,0.357002,,,set;sequence;leq,problems/real/corpus.json,False,0,0,
real,135,wfomc,solved,60,60,0.353309,,,set;sequence;leq,problems/real/corpus.json,True,0,1,
real,141,wfomc,solved,120,120,0.401606,,,set;choose;subset,problems/real/corpus.json,False,0,0,
real,141,wfomc,solved,120,120,0.403936,,,set;choose;subset,problems/real/corpus.json,True,0,1,
real,145,wfomc,solved,59049,59049,0.453888,,,set;composition,problems/real/corpus.json,False,0,0,
real,145,wfomc,solved,59049,59049,0.410459,,,set;composition,problems/real/corpus.json,True,0,1,
real,151,wfomc,solved,180,180,0.990608,,,set;choose;multiple choosing;subset;or constraint,problems/real/corpus.json,False,0,0,
real,151,wfomc,solved,180,180,0.990225,,,set;choose;multiple choosing;subset;or constraint,problems/real/corpus.json,True,0,1,
real,157,wfomc,solved,156,156,0.430567,,,set;choose;not constraint;subset,problems/real/corpus.json,False,0,0,
real,157,wfomc,solved,156,156,0.433528,,,set;choose;not constraint;subset,problems/real/corpus.json,True,0,1,
real,162,wfomc,solved,56,56,0.359685,,,set;choose,problems/real/corpus.json,False,0,0,
real,162,wfomc,solved,56,56,0.360704,,,set;choose,problems/real/corpus.json,True,0,1,
real,166,wfomc,solved,58500,58500,0.891735,,,set;choose_permute;tuple;multiple choosing,problems/real/corpus.json,False,0,0,
real,166,wfomc,solved,58500,58500,0.891246,,,set;choose_permute;tuple;multiple choosing,problems/real/corpus.json,True,0,1,
real,170,wfomc,solved,325,325,0.750124,,,set;choose;intersection;size constraint,problems/real/corpus.json,False,0,0,
real,170,wfomc,solved,325,325,0.757186,,,set;choose;intersection;size constraint,problems/real/corpus.json,True,0,1,
real,175,wfomc,solved,3600,3600,0.392047,,,set;sequence;next_to;not constraint,problems/real/corpus.json,False,0,0,
real,175,wfomc,solved,3600,3600,0.391357,,,set;sequence;next_to;not constraint,problems/real/corpus.json,True,0,1,
real,180,wfomc,solved,37,37,0.423231,,,set;choose_replace_permute;tuple;in,problems/real/corpus.json,False,0,0,
real,180,wfomc,solved,37,37,0.425486,,,set;choose_replace_permute;tuple;in,problems/real/corpus.json,True,0,1,
real,184,wfomc,solved,70,70,0.358693,,,set;choose,problems/real/corpus.json,False,0,0,
real,184,wfomc,solved,70,70,0.358918,,,set;choose,problems/real/corpus.json,True,0,1,
real,188,wfomc,solved,351,351,1.052833,,,set;choose;choose_replace;additive union;size constraint,problems/real/corpus.json,False,0,0,
real,188,wfomc,solved,351,351,1.057041,,,set;choose;choose_replace;additive union;size constraint,problems/real/corpus.json,True,0,1,
real,192,wfomc,solved,31250,31250,1.493524,,,bag;sequence;TAG;timeout;pred;succ,problems/real/corpus.json,False,0,0,
real,192,wfomc,solved,31250,31250,1.494923,,,bag;sequence;TAG;timeout;pred;succ,problems/real/corpus.json,True,0,1,
real,199,wfomc,solved,180,180,0.938729,,,bag;tuple,problems/real/corpus.json,False,0,0,
real,199,wfomc,solved,180,180,0.937108,,,bag;tuple,problems/real/corpus.json,True,0,1,
real,203,wfomc,solved,8788,8788,1.045755,,,set;choose;subset;not constraint,problems/real/corpus.json,False,0,0,
real,203,wfomc,solved,8788,8788,1.054551,,,set;choose;subset;not constraint,problems/real/corpus.json,True,0,1,
real,209,wfomc,solved,210,210,1.145002,,,bag;tuple,problems/real/corpus.json,False,0,0,
real,209,wfomc,solved,210,210,1.144226,,,bag;tuple,problems/real/corpus.json,True,0,1,
real,216,wfomc,solved,448,448,0.490060,,,set;choose;tuple;not constraint;in,problems/real/corpus.json,False,0,0,
real,216,wfomc,solved,448,448,0.481904,,,set;choose;tuple;not constraint;in,problems/real/corpus.json,True,0,1,
real,223,wfomc,solved,120,120,0.796669,,,bag;tuple,problems/real/corpus.json,False,0,0,
real,223,wfomc,solved,120,120,0.784910,,,bag;tuple,problems/real/corpus.json,True,0,1,
real,230,wfomc,solved,495,495,0.357780,,,set;choose,problems/real/corpus.json,False,0,0,
real,230,wfomc,solved,495,495,0.355605,,,set;choose,problems/real/corpus.json,True,0,1,
real,234,wfomc,solved,65,65,0.775567,,,bag;choose;size constraint,problems/real/corpus.json,False,0,0,
real,234,wfomc,solved,65,65,0.764197,,,bag;choose;size constraint,problems/real/corpus.json,True,0,1,
real,241,wfomc,solved,6,6,0.398710,,,set;tuple,problems/real/corpus.json,False,0,0,
real,241,wfomc,solved,6,6,0.394238,,,set;tuple,problems/real/corpus.json,True,0,1,
real,245,wfomc,solved,35,35,0.354537,,,set;choose,problems/real/corpus.json,False,0,0,
real,245,wfomc,solved,35,35,0.361650,,,set;choose,problems/real/corpus.json,True,0,1,
real,250,wfomc,solved,29,29,1.039904,,,set;choose;multiple choosing;intersection;size constraint,problems/real/corpus.json,False,0,0,
real,250,wfomc,solved,29,29,1.039328,,,set;choose;multiple choosing;intersection;size constraint,problems/real/corpus.json,True,0,1,
real,255,wfomc,solved,50,50,0.967479,,,bag;tuple;index;not constraint;compare element,problems/real/corpus.json,False,0,0,
real,255,wfomc,solved,50,50,0.972224,,,bag;tuple;index;not constraint;compare element,problems/real/corpus.json,True,0,1,
real,261,wfomc,solved,10,10,0.357612,,,set;choose,problems/real/corpus.json,False,0,0,
real,261,wfomc,solved,10,10,0.358467,,,set;choose,problems/real/corpus.json,True,0,1,
real,266,wfomc,solved,210,210,0.394835,,,set;choose,problems/real/corpus.json,False,0,0,
real,266,wfomc,solved,210,210,0.386078,,,set;choose,problems/real/corpus.json,True,0,1,
real,273,wfomc,solved,4,4,0.356900,,,set;choose;size constraint,problems/real/corpus.json,False,0,0,
real,273,wfomc,solved,4,4,0.361684,,,set;choose;size constraint,problems/real/corpus.json,True,0,1,
real,278,wfomc,solved,1951,1951,0.441110,,,set;tuple;choose_replace_permute;in,problems/real/corpus.json,False,0,0,
real,278,wfomc,solved,1951,1951,0.439823,,,set;tuple;choose_replace_permute;in,problems/real/corpus.json,True,0,1,
real,285,wfomc,solved,14,14,0.416134,,,set;partition,problems/real/corpus.json,False,0,0,
real,285,wfomc,solved,14,14,0.422683,,,set;partition,problems/real/corpus.json,True,0,1,
real,290,wfomc,solved,60,60,0.791162,,,bag;tuple,problems/real/corpus.json,False,0,0,
real,290,wfomc,solved,60,60,0.787281,,,bag;tuple,problems/real/corpus.json,True,0,1,
real,295,wfomc,solved,41,41,0.419624,,,set;partition,problems/real/corpus.json,False,0,0,
real,295,wfomc,solved,41,41,0.412552,,,set;partition,problems/real/corpus.json,True,0,1,
real,299,wfomc,solved,420,420,0.860968,,,set;composition;index;size constraint;in,problems/real/corpus.json,False,0,0,
real,299,wfomc,solved,420,420,0.861028,,,set;composition;index;size constraint;in,problems/real/corpus.json,True,0,1,
real,304,wfomc,solved,1848,1848,0.752611,,,set;choose;intersection;size constraint,problems/real/corpus.json,False,0,0,
real,304,wfomc,solved,1848,1848,0.750251,,,set;choose;intersection;size constraint,problems/real/corpus.json,True,0,1,
real,308,wfomc,timeout,,33800000,100.100155,TimeoutError,Timed out after 100.000s,set;sequence;TAG;choose_replace;next_to;timeout,problems/real/corpus.json,False,0,0,
real,308,wfomc,timeout,,33800000,100.102420,TimeoutError,Timed out after 100.000s,set;sequence;TAG;choose_replace;next_to;timeout,problems/real/corpus.json,True,0,1,
real,375,wfomc,solved,728,728,1.061131,,,set;choose_replace_permute;tuple;index;in;supp;size constraint,problems/real/corpus.json,False,0,0,
real,375,wfomc,solved,728,728,1.078674,,,set;choose_replace_permute;tuple;index;in;supp;size constraint,problems/real/corpus.json,True,0,1,
growing,mathcounts_020,wfomc,solved,2569,2569,0.966982,,,mathcounts;bag;choose;count;growing;family=mathcounts;domain=20,MATHCOUNTS bag choose,False,0,0,
growing,mathcounts_020,wfomc,solved,2569,2569,0.963858,,,mathcounts;bag;choose;count;growing;family=mathcounts;domain=20,MATHCOUNTS bag choose,True,0,1,
growing,mathcounts_040,wfomc,solved,49375,49375,0.973363,,,mathcounts;bag;choose;count;growing;family=mathcounts;domain=40,MATHCOUNTS bag choose,False,0,0,
growing,mathcounts_040,wfomc,solved,49375,49375,0.973351,,,mathcounts;bag;choose;count;growing;family=mathcounts;domain=40,MATHCOUNTS bag choose,True,0,1,
growing,mathcounts_060,wfomc,solved,266494,266494,0.984812,,,mathcounts;bag;choose;count;growing;family=mathcounts;domain=60,MATHCOUNTS bag choose,False,0,0,
growing,mathcounts_060,wfomc,solved,266494,266494,0.995222,,,mathcounts;bag;choose;count;growing;family=mathcounts;domain=60,MATHCOUNTS bag choose,True,0,1,
growing,mathcounts_080,wfomc,solved,904579,904579,1.006217,,,mathcounts;bag;choose;count;growing;family=mathcounts;domain=80,MATHCOUNTS bag choose,False,0,0,
growing,mathcounts_080,wfomc,solved,904579,904579,0.994387,,,mathcounts;bag;choose;count;growing;family=mathcounts;domain=80,MATHCOUNTS bag choose,True,0,1,
growing,mathcounts_100,wfomc,solved,2235025,2235025,1.016094,,,mathcounts;bag;choose;count;growing;family=mathcounts;domain=100,MATHCOUNTS bag choose,False,0,0,
growing,mathcounts_100,wfomc,solved,2235025,2235025,1.014806,,,mathcounts;bag;choose;count;growing;family=mathcounts;domain=100,MATHCOUNTS bag choose,True,0,1,
growing,fourletter_020,wfomc,solved,918,918,0.930235,,,fourletter;set;tuple;position;count;growing;family=fourletter;domain=20,four-letter arrangements,False,0,0,
growing,fourletter_020,wfomc,solved,918,918,0.930610,,,fourletter;set;tuple;position;count;growing;family=fourletter;domain=20,four-letter arrangements,True,0,1,
growing,fourletter_040,wfomc,solved,4218,4218,0.980577,,,fourletter;set;tuple;position;count;growing;family=fourletter;domain=40,four-letter arrangements,False,0,0,
growing,fourletter_040,wfomc,solved,4218,4218,0.983327,,,fourletter;set;tuple;position;count;growing;family=fourletter;domain=40,four-letter arrangements,True,0,1,
growing,fourletter_060,wfomc,solved,9918,9918,1.075257,,,fourletter;set;tuple;position;count;growing;family=fourletter;domain=60,four-letter arrangements,False,0,0,
growing,fourletter_060,wfomc,solved,9918,9918,1.088840,,,fourletter;set;tuple;position;count;growing;family=fourletter;domain=60,four-letter arrangements,True,0,1,
growing,fourletter_080,wfomc,solved,18018,18018,1.281255,,,fourletter;set;tuple;position;count;growing;family=fourletter;domain=80,four-letter arrangements,False,0,0,
growing,fourletter_080,wfomc,solved,18018,18018,1.276626,,,fourletter;set;tuple;position;count;growing;family=fourletter;domain=80,four-letter arrangements,True,0,1,
growing,fourletter_100,wfomc,solved,28518,28518,1.615392,,,fourletter;set;tuple;position;count;growing;family=fourletter;domain=100,four-letter arrangements,False,0,0,
growing,fourletter_100,wfomc,solved,28518,28518,1.619116,,,fourletter;set;tuple;position;count;growing;family=fourletter;domain=100,four-letter arrangements,True,0,1,
growing,tvs_020,wfomc,solved,5676,5676,0.849407,,,tvs;set;choose;count;growing;family=tvs;domain=20,defective TVs purchase,False,0,0,
growing,tvs_020,wfomc,solved,5676,5676,0.850652,,,tvs;set;choose;count;growing;family=tvs;domain=20,defective TVs purchase,True,0,1,
growing,tvs_040,wfomc,solved,241452,241452,0.860881,,,tvs;set;choose;count;growing;family=tvs;domain=40,defective TVs purchase,False,0,0,
growing,tvs_040,wfomc,solved,241452,241452,0.867778,,,tvs;set;choose;count;growing;family=tvs;domain=40,defective TVs purchase,True,0,1,
growing,tvs_060,wfomc,solved,2004828,2004828,0.865752,,,tvs;set;choose;count;growing;family=tvs;domain=60,defective TVs purchase,False,0,0,
growing,tvs_060,wfomc,solved,2004828,2004828,0.861138,,,tvs;set;choose;count;growing;family=tvs;domain=60,defective TVs purchase,True,0,1,
growing,tvs_080,wfomc,solved,8825804,8825804,0.868299,,,tvs;set;choose;count;growing;family=tvs;domain=80,defective TVs purchase,False,0,0,
growing,tvs_080,wfomc,solved,8825804,8825804,0.868290,,,tvs;set;choose;count;growing;family=tvs;domain=80,defective TVs purchase,True,0,1,
growing,tvs_100,wfomc,solved,27641880,27641880,0.873817,,,tvs;set;choose;count;growing;family=tvs;domain=100,defective TVs purchase,False,0,0,
growing,tvs_100,wfomc,solved,27641880,27641880,0.874867,,,tvs;set;choose;count;growing;family=tvs;domain=100,defective TVs purchase,True,0,1,
growing,workers_020,wfomc,solved,38798760,38798760,0.952373,,,workers;set;composition;index;size;growing;family=workers;domain=20,workers composition,False,0,0,
growing,workers_020,wfomc,solved,38798760,38798760,0.952519,,,workers;set;composition;index;size;growing;family=workers;domain=20,workers composition,True,0,1,
growing,workers_040,wfomc,solved,10685862914126400,10685862914126400,0.954081,,,workers;set;composition;index;size;growing;family=workers;domain=40,workers composition,False,0,0,
growing,workers_040,wfomc,solved,10685862914126400,10685862914126400,0.960208,,,workers;set;composition;index;size;growing;family=workers;domain=40,workers composition,True,0,1,
growing,workers_060,wfomc,solved,3553261127084984957001360,3553261127084984957001360,0.968159,,,workers;set;composition;index;size;growing;family=workers;domain=60,workers composition,False,0,0,
growing,workers_060,wfomc,solved,3553261127084984957001360,3553261127084984957001360,0.964878,,,workers;set;composition;index;size;growing;family=workers;domain=60,workers composition,True,0,1,
growing,workers_080,wfomc,solved,2494912250368767916278674792740800,2494912250368767916278674792740800,0.974758,,,workers;set;composition;index;size;growing;family=workers;domain=80,workers composition,False,0,0,
growing,workers_080,wfomc,solved,2494912250368767916278674792740800,2494912250368767916278674792740800,0.970302,,,workers;set;composition;index;size;growing;family=workers;domain=80,workers composition,True,0,1,
growing,workers_100,wfomc,solved,993515347023402799594606777328200325684400,993515347023402799594606777328200325684400,0.979611,,,workers;set;composition;index;size;growing;family=workers;domain=100,workers composition,False,0,0,
growing,workers_100,wfomc,solved,993515347023402799594606777328200325684400,993515347023402799594606777328200325684400,0.983107,,,workers;set;composition;index;size;growing;family=workers;domain=100,workers composition,True,0,1,
growing,banana_020,wfomc,solved,22170720,22170720,1.306318,,,banana;bag;tuple;growing;family=banana;domain=20,BANANA bag tuple,False,0,0,
growing,banana_020,wfomc,solved,22170720,22170720,1.304643,,,banana;bag;tuple;growing;family=banana;domain=20,BANANA bag tuple,True,0,1,
growing,banana_040,wfomc,solved,5342931457063200,5342931457063200,1.323437,,,banana;bag;tuple;growing;family=banana;domain=40,BANANA bag tuple,False,0,0,
growing,banana_040,wfomc,solved,5342931457063200,5342931457063200,1.326993,,,banana;bag;tuple;growing;family=banana;domain=40,BANANA bag tuple,True,0,1,
growing,banana_060,wfomc,solved,3553261127084984957001360,3553261127084984957001360,1.412374,,,banana;bag;tuple;growing;family=banana;domain=60,BANANA bag tuple,False,0,0,
growing,banana_060,wfomc,solved,3553261127084984957001360,3553261127084984957001360,1.414847,,,banana;bag;tuple;growing;family=banana;domain=60,BANANA bag tuple,True,0,1,
growing,banana_080,wfomc,solved,1293658203894916697329683225865600,1293658203894916697329683225865600,1.442729,,,banana;bag;tuple;growing;family=banana;domain=80,BANANA bag tuple,False,0,0,
growing,banana_080,wfomc,solved,1293658203894916697329683225865600,1293658203894916697329683225865600,1.453914,,,banana;bag;tuple;growing;family=banana;domain=80,BANANA bag tuple,True,0,1,
growing,banana_100,wfomc,solved,496757673511701399797303388664100162842200,496757673511701399797303388664100162842200,1.487927,,,banana;bag;tuple;growing;family=banana;domain=100,BANANA bag tuple,False,0,0,
growing,banana_100,wfomc,solved,496757673511701399797303388664100162842200,496757673511701399797303388664100162842200,1.488924,,,banana;bag;tuple;growing;family=banana;domain=100,BANANA bag tuple,True,0,1,
growing,nested_choice_020,wfomc,solved,19380,19380,0.464288,,,nested_choice;set;choose;dependent_configuration;outside_cola_fragment;growing;family=nested_choice;domain=20,choose a team and then its captain,False,0,0,
growing,nested_choice_020,wfomc,solved,19380,19380,0.461479,,,nested_choice;set;choose;dependent_configuration;outside_cola_fragment;growing;family=nested_choice;domain=20,choose a team and then its captain,True,0,1,
growing,nested_choice_040,wfomc,solved,365560,365560,0.464565,,,nested_choice;set;choose;dependent_configuration;outside_cola_fragment;growing;family=nested_choice;domain=40,choose a team and then its captain,False,0,0,
growing,nested_choice_040,wfomc,solved,365560,365560,0.467649,,,nested_choice;set;choose;dependent_configuration;outside_cola_fragment;growing;family=nested_choice;domain=40,choose a team and then its captain,True,0,1,
growing,nested_choice_060,wfomc,solved,1950540,1950540,0.472369,,,nested_choice;set;choose;dependent_configuration;outside_cola_fragment;growing;family=nested_choice;domain=60,choose a team and then its captain,False,0,0,
growing,nested_choice_060,wfomc,solved,1950540,1950540,0.469340,,,nested_choice;set;choose;dependent_configuration;outside_cola_fragment;growing;family=nested_choice;domain=60,choose a team and then its captain,True,0,1,
growing,nested_choice_080,wfomc,solved,6326320,6326320,0.476071,,,nested_choice;set;choose;dependent_configuration;outside_cola_fragment;growing;family=nested_choice;domain=80,choose a team and then its captain,False,0,0,
growing,nested_choice_080,wfomc,solved,6326320,6326320,0.478546,,,nested_choice;set;choose;dependent_configuration;outside_cola_fragment;growing;family=nested_choice;domain=80,choose a team and then its captain,True,0,1,
growing,nested_choice_100,wfomc,solved,15684900,15684900,0.488071,,,nested_choice;set;choose;dependent_configuration;outside_cola_fragment;growing;family=nested_choice;domain=100,choose a team and then its captain,False,0,0,
growing,nested_choice_100,wfomc,solved,15684900,15684900,0.490060,,,nested_choice;set;choose;dependent_configuration;outside_cola_fragment;growing;family=nested_choice;domain=100,choose a team and then its captain,True,0,1,
growing,selected_pairs_020,wfomc,solved,14535,14535,0.878829,,,selected_pairs;set;choose;partition;dependent_configuration;outside_cola_fragment;growing;family=selected_pairs;domain=20,choose four people and partition them into pairs,False,0,0,
growing,selected_pairs_020,wfomc,solved,14535,14535,0.878681,,,selected_pairs;set;choose;partition;dependent_configuration;outside_cola_fragment;growing;family=selected_pairs;domain=20,choose four people and partition them into pairs,True,0,1,
growing,selected_pairs_040,wfomc,solved,274170,274170,0.882755,,,selected_pairs;set;choose;partition;dependent_configuration;outside_cola_fragment;growing;family=selected_pairs;domain=40,choose four people and partition them into pairs,False,0,0,
growing,selected_pairs_040,wfomc,solved,274170,274170,0.884777,,,selected_pairs;set;choose;partition;dependent_configuration;outside_cola_fragment;growing;family=selected_pairs;domain=40,choose four people and partition them into pairs,True,0,1,
growing,selected_pairs_060,wfomc,solved,1462905,1462905,0.890450,,,selected_pairs;set;choose;partition;dependent_configuration;outside_cola_fragment;growing;family=selected_pairs;domain=60,choose four people and partition them into pairs,False,0,0,
growing,selected_pairs_060,wfomc,solved,1462905,1462905,0.888611,,,selected_pairs;set;choose;partition;dependent_configuration;outside_cola_fragment;growing;family=selected_pairs;domain=60,choose four people and partition them into pairs,True,0,1,
growing,selected_pairs_080,wfomc,solved,4744740,4744740,0.907325,,,selected_pairs;set;choose;partition;dependent_configuration;outside_cola_fragment;growing;family=selected_pairs;domain=80,choose four people and partition them into pairs,False,0,0,
growing,selected_pairs_080,wfomc,solved,4744740,4744740,0.900279,,,selected_pairs;set;choose;partition;dependent_configuration;outside_cola_fragment;growing;family=selected_pairs;domain=80,choose four people and partition them into pairs,True,0,1,
growing,selected_pairs_100,wfomc,solved,11763675,11763675,0.911692,,,selected_pairs;set;choose;partition;dependent_configuration;outside_cola_fragment;growing;family=selected_pairs;domain=100,choose four people and partition them into pairs,False,0,0,
growing,selected_pairs_100,wfomc,solved,11763675,11763675,0.910429,,,selected_pairs;set;choose;partition;dependent_configuration;outside_cola_fragment;growing;family=selected_pairs;domain=100,choose four people and partition them into pairs,True,0,1,
growing,selected_sequence_020,wfomc,solved,39168,39168,0.899987,,,selected_sequence;set;choose;sequence;adjacency;dependent_configuration;outside_cola_fragment;growing;family=selected_sequence;domain=20,"choose five items, order them, and keep two adjacent",False,0,0,
growing,selected_sequence_020,wfomc,solved,39168,39168,0.900489,,,selected_sequence;set;choose;sequence;adjacency;dependent_configuration;outside_cola_fragment;growing;family=selected_sequence;domain=20,"choose five items, order them, and keep two adjacent",True,0,1,
growing,selected_sequence_040,wfomc,solved,404928,404928,0.975992,,,selected_sequence;set;choose;sequence;adjacency;dependent_configuration;outside_cola_fragment;growing;family=selected_sequence;domain=40,"choose five items, order them, and keep two adjacent",False,0,0,
growing,selected_sequence_040,wfomc,solved,404928,404928,0.972826,,,selected_sequence;set;choose;sequence;adjacency;dependent_configuration;outside_cola_fragment;growing;family=selected_sequence;domain=40,"choose five items, order them, and keep two adjacent",True,0,1,
growing,selected_sequence_060,wfomc,solved,1481088,1481088,1.095417,,,selected_sequence;set;choose;sequence;adjacency;dependent_configuration;outside_cola_fragment;growing;family=selected_sequence;domain=60,"choose five items, order them, and keep two adjacent",False,0,0,
growing,selected_sequence_060,wfomc,solved,1481088,1481088,1.098132,,,selected_sequence;set;choose;sequence;adjacency;dependent_configuration;outside_cola_fragment;growing;family=selected_sequence;domain=60,"choose five items, order them, and keep two adjacent",True,0,1,
growing,selected_sequence_080,wfomc,solved,3651648,3651648,1.277041,,,selected_sequence;set;choose;sequence;adjacency;dependent_configuration;outside_cola_fragment;growing;family=selected_sequence;domain=80,"choose five items, order them, and keep two adjacent",False,0,0,
growing,selected_sequence_080,wfomc,solved,3651648,3651648,1.214660,,,selected_sequence;set;choose;sequence;adjacency;dependent_configuration;outside_cola_fragment;growing;family=selected_sequence;domain=80,"choose five items, order them, and keep two adjacent",True,0,1,
growing,selected_sequence_100,wfomc,solved,7300608,7300608,1.445224,,,selected_sequence;set;choose;sequence;adjacency;dependent_configuration;outside_cola_fragment;growing;family=selected_sequence;domain=100,"choose five items, order them, and keep two adjacent",False,0,0,
growing,selected_sequence_100,wfomc,solved,7300608,7300608,1.396800,,,selected_sequence;set;choose;sequence;adjacency;dependent_configuration;outside_cola_fragment;growing;family=selected_sequence;domain=100,"choose five items, order them, and keep two adjacent",True,0,1,
synthetic,syn-set_choice_intersection-small-03,wfomc,solved,30,30,0.752341,,,synthetic;stratified;stratum=set_choice_intersection;family=set_choice_intersection;difficulty=small;domain=8;variant=3;seed=20260811;operatorcount=1;constraintcount=1;depth=1;set;choose;intersection;size,problems/benchmarks/synthetic/manifest.json,False,0,0,
synthetic,syn-set_choice_intersection-small-03,wfomc,solved,30,30,0.745318,,,synthetic;stratified;stratum=set_choice_intersection;family=set_choice_intersection;difficulty=small;domain=8;variant=3;seed=20260811;operatorcount=1;constraintcount=1;depth=1;set;choose;intersection;size,problems/benchmarks/synthetic/manifest.json,True,0,1,
synthetic,syn-set_choice_intersection-small-07,wfomc,solved,15,15,0.747699,,,synthetic;stratified;stratum=set_choice_intersection;family=set_choice_intersection;difficulty=small;domain=8;variant=7;seed=20260811;operatorcount=1;constraintcount=1;depth=1;set;choose;intersection;size,problems/benchmarks/synthetic/manifest.json,False,0,0,
synthetic,syn-set_choice_intersection-small-07,wfomc,solved,15,15,0.752015,,,synthetic;stratified;stratum=set_choice_intersection;family=set_choice_intersection;difficulty=small;domain=8;variant=7;seed=20260811;operatorcount=1;constraintcount=1;depth=1;set;choose;intersection;size,problems/benchmarks/synthetic/manifest.json,True,0,1,
synthetic,syn-bag_choice_multiplicity-small-03,wfomc,solved,6,6,0.422325,,,synthetic;stratified;stratum=bag_choice_multiplicity;family=bag_choice_multiplicity;difficulty=small;domain=8;variant=3;seed=20260811;operatorcount=1;constraintcount=1;depth=1;bag;choose;count,problems/benchmarks/synthetic/manifest.json,False,0,0,
synthetic,syn-bag_choice_multiplicity-small-03,wfomc,solved,6,6,0.424809,,,synthetic;stratified;stratum=bag_choice_multiplicity;family=bag_choice_multiplicity;difficulty=small;domain=8;variant=3;seed=20260811;operatorcount=1;constraintcount=1;depth=1;bag;choose;count,problems/benchmarks/synthetic/manifest.json,True,0,1,
synthetic,syn-bag_choice_multiplicity-small-07,wfomc,solved,4,4,0.419753,,,synthetic;stratified;stratum=bag_choice_multiplicity;family=bag_choice_multiplicity;difficulty=small;domain=8;variant=7;seed=20260811;operatorcount=1;constraintcount=1;depth=1;bag;choose;count,problems/benchmarks/synthetic/manifest.json,False,0,0,
synthetic,syn-bag_choice_multiplicity-small-07,wfomc,solved,4,4,0.421467,,,synthetic;stratified;stratum=bag_choice_multiplicity;family=bag_choice_multiplicity;difficulty=small;domain=8;variant=7;seed=20260811;operatorcount=1;constraintcount=1;depth=1;bag;choose;count,problems/benchmarks/synthetic/manifest.json,True,0,1,
synthetic,syn-set_tuple_position_count-small-03,wfomc,solved,1440,1440,1.243553,,,synthetic;stratified;stratum=set_tuple_position_count;family=set_tuple_position_count;difficulty=small;domain=8;variant=3;seed=20260811;operatorcount=1;constraintcount=2;depth=1;set;tuple;position;count,problems/benchmarks/synthetic/manifest.json,False,0,0,
synthetic,syn-set_tuple_position_count-small-03,wfomc,solved,1440,1440,1.264899,,,synthetic;stratified;stratum=set_tuple_position_count;family=set_tuple_position_count;difficulty=small;domain=8;variant=3;seed=20260811;operatorcount=1;constraintcount=2;depth=1;set;tuple;position;count,problems/benchmarks/synthetic/manifest.json,True,0,1,
synthetic,syn-set_tuple_position_count-small-07,wfomc,solved,1440,1440,1.258808,,,synthetic;stratified;stratum=set_tuple_position_count;family=set_tuple_position_count;difficulty=small;domain=8;variant=7;seed=20260811;operatorcount=1;constraintcount=2;depth=1;set;tuple;position;count,problems/benchmarks/synthetic/manifest.json,False,0,0,
synthetic,syn-set_tuple_position_count-small-07,wfomc,solved,1440,1440,1.259432,,,synthetic;stratified;stratum=set_tuple_position_count;family=set_tuple_position_count;difficulty=small;domain=8;variant=7;seed=20260811;operatorcount=1;constraintcount=2;depth=1;set;tuple;position;count,problems/benchmarks/synthetic/manifest.json,True,0,1,
synthetic,syn-bag_tuple_multiplicity-small-03,wfomc,solved,280,280,0.869372,,,synthetic;stratified;stratum=bag_tuple_multiplicity;family=bag_tuple_multiplicity;difficulty=small;domain=8;variant=3;seed=20260811;operatorcount=2;constraintcount=1;depth=1;bag;tuple;set;choose;membership;decomposition,problems/benchmarks/synthetic/manifest.json,False,0,0,
synthetic,syn-bag_tuple_multiplicity-small-03,wfomc,solved,280,280,0.861344,,,synthetic;stratified;stratum=bag_tuple_multiplicity;family=bag_tuple_multiplicity;difficulty=small;domain=8;variant=3;seed=20260811;operatorcount=2;constraintcount=1;depth=1;bag;tuple;set;choose;membership;decomposition,problems/benchmarks/synthetic/manifest.json,True,0,1,
synthetic,syn-bag_tuple_multiplicity-small-07,wfomc,solved,1120,1120,1.895551,,,synthetic;stratified;stratum=bag_tuple_multiplicity;family=bag_tuple_multiplicity;difficulty=small;domain=8;variant=7;seed=20260811;operatorcount=2;constraintcount=1;depth=1;bag;tuple;set;choose;membership;decomposition,problems/benchmarks/synthetic/manifest.json,False,0,0,
synthetic,syn-bag_tuple_multiplicity-small-07,wfomc,solved,1120,1120,1.882015,,,synthetic;stratified;stratum=bag_tuple_multiplicity;family=bag_tuple_multiplicity;difficulty=small;domain=8;variant=7;seed=20260811;operatorcount=2;constraintcount=1;depth=1;bag;tuple;set;choose;membership;decomposition,problems/benchmarks/synthetic/manifest.json,True,0,1,
synthetic,syn-set_sequence_patterns-small-03,wfomc,solved,5040,5040,0.479831,,,synthetic;stratified;stratum=set_sequence_patterns;family=set_sequence_patterns;difficulty=small;domain=8;variant=3;seed=20260811;operatorcount=1;constraintcount=2;depth=1;set;sequence;adjacency;order,problems/benchmarks/synthetic/manifest.json,False,0,0,
synthetic,syn-set_sequence_patterns-small-03,wfomc,solved,5040,5040,0.483517,,,synthetic;stratified;stratum=set_sequence_patterns;family=set_sequence_patterns;difficulty=small;domain=8;variant=3;seed=20260811;operatorcount=1;constraintcount=2;depth=1;set;sequence;adjacency;order,problems/benchmarks/synthetic/manifest.json,True,0,1,
synthetic,syn-set_sequence_patterns-small-07,wfomc,solved,2520,2520,0.531420,,,synthetic;stratified;stratum=set_sequence_patterns;family=set_sequence_patterns;difficulty=small;domain=8;variant=7;seed=20260811;operatorcount=1;constraintcount=3;depth=1;set;sequence;adjacency;order,problems/benchmarks/synthetic/manifest.json,False,0,0,
synthetic,syn-set_sequence_patterns-small-07,wfomc,solved,2520,2520,0.533291,,,synthetic;stratified;stratum=set_sequence_patterns;family=set_sequence_patterns;difficulty=small;domain=8;variant=7;seed=20260811;operatorcount=1;constraintcount=3;depth=1;set;sequence;adjacency;order,problems/benchmarks/synthetic/manifest.json,True,0,1,
synthetic,syn-bag_sequence_adjacency-small-03,wfomc,solved,1260,1260,0.563533,,,synthetic;stratified;stratum=bag_sequence_adjacency;family=bag_sequence_adjacency;difficulty=small;domain=8;variant=3;seed=20260811;operatorcount=1;constraintcount=1;depth=1;bag;sequence;adjacency,problems/benchmarks/synthetic/manifest.json,False,0,0,
synthetic,syn-bag_sequence_adjacency-small-03,wfomc,solved,1260,1260,0.564725,,,synthetic;stratified;stratum=bag_sequence_adjacency;family=bag_sequence_adjacency;difficulty=small;domain=8;variant=3;seed=20260811;operatorcount=1;constraintcount=1;depth=1;bag;sequence;adjacency,problems/benchmarks/synthetic/manifest.json,True,0,1,
synthetic,syn-bag_sequence_adjacency-small-07,wfomc,solved,840,840,0.560491,,,synthetic;stratified;stratum=bag_sequence_adjacency;family=bag_sequence_adjacency;difficulty=small;domain=8;variant=7;seed=20260811;operatorcount=1;constraintcount=1;depth=1;bag;sequence;adjacency,problems/benchmarks/synthetic/manifest.json,False,0,0,
synthetic,syn-bag_sequence_adjacency-small-07,wfomc,solved,840,840,0.564265,,,synthetic;stratified;stratum=bag_sequence_adjacency;family=bag_sequence_adjacency;difficulty=small;domain=8;variant=7;seed=20260811;operatorcount=1;constraintcount=1;depth=1;bag;sequence;adjacency,problems/benchmarks/synthetic/manifest.json,True,0,1,
synthetic,syn-set_partition_min_size-small-03,wfomc,solved,105,105,0.874662,,,synthetic;stratified;stratum=set_partition_min_size;family=set_partition_min_size;difficulty=small;domain=8;variant=3;seed=20260811;operatorcount=1;constraintcount=1;depth=1;set;partition;size,problems/benchmarks/synthetic/manifest.json,False,0,0,
synthetic,syn-set_partition_min_size-small-03,wfomc,solved,105,105,0.869727,,,synthetic;stratified;stratum=set_partition_min_size;family=set_partition_min_size;difficulty=small;domain=8;variant=3;seed=20260811;operatorcount=1;constraintcount=1;depth=1;set;partition;size,problems/benchmarks/synthetic/manifest.json,True,0,1,
synthetic,syn-set_partition_min_size-small-07,wfomc,solved,127,127,0.714301,,,synthetic;stratified;stratum=set_partition_min_size;family=set_partition_min_size;difficulty=small;domain=8;variant=7;seed=20260811;operatorcount=1;constraintcount=1;depth=1;set;partition;size,problems/benchmarks/synthetic/manifest.json,False,0,0,
synthetic,syn-set_partition_min_size-small-07,wfomc,solved,127,127,0.722772,,,synthetic;stratified;stratum=set_partition_min_size;family=set_partition_min_size;difficulty=small;domain=8;variant=7;seed=20260811;operatorcount=1;constraintcount=1;depth=1;set;partition;size,problems/benchmarks/synthetic/manifest.json,True,0,1,
synthetic,syn-set_composition_sizes-small-03,wfomc,solved,168,168,0.863183,,,synthetic;stratified;stratum=set_composition_sizes;family=set_composition_sizes;difficulty=small;domain=8;variant=3;seed=20260811;operatorcount=1;constraintcount=3;depth=1;set;composition;size,problems/benchmarks/synthetic/manifest.json,False,0,0,
synthetic,syn-set_composition_sizes-small-03,wfomc,solved,168,168,0.883275,,,synthetic;stratified;stratum=set_composition_sizes;family=set_composition_sizes;difficulty=small;domain=8;variant=3;seed=20260811;operatorcount=1;constraintcount=3;depth=1;set;composition;size,problems/benchmarks/synthetic/manifest.json,True,0,1,
synthetic,syn-set_composition_sizes-small-07,wfomc,solved,8,8,0.781951,,,synthetic;stratified;stratum=set_composition_sizes;family=set_composition_sizes;difficulty=small;domain=8;variant=7;seed=20260811;operatorcount=1;constraintcount=2;depth=1;set;composition;size,problems/benchmarks/synthetic/manifest.json,False,0,0,
synthetic,syn-set_composition_sizes-small-07,wfomc,solved,8,8,0.789762,,,synthetic;stratified;stratum=set_composition_sizes;family=set_composition_sizes;difficulty=small;domain=8;variant=7;seed=20260811;operatorcount=1;constraintcount=2;depth=1;set;composition;size,problems/benchmarks/synthetic/manifest.json,True,0,1,
synthetic,syn-dependent_choice_disjoint-small-03,wfomc,solved,840,840,0.471748,,,synthetic;stratified;stratum=dependent_choice_disjoint;family=dependent_choice_disjoint;difficulty=small;domain=8;variant=3;seed=20260811;operatorcount=3;constraintcount=1;depth=2;set;choose;disjoint;dependent_configuration;outside_cola_fragment,problems/benchmarks/synthetic/manifest.json,False,0,0,
synthetic,syn-dependent_choice_disjoint-small-03,wfomc,solved,840,840,0.479789,,,synthetic;stratified;stratum=dependent_choice_disjoint;family=dependent_choice_disjoint;difficulty=small;domain=8;variant=3;seed=20260811;operatorcount=3;constraintcount=1;depth=2;set;choose;disjoint;dependent_configuration;outside_cola_fragment,problems/benchmarks/synthetic/manifest.json,True,0,1,
synthetic,syn-dependent_choice_disjoint-small-07,wfomc,solved,1120,1120,0.474777,,,synthetic;stratified;stratum=dependent_choice_disjoint;family=dependent_choice_disjoint;difficulty=small;domain=8;variant=7;seed=20260811;operatorcount=3;constraintcount=1;depth=2;set;choose;disjoint;dependent_configuration;outside_cola_fragment,problems/benchmarks/synthetic/manifest.json,False,0,0,
synthetic,syn-dependent_choice_disjoint-small-07,wfomc,solved,1120,1120,0.472196,,,synthetic;stratified;stratum=dependent_choice_disjoint;family=dependent_choice_disjoint;difficulty=small;domain=8;variant=7;seed=20260811;operatorcount=3;constraintcount=1;depth=2;set;choose;disjoint;dependent_configuration;outside_cola_fragment,problems/benchmarks/synthetic/manifest.json,True,0,1,
synthetic,syn-dependent_tuple_position_count-small-03,wfomc,solved,240,240,1.088454,,,synthetic;stratified;stratum=dependent_tuple_position_count;family=dependent_tuple_position_count;difficulty=small;domain=8;variant=3;seed=20260811;operatorcount=2;constraintcount=2;depth=2;set;choose;tuple;position;count;dependent_configuration;outside_cola_fragment,problems/benchmarks/synthetic/manifest.json,False,0,0,
synthetic,syn-dependent_tuple_position_count-small-03,wfomc,solved,240,240,1.087607,,,synthetic;stratified;stratum=dependent_tuple_position_count;family=dependent_tuple_position_count;difficulty=small;domain=8;variant=3;seed=20260811;operatorcount=2;constraintcount=2;depth=2;set;choose;tuple;position;count;dependent_configuration;outside_cola_fragment,problems/benchmarks/synthetic/manifest.json,True,0,1,
synthetic,syn-dependent_tuple_position_count-small-07,wfomc,solved,1200,1200,1.085233,,,synthetic;stratified;stratum=dependent_tuple_position_count;family=dependent_tuple_position_count;difficulty=small;domain=8;variant=7;seed=20260811;operatorcount=2;constraintcount=2;depth=2;set;choose;tuple;position;count;dependent_configuration;outside_cola_fragment,problems/benchmarks/synthetic/manifest.json,False,0,0,
synthetic,syn-dependent_tuple_position_count-small-07,wfomc,solved,1200,1200,1.075755,,,synthetic;stratified;stratum=dependent_tuple_position_count;family=dependent_tuple_position_count;difficulty=small;domain=8;variant=7;seed=20260811;operatorcount=2;constraintcount=2;depth=2;set;choose;tuple;position;count;dependent_configuration;outside_cola_fragment,problems/benchmarks/synthetic/manifest.json,True,0,1,
synthetic,syn-dependent_sequence_patterns-small-03,wfomc,solved,96,96,0.889270,,,synthetic;stratified;stratum=dependent_sequence_patterns;family=dependent_sequence_patterns;difficulty=small;domain=8;variant=3;seed=20260811;operatorcount=2;constraintcount=6;depth=2;set;choose;sequence;adjacency;order;dependent_configuration;outside_cola_fragment,problems/benchmarks/synthetic/manifest.json,False,0,0,
synthetic,syn-dependent_sequence_patterns-small-03,wfomc,solved,96,96,0.892551,,,synthetic;stratified;stratum=dependent_sequence_patterns;family=dependent_sequence_patterns;difficulty=small;domain=8;variant=3;seed=20260811;operatorcount=2;constraintcount=6;depth=2;set;choose;sequence;adjacency;order;dependent_configuration;outside_cola_fragment,problems/benchmarks/synthetic/manifest.json,True,0,1,
synthetic,syn-dependent_sequence_patterns-small-07,wfomc,solved,720,720,0.903101,,,synthetic;stratified;stratum=dependent_sequence_patterns;family=dependent_sequence_patterns;difficulty=small;domain=8;variant=7;seed=20260811;operatorcount=2;constraintcount=6;depth=2;set;choose;sequence;adjacency;order;dependent_configuration;outside_cola_fragment,problems/benchmarks/synthetic/manifest.json,False,0,0,
synthetic,syn-dependent_sequence_patterns-small-07,wfomc,solved,720,720,0.898675,,,synthetic;stratified;stratum=dependent_sequence_patterns;family=dependent_sequence_patterns;difficulty=small;domain=8;variant=7;seed=20260811;operatorcount=2;constraintcount=6;depth=2;set;choose;sequence;adjacency;order;dependent_configuration;outside_cola_fragment,problems/benchmarks/synthetic/manifest.json,True,0,1,
synthetic,syn-dependent_partition_min_size-small-03,wfomc,solved,280,280,0.771042,,,synthetic;stratified;stratum=dependent_partition_min_size;family=dependent_partition_min_size;difficulty=small;domain=8;variant=3;seed=20260811;operatorcount=2;constraintcount=1;depth=2;set;choose;partition;size;dependent_configuration;outside_cola_fragment,problems/benchmarks/synthetic/manifest.json,False,0,0,
synthetic,syn-dependent_partition_min_size-small-03,wfomc,solved,280,280,0.775895,,,synthetic;stratified;stratum=dependent_partition_min_size;family=dependent_partition_min_size;difficulty=small;domain=8;variant=3;seed=20260811;operatorcount=2;constraintcount=1;depth=2;set;choose;partition;size;dependent_configuration;outside_cola_fragment,problems/benchmarks/synthetic/manifest.json,True,0,1,
synthetic,syn-dependent_partition_min_size-small-07,wfomc,solved,700,700,0.772674,,,synthetic;stratified;stratum=dependent_partition_min_size;family=dependent_partition_min_size;difficulty=small;domain=8;variant=7;seed=20260811;operatorcount=2;constraintcount=1;depth=2;set;choose;partition;size;dependent_configuration;outside_cola_fragment,problems/benchmarks/synthetic/manifest.json,False,0,0,
synthetic,syn-dependent_partition_min_size-small-07,wfomc,solved,700,700,0.775192,,,synthetic;stratified;stratum=dependent_partition_min_size;family=dependent_partition_min_size;difficulty=small;domain=8;variant=7;seed=20260811;operatorcount=2;constraintcount=1;depth=2;set;choose;partition;size;dependent_configuration;outside_cola_fragment,problems/benchmarks/synthetic/manifest.json,True,0,1,
synthetic,syn-dependent_composition_sizes-small-03,wfomc,solved,1680,1680,0.890483,,,synthetic;stratified;stratum=dependent_composition_sizes;family=dependent_composition_sizes;difficulty=small;domain=8;variant=3;seed=20260811;operatorcount=2;constraintcount=3;depth=2;set;choose;composition;size;dependent_configuration;outside_cola_fragment,problems/benchmarks/synthetic/manifest.json,False,0,0,
synthetic,syn-dependent_composition_sizes-small-03,wfomc,solved,1680,1680,0.882157,,,synthetic;stratified;stratum=dependent_composition_sizes;family=dependent_composition_sizes;difficulty=small;domain=8;variant=3;seed=20260811;operatorcount=2;constraintcount=3;depth=2;set;choose;composition;size;dependent_configuration;outside_cola_fragment,problems/benchmarks/synthetic/manifest.json,True,0,1,
synthetic,syn-dependent_composition_sizes-small-07,wfomc,solved,10080,10080,1.209224,,,synthetic;stratified;stratum=dependent_composition_sizes;family=dependent_composition_sizes;difficulty=small;domain=8;variant=7;seed=20260811;operatorcount=2;constraintcount=5;depth=2;set;choose;composition;size;dependent_configuration;outside_cola_fragment,problems/benchmarks/synthetic/manifest.json,False,0,0,
synthetic,syn-dependent_composition_sizes-small-07,wfomc,solved,10080,10080,1.205169,,,synthetic;stratified;stratum=dependent_composition_sizes;family=dependent_composition_sizes;difficulty=small;domain=8;variant=7;seed=20260811;operatorcount=2;constraintcount=5;depth=2;set;choose;composition;size;dependent_configuration;outside_cola_fragment,problems/benchmarks/synthetic/manifest.json,True,0,1,
synthetic,syn-dependent_bag_tuple-small-03,wfomc,solved,4200,4200,1.869882,,,synthetic;stratified;stratum=dependent_bag_tuple;family=dependent_bag_tuple;difficulty=small;domain=8;variant=3;seed=20260811;operatorcount=3;constraintcount=1;depth=2;bag;choose;tuple;set;membership;decomposition;dependent_configuration;outside_cola_fragment,problems/benchmarks/synthetic/manifest.json,False,0,0,
synthetic,syn-dependent_bag_tuple-small-03,wfomc,solved,4200,4200,1.889368,,,synthetic;stratified;stratum=dependent_bag_tuple;family=dependent_bag_tuple;difficulty=small;domain=8;variant=3;seed=20260811;operatorcount=3;constraintcount=1;depth=2;bag;choose;tuple;set;membership;decomposition;dependent_configuration;outside_cola_fragment,problems/benchmarks/synthetic/manifest.json,True,0,1,
synthetic,syn-dependent_bag_tuple-small-07,wfomc,solved,1260,1260,1.286750,,,synthetic;stratified;stratum=dependent_bag_tuple;family=dependent_bag_tuple;difficulty=small;domain=8;variant=7;seed=20260811;operatorcount=3;constraintcount=1;depth=2;bag;choose;tuple;set;membership;decomposition;dependent_configuration;outside_cola_fragment,problems/benchmarks/synthetic/manifest.json,False,0,0,
synthetic,syn-dependent_bag_tuple-small-07,wfomc,solved,1260,1260,1.295324,,,synthetic;stratified;stratum=dependent_bag_tuple;family=dependent_bag_tuple;difficulty=small;domain=8;variant=7;seed=20260811;operatorcount=3;constraintcount=1;depth=2;bag;choose;tuple;set;membership;decomposition;dependent_configuration;outside_cola_fragment,problems/benchmarks/synthetic/manifest.json,True,0,1,
synthetic,syn-nested_choice_chain-small-03,wfomc,solved,1260,1260,0.453803,,,synthetic;stratified;stratum=nested_choice_chain;family=nested_choice_chain;difficulty=small;domain=8;variant=3;seed=20260811;operatorcount=3;constraintcount=1;depth=3;set;choose;membership;dependent_configuration;outside_cola_fragment,problems/benchmarks/synthetic/manifest.json,False,0,0,
synthetic,syn-nested_choice_chain-small-03,wfomc,solved,1260,1260,0.451039,,,synthetic;stratified;stratum=nested_choice_chain;family=nested_choice_chain;difficulty=small;domain=8;variant=3;seed=20260811;operatorcount=3;constraintcount=1;depth=3;set;choose;membership;dependent_configuration;outside_cola_fragment,problems/benchmarks/synthetic/manifest.json,True,0,1,
synthetic,syn-nested_choice_chain-small-07,wfomc,solved,735,735,0.449856,,,synthetic;stratified;stratum=nested_choice_chain;family=nested_choice_chain;difficulty=small;domain=8;variant=7;seed=20260811;operatorcount=3;constraintcount=1;depth=3;set;choose;membership;dependent_configuration;outside_cola_fragment,problems/benchmarks/synthetic/manifest.json,False,0,0,
synthetic,syn-nested_choice_chain-small-07,wfomc,solved,735,735,0.450348,,,synthetic;stratified;stratum=nested_choice_chain;family=nested_choice_chain;difficulty=small;domain=8;variant=7;seed=20260811;operatorcount=3;constraintcount=1;depth=3;set;choose;membership;dependent_configuration;outside_cola_fragment,problems/benchmarks/synthetic/manifest.json,True,0,1,
synthetic,syn-dependent_selected_subsets-small-03,wfomc,solved,1120,1120,0.472362,,,synthetic;stratified;stratum=dependent_selected_subsets;family=dependent_selected_subsets;difficulty=small;domain=8;variant=3;seed=20260811;operatorcount=3;constraintcount=1;depth=2;set;choose;disjoint;dependent_configuration;outside_cola_fragment,problems/benchmarks/synthetic/manifest.json,False,0,0,
synthetic,syn-dependent_selected_subsets-small-03,wfomc,solved,1120,1120,0.473047,,,synthetic;stratified;stratum=dependent_selected_subsets;family=dependent_selected_subsets;difficulty=small;domain=8;variant=3;seed=20260811;operatorcount=3;constraintcount=1;depth=2;set;choose;disjoint;dependent_configuration;outside_cola_fragment,problems/benchmarks/synthetic/manifest.json,True,0,1,
synthetic,syn-dependent_selected_subsets-small-07,wfomc,solved,336,336,0.477446,,,synthetic;stratified;stratum=dependent_selected_subsets;family=dependent_selected_subsets;difficulty=small;domain=8;variant=7;seed=20260811;operatorcount=3;constraintcount=1;depth=2;set;choose;disjoint;dependent_configuration;outside_cola_fragment,problems/benchmarks/synthetic/manifest.json,False,0,0,
synthetic,syn-dependent_selected_subsets-small-07,wfomc,solved,336,336,0.476813,,,synthetic;stratified;stratum=dependent_selected_subsets;family=dependent_selected_subsets;difficulty=small;domain=8;variant=7;seed=20260811;operatorcount=3;constraintcount=1;depth=2;set;choose;disjoint;dependent_configuration;outside_cola_fragment,problems/benchmarks/synthetic/manifest.json,True,0,1,
synthetic,syn-set_choice_intersection-medium-03,wfomc,solved,252,252,0.776660,,,synthetic;stratified;stratum=set_choice_intersection;family=set_choice_intersection;difficulty=medium;domain=12;variant=3;seed=20260811;operatorcount=1;constraintcount=1;depth=1;set;choose;intersection;size,problems/benchmarks/synthetic/manifest.json,False,0,0,
synthetic,syn-set_choice_intersection-medium-03,wfomc,solved,252,252,0.773428,,,synthetic;stratified;stratum=set_choice_intersection;family=set_choice_intersection;difficulty=medium;domain=12;variant=3;seed=20260811;operatorcount=1;constraintcount=1;depth=1;set;choose;intersection;size,problems/benchmarks/synthetic/manifest.json,True,0,1,
synthetic,syn-set_choice_intersection-medium-07,wfomc,solved,70,70,0.780146,,,synthetic;stratified;stratum=set_choice_intersection;family=set_choice_intersection;difficulty=medium;domain=12;variant=7;seed=20260811;operatorcount=1;constraintcount=1;depth=1;set;choose;intersection;size,problems/benchmarks/synthetic/manifest.json,False,0,0,
synthetic,syn-set_choice_intersection-medium-07,wfomc,solved,70,70,0.791782,,,synthetic;stratified;stratum=set_choice_intersection;family=set_choice_intersection;difficulty=medium;domain=12;variant=7;seed=20260811;operatorcount=1;constraintcount=1;depth=1;set;choose;intersection;size,problems/benchmarks/synthetic/manifest.json,True,0,1,
synthetic,syn-bag_choice_multiplicity-medium-03,wfomc,solved,210,210,0.442178,,,synthetic;stratified;stratum=bag_choice_multiplicity;family=bag_choice_multiplicity;difficulty=medium;domain=12;variant=3;seed=20260811;operatorcount=1;constraintcount=1;depth=1;bag;choose;count,problems/benchmarks/synthetic/manifest.json,False,0,0,
synthetic,syn-bag_choice_multiplicity-medium-03,wfomc,solved,210,210,0.441096,,,synthetic;stratified;stratum=bag_choice_multiplicity;family=bag_choice_multiplicity;difficulty=medium;domain=12;variant=3;seed=20260811;operatorcount=1;constraintcount=1;depth=1;bag;choose;count,problems/benchmarks/synthetic/manifest.json,True,0,1,
synthetic,syn-bag_choice_multiplicity-medium-07,wfomc,solved,126,126,0.440667,,,synthetic;stratified;stratum=bag_choice_multiplicity;family=bag_choice_multiplicity;difficulty=medium;domain=12;variant=7;seed=20260811;operatorcount=1;constraintcount=1;depth=1;bag;choose;count,problems/benchmarks/synthetic/manifest.json,False,0,0,
synthetic,syn-bag_choice_multiplicity-medium-07,wfomc,solved,126,126,0.440871,,,synthetic;stratified;stratum=bag_choice_multiplicity;family=bag_choice_multiplicity;difficulty=medium;domain=12;variant=7;seed=20260811;operatorcount=1;constraintcount=1;depth=1;bag;choose;count,problems/benchmarks/synthetic/manifest.json,True,0,1,
synthetic,syn-set_tuple_position_count-medium-03,wfomc,solved,181440,181440,1.308277,,,synthetic;stratified;stratum=set_tuple_position_count;family=set_tuple_position_count;difficulty=medium;domain=12;variant=3;seed=20260811;operatorcount=1;constraintcount=2;depth=1;set;tuple;position;count,problems/benchmarks/synthetic/manifest.json,False,0,0,
synthetic,syn-set_tuple_position_count-medium-03,wfomc,solved,181440,181440,1.307083,,,synthetic;stratified;stratum=set_tuple_position_count;family=set_tuple_position_count;difficulty=medium;domain=12;variant=3;seed=20260811;operatorcount=1;constraintcount=2;depth=1;set;tuple;position;count,problems/benchmarks/synthetic/manifest.json,True,0,1,
synthetic,syn-set_tuple_position_count-medium-07,wfomc,solved,423360,423360,1.314370,,,synthetic;stratified;stratum=set_tuple_position_count;family=set_tuple_position_count;difficulty=medium;domain=12;variant=7;seed=20260811;operatorcount=1;constraintcount=2;depth=1;set;tuple;position;count,problems/benchmarks/synthetic/manifest.json,False,0,0,
synthetic,syn-set_tuple_position_count-medium-07,wfomc,solved,423360,423360,1.324619,,,synthetic;stratified;stratum=set_tuple_position_count;family=set_tuple_position_count;difficulty=medium;domain=12;variant=7;seed=20260811;operatorcount=1;constraintcount=2;depth=1;set;tuple;position;count,problems/benchmarks/synthetic/manifest.json,True,0,1,
synthetic,syn-bag_tuple_multiplicity-medium-03,wfomc,solved,6600,6600,3.649139,,,synthetic;stratified;stratum=bag_tuple_multiplicity;family=bag_tuple_multiplicity;difficulty=medium;domain=12;variant=3;seed=20260811;operatorcount=2;constraintcount=1;depth=1;bag;tuple;set;choose;membership;decomposition,problems/benchmarks/synthetic/manifest.json,False,0,0,
synthetic,syn-bag_tuple_multiplicity-medium-03,wfomc,solved,6600,6600,3.635380,,,synthetic;stratified;stratum=bag_tuple_multiplicity;family=bag_tuple_multiplicity;difficulty=medium;domain=12;variant=3;seed=20260811;operatorcount=2;constraintcount=1;depth=1;bag;tuple;set;choose;membership;decomposition,problems/benchmarks/synthetic/manifest.json,True,0,1,
synthetic,syn-bag_tuple_multiplicity-medium-07,wfomc,solved,3300,3300,3.640099,,,synthetic;stratified;stratum=bag_tuple_multiplicity;family=bag_tuple_multiplicity;difficulty=medium;domain=12;variant=7;seed=20260811;operatorcount=2;constraintcount=1;depth=1;bag;tuple;set;choose;membership;decomposition,problems/benchmarks/synthetic/manifest.json,False,0,0,
synthetic,syn-bag_tuple_multiplicity-medium-07,wfomc,solved,3300,3300,3.660591,,,synthetic;stratified;stratum=bag_tuple_multiplicity;family=bag_tuple_multiplicity;difficulty=medium;domain=12;variant=7;seed=20260811;operatorcount=2;constraintcount=1;depth=1;bag;tuple;set;choose;membership;decomposition,problems/benchmarks/synthetic/manifest.json,True,0,1,
synthetic,syn-set_sequence_patterns-medium-03,wfomc,solved,9979200,9979200,0.735489,,,synthetic;stratified;stratum=set_sequence_patterns;family=set_sequence_patterns;difficulty=medium;domain=12;variant=3;seed=20260811;operatorcount=1;constraintcount=4;depth=1;set;sequence;adjacency;order,problems/benchmarks/synthetic/manifest.json,False,0,0,
synthetic,syn-set_sequence_patterns-medium-03,wfomc,solved,9979200,9979200,0.737463,,,synthetic;stratified;stratum=set_sequence_patterns;family=set_sequence_patterns;difficulty=medium;domain=12;variant=3;seed=20260811;operatorcount=1;constraintcount=4;depth=1;set;sequence;adjacency;order,problems/benchmarks/synthetic/manifest.json,True,0,1,
synthetic,syn-set_sequence_patterns-medium-07,wfomc,solved,19958400,19958400,0.551587,,,synthetic;stratified;stratum=set_sequence_patterns;family=set_sequence_patterns;difficulty=medium;domain=12;variant=7;seed=20260811;operatorcount=1;constraintcount=3;depth=1;set;sequence;adjacency;order,problems/benchmarks/synthetic/manifest.json,False,0,0,
synthetic,syn-set_sequence_patterns-medium-07,wfomc,solved,19958400,19958400,0.556147,,,synthetic;stratified;stratum=set_sequence_patterns;family=set_sequence_patterns;difficulty=medium;domain=12;variant=7;seed=20260811;operatorcount=1;constraintcount=3;depth=1;set;sequence;adjacency;order,problems/benchmarks/synthetic/manifest.json,True,0,1,
synthetic,syn-bag_sequence_adjacency-medium-03,wfomc,solved,69300,69300,1.226557,,,synthetic;stratified;stratum=bag_sequence_adjacency;family=bag_sequence_adjacency;difficulty=medium;domain=12;variant=3;seed=20260811;operatorcount=1;constraintcount=1;depth=1;bag;sequence;adjacency,problems/benchmarks/synthetic/manifest.json,False,0,0,
synthetic,syn-bag_sequence_adjacency-medium-03,wfomc,solved,69300,69300,1.216523,,,synthetic;stratified;stratum=bag_sequence_adjacency;family=bag_sequence_adjacency;difficulty=medium;domain=12;variant=3;seed=20260811;operatorcount=1;constraintcount=1;depth=1;bag;sequence;adjacency,problems/benchmarks/synthetic/manifest.json,True,0,1,
synthetic,syn-bag_sequence_adjacency-medium-07,wfomc,solved,92400,92400,1.216561,,,synthetic;stratified;stratum=bag_sequence_adjacency;family=bag_sequence_adjacency;difficulty=medium;domain=12;variant=7;seed=20260811;operatorcount=1;constraintcount=1;depth=1;bag;sequence;adjacency,problems/benchmarks/synthetic/manifest.json,False,0,0,
synthetic,syn-bag_sequence_adjacency-medium-07,wfomc,solved,92400,92400,1.216797,,,synthetic;stratified;stratum=bag_sequence_adjacency;family=bag_sequence_adjacency;difficulty=medium;domain=12;variant=7;seed=20260811;operatorcount=1;constraintcount=1;depth=1;bag;sequence;adjacency,problems/benchmarks/synthetic/manifest.json,True,0,1,
synthetic,syn-set_partition_min_size-medium-03,wfomc,solved,74316,74316,0.788783,,,synthetic;stratified;stratum=set_partition_min_size;family=set_partition_min_size;difficulty=medium;domain=12;variant=3;seed=20260811;operatorcount=1;constraintcount=1;depth=1;set;partition;size,problems/benchmarks/synthetic/manifest.json,False,0,0,
synthetic,syn-set_partition_min_size-medium-03,wfomc,solved,74316,74316,0.790167,,,synthetic;stratified;stratum=set_partition_min_size;family=set_partition_min_size;difficulty=medium;domain=12;variant=3;seed=20260811;operatorcount=1;constraintcount=1;depth=1;set;partition;size,problems/benchmarks/synthetic/manifest.json,True,0,1,
synthetic,syn-set_partition_min_size-medium-07,wfomc,solved,302995,302995,0.891187,,,synthetic;stratified;stratum=set_partition_min_size;family=set_partition_min_size;difficulty=medium;domain=12;variant=7;seed=20260811;operatorcount=1;constraintcount=1;depth=1;set;partition;size,problems/benchmarks/synthetic/manifest.json,False,0,0,
synthetic,syn-set_partition_min_size-medium-07,wfomc,solved,302995,302995,0.901428,,,synthetic;stratified;stratum=set_partition_min_size;family=set_partition_min_size;difficulty=medium;domain=12;variant=7;seed=20260811;operatorcount=1;constraintcount=1;depth=1;set;partition;size,problems/benchmarks/synthetic/manifest.json,True,0,1,
synthetic,syn-set_composition_sizes-medium-03,wfomc,solved,12,12,0.804662,,,synthetic;stratified;stratum=set_composition_sizes;family=set_composition_sizes;difficulty=medium;domain=12;variant=3;seed=20260811;operatorcount=1;constraintcount=2;depth=1;set;composition;size,problems/benchmarks/synthetic/manifest.json,False,0,0,
synthetic,syn-set_composition_sizes-medium-03,wfomc,solved,12,12,0.804005,,,synthetic;stratified;stratum=set_composition_sizes;family=set_composition_sizes;difficulty=medium;domain=12;variant=3;seed=20260811;operatorcount=1;constraintcount=2;depth=1;set;composition;size,problems/benchmarks/synthetic/manifest.json,True,0,1,
synthetic,syn-set_composition_sizes-medium-07,wfomc,solved,332640,332640,1.182756,,,synthetic;stratified;stratum=set_composition_sizes;family=set_composition_sizes;difficulty=medium;domain=12;variant=7;seed=20260811;operatorcount=1;constraintcount=5;depth=1;set;composition;size,problems/benchmarks/synthetic/manifest.json,False,0,0,
synthetic,syn-set_composition_sizes-medium-07,wfomc,solved,332640,332640,1.159153,,,synthetic;stratified;stratum=set_composition_sizes;family=set_composition_sizes;difficulty=medium;domain=12;variant=7;seed=20260811;operatorcount=1;constraintcount=5;depth=1;set;composition;size,problems/benchmarks/synthetic/manifest.json,True,0,1,
synthetic,syn-dependent_choice_disjoint-medium-03,wfomc,solved,5940,5940,0.467227,,,synthetic;stratified;stratum=dependent_choice_disjoint;family=dependent_choice_disjoint;difficulty=medium;domain=12;variant=3;seed=20260811;operatorcount=3;constraintcount=1;depth=2;set;choose;disjoint;dependent_configuration;outside_cola_fragment,problems/benchmarks/synthetic/manifest.json,False,0,0,
synthetic,syn-dependent_choice_disjoint-medium-03,wfomc,solved,5940,5940,0.465037,,,synthetic;stratified;stratum=dependent_choice_disjoint;family=dependent_choice_disjoint;difficulty=medium;domain=12;variant=3;seed=20260811;operatorcount=3;constraintcount=1;depth=2;set;choose;disjoint;dependent_configuration;outside_cola_fragment,problems/benchmarks/synthetic/manifest.json,True,0,1,
synthetic,syn-dependent_choice_disjoint-medium-07,wfomc,solved,55440,55440,0.465783,,,synthetic;stratified;stratum=dependent_choice_disjoint;family=dependent_choice_disjoint;difficulty=medium;domain=12;variant=7;seed=20260811;operatorcount=3;constraintcount=1;depth=2;set;choose;disjoint;dependent_configuration;outside_cola_fragment,problems/benchmarks/synthetic/manifest.json,False,0,0,
synthetic,syn-dependent_choice_disjoint-medium-07,wfomc,solved,55440,55440,0.465447,,,synthetic;stratified;stratum=dependent_choice_disjoint;family=dependent_choice_disjoint;difficulty=medium;domain=12;variant=7;seed=20260811;operatorcount=3;constraintcount=1;depth=2;set;choose;disjoint;dependent_configuration;outside_cola_fragment,problems/benchmarks/synthetic/manifest.json,True,0,1,
synthetic,syn-dependent_tuple_position_count-medium-03,wfomc,solved,75600,75600,1.109554,,,synthetic;stratified;stratum=dependent_tuple_position_count;family=dependent_tuple_position_count;difficulty=medium;domain=12;variant=3;seed=20260811;operatorcount=2;constraintcount=2;depth=2;set;choose;tuple;position;count;dependent_configuration;outside_cola_fragment,problems/benchmarks/synthetic/manifest.json,False,0,0,
synthetic,syn-dependent_tuple_position_count-medium-03,wfomc,solved,75600,75600,1.103069,,,synthetic;stratified;stratum=dependent_tuple_position_count;family=dependent_tuple_position_count;difficulty=medium;domain=12;variant=3;seed=20260811;operatorcount=2;constraintcount=2;depth=2;set;choose;tuple;position;count;dependent_configuration;outside_cola_fragment,problems/benchmarks/synthetic/manifest.json,True,0,1,
synthetic,syn-dependent_tuple_position_count-medium-07,wfomc,solved,192,192,1.093491,,,synthetic;stratified;stratum=dependent_tuple_position_count;family=dependent_tuple_position_count;difficulty=medium;domain=12;variant=7;seed=20260811;operatorcount=2;constraintcount=2;depth=2;set;choose;tuple;position;count;dependent_configuration;outside_cola_fragment,problems/benchmarks/synthetic/manifest.json,False,0,0,
synthetic,syn-dependent_tuple_position_count-medium-07,wfomc,solved,192,192,1.094293,,,synthetic;stratified;stratum=dependent_tuple_position_count;family=dependent_tuple_position_count;difficulty=medium;domain=12;variant=7;seed=20260811;operatorcount=2;constraintcount=2;depth=2;set;choose;tuple;position;count;dependent_configuration;outside_cola_fragment,problems/benchmarks/synthetic/manifest.json,True,0,1,
synthetic,syn-dependent_sequence_patterns-medium-03,wfomc,solved,2257920,2257920,0.897278,,,synthetic;stratified;stratum=dependent_sequence_patterns;family=dependent_sequence_patterns;difficulty=medium;domain=12;variant=3;seed=20260811;operatorcount=2;constraintcount=6;depth=2;set;choose;sequence;adjacency;order;dependent_configuration;outside_cola_fragment,problems/benchmarks/synthetic/manifest.json,False,0,0,
synthetic,syn-dependent_sequence_patterns-medium-03,wfomc,solved,2257920,2257920,0.898181,,,synthetic;stratified;stratum=dependent_sequence_patterns;family=dependent_sequence_patterns;difficulty=medium;domain=12;variant=3;seed=20260811;operatorcount=2;constraintcount=6;depth=2;set;choose;sequence;adjacency;order;dependent_configuration;outside_cola_fragment,problems/benchmarks/synthetic/manifest.json,True,0,1,
synthetic,syn-dependent_sequence_patterns-medium-07,wfomc,solved,40320,40320,1.341190,,,synthetic;stratified;stratum=dependent_sequence_patterns;family=dependent_sequence_patterns;difficulty=medium;domain=12;variant=7;seed=20260811;operatorcount=2;constraintcount=12;depth=2;set;choose;sequence;adjacency;order;dependent_configuration;outside_cola_fragment,problems/benchmarks/synthetic/manifest.json,False,0,0,
synthetic,syn-dependent_sequence_patterns-medium-07,wfomc,solved,40320,40320,1.352791,,,synthetic;stratified;stratum=dependent_sequence_patterns;family=dependent_sequence_patterns;difficulty=medium;domain=12;variant=7;seed=20260811;operatorcount=2;constraintcount=12;depth=2;set;choose;sequence;adjacency;order;dependent_configuration;outside_cola_fragment,problems/benchmarks/synthetic/manifest.json,True,0,1,
synthetic,syn-dependent_partition_min_size-medium-03,wfomc,solved,33066,33066,0.775150,,,synthetic;stratified;stratum=dependent_partition_min_size;family=dependent_partition_min_size;difficulty=medium;domain=12;variant=3;seed=20260811;operatorcount=2;constraintcount=1;depth=2;set;choose;partition;size;dependent_configuration;outside_cola_fragment,problems/benchmarks/synthetic/manifest.json,False,0,0,
synthetic,syn-dependent_partition_min_size-medium-03,wfomc,solved,33066,33066,0.770415,,,synthetic;stratified;stratum=dependent_partition_min_size;family=dependent_partition_min_size;difficulty=medium;domain=12;variant=3;seed=20260811;operatorcount=2;constraintcount=1;depth=2;set;choose;partition;size;dependent_configuration;outside_cola_fragment,problems/benchmarks/synthetic/manifest.json,True,0,1,
synthetic,syn-dependent_partition_min_size-medium-07,wfomc,solved,841995,841995,0.940339,,,synthetic;stratified;stratum=dependent_partition_min_size;family=dependent_partition_min_size;difficulty=medium;domain=12;variant=7;seed=20260811;operatorcount=2;constraintcount=1;depth=2;set;choose;partition;size;dependent_configuration;outside_cola_fragment,problems/benchmarks/synthetic/manifest.json,False,0,0,
synthetic,syn-dependent_partition_min_size-medium-07,wfomc,solved,841995,841995,0.943790,,,synthetic;stratified;stratum=dependent_partition_min_size;family=dependent_partition_min_size;difficulty=medium;domain=12;variant=7;seed=20260811;operatorcount=2;constraintcount=1;depth=2;set;choose;partition;size;dependent_configuration;outside_cola_fragment,problems/benchmarks/synthetic/manifest.json,True,0,1,
synthetic,syn-dependent_composition_sizes-medium-03,wfomc,solved,2494800,2494800,1.228934,,,synthetic;stratified;stratum=dependent_composition_sizes;family=dependent_composition_sizes;difficulty=medium;domain=12;variant=3;seed=20260811;operatorcount=2;constraintcount=5;depth=2;set;choose;composition;size;dependent_configuration;outside_cola_fragment,problems/benchmarks/synthetic/manifest.json,False,0,0,
synthetic,syn-dependent_composition_sizes-medium-03,wfomc,solved,2494800,2494800,1.218692,,,synthetic;stratified;stratum=dependent_composition_sizes;family=dependent_composition_sizes;difficulty=medium;domain=12;variant=3;seed=20260811;operatorcount=2;constraintcount=5;depth=2;set;choose;composition;size;dependent_configuration;outside_cola_fragment,problems/benchmarks/synthetic/manifest.json,True,0,1,
synthetic,syn-dependent_composition_sizes-medium-07,wfomc,solved,27720,27720,0.807969,,,synthetic;stratified;stratum=dependent_composition_sizes;family=dependent_composition_sizes;difficulty=medium;domain=12;variant=7;seed=20260811;operatorcount=2;constraintcount=2;depth=2;set;choose;composition;size;dependent_configuration;outside_cola_fragment,problems/benchmarks/synthetic/manifest.json,False,0,0,
synthetic,syn-dependent_composition_sizes-medium-07,wfomc,solved,27720,27720,0.812640,,,synthetic;stratified;stratum=dependent_composition_sizes;family=dependent_composition_sizes;difficulty=medium;domain=12;variant=7;seed=20260811;operatorcount=2;constraintcount=2;depth=2;set;choose;composition;size;dependent_configuration;outside_cola_fragment,problems/benchmarks/synthetic/manifest.json,True,0,1,
synthetic,syn-dependent_bag_tuple-medium-03,wfomc,solved,194040,194040,1.293614,,,synthetic;stratified;stratum=dependent_bag_tuple;family=dependent_bag_tuple;difficulty=medium;domain=12;variant=3;seed=20260811;operatorcount=3;constraintcount=1;depth=2;bag;choose;tuple;set;membership;decomposition;dependent_configuration;outside_cola_fragment,problems/benchmarks/synthetic/manifest.json,False,0,0,
synthetic,syn-dependent_bag_tuple-medium-03,wfomc,solved,194040,194040,1.294614,,,synthetic;stratified;stratum=dependent_bag_tuple;family=dependent_bag_tuple;difficulty=medium;domain=12;variant=3;seed=20260811;operatorcount=3;constraintcount=1;depth=2;bag;choose;tuple;set;membership;decomposition;dependent_configuration;outside_cola_fragment,problems/benchmarks/synthetic/manifest.json,True,0,1,
synthetic,syn-dependent_bag_tuple-medium-07,wfomc,solved,83160,83160,1.298714,,,synthetic;stratified;stratum=dependent_bag_tuple;family=dependent_bag_tuple;difficulty=medium;domain=12;variant=7;seed=20260811;operatorcount=3;constraintcount=1;depth=2;bag;choose;tuple;set;membership;decomposition;dependent_configuration;outside_cola_fragment,problems/benchmarks/synthetic/manifest.json,False,0,0,
synthetic,syn-dependent_bag_tuple-medium-07,wfomc,solved,83160,83160,1.315858,,,synthetic;stratified;stratum=dependent_bag_tuple;family=dependent_bag_tuple;difficulty=medium;domain=12;variant=7;seed=20260811;operatorcount=3;constraintcount=1;depth=2;bag;choose;tuple;set;membership;decomposition;dependent_configuration;outside_cola_fragment,problems/benchmarks/synthetic/manifest.json,True,0,1,
synthetic,syn-nested_choice_chain-medium-03,wfomc,solved,6600,6600,0.446867,,,synthetic;stratified;stratum=nested_choice_chain;family=nested_choice_chain;difficulty=medium;domain=12;variant=3;seed=20260811;operatorcount=3;constraintcount=1;depth=3;set;choose;membership;dependent_configuration;outside_cola_fragment,problems/benchmarks/synthetic/manifest.json,False,0,0,
synthetic,syn-nested_choice_chain-medium-03,wfomc,solved,6600,6600,0.455991,,,synthetic;stratified;stratum=nested_choice_chain;family=nested_choice_chain;difficulty=medium;domain=12;variant=3;seed=20260811;operatorcount=3;constraintcount=1;depth=3;set;choose;membership;dependent_configuration;outside_cola_fragment,problems/benchmarks/synthetic/manifest.json,True,0,1,
synthetic,syn-nested_choice_chain-medium-07,wfomc,solved,6600,6600,0.445292,,,synthetic;stratified;stratum=nested_choice_chain;family=nested_choice_chain;difficulty=medium;domain=12;variant=7;seed=20260811;operatorcount=3;constraintcount=1;depth=3;set;choose;membership;dependent_configuration;outside_cola_fragment,problems/benchmarks/synthetic/manifest.json,False,0,0,
synthetic,syn-nested_choice_chain-medium-07,wfomc,solved,6600,6600,0.443602,,,synthetic;stratified;stratum=nested_choice_chain;family=nested_choice_chain;difficulty=medium;domain=12;variant=7;seed=20260811;operatorcount=3;constraintcount=1;depth=3;set;choose;membership;dependent_configuration;outside_cola_fragment,problems/benchmarks/synthetic/manifest.json,True,0,1,
synthetic,syn-dependent_selected_subsets-medium-03,wfomc,solved,15840,15840,0.465233,,,synthetic;stratified;stratum=dependent_selected_subsets;family=dependent_selected_subsets;difficulty=medium;domain=12;variant=3;seed=20260811;operatorcount=3;constraintcount=1;depth=2;set;choose;disjoint;dependent_configuration;outside_cola_fragment,problems/benchmarks/synthetic/manifest.json,False,0,0,
synthetic,syn-dependent_selected_subsets-medium-03,wfomc,solved,15840,15840,0.466230,,,synthetic;stratified;stratum=dependent_selected_subsets;family=dependent_selected_subsets;difficulty=medium;domain=12;variant=3;seed=20260811;operatorcount=3;constraintcount=1;depth=2;set;choose;disjoint;dependent_configuration;outside_cola_fragment,problems/benchmarks/synthetic/manifest.json,True,0,1,
synthetic,syn-dependent_selected_subsets-medium-07,wfomc,solved,27720,27720,0.466846,,,synthetic;stratified;stratum=dependent_selected_subsets;family=dependent_selected_subsets;difficulty=medium;domain=12;variant=7;seed=20260811;operatorcount=3;constraintcount=1;depth=2;set;choose;disjoint;dependent_configuration;outside_cola_fragment,problems/benchmarks/synthetic/manifest.json,False,0,0,
synthetic,syn-dependent_selected_subsets-medium-07,wfomc,solved,27720,27720,0.462914,,,synthetic;stratified;stratum=dependent_selected_subsets;family=dependent_selected_subsets;difficulty=medium;domain=12;variant=7;seed=20260811;operatorcount=3;constraintcount=1;depth=2;set;choose;disjoint;dependent_configuration;outside_cola_fragment,problems/benchmarks/synthetic/manifest.json,True,0,1,
synthetic,syn-set_choice_intersection-large-03,wfomc,solved,448,448,0.760215,,,synthetic;stratified;stratum=set_choice_intersection;family=set_choice_intersection;difficulty=large;domain=16;variant=3;seed=20260811;operatorcount=1;constraintcount=1;depth=1;set;choose;intersection;size,problems/benchmarks/synthetic/manifest.json,False,0,0,
synthetic,syn-set_choice_intersection-large-03,wfomc,solved,448,448,0.780124,,,synthetic;stratified;stratum=set_choice_intersection;family=set_choice_intersection;difficulty=large;domain=16;variant=3;seed=20260811;operatorcount=1;constraintcount=1;depth=1;set;choose;intersection;size,problems/benchmarks/synthetic/manifest.json,True,0,1,
synthetic,syn-set_choice_intersection-large-07,wfomc,solved,3920,3920,0.762777,,,synthetic;stratified;stratum=set_choice_intersection;family=set_choice_intersection;difficulty=large;domain=16;variant=7;seed=20260811;operatorcount=1;constraintcount=1;depth=1;set;choose;intersection;size,problems/benchmarks/synthetic/manifest.json,False,0,0,
synthetic,syn-set_choice_intersection-large-07,wfomc,solved,3920,3920,0.755113,,,synthetic;stratified;stratum=set_choice_intersection;family=set_choice_intersection;difficulty=large;domain=16;variant=7;seed=20260811;operatorcount=1;constraintcount=1;depth=1;set;choose;intersection;size,problems/benchmarks/synthetic/manifest.json,True,0,1,
synthetic,syn-bag_choice_multiplicity-large-03,wfomc,solved,14,14,0.434960,,,synthetic;stratified;stratum=bag_choice_multiplicity;family=bag_choice_multiplicity;difficulty=large;domain=16;variant=3;seed=20260811;operatorcount=1;constraintcount=1;depth=1;bag;choose;count,problems/benchmarks/synthetic/manifest.json,False,0,0,
synthetic,syn-bag_choice_multiplicity-large-03,wfomc,solved,14,14,0.431247,,,synthetic;stratified;stratum=bag_choice_multiplicity;family=bag_choice_multiplicity;difficulty=large;domain=16;variant=3;seed=20260811;operatorcount=1;constraintcount=1;depth=1;bag;choose;count,problems/benchmarks/synthetic/manifest.json,True,0,1,
synthetic,syn-bag_choice_multiplicity-large-07,wfomc,solved,55,55,0.431556,,,synthetic;stratified;stratum=bag_choice_multiplicity;family=bag_choice_multiplicity;difficulty=large;domain=16;variant=7;seed=20260811;operatorcount=1;constraintcount=1;depth=1;bag;choose;count,problems/benchmarks/synthetic/manifest.json,False,0,0,
synthetic,syn-bag_choice_multiplicity-large-07,wfomc,solved,55,55,0.437988,,,synthetic;stratified;stratum=bag_choice_multiplicity;family=bag_choice_multiplicity;difficulty=large;domain=16;variant=7;seed=20260811;operatorcount=1;constraintcount=1;depth=1;bag;choose;count,problems/benchmarks/synthetic/manifest.json,True,0,1,
synthetic,syn-set_tuple_position_count-large-03,wfomc,solved,90720,90720,1.318241,,,synthetic;stratified;stratum=set_tuple_position_count;family=set_tuple_position_count;difficulty=large;domain=16;variant=3;seed=20260811;operatorcount=1;constraintcount=2;depth=1;set;tuple;position;count,problems/benchmarks/synthetic/manifest.json,False,0,0,
synthetic,syn-set_tuple_position_count-large-03,wfomc,solved,90720,90720,1.313977,,,synthetic;stratified;stratum=set_tuple_position_count;family=set_tuple_position_count;difficulty=large;domain=16;variant=3;seed=20260811;operatorcount=1;constraintcount=2;depth=1;set;tuple;position;count,problems/benchmarks/synthetic/manifest.json,True,0,1,
synthetic,syn-set_tuple_position_count-large-07,wfomc,solved,90720,90720,1.319366,,,synthetic;stratified;stratum=set_tuple_position_count;family=set_tuple_position_count;difficulty=large;domain=16;variant=7;seed=20260811;operatorcount=1;constraintcount=2;depth=1;set;tuple;position;count,problems/benchmarks/synthetic/manifest.json,False,0,0,
synthetic,syn-set_tuple_position_count-large-07,wfomc,solved,90720,90720,1.315088,,,synthetic;stratified;stratum=set_tuple_position_count;family=set_tuple_position_count;difficulty=large;domain=16;variant=7;seed=20260811;operatorcount=1;constraintcount=2;depth=1;set;tuple;position;count,problems/benchmarks/synthetic/manifest.json,True,0,1,
synthetic,syn-bag_tuple_multiplicity-large-03,wfomc,solved,1544400,1544400,6.515410,,,synthetic;stratified;stratum=bag_tuple_multiplicity;family=bag_tuple_multiplicity;difficulty=large;domain=16;variant=3;seed=20260811;operatorcount=2;constraintcount=1;depth=1;bag;tuple;set;choose;membership;decomposition,problems/benchmarks/synthetic/manifest.json,False,0,0,
synthetic,syn-bag_tuple_multiplicity-large-03,wfomc,solved,1544400,1544400,6.485996,,,synthetic;stratified;stratum=bag_tuple_multiplicity;family=bag_tuple_multiplicity;difficulty=large;domain=16;variant=3;seed=20260811;operatorcount=2;constraintcount=1;depth=1;bag;tuple;set;choose;membership;decomposition,problems/benchmarks/synthetic/manifest.json,True,0,1,
synthetic,syn-bag_tuple_multiplicity-large-07,wfomc,solved,2402400,2402400,1.276231,,,synthetic;stratified;stratum=bag_tuple_multiplicity;family=bag_tuple_multiplicity;difficulty=large;domain=16;variant=7;seed=20260811;operatorcount=2;constraintcount=1;depth=1;bag;tuple;set;choose;membership;decomposition,problems/benchmarks/synthetic/manifest.json,False,0,0,
synthetic,syn-bag_tuple_multiplicity-large-07,wfomc,solved,2402400,2402400,1.279689,,,synthetic;stratified;stratum=bag_tuple_multiplicity;family=bag_tuple_multiplicity;difficulty=large;domain=16;variant=7;seed=20260811;operatorcount=2;constraintcount=1;depth=1;bag;tuple;set;choose;membership;decomposition,problems/benchmarks/synthetic/manifest.json,True,0,1,
synthetic,syn-set_sequence_patterns-large-03,wfomc,solved,326918592000,326918592000,0.802064,,,synthetic;stratified;stratum=set_sequence_patterns;family=set_sequence_patterns;difficulty=large;domain=16;variant=3;seed=20260811;operatorcount=1;constraintcount=4;depth=1;set;sequence;adjacency;order,problems/benchmarks/synthetic/manifest.json,False,0,0,
synthetic,syn-set_sequence_patterns-large-03,wfomc,solved,326918592000,326918592000,0.799463,,,synthetic;stratified;stratum=set_sequence_patterns;family=set_sequence_patterns;difficulty=large;domain=16;variant=3;seed=20260811;operatorcount=1;constraintcount=4;depth=1;set;sequence;adjacency;order,problems/benchmarks/synthetic/manifest.json,True,0,1,
synthetic,syn-set_sequence_patterns-large-07,wfomc,solved,1307674368000,1307674368000,0.474865,,,synthetic;stratified;stratum=set_sequence_patterns;family=set_sequence_patterns;difficulty=large;domain=16;variant=7;seed=20260811;operatorcount=1;constraintcount=2;depth=1;set;sequence;adjacency;order,problems/benchmarks/synthetic/manifest.json,False,0,0,
synthetic,syn-set_sequence_patterns-large-07,wfomc,solved,1307674368000,1307674368000,0.473897,,,synthetic;stratified;stratum=set_sequence_patterns;family=set_sequence_patterns;difficulty=large;domain=16;variant=7;seed=20260811;operatorcount=1;constraintcount=2;depth=1;set;sequence;adjacency;order,problems/benchmarks/synthetic/manifest.json,True,0,1,
synthetic,syn-bag_sequence_adjacency-large-03,wfomc,solved,5460,5460,3.532834,,,synthetic;stratified;stratum=bag_sequence_adjacency;family=bag_sequence_adjacency;difficulty=large;domain=16;variant=3;seed=20260811;operatorcount=1;constraintcount=1;depth=1;bag;sequence;adjacency,problems/benchmarks/synthetic/manifest.json,False,0,0,
synthetic,syn-bag_sequence_adjacency-large-03,wfomc,solved,5460,5460,3.540007,,,synthetic;stratified;stratum=bag_sequence_adjacency;family=bag_sequence_adjacency;difficulty=large;domain=16;variant=3;seed=20260811;operatorcount=1;constraintcount=1;depth=1;bag;sequence;adjacency,problems/benchmarks/synthetic/manifest.json,True,0,1,
synthetic,syn-bag_sequence_adjacency-large-07,wfomc,solved,3603600,3603600,3.495958,,,synthetic;stratified;stratum=bag_sequence_adjacency;family=bag_sequence_adjacency;difficulty=large;domain=16;variant=7;seed=20260811;operatorcount=1;constraintcount=1;depth=1;bag;sequence;adjacency,problems/benchmarks/synthetic/manifest.json,False,0,0,
synthetic,syn-bag_sequence_adjacency-large-07,wfomc,solved,3603600,3603600,3.497009,,,synthetic;stratified;stratum=bag_sequence_adjacency;family=bag_sequence_adjacency;difficulty=large;domain=16;variant=7;seed=20260811;operatorcount=1;constraintcount=1;depth=1;bag;sequence;adjacency,problems/benchmarks/synthetic/manifest.json,True,0,1,
synthetic,syn-set_partition_min_size-large-03,wfomc,solved,32767,32767,0.705174,,,synthetic;stratified;stratum=set_partition_min_size;family=set_partition_min_size;difficulty=large;domain=16;variant=3;seed=20260811;operatorcount=1;constraintcount=1;depth=1;set;partition;size,problems/benchmarks/synthetic/manifest.json,False,0,0,
synthetic,syn-set_partition_min_size-large-03,wfomc,solved,32767,32767,0.707503,,,synthetic;stratified;stratum=set_partition_min_size;family=set_partition_min_size;difficulty=large;domain=16;variant=3;seed=20260811;operatorcount=1;constraintcount=1;depth=1;set;partition;size,problems/benchmarks/synthetic/manifest.json,True,0,1,
synthetic,syn-set_partition_min_size-large-07,wfomc,solved,32071,32071,0.707597,,,synthetic;stratified;stratum=set_partition_min_size;family=set_partition_min_size;difficulty=large;domain=16;variant=7;seed=20260811;operatorcount=1;constraintcount=1;depth=1;set;partition;size,problems/benchmarks/synthetic/manifest.json,False,0,0,
synthetic,syn-set_partition_min_size-large-07,wfomc,solved,32071,32071,0.701238,,,synthetic;stratified;stratum=set_partition_min_size;family=set_partition_min_size;difficulty=large;domain=16;variant=7;seed=20260811;operatorcount=1;constraintcount=1;depth=1;set;partition;size,problems/benchmarks/synthetic/manifest.json,True,0,1,
synthetic,syn-set_composition_sizes-large-03,wfomc,solved,100900800,100900800,1.151404,,,synthetic;stratified;stratum=set_composition_sizes;family=set_composition_sizes;difficulty=large;domain=16;variant=3;seed=20260811;operatorcount=1;constraintcount=5;depth=1;set;composition;size,problems/benchmarks/synthetic/manifest.json,False,0,0,
synthetic,syn-set_composition_sizes-large-03,wfomc,solved,100900800,100900800,1.158347,,,synthetic;stratified;stratum=set_composition_sizes;family=set_composition_sizes;difficulty=large;domain=16;variant=3;seed=20260811;operatorcount=1;constraintcount=5;depth=1;set;composition;size,problems/benchmarks/synthetic/manifest.json,True,0,1,
synthetic,syn-set_composition_sizes-large-07,wfomc,solved,151351200,151351200,1.166318,,,synthetic;stratified;stratum=set_composition_sizes;family=set_composition_sizes;difficulty=large;domain=16;variant=7;seed=20260811;operatorcount=1;constraintcount=5;depth=1;set;composition;size,problems/benchmarks/synthetic/manifest.json,False,0,0,
synthetic,syn-set_composition_sizes-large-07,wfomc,solved,151351200,151351200,1.170733,,,synthetic;stratified;stratum=set_composition_sizes;family=set_composition_sizes;difficulty=large;domain=16;variant=7;seed=20260811;operatorcount=1;constraintcount=5;depth=1;set;composition;size,problems/benchmarks/synthetic/manifest.json,True,0,1,
synthetic,syn-dependent_choice_disjoint-large-03,wfomc,solved,823680,823680,0.471586,,,synthetic;stratified;stratum=dependent_choice_disjoint;family=dependent_choice_disjoint;difficulty=large;domain=16;variant=3;seed=20260811;operatorcount=3;constraintcount=1;depth=2;set;choose;disjoint;dependent_configuration;outside_cola_fragment,problems/benchmarks/synthetic/manifest.json,False,0,0,
synthetic,syn-dependent_choice_disjoint-large-03,wfomc,solved,823680,823680,0.481841,,,synthetic;stratified;stratum=dependent_choice_disjoint;family=dependent_choice_disjoint;difficulty=large;domain=16;variant=3;seed=20260811;operatorcount=3;constraintcount=1;depth=2;set;choose;disjoint;dependent_configuration;outside_cola_fragment,problems/benchmarks/synthetic/manifest.json,True,0,1,
synthetic,syn-dependent_choice_disjoint-large-07,wfomc,solved,480480,480480,0.481230,,,synthetic;stratified;stratum=dependent_choice_disjoint;family=dependent_choice_disjoint;difficulty=large;domain=16;variant=7;seed=20260811;operatorcount=3;constraintcount=1;depth=2;set;choose;disjoint;dependent_configuration;outside_cola_fragment,problems/benchmarks/synthetic/manifest.json,False,0,0,
synthetic,syn-dependent_choice_disjoint-large-07,wfomc,solved,480480,480480,0.476194,,,synthetic;stratified;stratum=dependent_choice_disjoint;family=dependent_choice_disjoint;difficulty=large;domain=16;variant=7;seed=20260811;operatorcount=3;constraintcount=1;depth=2;set;choose;disjoint;dependent_configuration;outside_cola_fragment,problems/benchmarks/synthetic/manifest.json,True,0,1,
synthetic,syn-dependent_tuple_position_count-large-03,wfomc,solved,118800,118800,1.122788,,,synthetic;stratified;stratum=dependent_tuple_position_count;family=dependent_tuple_position_count;difficulty=large;domain=16;variant=3;seed=20260811;operatorcount=2;constraintcount=2;depth=2;set;choose;tuple;position;count;dependent_configuration;outside_cola_fragment,problems/benchmarks/synthetic/manifest.json,False,0,0,
synthetic,syn-dependent_tuple_position_count-large-03,wfomc,solved,118800,118800,1.121546,,,synthetic;stratified;stratum=dependent_tuple_position_count;family=dependent_tuple_position_count;difficulty=large;domain=16;variant=3;seed=20260811;operatorcount=2;constraintcount=2;depth=2;set;choose;tuple;position;count;dependent_configuration;outside_cola_fragment,problems/benchmarks/synthetic/manifest.json,True,0,1,
synthetic,syn-dependent_tuple_position_count-large-07,wfomc,solved,144000,144000,1.126911,,,synthetic;stratified;stratum=dependent_tuple_position_count;family=dependent_tuple_position_count;difficulty=large;domain=16;variant=7;seed=20260811;operatorcount=2;constraintcount=2;depth=2;set;choose;tuple;position;count;dependent_configuration;outside_cola_fragment,problems/benchmarks/synthetic/manifest.json,False,0,0,
synthetic,syn-dependent_tuple_position_count-large-07,wfomc,solved,144000,144000,1.134407,,,synthetic;stratified;stratum=dependent_tuple_position_count;family=dependent_tuple_position_count;difficulty=large;domain=16;variant=7;seed=20260811;operatorcount=2;constraintcount=2;depth=2;set;choose;tuple;position;count;dependent_configuration;outside_cola_fragment,problems/benchmarks/synthetic/manifest.json,True,0,1,
synthetic,syn-dependent_sequence_patterns-large-03,wfomc,solved,2419200,2419200,1.031290,,,synthetic;stratified;stratum=dependent_sequence_patterns;family=dependent_sequence_patterns;difficulty=large;domain=16;variant=3;seed=20260811;operatorcount=2;constraintcount=9;depth=2;set;choose;sequence;adjacency;order;dependent_configuration;outside_cola_fragment,problems/benchmarks/synthetic/manifest.json,False,0,0,
synthetic,syn-dependent_sequence_patterns-large-03,wfomc,solved,2419200,2419200,1.030898,,,synthetic;stratified;stratum=dependent_sequence_patterns;family=dependent_sequence_patterns;difficulty=large;domain=16;variant=3;seed=20260811;operatorcount=2;constraintcount=9;depth=2;set;choose;sequence;adjacency;order;dependent_configuration;outside_cola_fragment,problems/benchmarks/synthetic/manifest.json,True,0,1,
synthetic,syn-dependent_sequence_patterns-large-07,wfomc,solved,158400,158400,0.907495,,,synthetic;stratified;stratum=dependent_sequence_patterns;family=dependent_sequence_patterns;difficulty=large;domain=16;variant=7;seed=20260811;operatorcount=2;constraintcount=6;depth=2;set;choose;sequence;adjacency;order;dependent_configuration;outside_cola_fragment,problems/benchmarks/synthetic/manifest.json,False,0,0,
synthetic,syn-dependent_sequence_patterns-large-07,wfomc,solved,158400,158400,0.904586,,,synthetic;stratified;stratum=dependent_sequence_patterns;family=dependent_sequence_patterns;difficulty=large;domain=16;variant=7;seed=20260811;operatorcount=2;constraintcount=6;depth=2;set;choose;sequence;adjacency;order;dependent_configuration;outside_cola_fragment,problems/benchmarks/synthetic/manifest.json,True,0,1,
synthetic,syn-dependent_partition_min_size-large-03,wfomc,solved,124492368,124492368,0.833757,,,synthetic;stratified;stratum=dependent_partition_min_size;family=dependent_partition_min_size;difficulty=large;domain=16;variant=3;seed=20260811;operatorcount=2;constraintcount=1;depth=2;set;choose;partition;size;dependent_configuration;outside_cola_fragment,problems/benchmarks/synthetic/manifest.json,False,0,0,
synthetic,syn-dependent_partition_min_size-large-03,wfomc,solved,124492368,124492368,0.836894,,,synthetic;stratified;stratum=dependent_partition_min_size;family=dependent_partition_min_size;difficulty=large;domain=16;variant=3;seed=20260811;operatorcount=2;constraintcount=1;depth=2;set;choose;partition;size;dependent_configuration;outside_cola_fragment,problems/benchmarks/synthetic/manifest.json,True,0,1,
synthetic,syn-dependent_partition_min_size-large-07,wfomc,solved,34606000,34606000,0.836145,,,synthetic;stratified;stratum=dependent_partition_min_size;family=dependent_partition_min_size;difficulty=large;domain=16;variant=7;seed=20260811;operatorcount=2;constraintcount=1;depth=2;set;choose;partition;size;dependent_configuration;outside_cola_fragment,problems/benchmarks/synthetic/manifest.json,False,0,0,
synthetic,syn-dependent_partition_min_size-large-07,wfomc,solved,34606000,34606000,0.836886,,,synthetic;stratified;stratum=dependent_partition_min_size;family=dependent_partition_min_size;difficulty=large;domain=16;variant=7;seed=20260811;operatorcount=2;constraintcount=1;depth=2;set;choose;partition;size;dependent_configuration;outside_cola_fragment,problems/benchmarks/synthetic/manifest.json,True,0,1,
synthetic,syn-dependent_composition_sizes-large-03,wfomc,solved,2882880,2882880,1.237965,,,synthetic;stratified;stratum=dependent_composition_sizes;family=dependent_composition_sizes;difficulty=large;domain=16;variant=3;seed=20260811;operatorcount=2;constraintcount=5;depth=2;set;choose;composition;size;dependent_configuration;outside_cola_fragment,problems/benchmarks/synthetic/manifest.json,False,0,0,
synthetic,syn-dependent_composition_sizes-large-03,wfomc,solved,2882880,2882880,1.254636,,,synthetic;stratified;stratum=dependent_composition_sizes;family=dependent_composition_sizes;difficulty=large;domain=16;variant=3;seed=20260811;operatorcount=2;constraintcount=5;depth=2;set;choose;composition;size;dependent_configuration;outside_cola_fragment,problems/benchmarks/synthetic/manifest.json,True,0,1,
synthetic,syn-dependent_composition_sizes-large-07,wfomc,solved,28828800,28828800,1.007148,,,synthetic;stratified;stratum=dependent_composition_sizes;family=dependent_composition_sizes;difficulty=large;domain=16;variant=7;seed=20260811;operatorcount=2;constraintcount=4;depth=2;set;choose;composition;size;dependent_configuration;outside_cola_fragment,problems/benchmarks/synthetic/manifest.json,False,0,0,
synthetic,syn-dependent_composition_sizes-large-07,wfomc,solved,28828800,28828800,1.004929,,,synthetic;stratified;stratum=dependent_composition_sizes;family=dependent_composition_sizes;difficulty=large;domain=16;variant=7;seed=20260811;operatorcount=2;constraintcount=4;depth=2;set;choose;composition;size;dependent_configuration;outside_cola_fragment,problems/benchmarks/synthetic/manifest.json,True,0,1,
synthetic,syn-dependent_bag_tuple-large-03,wfomc,solved,16800,16800,6.485758,,,synthetic;stratified;stratum=dependent_bag_tuple;family=dependent_bag_tuple;difficulty=large;domain=16;variant=3;seed=20260811;operatorcount=3;constraintcount=1;depth=2;bag;choose;tuple;set;membership;decomposition;dependent_configuration;outside_cola_fragment,problems/benchmarks/synthetic/manifest.json,False,0,0,
synthetic,syn-dependent_bag_tuple-large-03,wfomc,solved,16800,16800,6.459900,,,synthetic;stratified;stratum=dependent_bag_tuple;family=dependent_bag_tuple;difficulty=large;domain=16;variant=3;seed=20260811;operatorcount=3;constraintcount=1;depth=2;bag;choose;tuple;set;membership;decomposition;dependent_configuration;outside_cola_fragment,problems/benchmarks/synthetic/manifest.json,True,0,1,
synthetic,syn-dependent_bag_tuple-large-07,wfomc,solved,43680,43680,6.528881,,,synthetic;stratified;stratum=dependent_bag_tuple;family=dependent_bag_tuple;difficulty=large;domain=16;variant=7;seed=20260811;operatorcount=3;constraintcount=1;depth=2;bag;choose;tuple;set;membership;decomposition;dependent_configuration;outside_cola_fragment,problems/benchmarks/synthetic/manifest.json,False,0,0,
synthetic,syn-dependent_bag_tuple-large-07,wfomc,solved,43680,43680,6.547214,,,synthetic;stratified;stratum=dependent_bag_tuple;family=dependent_bag_tuple;difficulty=large;domain=16;variant=7;seed=20260811;operatorcount=3;constraintcount=1;depth=2;bag;choose;tuple;set;membership;decomposition;dependent_configuration;outside_cola_fragment,problems/benchmarks/synthetic/manifest.json,True,0,1,
synthetic,syn-nested_choice_chain-large-03,wfomc,solved,180180,180180,0.448669,,,synthetic;stratified;stratum=nested_choice_chain;family=nested_choice_chain;difficulty=large;domain=16;variant=3;seed=20260811;operatorcount=3;constraintcount=1;depth=3;set;choose;membership;dependent_configuration;outside_cola_fragment,problems/benchmarks/synthetic/manifest.json,False,0,0,
synthetic,syn-nested_choice_chain-large-03,wfomc,solved,180180,180180,0.450229,,,synthetic;stratified;stratum=nested_choice_chain;family=nested_choice_chain;difficulty=large;domain=16;variant=3;seed=20260811;operatorcount=3;constraintcount=1;depth=3;set;choose;membership;dependent_configuration;outside_cola_fragment,problems/benchmarks/synthetic/manifest.json,True,0,1,
synthetic,syn-nested_choice_chain-large-07,wfomc,solved,525525,525525,0.443970,,,synthetic;stratified;stratum=nested_choice_chain;family=nested_choice_chain;difficulty=large;domain=16;variant=7;seed=20260811;operatorcount=3;constraintcount=1;depth=3;set;choose;membership;dependent_configuration;outside_cola_fragment,problems/benchmarks/synthetic/manifest.json,False,0,0,
synthetic,syn-nested_choice_chain-large-07,wfomc,solved,525525,525525,0.448011,,,synthetic;stratified;stratum=nested_choice_chain;family=nested_choice_chain;difficulty=large;domain=16;variant=7;seed=20260811;operatorcount=3;constraintcount=1;depth=3;set;choose;membership;dependent_configuration;outside_cola_fragment,problems/benchmarks/synthetic/manifest.json,True,0,1,
synthetic,syn-dependent_selected_subsets-large-03,wfomc,solved,480480,480480,0.468996,,,synthetic;stratified;stratum=dependent_selected_subsets;family=dependent_selected_subsets;difficulty=large;domain=16;variant=3;seed=20260811;operatorcount=3;constraintcount=1;depth=2;set;choose;disjoint;dependent_configuration;outside_cola_fragment,problems/benchmarks/synthetic/manifest.json,False,0,0,
synthetic,syn-dependent_selected_subsets-large-03,wfomc,solved,480480,480480,0.477247,,,synthetic;stratified;stratum=dependent_selected_subsets;family=dependent_selected_subsets;difficulty=large;domain=16;variant=3;seed=20260811;operatorcount=3;constraintcount=1;depth=2;set;choose;disjoint;dependent_configuration;outside_cola_fragment,problems/benchmarks/synthetic/manifest.json,True,0,1,
synthetic,syn-dependent_selected_subsets-large-07,wfomc,solved,480480,480480,0.474799,,,synthetic;stratified;stratum=dependent_selected_subsets;family=dependent_selected_subsets;difficulty=large;domain=16;variant=7;seed=20260811;operatorcount=3;constraintcount=1;depth=2;set;choose;disjoint;dependent_configuration;outside_cola_fragment,problems/benchmarks/synthetic/manifest.json,False,0,0,
synthetic,syn-dependent_selected_subsets-large-07,wfomc,solved,480480,480480,0.467201,,,synthetic;stratified;stratum=dependent_selected_subsets;family=dependent_selected_subsets;difficulty=large;domain=16;variant=7;seed=20260811;operatorcount=3;constraintcount=1;depth=2;set;choose;disjoint;dependent_configuration;outside_cola_fragment,problems/benchmarks/synthetic/manifest.json,True,0,1,
real,3,wfomc,solved,165,165,0.479049,,,set;choose,problems/real/corpus.json,True,0,0,
real,3,wfomc,solved,165,165,0.478155,,,set;choose,problems/real/corpus.json,False,0,1,
real,7,wfomc,solved,1440,1440,0.720304,,,set;sequence;together;benchmark,problems/real/corpus.json,True,0,0,
real,7,wfomc,solved,1440,1440,0.716339,,,set;sequence;together;benchmark,problems/real/corpus.json,False,0,1,
real,14,wfomc,solved,9240,9240,0.569654,,,set;choose;multiple choosing,problems/real/corpus.json,True,0,0,
real,14,wfomc,solved,9240,9240,0.574249,,,set;choose;multiple choosing,problems/real/corpus.json,False,0,1,
real,20,wfomc,solved,10,10,0.479507,,,set;choose,problems/real/corpus.json,True,0,0,
real,20,wfomc,solved,10,10,0.478904,,,set;choose,problems/real/corpus.json,False,0,1,
real,24,wfomc,solved,1296540,1296540,0.942262,,,set;choose;multiple choosing;second order logic,problems/real/corpus.json,True,0,0,
real,24,wfomc,solved,1296540,1296540,0.939853,,,set;choose;multiple choosing;second order logic,problems/real/corpus.json,False,0,1,
real,28,wfomc,solved,243,243,0.571228,,,set;composition,problems/real/corpus.json,True,0,0,
real,28,wfomc,solved,243,243,0.571141,,,set;composition,problems/real/corpus.json,False,0,1,
real,32,wfomc,solved,21,21,1.176765,,,bag;tuple,problems/real/corpus.json,True,0,0,
real,32,wfomc,solved,21,21,1.169249,,,bag;tuple,problems/real/corpus.json,False,0,1,
real,38,wfomc,solved,3,3,0.595785,,,bag;partition,problems/real/corpus.json,True,0,0,
real,38,wfomc,solved,3,3,0.589014,,,bag;partition,problems/real/corpus.json,False,0,1,
real,43,wfomc,solved,15,15,0.860233,,,set;choose;size constraint,problems/real/corpus.json,True,0,0,
real,43,wfomc,solved,15,15,0.850121,,,set;choose;size constraint,problems/real/corpus.json,False,0,1,
real,48,wfomc,solved,35,35,1.165533,,,bag;tuple,problems/real/corpus.json,True,0,0,
real,48,wfomc,solved,35,35,1.173692,,,bag;tuple,problems/real/corpus.json,False,0,1,
real,56,wfomc,solved,45045,45045,0.587390,,,set;choose;multiple choosing,problems/real/corpus.json,True,0,0,
real,56,wfomc,solved,45045,45045,0.565684,,,set;choose;multiple choosing,problems/real/corpus.json,False,0,1,
real,60,wfomc,solved,36,36,0.506408,,,set;choose,problems/real/corpus.json,True,0,0,
real,60,wfomc,solved,36,36,0.483401,,,set;choose,problems/real/corpus.json,False,0,1,
real,65,wfomc,solved,61328,61328,1.123785,,,set;choose_replace_permute;tuple;index;compare element;count element;not constraint;or constraint,problems/real/corpus.json,True,0,0,
real,65,wfomc,solved,61328,61328,1.099082,,,set;choose_replace_permute;tuple;index;compare element;count element;not constraint;or constraint,problems/real/corpus.json,False,0,1,
real,70,wfomc,solved,28,28,0.623503,,,set;choose_replace,problems/real/corpus.json,True,0,0,
real,70,wfomc,solved,28,28,0.630652,,,set;choose_replace,problems/real/corpus.json,False,0,1,
real,74,wfomc,solved,30951,30951,1.092979,,,set;choose_replace_permute;index;compare element;multiplicity constraint;not constraint;benchmark,problems/real/corpus.json,True,0,0,
real,74,wfomc,solved,30951,30951,1.083051,,,set;choose_replace_permute;index;compare element;multiplicity constraint;not constraint;benchmark,problems/real/corpus.json,False,0,1,
real,80,wfomc,solved,24,24,0.638305,,,set;sequence;next_to;not constraint,problems/real/corpus.json,True,0,0,
real,80,wfomc,solved,24,24,0.640549,,,set;sequence;next_to;not constraint,problems/real/corpus.json,False,0,1,
real,85,wfomc,solved,225,225,0.572383,,,set;choose;multiple choosing,problems/real/corpus.json,True,0,0,
real,85,wfomc,solved,225,225,0.573425,,,set;choose;multiple choosing,problems/real/corpus.json,False,0,1,
real,92,wfomc,solved,15600,15600,1.041643,,,set;choose;multiple choosing;union;size constraint,problems/real/corpus.json,True,0,0,
real,92,wfomc,solved,15600,15600,1.040778,,,set;choose;multiple choosing;union;size constraint,problems/real/corpus.json,False,0,1,
real,96,wfomc,solved,480,480,0.575179,,,set;sequence;next_to;not constraint,problems/real/corpus.json,True,0,0,
real,96,wfomc,solved,480,480,0.579673,,,set;sequence;next_to;not constraint,problems/real/corpus.json,False,0,1,
real,100,wfomc,solved,650,650,1.117656,,,set;choose;tuple,problems/real/corpus.json,True,0,0,
real,100,wfomc,solved,650,650,1.113841,,,set;choose;tuple,problems/real/corpus.json,False,0,1,
real,104,wfomc,solved,840,840,1.055245,,,set;choose;intersection;size constraint,problems/real/corpus.json,True,0,0,
real,104,wfomc,solved,840,840,1.003711,,,set;choose;intersection;size constraint,problems/real/corpus.json,False,0,1,
real,108,wfomc,solved,126,126,0.854103,,,partition;benchmark,problems/real/corpus.json,True,0,0,
real,108,wfomc,solved,126,126,0.881962,,,partition;benchmark,problems/real/corpus.json,False,0,1,
real,112,wfomc,solved,1940,1940,0.967778,,,set;choose;intersection;size constraint,problems/real/corpus.json,True,0,0,
real,112,wfomc,solved,1940,1940,0.967104,,,set;choose;intersection;size constraint,problems/real/corpus.json,False,0,1,
real,118,wfomc,solved,1024,1024,0.448088,,,set;composition,problems/real/corpus.json,True,0,0,
real,118,wfomc,solved,1024,1024,0.446431,,,set;composition,problems/real/corpus.json,False,0,1,
real,124,wfomc,solved,32,32,0.443538,,,set;composition,problems/real/corpus.json,True,0,0,
real,124,wfomc,solved,32,32,0.448251,,,set;composition,problems/real/corpus.json,False,0,1,
real,128,wfomc,solved,12500,12500,0.682662,,,set;choose_permute;tuple;index;in,problems/real/corpus.json,True,0,0,
real,128,wfomc,solved,12500,12500,0.682211,,,set;choose_permute;tuple;index;in,problems/real/corpus.json,False,0,1,
real,132,wfomc,solved,72,72,0.673442,,,bag;choose;multiple choosing;benchmark,problems/real/corpus.json,True,0,0,
real,132,wfomc,solved,72,72,0.751536,,,bag;choose;multiple choosing;benchmark,problems/real/corpus.json,False,0,1,
real,136,wfomc,solved,4320,4320,1.620999,,,set;choose;tuple;intersection;size constraint,problems/real/corpus.json,True,0,0,
real,136,wfomc,solved,4320,4320,1.628708,,,set;choose;tuple;intersection;size constraint,problems/real/corpus.json,False,0,1,
real,142,wfomc,solved,151200,151200,0.788951,,,set;choose;multiple choosing,problems/real/corpus.json,True,0,0,
real,142,wfomc,solved,151200,151200,0.642219,,,set;choose;multiple choosing,problems/real/corpus.json,False,0,1,
real,142,wfomc,solved,151200,151200,0.640466,,,set;choose;multiple choosing,problems/real/corpus.json,False,1,0,slowdown
real,142,wfomc,solved,151200,151200,0.639263,,,set;choose;multiple choosing,problems/real/corpus.json,True,1,1,slowdown
real,142,wfomc,solved,151200,151200,0.639845,,,set;choose;multiple choosing,problems/real/corpus.json,True,2,0,slowdown
real,142,wfomc,solved,151200,151200,0.642915,,,set;choose;multiple choosing,problems/real/corpus.json,False,2,1,slowdown
real,142,wfomc,solved,151200,151200,0.642124,,,set;choose;multiple choosing,problems/real/corpus.json,False,3,0,slowdown
real,142,wfomc,solved,151200,151200,0.644424,,,set;choose;multiple choosing,problems/real/corpus.json,True,3,1,slowdown
real,146,wfomc,solved,371043400,371043400,0.785021,,,set;choose;intersection;size constraint,problems/real/corpus.json,True,0,0,
real,146,wfomc,solved,371043400,371043400,0.784389,,,set;choose;intersection;size constraint,problems/real/corpus.json,False,0,1,
real,152,wfomc,solved,36,36,0.647975,,,set;choose;size constraint,problems/real/corpus.json,True,0,0,
real,152,wfomc,solved,36,36,0.645974,,,set;choose;size constraint,problems/real/corpus.json,False,0,1,
real,158,wfomc,solved,125,125,0.328429,,,set;choose_replace_permute;tuple,problems/real/corpus.json,True,0,0,
real,158,wfomc,solved,125,125,0.333678,,,set;choose_replace_permute;tuple,problems/real/corpus.json,False,0,1,
real,163,wfomc,solved,3003,3003,0.335497,,,set;choose,problems/real/corpus.json,True,0,0,
real,163,wfomc,solved,3003,3003,0.332104,,,set;choose,problems/real/corpus.json,False,0,1,
real,167,wfomc,solved,48048,48048,0.390151,,,set;choose;multiple choosing,problems/real/corpus.json,True,0,0,
real,167,wfomc,solved,48048,48048,0.383779,,,set;choose;multiple choosing,problems/real/corpus.json,False,0,1,
real,171,wfomc,solved,60,60,0.370160,,,set;choose;multiple choosing,problems/real/corpus.json,True,0,0,
real,171,wfomc,solved,60,60,0.374508,,,set;choose;multiple choosing,problems/real/corpus.json,False,0,1,
real,176,wfomc,solved,30,30,0.878396,,,tuple;unknown length,problems/real/corpus.json,True,0,0,
real,176,wfomc,solved,30,30,0.876202,,,tuple;unknown length,problems/real/corpus.json,False,0,1,
real,181,wfomc,solved,1295,1295,0.996757,,,set;choose_replace_permute;tuple;count element;disjoint,problems/real/corpus.json,True,0,0,
real,181,wfomc,solved,1295,1295,1.003598,,,set;choose_replace_permute;tuple;count element;disjoint,problems/real/corpus.json,False,0,1,
real,185,wfomc,solved,56,56,0.320370,,,set;choose,problems/real/corpus.json,True,0,0,
real,185,wfomc,solved,56,56,0.331113,,,set;choose,problems/real/corpus.json,False,0,1,
real,189,wfomc,solved,81,81,0.368388,,,set;composition,problems/real/corpus.json,True,0,0,
real,189,wfomc,solved,81,81,0.371333,,,set;composition,problems/real/corpus.json,False,0,1,
real,193,wfomc,solved,2880,2880,0.396551,,,set;sequence;pred;succ,problems/real/corpus.json,True,0,0,
real,193,wfomc,solved,2880,2880,0.393114,,,set;sequence;pred;succ,problems/real/corpus.json,False,0,1,
real,200,wfomc,solved,31,31,0.659031,,,set;choose;size constraint,problems/real/corpus.json,True,0,0,
real,200,wfomc,solved,31,31,0.646886,,,set;choose;size constraint,problems/real/corpus.json,False,0,1,
real,204,wfomc,solved,56,56,0.320658,,,set;choose,problems/real/corpus.json,True,0,0,
real,204,wfomc,solved,56,56,0.328075,,,set;choose,problems/real/corpus.json,False,0,1,
real,211,wfomc,solved,15,15,0.320959,,,set;choose,problems/real/corpus.json,True,0,0,
real,211,wfomc,solved,15,15,0.324045,,,set;choose,problems/real/corpus.json,False,0,1,
real,219,wfomc,solved,165,165,0.479477,,,bag;composition,problems/real/corpus.json,True,0,0,
real,219,wfomc,solved,165,165,0.484472,,,bag;composition,problems/real/corpus.json,False,0,1,
real,225,wfomc,solved,28,28,0.319515,,,set;choose,problems/real/corpus.json,True,0,0,
real,225,wfomc,solved,28,28,0.318972,,,set;choose,problems/real/corpus.json,False,0,1,
real,231,wfomc,solved,36000,36000,0.390437,,,set;sequence;not constraint;pred,problems/real/corpus.json,True,0,0,
real,231,wfomc,solved,36000,36000,0.386483,,,set;sequence;not constraint;pred,problems/real/corpus.json,False,0,1,
real,237,wfomc,solved,48,48,0.466572,,,set;tuple;index;in,problems/real/corpus.json,True,0,0,
real,237,wfomc,solved,48,48,0.470544,,,set;tuple;index;in,problems/real/corpus.json,False,0,1,
real,242,wfomc,solved,62,62,1.614296,,,set;choose;multiple choosing;set equality;or constraint,problems/real/corpus.json,True,0,0,
real,242,wfomc,solved,62,62,1.625935,,,set;choose;multiple choosing;set equality;or constraint,problems/real/corpus.json,False,0,1,
real,246,wfomc,solved,35,35,0.325704,,,set;choose,problems/real/corpus.json,True,0,0,
real,246,wfomc,solved,35,35,0.323255,,,set;choose,problems/real/corpus.json,False,0,1,
real,252,wfomc,solved,48,48,0.802137,,,bag;tuple;index;not constraint;compare element,problems/real/corpus.json,True,0,0,
real,252,wfomc,solved,48,48,0.805416,,,bag;tuple;index;not constraint;compare element,problems/real/corpus.json,False,0,1,
real,256,wfomc,solved,28,28,0.321577,,,set;choose,problems/real/corpus.json,True,0,0,
real,256,wfomc,solved,28,28,0.323597,,,set;choose,problems/real/corpus.json,False,0,1,
real,262,wfomc,solved,9240,9240,0.820662,,,set;composition;size constraint;index;in,problems/real/corpus.json,True,0,0,
real,262,wfomc,solved,9240,9240,0.827746,,,set;composition;size constraint;index;in,problems/real/corpus.json,False,0,1,
real,268,wfomc,solved,4,4,0.424368,,,bag;partition,problems/real/corpus.json,True,0,0,
real,268,wfomc,solved,4,4,0.432065,,,bag;partition,problems/real/corpus.json,False,0,1,
real,274,wfomc,solved,2598960,2598960,0.325818,,,set;choose,problems/real/corpus.json,True,0,0,
real,274,wfomc,solved,2598960,2598960,0.326349,,,set;choose,problems/real/corpus.json,False,0,1,
real,279,wfomc,solved,210,210,0.417987,,,set;choose;multiple choosing;subset;not constraint,problems/real/corpus.json,True,0,0,
real,279,wfomc,solved,210,210,0.421816,,,set;choose;multiple choosing;subset;not constraint,problems/real/corpus.json,False,0,1,
real,286,wfomc,solved,4242,4242,0.712711,,,set;choose;intersection;size constraint,problems/real/corpus.json,True,0,0,
real,286,wfomc,solved,4242,4242,0.718092,,,set;choose;intersection;size constraint,problems/real/corpus.json,False,0,1,
real,291,wfomc,solved,180,180,0.806054,,,set;sequence;choose_replace_permute;pred;succ,problems/real/corpus.json,True,0,0,
real,291,wfomc,solved,180,180,0.804250,,,set;sequence;choose_replace_permute;pred;succ,problems/real/corpus.json,False,0,1,
real,296,wfomc,solved,80,80,0.393312,,,set;choose;multiple choosing,problems/real/corpus.json,True,0,0,
real,296,wfomc,solved,80,80,0.396751,,,set;choose;multiple choosing,problems/real/corpus.json,False,0,1,
real,300,wfomc,solved,380,380,0.384867,,,set;choose;multiple choosing,problems/real/corpus.json,True,0,0,
real,300,wfomc,solved,380,380,0.386760,,,set;choose;multiple choosing,problems/real/corpus.json,False,0,1,
real,305,wfomc,solved,1050,1050,0.810528,,,set;choose;intersection;size constraint,problems/real/corpus.json,True,0,0,
real,305,wfomc,solved,1050,1050,0.811419,,,set;choose;intersection;size constraint,problems/real/corpus.json,False,0,1,
real,325,wfomc,solved,452,452,0.787368,,,set;choose_replace_permute;tuple;in;not constraint;compare element,problems/real/corpus.json,True,0,0,
real,325,wfomc,solved,452,452,0.787755,,,set;choose_replace_permute;tuple;in;not constraint;compare element,problems/real/corpus.json,False,0,1,
growing,mathcounts_005,wfomc,solved,4,4,0.798760,,,mathcounts;bag;choose;count;growing;family=mathcounts;domain=5,MATHCOUNTS bag choose,True,0,0,
growing,mathcounts_005,wfomc,solved,4,4,0.802414,,,mathcounts;bag;choose;count;growing;family=mathcounts;domain=5,MATHCOUNTS bag choose,False,0,1,
growing,mathcounts_025,wfomc,solved,6525,6525,0.810395,,,mathcounts;bag;choose;count;growing;family=mathcounts;domain=25,MATHCOUNTS bag choose,True,0,0,
growing,mathcounts_025,wfomc,solved,6525,6525,0.809660,,,mathcounts;bag;choose;count;growing;family=mathcounts;domain=25,MATHCOUNTS bag choose,False,0,1,
growing,mathcounts_045,wfomc,solved,79359,79359,0.812023,,,mathcounts;bag;choose;count;growing;family=mathcounts;domain=45,MATHCOUNTS bag choose,True,0,0,
growing,mathcounts_045,wfomc,solved,79359,79359,0.833768,,,mathcounts;bag;choose;count;growing;family=mathcounts;domain=45,MATHCOUNTS bag choose,False,0,1,
growing,mathcounts_065,wfomc,solved,384314,384314,0.987621,,,mathcounts;bag;choose;count;growing;family=mathcounts;domain=65,MATHCOUNTS bag choose,True,0,0,
growing,mathcounts_065,wfomc,solved,384314,384314,0.868538,,,mathcounts;bag;choose;count;growing;family=mathcounts;domain=65,MATHCOUNTS bag choose,False,0,1,
growing,mathcounts_085,wfomc,solved,1146475,1146475,0.873082,,,mathcounts;bag;choose;count;growing;family=mathcounts;domain=85,MATHCOUNTS bag choose,True,0,0,
growing,mathcounts_085,wfomc,solved,1146475,1146475,0.860509,,,mathcounts;bag;choose;count;growing;family=mathcounts;domain=85,MATHCOUNTS bag choose,False,0,1,
growing,fourletter_005,wfomc,solved,18,18,0.788535,,,fourletter;set;tuple;position;count;growing;family=fourletter;domain=5,four-letter arrangements,True,0,0,
growing,fourletter_005,wfomc,solved,18,18,0.779840,,,fourletter;set;tuple;position;count;growing;family=fourletter;domain=5,four-letter arrangements,False,0,1,
growing,fourletter_025,wfomc,solved,1518,1518,0.835410,,,fourletter;set;tuple;position;count;growing;family=fourletter;domain=25,four-letter arrangements,True,0,0,
growing,fourletter_025,wfomc,solved,1518,1518,0.816844,,,fourletter;set;tuple;position;count;growing;family=fourletter;domain=25,four-letter arrangements,False,0,1,
growing,fourletter_045,wfomc,solved,5418,5418,0.859025,,,fourletter;set;tuple;position;count;growing;family=fourletter;domain=45,four-letter arrangements,True,0,0,
growing,fourletter_045,wfomc,solved,5418,5418,0.853938,,,fourletter;set;tuple;position;count;growing;family=fourletter;domain=45,four-letter arrangements,False,0,1,
growing,fourletter_065,wfomc,solved,11718,11718,0.957280,,,fourletter;set;tuple;position;count;growing;family=fourletter;domain=65,four-letter arrangements,True,0,0,
growing,fourletter_065,wfomc,solved,11718,11718,0.960010,,,fourletter;set;tuple;position;count;growing;family=fourletter;domain=65,four-letter arrangements,False,0,1,
growing,fourletter_085,wfomc,solved,20418,20418,1.163203,,,fourletter;set;tuple;position;count;growing;family=fourletter;domain=85,four-letter arrangements,True,0,0,
growing,fourletter_085,wfomc,solved,20418,20418,1.168145,,,fourletter;set;tuple;position;count;growing;family=fourletter;domain=85,four-letter arrangements,False,0,1,
growing,tvs_005,wfomc,solved,1,1,0.684250,,,tvs;set;choose;count;growing;family=tvs;domain=5,defective TVs purchase,True,0,0,
growing,tvs_005,wfomc,solved,1,1,0.673964,,,tvs;set;choose;count;growing;family=tvs;domain=5,defective TVs purchase,False,0,1,
growing,tvs_025,wfomc,solved,18246,18246,0.728810,,,tvs;set;choose;count;growing;family=tvs;domain=25,defective TVs purchase,True,0,0,
growing,tvs_025,wfomc,solved,18246,18246,0.725279,,,tvs;set;choose;count;growing;family=tvs;domain=25,defective TVs purchase,False,0,1,
growing,tvs_045,wfomc,solved,433367,433367,0.729801,,,tvs;set;choose;count;growing;family=tvs;domain=45,defective TVs purchase,True,0,0,
growing,tvs_045,wfomc,solved,433367,433367,0.727689,,,tvs;set;choose;count;growing;family=tvs;domain=45,defective TVs purchase,False,0,1,
growing,tvs_065,wfomc,solved,2962988,2962988,0.746727,,,tvs;set;choose;count;growing;family=tvs;domain=65,defective TVs purchase,True,0,0,
growing,tvs_065,wfomc,solved,2962988,2962988,0.736597,,,tvs;set;choose;count;growing;family=tvs;domain=65,defective TVs purchase,False,0,1,
growing,tvs_085,wfomc,solved,11834109,11834109,0.766976,,,tvs;set;choose;count;growing;family=tvs;domain=85,defective TVs purchase,True,0,0,
growing,tvs_085,wfomc,solved,11834109,11834109,0.742484,,,tvs;set;choose;count;growing;family=tvs;domain=85,defective TVs purchase,False,0,1,
growing,workers_005,wfomc,solved,30,30,0.814100,,,workers;set;composition;index;size;growing;family=workers;domain=5,workers composition,True,0,0,
growing,workers_005,wfomc,solved,30,30,0.812155,,,workers;set;composition;index;size;growing;family=workers;domain=5,workers composition,False,0,1,
growing,workers_025,wfomc,solved,6692786100,6692786100,0.804342,,,workers;set;composition;index;size;growing;family=workers;domain=25,workers composition,True,0,0,
growing,workers_025,wfomc,solved,6692786100,6692786100,0.817635,,,workers;set;composition;index;size;growing;family=workers;domain=25,workers composition,False,0,1,
growing,workers_045,wfomc,solved,2018483176886233200,2018483176886233200,0.824743,,,workers;set;composition;index;size;growing;family=workers;domain=45,workers composition,True,0,0,
growing,workers_045,wfomc,solved,2018483176886233200,2018483176886233200,0.814125,,,workers;set;composition;index;size;growing;family=workers;domain=45,workers composition,False,0,1,
growing,workers_065,wfomc,solved,1280789124444724123137308400,1280789124444724123137308400,0.822713,,,workers;set;composition;index;size;growing;family=workers;domain=65,workers composition,True,0,0,
growing,workers_065,wfomc,solved,1280789124444724123137308400,1280789124444724123137308400,0.816995,,,workers;set;composition;index;size;growing;family=workers;domain=65,workers composition,False,0,1,
growing,workers_085,wfomc,solved,502903026467190218552744304651038400,502903026467190218552744304651038400,0.847490,,,workers;set;composition;index;size;growing;family=workers;domain=85,workers composition,True,0,0,
growing,workers_085,wfomc,solved,502903026467190218552744304651038400,502903026467190218552744304651038400,0.842521,,,workers;set;composition;index;size;growing;family=workers;domain=85,workers composition,False,0,1,
growing,banana_005,wfomc,solved,30,30,0.870872,,,banana;bag;tuple;growing;family=banana;domain=5,BANANA bag tuple,True,0,0,
growing,banana_005,wfomc,solved,30,30,0.874984,,,banana;bag;tuple;growing;family=banana;domain=5,BANANA bag tuple,False,0,1,
growing,banana_025,wfomc,solved,3718214500,3718214500,1.131910,,,banana;bag;tuple;growing;family=banana;domain=25,BANANA bag tuple,True,0,0,
growing,banana_025,wfomc,solved,3718214500,3718214500,1.142346,,,banana;bag;tuple;growing;family=banana;domain=25,BANANA bag tuple,False,0,1,
growing,banana_045,wfomc,solved,1009241588443116600,1009241588443116600,1.142427,,,banana;bag;tuple;growing;family=banana;domain=45,BANANA bag tuple,True,0,0,
growing,banana_045,wfomc,solved,1009241588443116600,1009241588443116600,1.142585,,,banana;bag;tuple;growing;family=banana;domain=45,BANANA bag tuple,False,0,1,
growing,banana_065,wfomc,solved,334118902029058466905384800,334118902029058466905384800,1.210221,,,banana;bag;tuple;growing;family=banana;domain=65,BANANA bag tuple,True,0,0,
growing,banana_065,wfomc,solved,334118902029058466905384800,334118902029058466905384800,1.205369,,,banana;bag;tuple;growing;family=banana;domain=65,BANANA bag tuple,False,0,1,
growing,banana_085,wfomc,solved,260122255069236319941074640336744000,260122255069236319941074640336744000,1.231045,,,banana;bag;tuple;growing;family=banana;domain=85,BANANA bag tuple,True,0,0,
growing,banana_085,wfomc,solved,260122255069236319941074640336744000,260122255069236319941074640336744000,1.219712,,,banana;bag;tuple;growing;family=banana;domain=85,BANANA bag tuple,False,0,1,
growing,nested_choice_005,wfomc,solved,20,20,0.359759,,,nested_choice;set;choose;dependent_configuration;outside_cola_fragment;growing;family=nested_choice;domain=5,choose a team and then its captain,True,0,0,
growing,nested_choice_005,wfomc,solved,20,20,0.360390,,,nested_choice;set;choose;dependent_configuration;outside_cola_fragment;growing;family=nested_choice;domain=5,choose a team and then its captain,False,0,1,
growing,nested_choice_025,wfomc,solved,50600,50600,0.366047,,,nested_choice;set;choose;dependent_configuration;outside_cola_fragment;growing;family=nested_choice;domain=25,choose a team and then its captain,True,0,0,
growing,nested_choice_025,wfomc,solved,50600,50600,0.367404,,,nested_choice;set;choose;dependent_configuration;outside_cola_fragment;growing;family=nested_choice;domain=25,choose a team and then its captain,False,0,1,
growing,nested_choice_045,wfomc,solved,595980,595980,0.367749,,,nested_choice;set;choose;dependent_configuration;outside_cola_fragment;growing;family=nested_choice;domain=45,choose a team and then its captain,True,0,0,
growing,nested_choice_045,wfomc,solved,595980,595980,0.372446,,,nested_choice;set;choose;dependent_configuration;outside_cola_fragment;growing;family=nested_choice;domain=45,choose a team and then its captain,False,0,1,
growing,nested_choice_065,wfomc,solved,2708160,2708160,0.379213,,,nested_choice;set;choose;dependent_configuration;outside_cola_fragment;growing;family=nested_choice;domain=65,choose a team and then its captain,True,0,0,
growing,nested_choice_065,wfomc,solved,2708160,2708160,0.384194,,,nested_choice;set;choose;dependent_configuration;outside_cola_fragment;growing;family=nested_choice;domain=65,choose a team and then its captain,False,0,1,
growing,nested_choice_085,wfomc,solved,8099140,8099140,0.388542,,,nested_choice;set;choose;dependent_configuration;outside_cola_fragment;growing;family=nested_choice;domain=85,choose a team and then its captain,True,0,0,
growing,nested_choice_085,wfomc,solved,8099140,8099140,0.389615,,,nested_choice;set;choose;dependent_configuration;outside_cola_fragment;growing;family=nested_choice;domain=85,choose a team and then its captain,False,0,1,
growing,selected_pairs_005,wfomc,solved,15,15,0.735287,,,selected_pairs;set;choose;partition;dependent_configuration;outside_cola_fragment;growing;family=selected_pairs;domain=5,choose four people and partition them into pairs,True,0,0,
growing,selected_pairs_005,wfomc,solved,15,15,0.756973,,,selected_pairs;set;choose;partition;dependent_configuration;outside_cola_fragment;growing;family=selected_pairs;domain=5,choose four people and partition them into pairs,False,0,1,
growing,selected_pairs_025,wfomc,solved,37950,37950,0.742927,,,selected_pairs;set;choose;partition;dependent_configuration;outside_cola_fragment;growing;family=selected_pairs;domain=25,choose four people and partition them into pairs,True,0,0,
growing,selected_pairs_025,wfomc,solved,37950,37950,0.746111,,,selected_pairs;set;choose;partition;dependent_configuration;outside_cola_fragment;growing;family=selected_pairs;domain=25,choose four people and partition them into pairs,False,0,1,
growing,selected_pairs_045,wfomc,solved,446985,446985,0.747737,,,selected_pairs;set;choose;partition;dependent_configuration;outside_cola_fragment;growing;family=selected_pairs;domain=45,choose four people and partition them into pairs,True,0,0,
growing,selected_pairs_045,wfomc,solved,446985,446985,0.750159,,,selected_pairs;set;choose;partition;dependent_configuration;outside_cola_fragment;growing;family=selected_pairs;domain=45,choose four people and partition them into pairs,False,0,1,
growing,selected_pairs_065,wfomc,solved,2031120,2031120,0.760999,,,selected_pairs;set;choose;partition;dependent_configuration;outside_cola_fragment;growing;family=selected_pairs;domain=65,choose four people and partition them into pairs,True,0,0,
growing,selected_pairs_065,wfomc,solved,2031120,2031120,0.760168,,,selected_pairs;set;choose;partition;dependent_configuration;outside_cola_fragment;growing;family=selected_pairs;domain=65,choose four people and partition them into pairs,False,0,1,
growing,selected_pairs_085,wfomc,solved,6074355,6074355,0.765471,,,selected_pairs;set;choose;partition;dependent_configuration;outside_cola_fragment;growing;family=selected_pairs;domain=85,choose four people and partition them into pairs,True,0,0,
growing,selected_pairs_085,wfomc,solved,6074355,6074355,0.763536,,,selected_pairs;set;choose;partition;dependent_configuration;outside_cola_fragment;growing;family=selected_pairs;domain=85,choose four people and partition them into pairs,False,0,1,
growing,selected_sequence_005,wfomc,solved,48,48,0.343734,,,selected_sequence;set;choose;sequence;adjacency;dependent_configuration;outside_cola_fragment;growing;family=selected_sequence;domain=5,"choose five items, order them, and keep two adjacent",True,0,0,
growing,selected_sequence_005,wfomc,solved,48,48,0.346554,,,selected_sequence;set;choose;sequence;adjacency;dependent_configuration;outside_cola_fragment;growing;family=selected_sequence;domain=5,"choose five items, order them, and keep two adjacent",False,0,1,
growing,selected_sequence_025,wfomc,solved,85008,85008,0.782035,,,selected_sequence;set;choose;sequence;adjacency;dependent_configuration;outside_cola_fragment;growing;family=selected_sequence;domain=25,"choose five items, order them, and keep two adjacent",True,0,0,
growing,selected_sequence_025,wfomc,solved,85008,85008,0.779126,,,selected_sequence;set;choose;sequence;adjacency;dependent_configuration;outside_cola_fragment;growing;family=selected_sequence;domain=25,"choose five items, order them, and keep two adjacent",False,0,1,
growing,selected_sequence_045,wfomc,solved,592368,592368,0.857455,,,selected_sequence;set;choose;sequence;adjacency;dependent_configuration;outside_cola_fragment;growing;family=selected_sequence;domain=45,"choose five items, order them, and keep two adjacent",True,0,0,
growing,selected_sequence_045,wfomc,solved,592368,592368,0.851066,,,selected_sequence;set;choose;sequence;adjacency;dependent_configuration;outside_cola_fragment;growing;family=selected_sequence;domain=45,"choose five items, order them, and keep two adjacent",False,0,1,
growing,selected_sequence_065,wfomc,solved,1906128,1906128,0.985449,,,selected_sequence;set;choose;sequence;adjacency;dependent_configuration;outside_cola_fragment;growing;family=selected_sequence;domain=65,"choose five items, order them, and keep two adjacent",True,0,0,
growing,selected_sequence_065,wfomc,solved,1906128,1906128,0.981728,,,selected_sequence;set;choose;sequence;adjacency;dependent_configuration;outside_cola_fragment;growing;family=selected_sequence;domain=65,"choose five items, order them, and keep two adjacent",False,0,1,
growing,selected_sequence_085,wfomc,solved,4410288,4410288,1.198351,,,selected_sequence;set;choose;sequence;adjacency;dependent_configuration;outside_cola_fragment;growing;family=selected_sequence;domain=85,"choose five items, order them, and keep two adjacent",True,0,0,
growing,selected_sequence_085,wfomc,solved,4410288,4410288,1.146170,,,selected_sequence;set;choose;sequence;adjacency;dependent_configuration;outside_cola_fragment;growing;family=selected_sequence;domain=85,"choose five items, order them, and keep two adjacent",False,0,1,
synthetic,syn-set_choice_intersection-small-00,wfomc,solved,30,30,0.721674,,,synthetic;stratified;stratum=set_choice_intersection;family=set_choice_intersection;difficulty=small;domain=8;variant=0;seed=20260811;operatorcount=1;constraintcount=1;depth=1;set;choose;intersection;size,problems/benchmarks/synthetic/manifest.json,True,0,0,
synthetic,syn-set_choice_intersection-small-00,wfomc,solved,30,30,0.732794,,,synthetic;stratified;stratum=set_choice_intersection;family=set_choice_intersection;difficulty=small;domain=8;variant=0;seed=20260811;operatorcount=1;constraintcount=1;depth=1;set;choose;intersection;size,problems/benchmarks/synthetic/manifest.json,False,0,1,
synthetic,syn-set_choice_intersection-small-04,wfomc,solved,10,10,0.728293,,,synthetic;stratified;stratum=set_choice_intersection;family=set_choice_intersection;difficulty=small;domain=8;variant=4;seed=20260811;operatorcount=1;constraintcount=1;depth=1;set;choose;intersection;size,problems/benchmarks/synthetic/manifest.json,True,0,0,
synthetic,syn-set_choice_intersection-small-04,wfomc,solved,10,10,0.730910,,,synthetic;stratified;stratum=set_choice_intersection;family=set_choice_intersection;difficulty=small;domain=8;variant=4;seed=20260811;operatorcount=1;constraintcount=1;depth=1;set;choose;intersection;size,problems/benchmarks/synthetic/manifest.json,False,0,1,
synthetic,syn-bag_choice_multiplicity-small-00,wfomc,solved,3,3,0.392111,,,synthetic;stratified;stratum=bag_choice_multiplicity;family=bag_choice_multiplicity;difficulty=small;domain=8;variant=0;seed=20260811;operatorcount=1;constraintcount=1;depth=1;bag;choose;count,problems/benchmarks/synthetic/manifest.json,True,0,0,
synthetic,syn-bag_choice_multiplicity-small-00,wfomc,solved,3,3,0.392046,,,synthetic;stratified;stratum=bag_choice_multiplicity;family=bag_choice_multiplicity;difficulty=small;domain=8;variant=0;seed=20260811;operatorcount=1;constraintcount=1;depth=1;bag;choose;count,problems/benchmarks/synthetic/manifest.json,False,0,1,
synthetic,syn-bag_choice_multiplicity-small-04,wfomc,solved,6,6,0.393808,,,synthetic;stratified;stratum=bag_choice_multiplicity;family=bag_choice_multiplicity;difficulty=small;domain=8;variant=4;seed=20260811;operatorcount=1;constraintcount=1;depth=1;bag;choose;count,problems/benchmarks/synthetic/manifest.json,True,0,0,
synthetic,syn-bag_choice_multiplicity-small-04,wfomc,solved,6,6,0.391205,,,synthetic;stratified;stratum=bag_choice_multiplicity;family=bag_choice_multiplicity;difficulty=small;domain=8;variant=4;seed=20260811;operatorcount=1;constraintcount=1;depth=1;bag;choose;count,problems/benchmarks/synthetic/manifest.json,False,0,1,
synthetic,syn-set_tuple_position_count-small-00,wfomc,solved,2880,2880,1.380634,,,synthetic;stratified;stratum=set_tuple_position_count;family=set_tuple_position_count;difficulty=small;domain=8;variant=0;seed=20260811;operatorcount=1;constraintcount=2;depth=1;set;tuple;position;count,problems/benchmarks/synthetic/manifest.json,True,0,0,
synthetic,syn-set_tuple_position_count-small-00,wfomc,solved,2880,2880,1.236648,,,synthetic;stratified;stratum=set_tuple_position_count;family=set_tuple_position_count;difficulty=small;domain=8;variant=0;seed=20260811;operatorcount=1;constraintcount=2;depth=1;set;tuple;position;count,problems/benchmarks/synthetic/manifest.json,False,0,1,
synthetic,syn-set_tuple_position_count-small-04,wfomc,solved,120,120,1.231765,,,synthetic;stratified;stratum=set_tuple_position_count;family=set_tuple_position_count;difficulty=small;domain=8;variant=4;seed=20260811;operatorcount=1;constraintcount=2;depth=1;set;tuple;position;count,problems/benchmarks/synthetic/manifest.json,True,0,0,
synthetic,syn-set_tuple_position_count-small-04,wfomc,solved,120,120,1.222699,,,synthetic;stratified;stratum=set_tuple_position_count;family=set_tuple_position_count;difficulty=small;domain=8;variant=4;seed=20260811;operatorcount=1;constraintcount=2;depth=1;set;tuple;position;count,problems/benchmarks/synthetic/manifest.json,False,0,1,
synthetic,syn-bag_tuple_multiplicity-small-00,wfomc,solved,504,504,1.839535,,,synthetic;stratified;stratum=bag_tuple_multiplicity;family=bag_tuple_multiplicity;difficulty=small;domain=8;variant=0;seed=20260811;operatorcount=2;constraintcount=1;depth=1;bag;tuple;set;choose;membership;decomposition,problems/benchmarks/synthetic/manifest.json,True,0,0,
synthetic,syn-bag_tuple_multiplicity-small-00,wfomc,solved,504,504,1.866845,,,synthetic;stratified;stratum=bag_tuple_multiplicity;family=bag_tuple_multiplicity;difficulty=small;domain=8;variant=0;seed=20260811;operatorcount=2;constraintcount=1;depth=1;bag;tuple;set;choose;membership;decomposition,problems/benchmarks/synthetic/manifest.json,False,0,1,
synthetic,syn-bag_tuple_multiplicity-small-04,wfomc,solved,1680,1680,1.182148,,,synthetic;stratified;stratum=bag_tuple_multiplicity;family=bag_tuple_multiplicity;difficulty=small;domain=8;variant=4;seed=20260811;operatorcount=2;constraintcount=1;depth=1;bag;tuple;set;choose;membership;decomposition,problems/benchmarks/synthetic/manifest.json,True,0,0,
synthetic,syn-bag_tuple_multiplicity-small-04,wfomc,solved,1680,1680,1.185543,,,synthetic;stratified;stratum=bag_tuple_multiplicity;family=bag_tuple_multiplicity;difficulty=small;domain=8;variant=4;seed=20260811;operatorcount=2;constraintcount=1;depth=1;bag;tuple;set;choose;membership;decomposition,problems/benchmarks/synthetic/manifest.json,False,0,1,
synthetic,syn-set_sequence_patterns-small-00,wfomc,solved,2520,2520,0.492825,,,synthetic;stratified;stratum=set_sequence_patterns;family=set_sequence_patterns;difficulty=small;domain=8;variant=0;seed=20260811;operatorcount=1;constraintcount=3;depth=1;set;sequence;adjacency;order,problems/benchmarks/synthetic/manifest.json,True,0,0,
synthetic,syn-set_sequence_patterns-small-00,wfomc,solved,2520,2520,0.491034,,,synthetic;stratified;stratum=set_sequence_patterns;family=set_sequence_patterns;difficulty=small;domain=8;variant=0;seed=20260811;operatorcount=1;constraintcount=3;depth=1;set;sequence;adjacency;order,problems/benchmarks/synthetic/manifest.json,False,0,1,
synthetic,syn-set_sequence_patterns-small-04,wfomc,solved,5040,5040,0.437304,,,synthetic;stratified;stratum=set_sequence_patterns;family=set_sequence_patterns;difficulty=small;domain=8;variant=4;seed=20260811;operatorcount=1;constraintcount=2;depth=1;set;sequence;adjacency;order,problems/benchmarks/synthetic/manifest.json,True,0,0,
synthetic,syn-set_sequence_patterns-small-04,wfomc,solved,5040,5040,0.437796,,,synthetic;stratified;stratum=set_sequence_patterns;family=set_sequence_patterns;difficulty=small;domain=8;variant=4;seed=20260811;operatorcount=1;constraintcount=2;depth=1;set;sequence;adjacency;order,problems/benchmarks/synthetic/manifest.json,False,0,1,
synthetic,syn-bag_sequence_adjacency-small-00,wfomc,solved,420,420,0.524116,,,synthetic;stratified;stratum=bag_sequence_adjacency;family=bag_sequence_adjacency;difficulty=small;domain=8;variant=0;seed=20260811;operatorcount=1;constraintcount=1;depth=1;bag;sequence;adjacency,problems/benchmarks/synthetic/manifest.json,True,0,0,
synthetic,syn-bag_sequence_adjacency-small-00,wfomc,solved,420,420,0.520033,,,synthetic;stratified;stratum=bag_sequence_adjacency;family=bag_sequence_adjacency;difficulty=small;domain=8;variant=0;seed=20260811;operatorcount=1;constraintcount=1;depth=1;bag;sequence;adjacency,problems/benchmarks/synthetic/manifest.json,False,0,1,
synthetic,syn-bag_sequence_adjacency-small-04,wfomc,solved,840,840,0.524583,,,synthetic;stratified;stratum=bag_sequence_adjacency;family=bag_sequence_adjacency;difficulty=small;domain=8;variant=4;seed=20260811;operatorcount=1;constraintcount=1;depth=1;bag;sequence;adjacency,problems/benchmarks/synthetic/manifest.json,True,0,0,
synthetic,syn-bag_sequence_adjacency-small-04,wfomc,solved,840,840,0.520576,,,synthetic;stratified;stratum=bag_sequence_adjacency;family=bag_sequence_adjacency;difficulty=small;domain=8;variant=4;seed=20260811;operatorcount=1;constraintcount=1;depth=1;bag;sequence;adjacency,problems/benchmarks/synthetic/manifest.json,False,0,1,
synthetic,syn-set_partition_min_size-small-00,wfomc,solved,966,966,0.736500,,,synthetic;stratified;stratum=set_partition_min_size;family=set_partition_min_size;difficulty=small;domain=8;variant=0;seed=20260811;operatorcount=1;constraintcount=1;depth=1;set;partition;size,problems/benchmarks/synthetic/manifest.json,True,0,0,
synthetic,syn-set_partition_min_size-small-00,wfomc,solved,966,966,0.731772,,,synthetic;stratified;stratum=set_partition_min_size;family=set_partition_min_size;difficulty=small;domain=8;variant=0;seed=20260811;operatorcount=1;constraintcount=1;depth=1;set;partition;size,problems/benchmarks/synthetic/manifest.json,False,0,1,
synthetic,syn-set_partition_min_size-small-04,wfomc,solved,119,119,0.669223,,,synthetic;stratified;stratum=set_partition_min_size;family=set_partition_min_size;difficulty=small;domain=8;variant=4;seed=20260811;operatorcount=1;constraintcount=1;depth=1;set;partition;size,problems/benchmarks/synthetic/manifest.json,True,0,0,
synthetic,syn-set_partition_min_size-small-04,wfomc,solved,119,119,0.676568,,,synthetic;stratified;stratum=set_partition_min_size;family=set_partition_min_size;difficulty=small;domain=8;variant=4;seed=20260811;operatorcount=1;constraintcount=1;depth=1;set;partition;size,problems/benchmarks/synthetic/manifest.json,False,0,1,
synthetic,syn-set_composition_sizes-small-00,wfomc,solved,336,336,0.911193,,,synthetic;stratified;stratum=set_composition_sizes;family=set_composition_sizes;difficulty=small;domain=8;variant=0;seed=20260811;operatorcount=1;constraintcount=4;depth=1;set;composition;size,problems/benchmarks/synthetic/manifest.json,True,0,0,
synthetic,syn-set_composition_sizes-small-00,wfomc,solved,336,336,0.936919,,,synthetic;stratified;stratum=set_composition_sizes;family=set_composition_sizes;difficulty=small;domain=8;variant=0;seed=20260811;operatorcount=1;constraintcount=4;depth=1;set;composition;size,problems/benchmarks/synthetic/manifest.json,False,0,1,
synthetic,syn-set_composition_sizes-small-04,wfomc,solved,56,56,0.730533,,,synthetic;stratified;stratum=set_composition_sizes;family=set_composition_sizes;difficulty=small;domain=8;variant=4;seed=20260811;operatorcount=1;constraintcount=2;depth=1;set;composition;size,problems/benchmarks/synthetic/manifest.json,True,0,0,
synthetic,syn-set_composition_sizes-small-04,wfomc,solved,56,56,0.725399,,,synthetic;stratified;stratum=set_composition_sizes;family=set_composition_sizes;difficulty=small;domain=8;variant=4;seed=20260811;operatorcount=1;constraintcount=2;depth=1;set;composition;size,problems/benchmarks/synthetic/manifest.json,False,0,1,
synthetic,syn-dependent_choice_disjoint-small-00,wfomc,solved,840,840,0.418681,,,synthetic;stratified;stratum=dependent_choice_disjoint;family=dependent_choice_disjoint;difficulty=small;domain=8;variant=0;seed=20260811;operatorcount=3;constraintcount=1;depth=2;set;choose;disjoint;dependent_configuration;outside_cola_fragment,problems/benchmarks/synthetic/manifest.json,True,0,0,
synthetic,syn-dependent_choice_disjoint-small-00,wfomc,solved,840,840,0.430073,,,synthetic;stratified;stratum=dependent_choice_disjoint;family=dependent_choice_disjoint;difficulty=small;domain=8;variant=0;seed=20260811;operatorcount=3;constraintcount=1;depth=2;set;choose;disjoint;dependent_configuration;outside_cola_fragment,problems/benchmarks/synthetic/manifest.json,False,0,1,
synthetic,syn-dependent_choice_disjoint-small-04,wfomc,solved,336,336,0.450912,,,synthetic;stratified;stratum=dependent_choice_disjoint;family=dependent_choice_disjoint;difficulty=small;domain=8;variant=4;seed=20260811;operatorcount=3;constraintcount=1;depth=2;set;choose;disjoint;dependent_configuration;outside_cola_fragment,problems/benchmarks/synthetic/manifest.json,True,0,0,
synthetic,syn-dependent_choice_disjoint-small-04,wfomc,solved,336,336,0.425930,,,synthetic;stratified;stratum=dependent_choice_disjoint;family=dependent_choice_disjoint;difficulty=small;domain=8;variant=4;seed=20260811;operatorcount=3;constraintcount=1;depth=2;set;choose;disjoint;dependent_configuration;outside_cola_fragment,problems/benchmarks/synthetic/manifest.json,False,0,1,
synthetic,syn-dependent_tuple_position_count-small-00,wfomc,solved,3600,3600,1.036626,,,synthetic;stratified;stratum=dependent_tuple_position_count;family=dependent_tuple_position_count;difficulty=small;domain=8;variant=0;seed=20260811;operatorcount=2;constraintcount=2;depth=2;set;choose;tuple;position;count;dependent_configuration;outside_cola_fragment,problems/benchmarks/synthetic/manifest.json,True,0,0,
synthetic,syn-dependent_tuple_position_count-small-00,wfomc,solved,3600,3600,1.033587,,,synthetic;stratified;stratum=dependent_tuple_position_count;family=dependent_tuple_position_count;difficulty=small;domain=8;variant=0;seed=20260811;operatorcount=2;constraintcount=2;depth=2;set;choose;tuple;position;count;dependent_configuration;outside_cola_fragment,problems/benchmarks/synthetic/manifest.json,False,0,1,
synthetic,syn-dependent_tuple_position_count-small-04,wfomc,solved,3600,3600,1.050798,,,synthetic;stratified;stratum=dependent_tuple_position_count;family=dependent_tuple_position_count;difficulty=small;domain=8;variant=4;seed=20260811;operatorcount=2;constraintcount=2;depth=2;set;choose;tuple;position;count;dependent_configuration;outside_cola_fragment,problems/benchmarks/synthetic/manifest.json,True,0,0,
synthetic,syn-dependent_tuple_position_count-small-04,wfomc,solved,3600,3600,1.025392,,,synthetic;stratified;stratum=dependent_tuple_position_count;family=dependent_tuple_position_count;difficulty=small;domain=8;variant=4;seed=20260811;operatorcount=2;constraintcount=2;depth=2;set;choose;tuple;position;count;dependent_configuration;outside_cola_fragment,problems/benchmarks/synthetic/manifest.json,False,0,1,
synthetic,syn-dependent_sequence_patterns-small-00,wfomc,solved,720,720,0.912947,,,synthetic;stratified;stratum=dependent_sequence_patterns;family=dependent_sequence_patterns;difficulty=small;domain=8;variant=0;seed=20260811;operatorcount=2;constraintcount=9;depth=2;set;choose;sequence;adjacency;order;dependent_configuration;outside_cola_fragment,problems/benchmarks/synthetic/manifest.json,True,0,0,
synthetic,syn-dependent_sequence_patterns-small-00,wfomc,solved,720,720,0.908899,,,synthetic;stratified;stratum=dependent_sequence_patterns;family=dependent_sequence_patterns;difficulty=small;domain=8;variant=0;seed=20260811;operatorcount=2;constraintcount=9;depth=2;set;choose;sequence;adjacency;order;dependent_configuration;outside_cola_fragment,problems/benchmarks/synthetic/manifest.json,False,0,1,
synthetic,syn-dependent_sequence_patterns-small-04,wfomc,solved,720,720,0.940502,,,synthetic;stratified;stratum=dependent_sequence_patterns;family=dependent_sequence_patterns;difficulty=small;domain=8;variant=4;seed=20260811;operatorcount=2;constraintcount=9;depth=2;set;choose;sequence;adjacency;order;dependent_configuration;outside_cola_fragment,problems/benchmarks/synthetic/manifest.json,True,0,0,
synthetic,syn-dependent_sequence_patterns-small-04,wfomc,solved,720,720,0.952619,,,synthetic;stratified;stratum=dependent_sequence_patterns;family=dependent_sequence_patterns;difficulty=small;domain=8;variant=4;seed=20260811;operatorcount=2;constraintcount=9;depth=2;set;choose;sequence;adjacency;order;dependent_configuration;outside_cola_fragment,problems/benchmarks/synthetic/manifest.json,False,0,1,
synthetic,syn-dependent_partition_min_size-small-00,wfomc,solved,840,840,0.808851,,,synthetic;stratified;stratum=dependent_partition_min_size;family=dependent_partition_min_size;difficulty=small;domain=8;variant=0;seed=20260811;operatorcount=2;constraintcount=1;depth=2;set;choose;partition;size;dependent_configuration;outside_cola_fragment,problems/benchmarks/synthetic/manifest.json,True,0,0,
synthetic,syn-dependent_partition_min_size-small-00,wfomc,solved,840,840,0.818845,,,synthetic;stratified;stratum=dependent_partition_min_size;family=dependent_partition_min_size;difficulty=small;domain=8;variant=0;seed=20260811;operatorcount=2;constraintcount=1;depth=2;set;choose;partition;size;dependent_configuration;outside_cola_fragment,problems/benchmarks/synthetic/manifest.json,False,0,1,
synthetic,syn-dependent_partition_min_size-small-04,wfomc,solved,504,504,0.754398,,,synthetic;stratified;stratum=dependent_partition_min_size;family=dependent_partition_min_size;difficulty=small;domain=8;variant=4;seed=20260811;operatorcount=2;constraintcount=1;depth=2;set;choose;partition;size;dependent_configuration;outside_cola_fragment,problems/benchmarks/synthetic/manifest.json,True,0,0,
synthetic,syn-dependent_partition_min_size-small-04,wfomc,solved,504,504,0.735028,,,synthetic;stratified;stratum=dependent_partition_min_size;family=dependent_partition_min_size;difficulty=small;domain=8;variant=4;seed=20260811;operatorcount=2;constraintcount=1;depth=2;set;choose;partition;size;dependent_configuration;outside_cola_fragment,problems/benchmarks/synthetic/manifest.json,False,0,1,
synthetic,syn-dependent_composition_sizes-small-00,wfomc,solved,10080,10080,1.133044,,,synthetic;stratified;stratum=dependent_composition_sizes;family=dependent_composition_sizes;difficulty=small;domain=8;variant=0;seed=20260811;operatorcount=2;constraintcount=5;depth=2;set;choose;composition;size;dependent_configuration;outside_cola_fragment,problems/benchmarks/synthetic/manifest.json,True,0,0,
synthetic,syn-dependent_composition_sizes-small-00,wfomc,solved,10080,10080,1.137783,,,synthetic;stratified;stratum=dependent_composition_sizes;family=dependent_composition_sizes;difficulty=small;domain=8;variant=0;seed=20260811;operatorcount=2;constraintcount=5;depth=2;set;choose;composition;size;dependent_configuration;outside_cola_fragment,problems/benchmarks/synthetic/manifest.json,False,0,1,
synthetic,syn-dependent_composition_sizes-small-04,wfomc,solved,840,840,0.851823,,,synthetic;stratified;stratum=dependent_composition_sizes;family=dependent_composition_sizes;difficulty=small;domain=8;variant=4;seed=20260811;operatorcount=2;constraintcount=3;depth=2;set;choose;composition;size;dependent_configuration;outside_cola_fragment,problems/benchmarks/synthetic/manifest.json,True,0,0,
synthetic,syn-dependent_composition_sizes-small-04,wfomc,solved,840,840,0.850376,,,synthetic;stratified;stratum=dependent_composition_sizes;family=dependent_composition_sizes;difficulty=small;domain=8;variant=4;seed=20260811;operatorcount=2;constraintcount=3;depth=2;set;choose;composition;size;dependent_configuration;outside_cola_fragment,problems/benchmarks/synthetic/manifest.json,False,0,1,
synthetic,syn-dependent_bag_tuple-small-00,wfomc,solved,392,392,0.836562,,,synthetic;stratified;stratum=dependent_bag_tuple;family=dependent_bag_tuple;difficulty=small;domain=8;variant=0;seed=20260811;operatorcount=3;constraintcount=1;depth=2;bag;choose;tuple;set;membership;decomposition;dependent_configuration;outside_cola_fragment,problems/benchmarks/synthetic/manifest.json,True,0,0,
synthetic,syn-dependent_bag_tuple-small-00,wfomc,solved,392,392,0.831301,,,synthetic;stratified;stratum=dependent_bag_tuple;family=dependent_bag_tuple;difficulty=small;domain=8;variant=0;seed=20260811;operatorcount=3;constraintcount=1;depth=2;bag;choose;tuple;set;membership;decomposition;dependent_configuration;outside_cola_fragment,problems/benchmarks/synthetic/manifest.json,False,0,1,
synthetic,syn-dependent_bag_tuple-small-04,wfomc,solved,840,840,1.852472,,,synthetic;stratified;stratum=dependent_bag_tuple;family=dependent_bag_tuple;difficulty=small;domain=8;variant=4;seed=20260811;operatorcount=3;constraintcount=1;depth=2;bag;choose;tuple;set;membership;decomposition;dependent_configuration;outside_cola_fragment,problems/benchmarks/synthetic/manifest.json,True,0,0,
synthetic,syn-dependent_bag_tuple-small-04,wfomc,solved,840,840,1.860987,,,synthetic;stratified;stratum=dependent_bag_tuple;family=dependent_bag_tuple;difficulty=small;domain=8;variant=4;seed=20260811;operatorcount=3;constraintcount=1;depth=2;bag;choose;tuple;set;membership;decomposition;dependent_configuration;outside_cola_fragment,problems/benchmarks/synthetic/manifest.json,False,0,1,
synthetic,syn-nested_choice_chain-small-00,wfomc,solved,1050,1050,0.404294,,,synthetic;stratified;stratum=nested_choice_chain;family=nested_choice_chain;difficulty=small;domain=8;variant=0;seed=20260811;operatorcount=3;constraintcount=1;depth=3;set;choose;membership;dependent_configuration;outside_cola_fragment,problems/benchmarks/synthetic/manifest.json,True,0,0,
synthetic,syn-nested_choice_chain-small-00,wfomc,solved,1050,1050,0.406660,,,synthetic;stratified;stratum=nested_choice_chain;family=nested_choice_chain;difficulty=small;domain=8;variant=0;seed=20260811;operatorcount=3;constraintcount=1;depth=3;set;choose;membership;dependent_configuration;outside_cola_fragment,problems/benchmarks/synthetic/manifest.json,False,0,1,
synthetic,syn-nested_choice_chain-small-04,wfomc,solved,630,630,0.407635,,,synthetic;stratified;stratum=nested_choice_chain;family=nested_choice_chain;difficulty=small;domain=8;variant=4;seed=20260811;operatorcount=3;constraintcount=1;depth=3;set;choose;membership;dependent_configuration;outside_cola_fragment,problems/benchmarks/synthetic/manifest.json,True,0,0,
synthetic,syn-nested_choice_chain-small-04,wfomc,solved,630,630,0.402933,,,synthetic;stratified;stratum=nested_choice_chain;family=nested_choice_chain;difficulty=small;domain=8;variant=4;seed=20260811;operatorcount=3;constraintcount=1;depth=3;set;choose;membership;dependent_configuration;outside_cola_fragment,problems/benchmarks/synthetic/manifest.json,False,0,1,
synthetic,syn-dependent_selected_subsets-small-00,wfomc,solved,336,336,0.434762,,,synthetic;stratified;stratum=dependent_selected_subsets;family=dependent_selected_subsets;difficulty=small;domain=8;variant=0;seed=20260811;operatorcount=3;constraintcount=1;depth=2;set;choose;disjoint;dependent_configuration;outside_cola_fragment,problems/benchmarks/synthetic/manifest.json,True,0,0,
synthetic,syn-dependent_selected_subsets-small-00,wfomc,solved,336,336,0.435193,,,synthetic;stratified;stratum=dependent_selected_subsets;family=dependent_selected_subsets;difficulty=small;domain=8;variant=0;seed=20260811;operatorcount=3;constraintcount=1;depth=2;set;choose;disjoint;dependent_configuration;outside_cola_fragment,problems/benchmarks/synthetic/manifest.json,False,0,1,
synthetic,syn-dependent_selected_subsets-small-04,wfomc,solved,1680,1680,0.439309,,,synthetic;stratified;stratum=dependent_selected_subsets;family=dependent_selected_subsets;difficulty=small;domain=8;variant=4;seed=20260811;operatorcount=3;constraintcount=1;depth=2;set;choose;disjoint;dependent_configuration;outside_cola_fragment,problems/benchmarks/synthetic/manifest.json,True,0,0,
synthetic,syn-dependent_selected_subsets-small-04,wfomc,solved,1680,1680,0.490609,,,synthetic;stratified;stratum=dependent_selected_subsets;family=dependent_selected_subsets;difficulty=small;domain=8;variant=4;seed=20260811;operatorcount=3;constraintcount=1;depth=2;set;choose;disjoint;dependent_configuration;outside_cola_fragment,problems/benchmarks/synthetic/manifest.json,False,0,1,
synthetic,syn-set_choice_intersection-medium-00,wfomc,solved,350,350,0.815823,,,synthetic;stratified;stratum=set_choice_intersection;family=set_choice_intersection;difficulty=medium;domain=12;variant=0;seed=20260811;operatorcount=1;constraintcount=1;depth=1;set;choose;intersection;size,problems/benchmarks/synthetic/manifest.json,True,0,0,
synthetic,syn-set_choice_intersection-medium-00,wfomc,solved,350,350,0.814428,,,synthetic;stratified;stratum=set_choice_intersection;family=set_choice_intersection;difficulty=medium;domain=12;variant=0;seed=20260811;operatorcount=1;constraintcount=1;depth=1;set;choose;intersection;size,problems/benchmarks/synthetic/manifest.json,False,0,1,
synthetic,syn-set_choice_intersection-medium-04,wfomc,solved,225,225,0.811968,,,synthetic;stratified;stratum=set_choice_intersection;family=set_choice_intersection;difficulty=medium;domain=12;variant=4;seed=20260811;operatorcount=1;constraintcount=1;depth=1;set;choose;intersection;size,problems/benchmarks/synthetic/manifest.json,True,0,0,
synthetic,syn-set_choice_intersection-medium-04,wfomc,solved,225,225,0.814468,,,synthetic;stratified;stratum=set_choice_intersection;family=set_choice_intersection;difficulty=medium;domain=12;variant=4;seed=20260811;operatorcount=1;constraintcount=1;depth=1;set;choose;intersection;size,problems/benchmarks/synthetic/manifest.json,False,0,1,
synthetic,syn-bag_choice_multiplicity-medium-00,wfomc,solved,56,56,0.441278,,,synthetic;stratified;stratum=bag_choice_multiplicity;family=bag_choice_multiplicity;difficulty=medium;domain=12;variant=0;seed=20260811;operatorcount=1;constraintcount=1;depth=1;bag;choose;count,problems/benchmarks/synthetic/manifest.json,True,0,0,
synthetic,syn-bag_choice_multiplicity-medium-00,wfomc,solved,56,56,0.445851,,,synthetic;stratified;stratum=bag_choice_multiplicity;family=bag_choice_multiplicity;difficulty=medium;domain=12;variant=0;seed=20260811;operatorcount=1;constraintcount=1;depth=1;bag;choose;count,problems/benchmarks/synthetic/manifest.json,False,0,1,
synthetic,syn-bag_choice_multiplicity-medium-04,wfomc,solved,21,21,0.440723,,,synthetic;stratified;stratum=bag_choice_multiplicity;family=bag_choice_multiplicity;difficulty=medium;domain=12;variant=4;seed=20260811;operatorcount=1;constraintcount=1;depth=1;bag;choose;count,problems/benchmarks/synthetic/manifest.json,True,0,0,
synthetic,syn-bag_choice_multiplicity-medium-04,wfomc,solved,21,21,0.441092,,,synthetic;stratified;stratum=bag_choice_multiplicity;family=bag_choice_multiplicity;difficulty=medium;domain=12;variant=4;seed=20260811;operatorcount=1;constraintcount=1;depth=1;bag;choose;count,problems/benchmarks/synthetic/manifest.json,False,0,1,
synthetic,syn-set_tuple_position_count-medium-00,wfomc,solved,54,54,1.404976,,,synthetic;stratified;stratum=set_tuple_position_count;family=set_tuple_position_count;difficulty=medium;domain=12;variant=0;seed=20260811;operatorcount=1;constraintcount=2;depth=1;set;tuple;position;count,problems/benchmarks/synthetic/manifest.json,True,0,0,
synthetic,syn-set_tuple_position_count-medium-00,wfomc,solved,54,54,1.399112,,,synthetic;stratified;stratum=set_tuple_position_count;family=set_tuple_position_count;difficulty=medium;domain=12;variant=0;seed=20260811;operatorcount=1;constraintcount=2;depth=1;set;tuple;position;count,problems/benchmarks/synthetic/manifest.json,False,0,1,
synthetic,syn-set_tuple_position_count-medium-04,wfomc,solved,864,864,1.667058,,,synthetic;stratified;stratum=set_tuple_position_count;family=set_tuple_position_count;difficulty=medium;domain=12;variant=4;seed=20260811;operatorcount=1;constraintcount=2;depth=1;set;tuple;position;count,problems/benchmarks/synthetic/manifest.json,True,0,0,
synthetic,syn-set_tuple_position_count-medium-04,wfomc,solved,864,864,1.535109,,,synthetic;stratified;stratum=set_tuple_position_count;family=set_tuple_position_count;difficulty=medium;domain=12;variant=4;seed=20260811;operatorcount=1;constraintcount=2;depth=1;set;tuple;position;count,problems/benchmarks/synthetic/manifest.json,False,0,1,
synthetic,syn-bag_tuple_multiplicity-medium-00,wfomc,solved,83160,83160,1.465456,,,synthetic;stratified;stratum=bag_tuple_multiplicity;family=bag_tuple_multiplicity;difficulty=medium;domain=12;variant=0;seed=20260811;operatorcount=2;constraintcount=1;depth=1;bag;tuple;set;choose;membership;decomposition,problems/benchmarks/synthetic/manifest.json,True,0,0,
synthetic,syn-bag_tuple_multiplicity-medium-00,wfomc,solved,83160,83160,1.462365,,,synthetic;stratified;stratum=bag_tuple_multiplicity;family=bag_tuple_multiplicity;difficulty=medium;domain=12;variant=0;seed=20260811;operatorcount=2;constraintcount=1;depth=1;bag;tuple;set;choose;membership;decomposition,problems/benchmarks/synthetic/manifest.json,False,0,1,
synthetic,syn-bag_tuple_multiplicity-medium-04,wfomc,solved,11880,11880,4.131820,,,synthetic;stratified;stratum=bag_tuple_multiplicity;family=bag_tuple_multiplicity;difficulty=medium;domain=12;variant=4;seed=20260811;operatorcount=2;constraintcount=1;depth=1;bag;tuple;set;choose;membership;decomposition,problems/benchmarks/synthetic/manifest.json,True,0,0,
synthetic,syn-bag_tuple_multiplicity-medium-04,wfomc,solved,11880,11880,4.009467,,,synthetic;stratified;stratum=bag_tuple_multiplicity;family=bag_tuple_multiplicity;difficulty=medium;domain=12;variant=4;seed=20260811;operatorcount=2;constraintcount=1;depth=1;bag;tuple;set;choose;membership;decomposition,problems/benchmarks/synthetic/manifest.json,False,0,1,
synthetic,syn-set_sequence_patterns-medium-00,wfomc,solved,9979200,9979200,0.779418,,,synthetic;stratified;stratum=set_sequence_patterns;family=set_sequence_patterns;difficulty=medium;domain=12;variant=0;seed=20260811;operatorcount=1;constraintcount=4;depth=1;set;sequence;adjacency;order,problems/benchmarks/synthetic/manifest.json,True,0,0,
synthetic,syn-set_sequence_patterns-medium-00,wfomc,solved,9979200,9979200,0.779445,,,synthetic;stratified;stratum=set_sequence_patterns;family=set_sequence_patterns;difficulty=medium;domain=12;variant=0;seed=20260811;operatorcount=1;constraintcount=4;depth=1;set;sequence;adjacency;order,problems/benchmarks/synthetic/manifest.json,False,0,1,
synthetic,syn-set_sequence_patterns-medium-04,wfomc,solved,39916800,39916800,0.501132,,,synthetic;stratified;stratum=set_sequence_patterns;family=set_sequence_patterns;difficulty=medium;domain=12;variant=4;seed=20260811;operatorcount=1;constraintcount=2;depth=1;set;sequence;adjacency;order,problems/benchmarks/synthetic/manifest.json,True,0,0,
synthetic,syn-set_sequence_patterns-medium-04,wfomc,solved,39916800,39916800,0.505322,,,synthetic;stratified;stratum=set_sequence_patterns;family=set_sequence_patterns;difficulty=medium;domain=12;variant=4;seed=20260811;operatorcount=1;constraintcount=2;depth=1;set;sequence;adjacency;order,problems/benchmarks/synthetic/manifest.json,False,0,1,
synthetic,syn-bag_sequence_adjacency-medium-00,wfomc,solved,18480,18480,1.318873,,,synthetic;stratified;stratum=bag_sequence_adjacency;family=bag_sequence_adjacency;difficulty=medium;domain=12;variant=0;seed=20260811;operatorcount=1;constraintcount=1;depth=1;bag;sequence;adjacency,problems/benchmarks/synthetic/manifest.json,True,0,0,
synthetic,syn-bag_sequence_adjacency-medium-00,wfomc,solved,18480,18480,1.310614,,,synthetic;stratified;stratum=bag_sequence_adjacency;family=bag_sequence_adjacency;difficulty=medium;domain=12;variant=0;seed=20260811;operatorcount=1;constraintcount=1;depth=1;bag;sequence;adjacency,problems/benchmarks/synthetic/manifest.json,False,0,1,
synthetic,syn-bag_sequence_adjacency-medium-04,wfomc,solved,7920,7920,1.317480,,,synthetic;stratified;stratum=bag_sequence_adjacency;family=bag_sequence_adjacency;difficulty=medium;domain=12;variant=4;seed=20260811;operatorcount=1;constraintcount=1;depth=1;bag;sequence;adjacency,problems/benchmarks/synthetic/manifest.json,True,0,0,
synthetic,syn-bag_sequence_adjacency-medium-04,wfomc,solved,7920,7920,1.307820,,,synthetic;stratified;stratum=bag_sequence_adjacency;family=bag_sequence_adjacency;difficulty=medium;domain=12;variant=4;seed=20260811;operatorcount=1;constraintcount=1;depth=1;bag;sequence;adjacency,problems/benchmarks/synthetic/manifest.json,False,0,1,
synthetic,syn-set_partition_min_size-medium-00,wfomc,solved,462,462,0.762859,,,synthetic;stratified;stratum=set_partition_min_size;family=set_partition_min_size;difficulty=medium;domain=12;variant=0;seed=20260811;operatorcount=1;constraintcount=1;depth=1;set;partition;size,problems/benchmarks/synthetic/manifest.json,True,0,0,
synthetic,syn-set_partition_min_size-medium-00,wfomc,solved,462,462,0.757869,,,synthetic;stratified;stratum=set_partition_min_size;family=set_partition_min_size;difficulty=medium;domain=12;variant=0;seed=20260811;operatorcount=1;constraintcount=1;depth=1;set;partition;size,problems/benchmarks/synthetic/manifest.json,False,0,1,
synthetic,syn-set_partition_min_size-medium-04,wfomc,solved,611501,611501,0.931263,,,synthetic;stratified;stratum=set_partition_min_size;family=set_partition_min_size;difficulty=medium;domain=12;variant=4;seed=20260811;operatorcount=1;constraintcount=1;depth=1;set;partition;size,problems/benchmarks/synthetic/manifest.json,True,0,0,
synthetic,syn-set_partition_min_size-medium-04,wfomc,solved,611501,611501,0.933866,,,synthetic;stratified;stratum=set_partition_min_size;family=set_partition_min_size;difficulty=medium;domain=12;variant=4;seed=20260811;operatorcount=1;constraintcount=1;depth=1;set;partition;size,problems/benchmarks/synthetic/manifest.json,False,0,1,
synthetic,syn-set_composition_sizes-medium-00,wfomc,solved,495,495,0.820368,,,synthetic;stratified;stratum=set_composition_sizes;family=set_composition_sizes;difficulty=medium;domain=12;variant=0;seed=20260811;operatorcount=1;constraintcount=2;depth=1;set;composition;size,problems/benchmarks/synthetic/manifest.json,True,0,0,
synthetic,syn-set_composition_sizes-medium-00,wfomc,solved,495,495,0.830312,,,synthetic;stratified;stratum=set_composition_sizes;family=set_composition_sizes;difficulty=medium;domain=12;variant=0;seed=20260811;operatorcount=1;constraintcount=2;depth=1;set;composition;size,problems/benchmarks/synthetic/manifest.json,False,0,1,
synthetic,syn-set_composition_sizes-medium-04,wfomc,solved,660,660,0.919408,,,synthetic;stratified;stratum=set_composition_sizes;family=set_composition_sizes;difficulty=medium;domain=12;variant=4;seed=20260811;operatorcount=1;constraintcount=3;depth=1;set;composition;size,problems/benchmarks/synthetic/manifest.json,True,0,0,
synthetic,syn-set_composition_sizes-medium-04,wfomc,solved,660,660,0.918536,,,synthetic;stratified;stratum=set_composition_sizes;family=set_composition_sizes;difficulty=medium;domain=12;variant=4;seed=20260811;operatorcount=1;constraintcount=3;depth=1;set;composition;size,problems/benchmarks/synthetic/manifest.json,False,0,1,
synthetic,syn-dependent_choice_disjoint-medium-00,wfomc,solved,15840,15840,0.490906,,,synthetic;stratified;stratum=dependent_choice_disjoint;family=dependent_choice_disjoint;difficulty=medium;domain=12;variant=0;seed=20260811;operatorcount=3;constraintcount=1;depth=2;set;choose;disjoint;dependent_configuration;outside_cola_fragment,problems/benchmarks/synthetic/manifest.json,True,0,0,
synthetic,syn-dependent_choice_disjoint-medium-00,wfomc,solved,15840,15840,0.490819,,,synthetic;stratified;stratum=dependent_choice_disjoint;family=dependent_choice_disjoint;difficulty=medium;domain=12;variant=0;seed=20260811;operatorcount=3;constraintcount=1;depth=2;set;choose;disjoint;dependent_configuration;outside_cola_fragment,problems/benchmarks/synthetic/manifest.json,False,0,1,
synthetic,syn-dependent_choice_disjoint-medium-04,wfomc,solved,33264,33264,0.517528,,,synthetic;stratified;stratum=dependent_choice_disjoint;family=dependent_choice_disjoint;difficulty=medium;domain=12;variant=4;seed=20260811;operatorcount=3;constraintcount=1;depth=2;set;choose;disjoint;dependent_configuration;outside_cola_fragment,problems/benchmarks/synthetic/manifest.json,True,0,0,
synthetic,syn-dependent_choice_disjoint-medium-04,wfomc,solved,33264,33264,0.495107,,,synthetic;stratified;stratum=dependent_choice_disjoint;family=dependent_choice_disjoint;difficulty=medium;domain=12;variant=4;seed=20260811;operatorcount=3;constraintcount=1;depth=2;set;choose;disjoint;dependent_configuration;outside_cola_fragment,problems/benchmarks/synthetic/manifest.json,False,0,1,
synthetic,syn-dependent_tuple_position_count-medium-00,wfomc,solved,432,432,1.193536,,,synthetic;stratified;stratum=dependent_tuple_position_count;family=dependent_tuple_position_count;difficulty=medium;domain=12;variant=0;seed=20260811;operatorcount=2;constraintcount=2;depth=2;set;choose;tuple;position;count;dependent_configuration;outside_cola_fragment,problems/benchmarks/synthetic/manifest.json,True,0,0,
synthetic,syn-dependent_tuple_position_count-medium-00,wfomc,solved,432,432,1.197034,,,synthetic;stratified;stratum=dependent_tuple_position_count;family=dependent_tuple_position_count;difficulty=medium;domain=12;variant=0;seed=20260811;operatorcount=2;constraintcount=2;depth=2;set;choose;tuple;position;count;dependent_configuration;outside_cola_fragment,problems/benchmarks/synthetic/manifest.json,False,0,1,
synthetic,syn-dependent_tuple_position_count-medium-04,wfomc,solved,450,450,1.201696,,,synthetic;stratified;stratum=dependent_tuple_position_count;family=dependent_tuple_position_count;difficulty=medium;domain=12;variant=4;seed=20260811;operatorcount=2;constraintcount=2;depth=2;set;choose;tuple;position;count;dependent_configuration;outside_cola_fragment,problems/benchmarks/synthetic/manifest.json,True,0,0,
synthetic,syn-dependent_tuple_position_count-medium-04,wfomc,solved,450,450,1.198796,,,synthetic;stratified;stratum=dependent_tuple_position_count;family=dependent_tuple_position_count;difficulty=medium;domain=12;variant=4;seed=20260811;operatorcount=2;constraintcount=2;depth=2;set;choose;tuple;position;count;dependent_configuration;outside_cola_fragment,problems/benchmarks/synthetic/manifest.json,False,0,1,
synthetic,syn-dependent_sequence_patterns-medium-00,wfomc,solved,37800,37800,1.089022,,,synthetic;stratified;stratum=dependent_sequence_patterns;family=dependent_sequence_patterns;difficulty=medium;domain=12;variant=0;seed=20260811;operatorcount=2;constraintcount=9;depth=2;set;choose;sequence;adjacency;order;dependent_configuration;outside_cola_fragment,problems/benchmarks/synthetic/manifest.json,True,0,0,
synthetic,syn-dependent_sequence_patterns-medium-00,wfomc,solved,37800,37800,1.085065,,,synthetic;stratified;stratum=dependent_sequence_patterns;family=dependent_sequence_patterns;difficulty=medium;domain=12;variant=0;seed=20260811;operatorcount=2;constraintcount=9;depth=2;set;choose;sequence;adjacency;order;dependent_configuration;outside_cola_fragment,problems/benchmarks/synthetic/manifest.json,False,0,1,
synthetic,syn-dependent_sequence_patterns-medium-04,wfomc,solved,10160640,10160640,0.985061,,,synthetic;stratified;stratum=dependent_sequence_patterns;family=dependent_sequence_patterns;difficulty=medium;domain=12;variant=4;seed=20260811;operatorcount=2;constraintcount=6;depth=2;set;choose;sequence;adjacency;order;dependent_configuration;outside_cola_fragment,problems/benchmarks/synthetic/manifest.json,True,0,0,
synthetic,syn-dependent_sequence_patterns-medium-04,wfomc,solved,10160640,10160640,0.987321,,,synthetic;stratified;stratum=dependent_sequence_patterns;family=dependent_sequence_patterns;difficulty=medium;domain=12;variant=4;seed=20260811;operatorcount=2;constraintcount=6;depth=2;set;choose;sequence;adjacency;order;dependent_configuration;outside_cola_fragment,problems/benchmarks/synthetic/manifest.json,False,0,1,
synthetic,syn-dependent_partition_min_size-medium-00,wfomc,solved,478170,478170,0.909013,,,synthetic;stratified;stratum=dependent_partition_min_size;family=dependent_partition_min_size;difficulty=medium;domain=12;variant=0;seed=20260811;operatorcount=2;constraintcount=1;depth=2;set;choose;partition;size;dependent_configuration;outside_cola_fragment,problems/benchmarks/synthetic/manifest.json,True,0,0,
synthetic,syn-dependent_partition_min_size-medium-00,wfomc,solved,478170,478170,0.908261,,,synthetic;stratified;stratum=dependent_partition_min_size;family=dependent_partition_min_size;difficulty=medium;domain=12;variant=0;seed=20260811;operatorcount=2;constraintcount=1;depth=2;set;choose;partition;size;dependent_configuration;outside_cola_fragment,problems/benchmarks/synthetic/manifest.json,False,0,1,
synthetic,syn-dependent_partition_min_size-medium-04,wfomc,solved,238392,238392,0.899568,,,synthetic;stratified;stratum=dependent_partition_min_size;family=dependent_partition_min_size;difficulty=medium;domain=12;variant=4;seed=20260811;operatorcount=2;constraintcount=1;depth=2;set;choose;partition;size;dependent_configuration;outside_cola_fragment,problems/benchmarks/synthetic/manifest.json,True,0,0,
synthetic,syn-dependent_partition_min_size-medium-04,wfomc,solved,238392,238392,0.929009,,,synthetic;stratified;stratum=dependent_partition_min_size;family=dependent_partition_min_size;difficulty=medium;domain=12;variant=4;seed=20260811;operatorcount=2;constraintcount=1;depth=2;set;choose;partition;size;dependent_configuration;outside_cola_fragment,problems/benchmarks/synthetic/manifest.json,False,0,1,
synthetic,syn-dependent_composition_sizes-medium-00,wfomc,solved,332640,332640,1.088870,,,synthetic;stratified;stratum=dependent_composition_sizes;family=dependent_composition_sizes;difficulty=medium;domain=12;variant=0;seed=20260811;operatorcount=2;constraintcount=4;depth=2;set;choose;composition;size;dependent_configuration;outside_cola_fragment,problems/benchmarks/synthetic/manifest.json,True,0,0,
synthetic,syn-dependent_composition_sizes-medium-00,wfomc,solved,332640,332640,1.085016,,,synthetic;stratified;stratum=dependent_composition_sizes;family=dependent_composition_sizes;difficulty=medium;domain=12;variant=0;seed=20260811;operatorcount=2;constraintcount=4;depth=2;set;choose;composition;size;dependent_configuration;outside_cola_fragment,problems/benchmarks/synthetic/manifest.json,False,0,1,
synthetic,syn-dependent_composition_sizes-medium-04,wfomc,solved,660,660,0.865393,,,synthetic;stratified;stratum=dependent_composition_sizes;family=dependent_composition_sizes;difficulty=medium;domain=12;variant=4;seed=20260811;operatorcount=2;constraintcount=2;depth=2;set;choose;composition;size;dependent_configuration;outside_cola_fragment,problems/benchmarks/synthetic/manifest.json,True,0,0,
synthetic,syn-dependent_composition_sizes-medium-04,wfomc,solved,660,660,0.869200,,,synthetic;stratified;stratum=dependent_composition_sizes;family=dependent_composition_sizes;difficulty=medium;domain=12;variant=4;seed=20260811;operatorcount=2;constraintcount=2;depth=2;set;choose;composition;size;dependent_configuration;outside_cola_fragment,problems/benchmarks/synthetic/manifest.json,False,0,1,
synthetic,syn-dependent_bag_tuple-medium-00,wfomc,solved,29700,29700,1.429520,,,synthetic;stratified;stratum=dependent_bag_tuple;family=dependent_bag_tuple;difficulty=medium;domain=12;variant=0;seed=20260811;operatorcount=3;constraintcount=1;depth=2;bag;choose;tuple;set;membership;decomposition;dependent_configuration;outside_cola_fragment,problems/benchmarks/synthetic/manifest.json,True,0,0,
synthetic,syn-dependent_bag_tuple-medium-00,wfomc,solved,29700,29700,1.419250,,,synthetic;stratified;stratum=dependent_bag_tuple;family=dependent_bag_tuple;difficulty=medium;domain=12;variant=0;seed=20260811;operatorcount=3;constraintcount=1;depth=2;bag;choose;tuple;set;membership;decomposition;dependent_configuration;outside_cola_fragment,problems/benchmarks/synthetic/manifest.json,False,0,1,
synthetic,syn-dependent_bag_tuple-medium-04,wfomc,solved,2772,2772,0.962342,,,synthetic;stratified;stratum=dependent_bag_tuple;family=dependent_bag_tuple;difficulty=medium;domain=12;variant=4;seed=20260811;operatorcount=3;constraintcount=1;depth=2;bag;choose;tuple;set;membership;decomposition;dependent_configuration;outside_cola_fragment,problems/benchmarks/synthetic/manifest.json,True,0,0,
synthetic,syn-dependent_bag_tuple-medium-04,wfomc,solved,2772,2772,0.956370,,,synthetic;stratified;stratum=dependent_bag_tuple;family=dependent_bag_tuple;difficulty=medium;domain=12;variant=4;seed=20260811;operatorcount=3;constraintcount=1;depth=2;bag;choose;tuple;set;membership;decomposition;dependent_configuration;outside_cola_fragment,problems/benchmarks/synthetic/manifest.json,False,0,1,
synthetic,syn-nested_choice_chain-medium-00,wfomc,solved,11880,11880,0.460961,,,synthetic;stratified;stratum=nested_choice_chain;family=nested_choice_chain;difficulty=medium;domain=12;variant=0;seed=20260811;operatorcount=3;constraintcount=1;depth=3;set;choose;membership;dependent_configuration;outside_cola_fragment,problems/benchmarks/synthetic/manifest.json,True,0,0,
synthetic,syn-nested_choice_chain-medium-00,wfomc,solved,11880,11880,0.462884,,,synthetic;stratified;stratum=nested_choice_chain;family=nested_choice_chain;difficulty=medium;domain=12;variant=0;seed=20260811;operatorcount=3;constraintcount=1;depth=3;set;choose;membership;dependent_configuration;outside_cola_fragment,problems/benchmarks/synthetic/manifest.json,False,0,1,
synthetic,syn-nested_choice_chain-medium-04,wfomc,solved,1980,1980,0.464083,,,synthetic;stratified;stratum=nested_choice_chain;family=nested_choice_chain;difficulty=medium;domain=12;variant=4;seed=20260811;operatorcount=3;constraintcount=1;depth=3;set;choose;membership;dependent_configuration;outside_cola_fragment,problems/benchmarks/synthetic/manifest.json,True,0,0,
synthetic,syn-nested_choice_chain-medium-04,wfomc,solved,1980,1980,0.461332,,,synthetic;stratified;stratum=nested_choice_chain;family=nested_choice_chain;difficulty=medium;domain=12;variant=4;seed=20260811;operatorcount=3;constraintcount=1;depth=3;set;choose;membership;dependent_configuration;outside_cola_fragment,problems/benchmarks/synthetic/manifest.json,False,0,1,
synthetic,syn-dependent_selected_subsets-medium-00,wfomc,solved,33264,33264,0.491869,,,synthetic;stratified;stratum=dependent_selected_subsets;family=dependent_selected_subsets;difficulty=medium;domain=12;variant=0;seed=20260811;operatorcount=3;constraintcount=1;depth=2;set;choose;disjoint;dependent_configuration;outside_cola_fragment,problems/benchmarks/synthetic/manifest.json,True,0,0,
synthetic,syn-dependent_selected_subsets-medium-00,wfomc,solved,33264,33264,0.489777,,,synthetic;stratified;stratum=dependent_selected_subsets;family=dependent_selected_subsets;difficulty=medium;domain=12;variant=0;seed=20260811;operatorcount=3;constraintcount=1;depth=2;set;choose;disjoint;dependent_configuration;outside_cola_fragment,problems/benchmarks/synthetic/manifest.json,False,0,1,
synthetic,syn-dependent_selected_subsets-medium-04,wfomc,solved,23760,23760,0.491426,,,synthetic;stratified;stratum=dependent_selected_subsets;family=dependent_selected_subsets;difficulty=medium;domain=12;variant=4;seed=20260811;operatorcount=3;constraintcount=1;depth=2;set;choose;disjoint;dependent_configuration;outside_cola_fragment,problems/benchmarks/synthetic/manifest.json,True,0,0,
synthetic,syn-dependent_selected_subsets-medium-04,wfomc,solved,23760,23760,0.499357,,,synthetic;stratified;stratum=dependent_selected_subsets;family=dependent_selected_subsets;difficulty=medium;domain=12;variant=4;seed=20260811;operatorcount=3;constraintcount=1;depth=2;set;choose;disjoint;dependent_configuration;outside_cola_fragment,problems/benchmarks/synthetic/manifest.json,False,0,1,
synthetic,syn-set_choice_intersection-large-00,wfomc,solved,756,756,0.812650,,,synthetic;stratified;stratum=set_choice_intersection;family=set_choice_intersection;difficulty=large;domain=16;variant=0;seed=20260811;operatorcount=1;constraintcount=1;depth=1;set;choose;intersection;size,problems/benchmarks/synthetic/manifest.json,True,0,0,
synthetic,syn-set_choice_intersection-large-00,wfomc,solved,756,756,0.814082,,,synthetic;stratified;stratum=set_choice_intersection;family=set_choice_intersection;difficulty=large;domain=16;variant=0;seed=20260811;operatorcount=1;constraintcount=1;depth=1;set;choose;intersection;size,problems/benchmarks/synthetic/manifest.json,False,0,1,
synthetic,syn-set_choice_intersection-large-04,wfomc,solved,224,224,0.814343,,,synthetic;stratified;stratum=set_choice_intersection;family=set_choice_intersection;difficulty=large;domain=16;variant=4;seed=20260811;operatorcount=1;constraintcount=1;depth=1;set;choose;intersection;size,problems/benchmarks/synthetic/manifest.json,True,0,0,
synthetic,syn-set_choice_intersection-large-04,wfomc,solved,224,224,0.813952,,,synthetic;stratified;stratum=set_choice_intersection;family=set_choice_intersection;difficulty=large;domain=16;variant=4;seed=20260811;operatorcount=1;constraintcount=1;depth=1;set;choose;intersection;size,problems/benchmarks/synthetic/manifest.json,False,0,1,
synthetic,syn-bag_choice_multiplicity-large-00,wfomc,solved,3432,3432,0.451414,,,synthetic;stratified;stratum=bag_choice_multiplicity;family=bag_choice_multiplicity;difficulty=large;domain=16;variant=0;seed=20260811;operatorcount=1;constraintcount=1;depth=1;bag;choose;count,problems/benchmarks/synthetic/manifest.json,True,0,0,
synthetic,syn-bag_choice_multiplicity-large-00,wfomc,solved,3432,3432,0.450507,,,synthetic;stratified;stratum=bag_choice_multiplicity;family=bag_choice_multiplicity;difficulty=large;domain=16;variant=0;seed=20260811;operatorcount=1;constraintcount=1;depth=1;bag;choose;count,problems/benchmarks/synthetic/manifest.json,False,0,1,
synthetic,syn-bag_choice_multiplicity-large-04,wfomc,solved,12,12,0.451322,,,synthetic;stratified;stratum=bag_choice_multiplicity;family=bag_choice_multiplicity;difficulty=large;domain=16;variant=4;seed=20260811;operatorcount=1;constraintcount=1;depth=1;bag;choose;count,problems/benchmarks/synthetic/manifest.json,True,0,0,
synthetic,syn-bag_choice_multiplicity-large-04,wfomc,solved,12,12,0.450932,,,synthetic;stratified;stratum=bag_choice_multiplicity;family=bag_choice_multiplicity;difficulty=large;domain=16;variant=4;seed=20260811;operatorcount=1;constraintcount=1;depth=1;bag;choose;count,problems/benchmarks/synthetic/manifest.json,False,0,1,
synthetic,syn-set_tuple_position_count-large-00,wfomc,solved,12700800,12700800,1.505337,,,synthetic;stratified;stratum=set_tuple_position_count;family=set_tuple_position_count;difficulty=large;domain=16;variant=0;seed=20260811;operatorcount=1;constraintcount=2;depth=1;set;tuple;position;count,problems/benchmarks/synthetic/manifest.json,True,0,0,
synthetic,syn-set_tuple_position_count-large-00,wfomc,solved,12700800,12700800,1.506467,,,synthetic;stratified;stratum=set_tuple_position_count;family=set_tuple_position_count;difficulty=large;domain=16;variant=0;seed=20260811;operatorcount=1;constraintcount=2;depth=1;set;tuple;position;count,problems/benchmarks/synthetic/manifest.json,False,0,1,
synthetic,syn-set_tuple_position_count-large-04,wfomc,solved,144000,144000,1.455245,,,synthetic;stratified;stratum=set_tuple_position_count;family=set_tuple_position_count;difficulty=large;domain=16;variant=4;seed=20260811;operatorcount=1;constraintcount=2;depth=1;set;tuple;position;count,problems/benchmarks/synthetic/manifest.json,True,0,0,
synthetic,syn-set_tuple_position_count-large-04,wfomc,solved,144000,144000,1.462245,,,synthetic;stratified;stratum=set_tuple_position_count;family=set_tuple_position_count;difficulty=large;domain=16;variant=4;seed=20260811;operatorcount=1;constraintcount=2;depth=1;set;tuple;position;count,problems/benchmarks/synthetic/manifest.json,False,0,1,
synthetic,syn-bag_tuple_multiplicity-large-00,wfomc,solved,3600,3600,0.963810,,,synthetic;stratified;stratum=bag_tuple_multiplicity;family=bag_tuple_multiplicity;difficulty=large;domain=16;variant=0;seed=20260811;operatorcount=2;constraintcount=1;depth=1;bag;tuple;set;choose;membership;decomposition,problems/benchmarks/synthetic/manifest.json,True,0,0,
synthetic,syn-bag_tuple_multiplicity-large-00,wfomc,solved,3600,3600,0.977010,,,synthetic;stratified;stratum=bag_tuple_multiplicity;family=bag_tuple_multiplicity;difficulty=large;domain=16;variant=0;seed=20260811;operatorcount=2;constraintcount=1;depth=1;bag;tuple;set;choose;membership;decomposition,problems/benchmarks/synthetic/manifest.json,False,0,1,
synthetic,syn-bag_tuple_multiplicity-large-04,wfomc,solved,10090080,10090080,1.400281,,,synthetic;stratified;stratum=bag_tuple_multiplicity;family=bag_tuple_multiplicity;difficulty=large;domain=16;variant=4;seed=20260811;operatorcount=2;constraintcount=1;depth=1;bag;tuple;set;choose;membership;decomposition,problems/benchmarks/synthetic/manifest.json,True,0,0,
synthetic,syn-bag_tuple_multiplicity-large-04,wfomc,solved,10090080,10090080,1.391920,,,synthetic;stratified;stratum=bag_tuple_multiplicity;family=bag_tuple_multiplicity;difficulty=large;domain=16;variant=4;seed=20260811;operatorcount=2;constraintcount=1;depth=1;bag;tuple;set;choose;membership;decomposition,problems/benchmarks/synthetic/manifest.json,False,0,1,
synthetic,syn-set_sequence_patterns-large-00,wfomc,solved,326918592000,326918592000,0.873948,,,synthetic;stratified;stratum=set_sequence_patterns;family=set_sequence_patterns;difficulty=large;domain=16;variant=0;seed=20260811;operatorcount=1;constraintcount=4;depth=1;set;sequence;adjacency;order,problems/benchmarks/synthetic/manifest.json,True,0,0,
synthetic,syn-set_sequence_patterns-large-00,wfomc,solved,326918592000,326918592000,0.873843,,,synthetic;stratified;stratum=set_sequence_patterns;family=set_sequence_patterns;difficulty=large;domain=16;variant=0;seed=20260811;operatorcount=1;constraintcount=4;depth=1;set;sequence;adjacency;order,problems/benchmarks/synthetic/manifest.json,False,0,1,
synthetic,syn-set_sequence_patterns-large-04,wfomc,solved,653837184000,653837184000,0.591886,,,synthetic;stratified;stratum=set_sequence_patterns;family=set_sequence_patterns;difficulty=large;domain=16;variant=4;seed=20260811;operatorcount=1;constraintcount=3;depth=1;set;sequence;adjacency;order,problems/benchmarks/synthetic/manifest.json,True,0,0,
synthetic,syn-set_sequence_patterns-large-04,wfomc,solved,653837184000,653837184000,0.590848,,,synthetic;stratified;stratum=set_sequence_patterns;family=set_sequence_patterns;difficulty=large;domain=16;variant=4;seed=20260811;operatorcount=1;constraintcount=3;depth=1;set;sequence;adjacency;order,problems/benchmarks/synthetic/manifest.json,False,0,1,
synthetic,syn-bag_sequence_adjacency-large-00,wfomc,solved,180180,180180,3.943624,,,synthetic;stratified;stratum=bag_sequence_adjacency;family=bag_sequence_adjacency;difficulty=large;domain=16;variant=0;seed=20260811;operatorcount=1;constraintcount=1;depth=1;bag;sequence;adjacency,problems/benchmarks/synthetic/manifest.json,True,0,0,
synthetic,syn-bag_sequence_adjacency-large-00,wfomc,solved,180180,180180,3.924285,,,synthetic;stratified;stratum=bag_sequence_adjacency;family=bag_sequence_adjacency;difficulty=large;domain=16;variant=0;seed=20260811;operatorcount=1;constraintcount=1;depth=1;bag;sequence;adjacency,problems/benchmarks/synthetic/manifest.json,False,0,1,
synthetic,syn-bag_sequence_adjacency-large-04,wfomc,solved,540540,540540,3.976436,,,synthetic;stratified;stratum=bag_sequence_adjacency;family=bag_sequence_adjacency;difficulty=large;domain=16;variant=4;seed=20260811;operatorcount=1;constraintcount=1;depth=1;bag;sequence;adjacency,problems/benchmarks/synthetic/manifest.json,True,0,0,
synthetic,syn-bag_sequence_adjacency-large-04,wfomc,solved,540540,540540,3.959632,,,synthetic;stratified;stratum=bag_sequence_adjacency;family=bag_sequence_adjacency;difficulty=large;domain=16;variant=4;seed=20260811;operatorcount=1;constraintcount=1;depth=1;bag;sequence;adjacency,problems/benchmarks/synthetic/manifest.json,False,0,1,
synthetic,syn-set_partition_min_size-large-00,wfomc,solved,57962905,57962905,0.939857,,,synthetic;stratified;stratum=set_partition_min_size;family=set_partition_min_size;difficulty=large;domain=16;variant=0;seed=20260811;operatorcount=1;constraintcount=1;depth=1;set;partition;size,problems/benchmarks/synthetic/manifest.json,True,0,0,
synthetic,syn-set_partition_min_size-large-00,wfomc,solved,57962905,57962905,0.936297,,,synthetic;stratified;stratum=set_partition_min_size;family=set_partition_min_size;difficulty=large;domain=16;variant=0;seed=20260811;operatorcount=1;constraintcount=1;depth=1;set;partition;size,problems/benchmarks/synthetic/manifest.json,False,0,1,
synthetic,syn-set_partition_min_size-large-04,wfomc,solved,25883,25883,0.761600,,,synthetic;stratified;stratum=set_partition_min_size;family=set_partition_min_size;difficulty=large;domain=16;variant=4;seed=20260811;operatorcount=1;constraintcount=1;depth=1;set;partition;size,problems/benchmarks/synthetic/manifest.json,True,0,0,
synthetic,syn-set_partition_min_size-large-04,wfomc,solved,25883,25883,0.763920,,,synthetic;stratified;stratum=set_partition_min_size;family=set_partition_min_size;difficulty=large;domain=16;variant=4;seed=20260811;operatorcount=1;constraintcount=1;depth=1;set;partition;size,problems/benchmarks/synthetic/manifest.json,False,0,1,
synthetic,syn-set_composition_sizes-large-00,wfomc,solved,43243200,43243200,1.268284,,,synthetic;stratified;stratum=set_composition_sizes;family=set_composition_sizes;difficulty=large;domain=16;variant=0;seed=20260811;operatorcount=1;constraintcount=5;depth=1;set;composition;size,problems/benchmarks/synthetic/manifest.json,True,0,0,
synthetic,syn-set_composition_sizes-large-00,wfomc,solved,43243200,43243200,1.248394,,,synthetic;stratified;stratum=set_composition_sizes;family=set_composition_sizes;difficulty=large;domain=16;variant=0;seed=20260811;operatorcount=1;constraintcount=5;depth=1;set;composition;size,problems/benchmarks/synthetic/manifest.json,False,0,1,
synthetic,syn-set_composition_sizes-large-04,wfomc,solved,11440,11440,0.823200,,,synthetic;stratified;stratum=set_composition_sizes;family=set_composition_sizes;difficulty=large;domain=16;variant=4;seed=20260811;operatorcount=1;constraintcount=2;depth=1;set;composition;size,problems/benchmarks/synthetic/manifest.json,True,0,0,
synthetic,syn-set_composition_sizes-large-04,wfomc,solved,11440,11440,0.823109,,,synthetic;stratified;stratum=set_composition_sizes;family=set_composition_sizes;difficulty=large;domain=16;variant=4;seed=20260811;operatorcount=1;constraintcount=2;depth=1;set;composition;size,problems/benchmarks/synthetic/manifest.json,False,0,1,
synthetic,syn-dependent_choice_disjoint-large-00,wfomc,solved,2882880,2882880,0.490027,,,synthetic;stratified;stratum=dependent_choice_disjoint;family=dependent_choice_disjoint;difficulty=large;domain=16;variant=0;seed=20260811;operatorcount=3;constraintcount=1;depth=2;set;choose;disjoint;dependent_configuration;outside_cola_fragment,problems/benchmarks/synthetic/manifest.json,True,0,0,
synthetic,syn-dependent_choice_disjoint-large-00,wfomc,solved,2882880,2882880,0.491285,,,synthetic;stratified;stratum=dependent_choice_disjoint;family=dependent_choice_disjoint;difficulty=large;domain=16;variant=0;seed=20260811;operatorcount=3;constraintcount=1;depth=2;set;choose;disjoint;dependent_configuration;outside_cola_fragment,problems/benchmarks/synthetic/manifest.json,False,0,1,
synthetic,syn-dependent_choice_disjoint-large-04,wfomc,solved,2162160,2162160,0.488779,,,synthetic;stratified;stratum=dependent_choice_disjoint;family=dependent_choice_disjoint;difficulty=large;domain=16;variant=4;seed=20260811;operatorcount=3;constraintcount=1;depth=2;set;choose;disjoint;dependent_configuration;outside_cola_fragment,problems/benchmarks/synthetic/manifest.json,True,0,0,
synthetic,syn-dependent_choice_disjoint-large-04,wfomc,solved,2162160,2162160,0.486099,,,synthetic;stratified;stratum=dependent_choice_disjoint;family=dependent_choice_disjoint;difficulty=large;domain=16;variant=4;seed=20260811;operatorcount=3;constraintcount=1;depth=2;set;choose;disjoint;dependent_configuration;outside_cola_fragment,problems/benchmarks/synthetic/manifest.json,False,0,1,
synthetic,syn-dependent_tuple_position_count-large-00,wfomc,solved,1209600,1209600,1.251357,,,synthetic;stratified;stratum=dependent_tuple_position_count;family=dependent_tuple_position_count;difficulty=large;domain=16;variant=0;seed=20260811;operatorcount=2;constraintcount=2;depth=2;set;choose;tuple;position;count;dependent_configuration;outside_cola_fragment,problems/benchmarks/synthetic/manifest.json,True,0,0,
synthetic,syn-dependent_tuple_position_count-large-00,wfomc,solved,1209600,1209600,1.248646,,,synthetic;stratified;stratum=dependent_tuple_position_count;family=dependent_tuple_position_count;difficulty=large;domain=16;variant=0;seed=20260811;operatorcount=2;constraintcount=2;depth=2;set;choose;tuple;position;count;dependent_configuration;outside_cola_fragment,problems/benchmarks/synthetic/manifest.json,False,0,1,
synthetic,syn-dependent_tuple_position_count-large-04,wfomc,solved,514800,514800,1.231862,,,synthetic;stratified;stratum=dependent_tuple_position_count;family=dependent_tuple_position_count;difficulty=large;domain=16;variant=4;seed=20260811;operatorcount=2;constraintcount=2;depth=2;set;choose;tuple;position;count;dependent_configuration;outside_cola_fragment,problems/benchmarks/synthetic/manifest.json,True,0,0,
synthetic,syn-dependent_tuple_position_count-large-04,wfomc,solved,514800,514800,1.232595,,,synthetic;stratified;stratum=dependent_tuple_position_count;family=dependent_tuple_position_count;difficulty=large;domain=16;variant=4;seed=20260811;operatorcount=2;constraintcount=2;depth=2;set;choose;tuple;position;count;dependent_configuration;outside_cola_fragment,problems/benchmarks/synthetic/manifest.json,False,0,1,
synthetic,syn-dependent_sequence_patterns-large-00,wfomc,solved,113400,113400,1.122033,,,synthetic;stratified;stratum=dependent_sequence_patterns;family=dependent_sequence_patterns;difficulty=large;domain=16;variant=0;seed=20260811;operatorcount=2;constraintcount=9;depth=2;set;choose;sequence;adjacency;order;dependent_configuration;outside_cola_fragment,problems/benchmarks/synthetic/manifest.json,True,0,0,
synthetic,syn-dependent_sequence_patterns-large-00,wfomc,solved,113400,113400,1.123244,,,synthetic;stratified;stratum=dependent_sequence_patterns;family=dependent_sequence_patterns;difficulty=large;domain=16;variant=0;seed=20260811;operatorcount=2;constraintcount=9;depth=2;set;choose;sequence;adjacency;order;dependent_configuration;outside_cola_fragment,problems/benchmarks/synthetic/manifest.json,False,0,1,
synthetic,syn-dependent_sequence_patterns-large-04,wfomc,solved,113400,113400,1.123745,,,synthetic;stratified;stratum=dependent_sequence_patterns;family=dependent_sequence_patterns;difficulty=large;domain=16;variant=4;seed=20260811;operatorcount=2;constraintcount=9;depth=2;set;choose;sequence;adjacency;order;dependent_configuration;outside_cola_fragment,problems/benchmarks/synthetic/manifest.json,True,0,0,
synthetic,syn-dependent_sequence_patterns-large-04,wfomc,solved,113400,113400,1.126791,,,synthetic;stratified;stratum=dependent_sequence_patterns;family=dependent_sequence_patterns;difficulty=large;domain=16;variant=4;seed=20260811;operatorcount=2;constraintcount=9;depth=2;set;choose;sequence;adjacency;order;dependent_configuration;outside_cola_fragment,problems/benchmarks/synthetic/manifest.json,False,0,1,
synthetic,syn-dependent_partition_min_size-large-00,wfomc,solved,1441440,1441440,0.828621,,,synthetic;stratified;stratum=dependent_partition_min_size;family=dependent_partition_min_size;difficulty=large;domain=16;variant=0;seed=20260811;operatorcount=2;constraintcount=1;depth=2;set;choose;partition;size;dependent_configuration;outside_cola_fragment,problems/benchmarks/synthetic/manifest.json,True,0,0,
synthetic,syn-dependent_partition_min_size-large-00,wfomc,solved,1441440,1441440,0.825904,,,synthetic;stratified;stratum=dependent_partition_min_size;family=dependent_partition_min_size;difficulty=large;domain=16;variant=0;seed=20260811;operatorcount=2;constraintcount=1;depth=2;set;choose;partition;size;dependent_configuration;outside_cola_fragment,problems/benchmarks/synthetic/manifest.json,False,0,1,
synthetic,syn-dependent_partition_min_size-large-04,wfomc,solved,3443440,3443440,0.891575,,,synthetic;stratified;stratum=dependent_partition_min_size;family=dependent_partition_min_size;difficulty=large;domain=16;variant=4;seed=20260811;operatorcount=2;constraintcount=1;depth=2;set;choose;partition;size;dependent_configuration;outside_cola_fragment,problems/benchmarks/synthetic/manifest.json,True,0,0,
synthetic,syn-dependent_partition_min_size-large-04,wfomc,solved,3443440,3443440,0.898559,,,synthetic;stratified;stratum=dependent_partition_min_size;family=dependent_partition_min_size;difficulty=large;domain=16;variant=4;seed=20260811;operatorcount=2;constraintcount=1;depth=2;set;choose;partition;size;dependent_configuration;outside_cola_fragment,problems/benchmarks/synthetic/manifest.json,False,0,1,
synthetic,syn-dependent_composition_sizes-large-00,wfomc,solved,17297280,17297280,1.091712,,,synthetic;stratified;stratum=dependent_composition_sizes;family=dependent_composition_sizes;difficulty=large;domain=16;variant=0;seed=20260811;operatorcount=2;constraintcount=4;depth=2;set;choose;composition;size;dependent_configuration;outside_cola_fragment,problems/benchmarks/synthetic/manifest.json,True,0,0,
synthetic,syn-dependent_composition_sizes-large-00,wfomc,solved,17297280,17297280,1.089054,,,synthetic;stratified;stratum=dependent_composition_sizes;family=dependent_composition_sizes;difficulty=large;domain=16;variant=0;seed=20260811;operatorcount=2;constraintcount=4;depth=2;set;choose;composition;size;dependent_configuration;outside_cola_fragment,problems/benchmarks/synthetic/manifest.json,False,0,1,
synthetic,syn-dependent_composition_sizes-large-04,wfomc,solved,5765760,5765760,0.952286,,,synthetic;stratified;stratum=dependent_composition_sizes;family=dependent_composition_sizes;difficulty=large;domain=16;variant=4;seed=20260811;operatorcount=2;constraintcount=3;depth=2;set;choose;composition;size;dependent_configuration;outside_cola_fragment,problems/benchmarks/synthetic/manifest.json,True,0,0,
synthetic,syn-dependent_composition_sizes-large-04,wfomc,solved,5765760,5765760,0.959409,,,synthetic;stratified;stratum=dependent_composition_sizes;family=dependent_composition_sizes;difficulty=large;domain=16;variant=4;seed=20260811;operatorcount=2;constraintcount=3;depth=2;set;choose;composition;size;dependent_configuration;outside_cola_fragment,problems/benchmarks/synthetic/manifest.json,False,0,1,
synthetic,syn-dependent_bag_tuple-large-00,wfomc,solved,655200,655200,1.403818,,,synthetic;stratified;stratum=dependent_bag_tuple;family=dependent_bag_tuple;difficulty=large;domain=16;variant=0;seed=20260811;operatorcount=3;constraintcount=1;depth=2;bag;choose;tuple;set;membership;decomposition;dependent_configuration;outside_cola_fragment,problems/benchmarks/synthetic/manifest.json,True,0,0,
synthetic,syn-dependent_bag_tuple-large-00,wfomc,solved,655200,655200,1.425087,,,synthetic;stratified;stratum=dependent_bag_tuple;family=dependent_bag_tuple;difficulty=large;domain=16;variant=0;seed=20260811;operatorcount=3;constraintcount=1;depth=2;bag;choose;tuple;set;membership;decomposition;dependent_configuration;outside_cola_fragment,problems/benchmarks/synthetic/manifest.json,False,0,1,
synthetic,syn-dependent_bag_tuple-large-04,wfomc,solved,514800,514800,7.438568,,,synthetic;stratified;stratum=dependent_bag_tuple;family=dependent_bag_tuple;difficulty=large;domain=16;variant=4;seed=20260811;operatorcount=3;constraintcount=1;depth=2;bag;choose;tuple;set;membership;decomposition;dependent_configuration;outside_cola_fragment,problems/benchmarks/synthetic/manifest.json,True,0,0,
synthetic,syn-dependent_bag_tuple-large-04,wfomc,solved,514800,514800,7.444247,,,synthetic;stratified;stratum=dependent_bag_tuple;family=dependent_bag_tuple;difficulty=large;domain=16;variant=4;seed=20260811;operatorcount=3;constraintcount=1;depth=2;bag;choose;tuple;set;membership;decomposition;dependent_configuration;outside_cola_fragment,problems/benchmarks/synthetic/manifest.json,False,0,1,
synthetic,syn-nested_choice_chain-large-00,wfomc,solved,5460,5460,0.470471,,,synthetic;stratified;stratum=nested_choice_chain;family=nested_choice_chain;difficulty=large;domain=16;variant=0;seed=20260811;operatorcount=3;constraintcount=1;depth=3;set;choose;membership;dependent_configuration;outside_cola_fragment,problems/benchmarks/synthetic/manifest.json,True,0,0,
synthetic,syn-nested_choice_chain-large-00,wfomc,solved,5460,5460,0.469870,,,synthetic;stratified;stratum=nested_choice_chain;family=nested_choice_chain;difficulty=large;domain=16;variant=0;seed=20260811;operatorcount=3;constraintcount=1;depth=3;set;choose;membership;dependent_configuration;outside_cola_fragment,problems/benchmarks/synthetic/manifest.json,False,0,1,
synthetic,syn-nested_choice_chain-large-04,wfomc,solved,40950,40950,0.471085,,,synthetic;stratified;stratum=nested_choice_chain;family=nested_choice_chain;difficulty=large;domain=16;variant=4;seed=20260811;operatorcount=3;constraintcount=1;depth=3;set;choose;membership;dependent_configuration;outside_cola_fragment,problems/benchmarks/synthetic/manifest.json,True,0,0,
synthetic,syn-nested_choice_chain-large-04,wfomc,solved,40950,40950,0.470432,,,synthetic;stratified;stratum=nested_choice_chain;family=nested_choice_chain;difficulty=large;domain=16;variant=4;seed=20260811;operatorcount=3;constraintcount=1;depth=3;set;choose;membership;dependent_configuration;outside_cola_fragment,problems/benchmarks/synthetic/manifest.json,False,0,1,
synthetic,syn-dependent_selected_subsets-large-00,wfomc,solved,2882880,2882880,0.496946,,,synthetic;stratified;stratum=dependent_selected_subsets;family=dependent_selected_subsets;difficulty=large;domain=16;variant=0;seed=20260811;operatorcount=3;constraintcount=1;depth=2;set;choose;disjoint;dependent_configuration;outside_cola_fragment,problems/benchmarks/synthetic/manifest.json,True,0,0,
synthetic,syn-dependent_selected_subsets-large-00,wfomc,solved,2882880,2882880,0.497466,,,synthetic;stratified;stratum=dependent_selected_subsets;family=dependent_selected_subsets;difficulty=large;domain=16;variant=0;seed=20260811;operatorcount=3;constraintcount=1;depth=2;set;choose;disjoint;dependent_configuration;outside_cola_fragment,problems/benchmarks/synthetic/manifest.json,False,0,1,
synthetic,syn-dependent_selected_subsets-large-04,wfomc,solved,1601600,1601600,0.496445,,,synthetic;stratified;stratum=dependent_selected_subsets;family=dependent_selected_subsets;difficulty=large;domain=16;variant=4;seed=20260811;operatorcount=3;constraintcount=1;depth=2;set;choose;disjoint;dependent_configuration;outside_cola_fragment,problems/benchmarks/synthetic/manifest.json,True,0,0,
synthetic,syn-dependent_selected_subsets-large-04,wfomc,solved,1601600,1601600,0.496471,,,synthetic;stratified;stratum=dependent_selected_subsets;family=dependent_selected_subsets;difficulty=large;domain=16;variant=4;seed=20260811;operatorcount=3;constraintcount=1;depth=2;set;choose;disjoint;dependent_configuration;outside_cola_fragment,problems/benchmarks/synthetic/manifest.json,False,0,1,
bag_lifting,choose_n02_m02,wfomc,solved,3,3,0.462048,,,shape=choose;entities=2;multiplicity=2;size=2,Deterministic integer DP over entity multiplicity vectors; independent of solver encodings,False,0,0,
bag_lifting,choose_n02_m02,wfomc,solved,3,3,0.415679,,,shape=choose;entities=2;multiplicity=2;size=2,Deterministic integer DP over entity multiplicity vectors; independent of solver encodings,True,0,1,
bag_lifting,choose_n32_m02,wfomc,error,,159114492071763,27.645541,NoResult,Worker exited with code -6 without a result.,shape=choose;entities=32;multiplicity=2;size=32,Deterministic integer DP over entity multiplicity vectors; independent of solver encodings,False,0,0,
bag_lifting,choose_n32_m02,wfomc,solved,159114492071763,159114492071763,0.437627,,,shape=choose;entities=32;multiplicity=2;size=32,Deterministic integer DP over entity multiplicity vectors; independent of solver encodings,True,0,1,
bag_lifting,choose_n32_m02,wfomc,solved,159114492071763,159114492071763,0.438411,,,shape=choose;entities=32;multiplicity=2;size=32,Deterministic integer DP over entity multiplicity vectors; independent of solver encodings,True,1,0,wrong-or-error
bag_lifting,choose_n32_m02,wfomc,error,,159114492071763,27.220710,NoResult,Worker exited with code -6 without a result.,shape=choose;entities=32;multiplicity=2;size=32,Deterministic integer DP over entity multiplicity vectors; independent of solver encodings,False,1,1,wrong-or-error
bag_lifting,choose_n32_m02,wfomc,error,,159114492071763,27.068594,NoResult,Worker exited with code -6 without a result.,shape=choose;entities=32;multiplicity=2;size=32,Deterministic integer DP over entity multiplicity vectors; independent of solver encodings,False,2,0,wrong-or-error
bag_lifting,choose_n32_m02,wfomc,solved,159114492071763,159114492071763,0.443522,,,shape=choose;entities=32;multiplicity=2;size=32,Deterministic integer DP over entity multiplicity vectors; independent of solver encodings,True,2,1,wrong-or-error
bag_lifting,choose_n32_m02,wfomc,solved,159114492071763,159114492071763,0.436069,,,shape=choose;entities=32;multiplicity=2;size=32,Deterministic integer DP over entity multiplicity vectors; independent of solver encodings,True,3,0,wrong-or-error
bag_lifting,choose_n32_m02,wfomc,error,,159114492071763,27.303575,NoResult,Worker exited with code -6 without a result.,shape=choose;entities=32;multiplicity=2;size=32,Deterministic integer DP over entity multiplicity vectors; independent of solver encodings,False,3,1,wrong-or-error
bag_lifting,chain_n02_m02,wfomc,solved,4,4,0.576656,,,shape=chain;entities=2;multiplicity=2;size=2,Deterministic integer DP over entity multiplicity vectors; independent of solver encodings,False,0,0,
bag_lifting,chain_n02_m02,wfomc,solved,4,4,0.453208,,,shape=chain;entities=2;multiplicity=2;size=2,Deterministic integer DP over entity multiplicity vectors; independent of solver encodings,True,0,1,
bag_lifting,chain_n32_m02,wfomc,error,,4455230052707022818520,35.663093,NoResult,Worker exited with code -6 without a result.,shape=chain;entities=32;multiplicity=2;size=32,Deterministic integer DP over entity multiplicity vectors; independent of solver encodings,False,0,0,
bag_lifting,chain_n32_m02,wfomc,solved,4455230052707022818520,4455230052707022818520,0.494374,,,shape=chain;entities=32;multiplicity=2;size=32,Deterministic integer DP over entity multiplicity vectors; independent of solver encodings,True,0,1,
bag_lifting,chain_n32_m02,wfomc,solved,4455230052707022818520,4455230052707022818520,0.494322,,,shape=chain;entities=32;multiplicity=2;size=32,Deterministic integer DP over entity multiplicity vectors; independent of solver encodings,True,1,0,wrong-or-error
bag_lifting,chain_n32_m02,wfomc,error,,4455230052707022818520,32.122730,NoResult,Worker exited with code -6 without a result.,shape=chain;entities=32;multiplicity=2;size=32,Deterministic integer DP over entity multiplicity vectors; independent of solver encodings,False,1,1,wrong-or-error
bag_lifting,chain_n32_m02,wfomc,error,,4455230052707022818520,31.740173,NoResult,Worker exited with code -6 without a result.,shape=chain;entities=32;multiplicity=2;size=32,Deterministic integer DP over entity multiplicity vectors; independent of solver encodings,False,2,0,wrong-or-error
bag_lifting,chain_n32_m02,wfomc,solved,4455230052707022818520,4455230052707022818520,0.453396,,,shape=chain;entities=32;multiplicity=2;size=32,Deterministic integer DP over entity multiplicity vectors; independent of solver encodings,True,2,1,wrong-or-error
bag_lifting,chain_n32_m02,wfomc,solved,4455230052707022818520,4455230052707022818520,0.452757,,,shape=chain;entities=32;multiplicity=2;size=32,Deterministic integer DP over entity multiplicity vectors; independent of solver encodings,True,3,0,wrong-or-error
bag_lifting,chain_n32_m02,wfomc,error,,4455230052707022818520,32.101970,NoResult,Worker exited with code -6 without a result.,shape=chain;entities=32;multiplicity=2;size=32,Deterministic integer DP over entity multiplicity vectors; independent of solver encodings,False,3,1,wrong-or-error
bag_lifting,hidden_n02_m02,wfomc,solved,10,10,0.531928,,,shape=hidden;entities=2;multiplicity=2;size=2,Deterministic integer DP over entity multiplicity vectors; independent of solver encodings,False,0,0,
bag_lifting,hidden_n02_m02,wfomc,solved,10,10,0.426673,,,shape=hidden;entities=2;multiplicity=2;size=2,Deterministic integer DP over entity multiplicity vectors; independent of solver encodings,True,0,1,
bag_lifting,hidden_n32_m02,wfomc,error,,35113968026282798233030,31.449285,NoResult,Worker exited with code -6 without a result.,shape=hidden;entities=32;multiplicity=2;size=32,Deterministic integer DP over entity multiplicity vectors; independent of solver encodings,False,0,0,
bag_lifting,hidden_n32_m02,wfomc,solved,35113968026282798233030,35113968026282798233030,0.431199,,,shape=hidden;entities=32;multiplicity=2;size=32,Deterministic integer DP over entity multiplicity vectors; independent of solver encodings,True,0,1,
bag_lifting,hidden_n32_m02,wfomc,solved,35113968026282798233030,35113968026282798233030,0.431312,,,shape=hidden;entities=32;multiplicity=2;size=32,Deterministic integer DP over entity multiplicity vectors; independent of solver encodings,True,1,0,wrong-or-error
bag_lifting,hidden_n32_m02,wfomc,error,,35113968026282798233030,31.446134,NoResult,Worker exited with code -6 without a result.,shape=hidden;entities=32;multiplicity=2;size=32,Deterministic integer DP over entity multiplicity vectors; independent of solver encodings,False,1,1,wrong-or-error
bag_lifting,hidden_n32_m02,wfomc,error,,35113968026282798233030,31.309080,NoResult,Worker exited with code -6 without a result.,shape=hidden;entities=32;multiplicity=2;size=32,Deterministic integer DP over entity multiplicity vectors; independent of solver encodings,False,2,0,wrong-or-error
bag_lifting,hidden_n32_m02,wfomc,solved,35113968026282798233030,35113968026282798233030,0.436778,,,shape=hidden;entities=32;multiplicity=2;size=32,Deterministic integer DP over entity multiplicity vectors; independent of solver encodings,True,2,1,wrong-or-error
bag_lifting,hidden_n32_m02,wfomc,solved,35113968026282798233030,35113968026282798233030,0.436556,,,shape=hidden;entities=32;multiplicity=2;size=32,Deterministic integer DP over entity multiplicity vectors; independent of solver encodings,True,3,0,wrong-or-error
bag_lifting,hidden_n32_m02,wfomc,error,,35113968026282798233030,31.428400,NoResult,Worker exited with code -6 without a result.,shape=hidden;entities=32;multiplicity=2;size=32,Deterministic integer DP over entity multiplicity vectors; independent of solver encodings,False,3,1,wrong-or-error
bag_lifting,intersection_n02_m02,wfomc,solved,4,4,0.963712,,,shape=intersection;entities=2;multiplicity=2;size=2,Deterministic integer DP over entity multiplicity vectors; independent of solver encodings,False,0,0,
bag_lifting,intersection_n02_m02,wfomc,solved,4,4,0.786960,,,shape=intersection;entities=2;multiplicity=2;size=2,Deterministic integer DP over entity multiplicity vectors; independent of solver encodings,True,0,1,
bag_lifting,intersection_n32_m02,wfomc,error,,3253810539635980070357575440,38.090761,NoResult,Worker exited with code -6 without a result.,shape=intersection;entities=32;multiplicity=2;size=32,Deterministic integer DP over entity multiplicity vectors; independent of solver encodings,False,0,0,
bag_lifting,intersection_n32_m02,wfomc,solved,3253810539635980070357575440,3253810539635980070357575440,0.955196,,,shape=intersection;entities=32;multiplicity=2;size=32,Deterministic integer DP over entity multiplicity vectors; independent of solver encodings,True,0,1,
bag_lifting,intersection_n32_m02,wfomc,solved,3253810539635980070357575440,3253810539635980070357575440,0.945102,,,shape=intersection;entities=32;multiplicity=2;size=32,Deterministic integer DP over entity multiplicity vectors; independent of solver encodings,True,1,0,wrong-or-error
bag_lifting,intersection_n32_m02,wfomc,error,,3253810539635980070357575440,45.806557,NoResult,Worker exited with code -6 without a result.,shape=intersection;entities=32;multiplicity=2;size=32,Deterministic integer DP over entity multiplicity vectors; independent of solver encodings,False,1,1,wrong-or-error
bag_lifting,intersection_n32_m02,wfomc,error,,3253810539635980070357575440,57.576145,NoResult,Worker exited with code -6 without a result.,shape=intersection;entities=32;multiplicity=2;size=32,Deterministic integer DP over entity multiplicity vectors; independent of solver encodings,False,2,0,wrong-or-error
bag_lifting,intersection_n32_m02,wfomc,solved,3253810539635980070357575440,3253810539635980070357575440,1.243403,,,shape=intersection;entities=32;multiplicity=2;size=32,Deterministic integer DP over entity multiplicity vectors; independent of solver encodings,True,2,1,wrong-or-error
bag_lifting,intersection_n32_m02,wfomc,solved,3253810539635980070357575440,3253810539635980070357575440,1.233158,,,shape=intersection;entities=32;multiplicity=2;size=32,Deterministic integer DP over entity multiplicity vectors; independent of solver encodings,True,3,0,wrong-or-error
bag_lifting,intersection_n32_m02,wfomc,error,,3253810539635980070357575440,40.702175,NoResult,Worker exited with code -6 without a result.,shape=intersection;entities=32;multiplicity=2;size=32,Deterministic integer DP over entity multiplicity vectors; independent of solver encodings,False,3,1,wrong-or-error
bag_lifting,named_n02_m02,wfomc,solved,1,1,0.414350,,,shape=named;entities=2;multiplicity=2;size=2,Deterministic integer DP over entity multiplicity vectors; independent of solver encodings,False,0,0,
bag_lifting,named_n02_m02,wfomc,solved,1,1,0.403204,,,shape=named;entities=2;multiplicity=2;size=2,Deterministic integer DP over entity multiplicity vectors; independent of solver encodings,True,0,1,
bag_lifting,fallback_n02_m02,wfomc,solved,19,19,0.927532,,,shape=fallback;entities=2;multiplicity=2;size=2,Deterministic integer DP over entity multiplicity vectors; independent of solver encodings,False,0,0,
bag_lifting,fallback_n02_m02,wfomc,solved,19,19,0.930335,,,shape=fallback;entities=2;multiplicity=2;size=2,Deterministic integer DP over entity multiplicity vectors; independent of solver encodings,True,0,1,
bag_lifting,choose_n04_m02,wfomc,solved,19,19,0.405253,,,shape=choose;entities=4;multiplicity=2;size=4,Deterministic integer DP over entity multiplicity vectors; independent of solver encodings,True,0,0,
bag_lifting,choose_n04_m02,wfomc,solved,19,19,0.544425,,,shape=choose;entities=4;multiplicity=2;size=4,Deterministic integer DP over entity multiplicity vectors; independent of solver encodings,False,0,1,
bag_lifting,choose_n04_m04,wfomc,solved,85,85,0.414734,,,shape=choose;entities=4;multiplicity=4;size=8,Deterministic integer DP over entity multiplicity vectors; independent of solver encodings,True,0,0,
bag_lifting,choose_n04_m04,wfomc,solved,85,85,0.543942,,,shape=choose;entities=4;multiplicity=4;size=8,Deterministic integer DP over entity multiplicity vectors; independent of solver encodings,False,0,1,
bag_lifting,chain_n04_m02,wfomc,solved,72,72,0.464670,,,shape=chain;entities=4;multiplicity=2;size=4,Deterministic integer DP over entity multiplicity vectors; independent of solver encodings,True,0,0,
bag_lifting,chain_n04_m02,wfomc,solved,72,72,0.754305,,,shape=chain;entities=4;multiplicity=2;size=4,Deterministic integer DP over entity multiplicity vectors; independent of solver encodings,False,0,1,
bag_lifting,chain_n04_m04,wfomc,solved,889,889,0.469024,,,shape=chain;entities=4;multiplicity=4;size=8,Deterministic integer DP over entity multiplicity vectors; independent of solver encodings,True,0,0,
bag_lifting,chain_n04_m04,wfomc,solved,889,889,1.484921,,,shape=chain;entities=4;multiplicity=4;size=8,Deterministic integer DP over entity multiplicity vectors; independent of solver encodings,False,0,1,
bag_lifting,hidden_n04_m02,wfomc,solved,214,214,0.456781,,,shape=hidden;entities=4;multiplicity=2;size=4,Deterministic integer DP over entity multiplicity vectors; independent of solver encodings,True,0,0,
bag_lifting,hidden_n04_m02,wfomc,solved,214,214,0.746879,,,shape=hidden;entities=4;multiplicity=2;size=4,Deterministic integer DP over entity multiplicity vectors; independent of solver encodings,False,0,1,
bag_lifting,hidden_n04_m04,wfomc,solved,4275,4275,0.465426,,,shape=hidden;entities=4;multiplicity=4;size=8,Deterministic integer DP over entity multiplicity vectors; independent of solver encodings,True,0,0,
bag_lifting,hidden_n04_m04,wfomc,solved,4275,4275,1.483695,,,shape=hidden;entities=4;multiplicity=4;size=8,Deterministic integer DP over entity multiplicity vectors; independent of solver encodings,False,0,1,
bag_lifting,intersection_n04_m02,wfomc,solved,168,168,0.975582,,,shape=intersection;entities=4;multiplicity=2;size=4,Deterministic integer DP over entity multiplicity vectors; independent of solver encodings,True,0,0,
bag_lifting,intersection_n04_m02,wfomc,solved,168,168,1.807498,,,shape=intersection;entities=4;multiplicity=2;size=4,Deterministic integer DP over entity multiplicity vectors; independent of solver encodings,False,0,1,
bag_lifting,intersection_n04_m04,wfomc,solved,1734,1734,1.078277,,,shape=intersection;entities=4;multiplicity=4;size=8,Deterministic integer DP over entity multiplicity vectors; independent of solver encodings,True,0,0,
bag_lifting,intersection_n04_m04,wfomc,error,,1734,33.603618,MemoryError,MemoryError(),shape=intersection;entities=4;multiplicity=4;size=8,Deterministic integer DP over entity multiplicity vectors; independent of solver encodings,False,0,1,
bag_lifting,intersection_n04_m04,wfomc,error,,1734,33.407499,MemoryError,MemoryError(),shape=intersection;entities=4;multiplicity=4;size=8,Deterministic integer DP over entity multiplicity vectors; independent of solver encodings,False,1,0,wrong-or-error
bag_lifting,intersection_n04_m04,wfomc,solved,1734,1734,0.926813,,,shape=intersection;entities=4;multiplicity=4;size=8,Deterministic integer DP over entity multiplicity vectors; independent of solver encodings,True,1,1,wrong-or-error
bag_lifting,intersection_n04_m04,wfomc,solved,1734,1734,0.922142,,,shape=intersection;entities=4;multiplicity=4;size=8,Deterministic integer DP over entity multiplicity vectors; independent of solver encodings,True,2,0,wrong-or-error
bag_lifting,intersection_n04_m04,wfomc,error,,1734,33.361734,MemoryError,MemoryError(),shape=intersection;entities=4;multiplicity=4;size=8,Deterministic integer DP over entity multiplicity vectors; independent of solver encodings,False,2,1,wrong-or-error
bag_lifting,intersection_n04_m04,wfomc,error,,1734,33.449119,MemoryError,MemoryError(),shape=intersection;entities=4;multiplicity=4;size=8,Deterministic integer DP over entity multiplicity vectors; independent of solver encodings,False,3,0,wrong-or-error
bag_lifting,intersection_n04_m04,wfomc,solved,1734,1734,0.923663,,,shape=intersection;entities=4;multiplicity=4;size=8,Deterministic integer DP over entity multiplicity vectors; independent of solver encodings,True,3,1,wrong-or-error
bag_lifting,named_n04_m02,wfomc,solved,7,7,0.457580,,,shape=named;entities=4;multiplicity=2;size=4,Deterministic integer DP over entity multiplicity vectors; independent of solver encodings,True,0,0,
bag_lifting,named_n04_m02,wfomc,solved,7,7,0.551187,,,shape=named;entities=4;multiplicity=2;size=4,Deterministic integer DP over entity multiplicity vectors; independent of solver encodings,False,0,1,
bag_lifting,fallback_n04_m02,wfomc,solved,771,771,1.795937,,,shape=fallback;entities=4;multiplicity=2;size=4,Deterministic integer DP over entity multiplicity vectors; independent of solver encodings,True,0,0,
bag_lifting,fallback_n04_m02,wfomc,solved,771,771,1.801171,,,shape=fallback;entities=4;multiplicity=2;size=4,Deterministic integer DP over entity multiplicity vectors; independent of solver encodings,False,0,1,
bag_lifting,choose_n08_m02,wfomc,solved,1107,1107,1.111871,,,shape=choose;entities=8;multiplicity=2;size=8,Deterministic integer DP over entity multiplicity vectors; independent of solver encodings,False,0,0,
bag_lifting,choose_n08_m02,wfomc,solved,1107,1107,0.578480,,,shape=choose;entities=8;multiplicity=2;size=8,Deterministic integer DP over entity multiplicity vectors; independent of solver encodings,True,0,1,
bag_lifting,choose_n04_m08,wfomc,solved,489,489,0.813680,,,shape=choose;entities=4;multiplicity=8;size=16,Deterministic integer DP over entity multiplicity vectors; independent of solver encodings,False,0,0,
bag_lifting,choose_n04_m08,wfomc,solved,489,489,0.579688,,,shape=choose;entities=4;multiplicity=8;size=16,Deterministic integer DP over entity multiplicity vectors; independent of solver encodings,True,0,1,
bag_lifting,chain_n08_m02,wfomc,solved,33880,33880,33.830407,,,shape=chain;entities=8;multiplicity=2;size=8,Deterministic integer DP over entity multiplicity vectors; independent of solver encodings,False,0,0,
bag_lifting,chain_n08_m02,wfomc,solved,33880,33880,0.471091,,,shape=chain;entities=8;multiplicity=2;size=8,Deterministic integer DP over entity multiplicity vectors; independent of solver encodings,True,0,1,
bag_lifting,chain_n04_m08,wfomc,solved,20361,20361,95.639895,,,shape=chain;entities=4;multiplicity=8;size=16,Deterministic integer DP over entity multiplicity vectors; independent of solver encodings,False,0,0,
bag_lifting,chain_n04_m08,wfomc,solved,20361,20361,0.500687,,,shape=chain;entities=4;multiplicity=8;size=16,Deterministic integer DP over entity multiplicity vectors; independent of solver encodings,True,0,1,
bag_lifting,hidden_n08_m02,wfomc,solved,137638,137638,30.901083,,,shape=hidden;entities=8;multiplicity=2;size=8,Deterministic integer DP over entity multiplicity vectors; independent of solver encodings,False,0,0,
bag_lifting,hidden_n08_m02,wfomc,solved,137638,137638,0.411524,,,shape=hidden;entities=8;multiplicity=2;size=8,Deterministic integer DP over entity multiplicity vectors; independent of solver encodings,True,0,1,
bag_lifting,hidden_n04_m08,wfomc,solved,169653,169653,86.470641,,,shape=hidden;entities=4;multiplicity=8;size=16,Deterministic integer DP over entity multiplicity vectors; independent of solver encodings,False,0,0,
bag_lifting,hidden_n04_m08,wfomc,solved,169653,169653,0.416032,,,shape=hidden;entities=4;multiplicity=8;size=16,Deterministic integer DP over entity multiplicity vectors; independent of solver encodings,True,0,1,
bag_lifting,intersection_n08_m02,wfomc,error,,395920,21.831262,NoResult,Worker exited with code -6 without a result.,shape=intersection;entities=8;multiplicity=2;size=8,Deterministic integer DP over entity multiplicity vectors; independent of solver encodings,False,0,0,
bag_lifting,intersection_n08_m02,wfomc,solved,395920,395920,0.822176,,,shape=intersection;entities=8;multiplicity=2;size=8,Deterministic integer DP over entity multiplicity vectors; independent of solver encodings,True,0,1,
bag_lifting,intersection_n08_m02,wfomc,solved,395920,395920,0.824754,,,shape=intersection;entities=8;multiplicity=2;size=8,Deterministic integer DP over entity multiplicity vectors; independent of solver encodings,True,1,0,wrong-or-error
bag_lifting,intersection_n08_m02,wfomc,error,,395920,21.735658,NoResult,Worker exited with code -6 without a result.,shape=intersection;entities=8;multiplicity=2;size=8,Deterministic integer DP over entity multiplicity vectors; independent of solver encodings,False,1,1,wrong-or-error
bag_lifting,intersection_n08_m02,wfomc,error,,395920,21.821191,NoResult,Worker exited with code -6 without a result.,shape=intersection;entities=8;multiplicity=2;size=8,Deterministic integer DP over entity multiplicity vectors; independent of solver encodings,False,2,0,wrong-or-error
bag_lifting,intersection_n08_m02,wfomc,solved,395920,395920,0.799178,,,shape=intersection;entities=8;multiplicity=2;size=8,Deterministic integer DP over entity multiplicity vectors; independent of solver encodings,True,2,1,wrong-or-error
bag_lifting,intersection_n08_m02,wfomc,solved,395920,395920,0.799340,,,shape=intersection;entities=8;multiplicity=2;size=8,Deterministic integer DP over entity multiplicity vectors; independent of solver encodings,True,3,0,wrong-or-error
bag_lifting,intersection_n08_m02,wfomc,error,,395920,21.835309,NoResult,Worker exited with code -6 without a result.,shape=intersection;entities=8;multiplicity=2;size=8,Deterministic integer DP over entity multiplicity vectors; independent of solver encodings,False,3,1,wrong-or-error
bag_lifting,intersection_n04_m08,wfomc,error,,24426,19.067738,NoResult,Worker exited with code -6 without a result.,shape=intersection;entities=4;multiplicity=8;size=16,Deterministic integer DP over entity multiplicity vectors; independent of solver encodings,False,0,0,
bag_lifting,intersection_n04_m08,wfomc,solved,24426,24426,0.879105,,,shape=intersection;entities=4;multiplicity=8;size=16,Deterministic integer DP over entity multiplicity vectors; independent of solver encodings,True,0,1,
bag_lifting,intersection_n04_m08,wfomc,solved,24426,24426,0.877046,,,shape=intersection;entities=4;multiplicity=8;size=16,Deterministic integer DP over entity multiplicity vectors; independent of solver encodings,True,1,0,wrong-or-error
bag_lifting,intersection_n04_m08,wfomc,error,,24426,19.065685,NoResult,Worker exited with code -6 without a result.,shape=intersection;entities=4;multiplicity=8;size=16,Deterministic integer DP over entity multiplicity vectors; independent of solver encodings,False,1,1,wrong-or-error
bag_lifting,intersection_n04_m08,wfomc,error,,24426,19.006517,NoResult,Worker exited with code -6 without a result.,shape=intersection;entities=4;multiplicity=8;size=16,Deterministic integer DP over entity multiplicity vectors; independent of solver encodings,False,2,0,wrong-or-error
bag_lifting,intersection_n04_m08,wfomc,solved,24426,24426,0.865310,,,shape=intersection;entities=4;multiplicity=8;size=16,Deterministic integer DP over entity multiplicity vectors; independent of solver encodings,True,2,1,wrong-or-error
bag_lifting,intersection_n04_m08,wfomc,solved,24426,24426,0.869524,,,shape=intersection;entities=4;multiplicity=8;size=16,Deterministic integer DP over entity multiplicity vectors; independent of solver encodings,True,3,0,wrong-or-error
bag_lifting,intersection_n04_m08,wfomc,error,,24426,19.025606,NoResult,Worker exited with code -6 without a result.,shape=intersection;entities=4;multiplicity=8;size=16,Deterministic integer DP over entity multiplicity vectors; independent of solver encodings,False,3,1,wrong-or-error
bag_lifting,named_n08_m02,wfomc,solved,393,393,0.670204,,,shape=named;entities=8;multiplicity=2;size=8,Deterministic integer DP over entity multiplicity vectors; independent of solver encodings,False,0,0,
bag_lifting,named_n08_m02,wfomc,solved,393,393,0.417844,,,shape=named;entities=8;multiplicity=2;size=8,Deterministic integer DP over entity multiplicity vectors; independent of solver encodings,True,0,1,
bag_lifting,fallback_n08_m02,wfomc,error,,1734931,15.815147,NoResult,Worker exited with code -6 without a result.,shape=fallback;entities=8;multiplicity=2;size=8,Deterministic integer DP over entity multiplicity vectors; independent of solver encodings,False,0,0,
bag_lifting,fallback_n08_m02,wfomc,error,,1734931,15.458839,NoResult,Worker exited with code -6 without a result.,shape=fallback;entities=8;multiplicity=2;size=8,Deterministic integer DP over entity multiplicity vectors; independent of solver encodings,True,0,1,
bag_lifting,fallback_n08_m02,wfomc,error,,1734931,15.303548,NoResult,Worker exited with code -6 without a result.,shape=fallback;entities=8;multiplicity=2;size=8,Deterministic integer DP over entity multiplicity vectors; independent of solver encodings,True,1,0,wrong-or-error
bag_lifting,fallback_n08_m02,wfomc,error,,1734931,15.150706,NoResult,Worker exited with code -6 without a result.,shape=fallback;entities=8;multiplicity=2;size=8,Deterministic integer DP over entity multiplicity vectors; independent of solver encodings,False,1,1,wrong-or-error
bag_lifting,fallback_n08_m02,wfomc,error,,1734931,15.373297,NoResult,Worker exited with code -6 without a result.,shape=fallback;entities=8;multiplicity=2;size=8,Deterministic integer DP over entity multiplicity vectors; independent of solver encodings,False,2,0,wrong-or-error
bag_lifting,fallback_n08_m02,wfomc,error,,1734931,15.312447,NoResult,Worker exited with code -6 without a result.,shape=fallback;entities=8;multiplicity=2;size=8,Deterministic integer DP over entity multiplicity vectors; independent of solver encodings,True,2,1,wrong-or-error
bag_lifting,fallback_n08_m02,wfomc,error,,1734931,15.354743,NoResult,Worker exited with code -6 without a result.,shape=fallback;entities=8;multiplicity=2;size=8,Deterministic integer DP over entity multiplicity vectors; independent of solver encodings,True,3,0,wrong-or-error
bag_lifting,fallback_n08_m02,wfomc,error,,1734931,15.713305,NoResult,Worker exited with code -6 without a result.,shape=fallback;entities=8;multiplicity=2;size=8,Deterministic integer DP over entity multiplicity vectors; independent of solver encodings,False,3,1,wrong-or-error
bag_lifting,choose_n16_m02,wfomc,solved,5196627,5196627,0.418945,,,shape=choose;entities=16;multiplicity=2;size=16,Deterministic integer DP over entity multiplicity vectors; independent of solver encodings,True,0,0,
bag_lifting,choose_n16_m02,wfomc,error,,5196627,49.758554,MemoryError,MemoryError(),shape=choose;entities=16;multiplicity=2;size=16,Deterministic integer DP over entity multiplicity vectors; independent of solver encodings,False,0,1,
bag_lifting,choose_n16_m02,wfomc,error,,5196627,49.284205,MemoryError,MemoryError(),shape=choose;entities=16;multiplicity=2;size=16,Deterministic integer DP over entity multiplicity vectors; independent of solver encodings,False,1,0,wrong-or-error
bag_lifting,choose_n16_m02,wfomc,solved,5196627,5196627,0.432534,,,shape=choose;entities=16;multiplicity=2;size=16,Deterministic integer DP over entity multiplicity vectors; independent of solver encodings,True,1,1,wrong-or-error
bag_lifting,choose_n16_m02,wfomc,solved,5196627,5196627,0.426917,,,shape=choose;entities=16;multiplicity=2;size=16,Deterministic integer DP over entity multiplicity vectors; independent of solver encodings,True,2,0,wrong-or-error
bag_lifting,choose_n16_m02,wfomc,error,,5196627,49.410201,MemoryError,MemoryError(),shape=choose;entities=16;multiplicity=2;size=16,Deterministic integer DP over entity multiplicity vectors; independent of solver encodings,False,2,1,wrong-or-error
bag_lifting,choose_n16_m02,wfomc,error,,5196627,44.370045,MemoryError,MemoryError(),shape=choose;entities=16;multiplicity=2;size=16,Deterministic integer DP over entity multiplicity vectors; independent of solver encodings,False,3,0,wrong-or-error
bag_lifting,choose_n16_m02,wfomc,solved,5196627,5196627,0.382141,,,shape=choose;entities=16;multiplicity=2;size=16,Deterministic integer DP over entity multiplicity vectors; independent of solver encodings,True,3,1,wrong-or-error
bag_lifting,choose_n04_m16,wfomc,solved,3281,3281,0.377181,,,shape=choose;entities=4;multiplicity=16;size=32,Deterministic integer DP over entity multiplicity vectors; independent of solver encodings,True,0,0,
bag_lifting,choose_n04_m16,wfomc,solved,3281,3281,0.717383,,,shape=choose;entities=4;multiplicity=16;size=32,Deterministic integer DP over entity multiplicity vectors; independent of solver encodings,False,0,1,
bag_lifting,chain_n16_m02,wfomc,solved,13892650200,13892650200,0.431604,,,shape=chain;entities=16;multiplicity=2;size=16,Deterministic integer DP over entity multiplicity vectors; independent of solver encodings,True,0,0,
bag_lifting,chain_n16_m02,wfomc,error,,13892650200,25.993945,NoResult,Worker exited with code -6 without a result.,shape=chain;entities=16;multiplicity=2;size=16,Deterministic integer DP over entity multiplicity vectors; independent of solver encodings,False,0,1,
bag_lifting,chain_n16_m02,wfomc,error,,13892650200,26.199759,NoResult,Worker exited with code -6 without a result.,shape=chain;entities=16;multiplicity=2;size=16,Deterministic integer DP over entity multiplicity vectors; independent of solver encodings,False,1,0,wrong-or-error
bag_lifting,chain_n16_m02,wfomc,solved,13892650200,13892650200,0.435175,,,shape=chain;entities=16;multiplicity=2;size=16,Deterministic integer DP over entity multiplicity vectors; independent of solver encodings,True,1,1,wrong-or-error
bag_lifting,chain_n16_m02,wfomc,solved,13892650200,13892650200,0.431201,,,shape=chain;entities=16;multiplicity=2;size=16,Deterministic integer DP over entity multiplicity vectors; independent of solver encodings,True,2,0,wrong-or-error
bag_lifting,chain_n16_m02,wfomc,error,,13892650200,25.662306,NoResult,Worker exited with code -6 without a result.,shape=chain;entities=16;multiplicity=2;size=16,Deterministic integer DP over entity multiplicity vectors; independent of solver encodings,False,2,1,wrong-or-error
bag_lifting,chain_n16_m02,wfomc,error,,13892650200,25.737029,NoResult,Worker exited with code -6 without a result.,shape=chain;entities=16;multiplicity=2;size=16,Deterministic integer DP over entity multiplicity vectors; independent of solver encodings,False,3,0,wrong-or-error
bag_lifting,chain_n16_m02,wfomc,solved,13892650200,13892650200,0.424447,,,shape=chain;entities=16;multiplicity=2;size=16,Deterministic integer DP over entity multiplicity vectors; independent of solver encodings,True,3,1,wrong-or-error
bag_lifting,chain_n04_m16,wfomc,solved,721905,721905,0.557972,,,shape=chain;entities=4;multiplicity=16;size=32,Deterministic integer DP over entity multiplicity vectors; independent of solver encodings,True,0,0,
bag_lifting,chain_n04_m16,wfomc,error,,721905,26.962391,NoResult,Worker exited with code -6 without a result.,shape=chain;entities=4;multiplicity=16;size=32,Deterministic integer DP over entity multiplicity vectors; independent of solver encodings,False,0,1,
bag_lifting,chain_n04_m16,wfomc,error,,721905,26.821891,NoResult,Worker exited with code -6 without a result.,shape=chain;entities=4;multiplicity=16;size=32,Deterministic integer DP over entity multiplicity vectors; independent of solver encodings,False,1,0,wrong-or-error
bag_lifting,chain_n04_m16,wfomc,solved,721905,721905,0.549147,,,shape=chain;entities=4;multiplicity=16;size=32,Deterministic integer DP over entity multiplicity vectors; independent of solver encodings,True,1,1,wrong-or-error
bag_lifting,chain_n04_m16,wfomc,solved,721905,721905,0.557350,,,shape=chain;entities=4;multiplicity=16;size=32,Deterministic integer DP over entity multiplicity vectors; independent of solver encodings,True,2,0,wrong-or-error
bag_lifting,chain_n04_m16,wfomc,error,,721905,26.783180,NoResult,Worker exited with code -6 without a result.,shape=chain;entities=4;multiplicity=16;size=32,Deterministic integer DP over entity multiplicity vectors; independent of solver encodings,False,2,1,wrong-or-error
bag_lifting,chain_n04_m16,wfomc,error,,721905,26.806092,NoResult,Worker exited with code -6 without a result.,shape=chain;entities=4;multiplicity=16;size=32,Deterministic integer DP over entity multiplicity vectors; independent of solver encodings,False,3,0,wrong-or-error
bag_lifting,chain_n04_m16,wfomc,solved,721905,721905,0.556738,,,shape=chain;entities=4;multiplicity=16;size=32,Deterministic integer DP over entity multiplicity vectors; independent of solver encodings,True,3,1,wrong-or-error
bag_lifting,hidden_n16_m02,wfomc,solved,78210099718,78210099718,0.419740,,,shape=hidden;entities=16;multiplicity=2;size=16,Deterministic integer DP over entity multiplicity vectors; independent of solver encodings,True,0,0,
bag_lifting,hidden_n16_m02,wfomc,error,,78210099718,25.898737,NoResult,Worker exited with code -6 without a result.,shape=hidden;entities=16;multiplicity=2;size=16,Deterministic integer DP over entity multiplicity vectors; independent of solver encodings,False,0,1,
bag_lifting,hidden_n16_m02,wfomc,error,,78210099718,25.338684,NoResult,Worker exited with code -6 without a result.,shape=hidden;entities=16;multiplicity=2;size=16,Deterministic integer DP over entity multiplicity vectors; independent of solver encodings,False,1,0,wrong-or-error
bag_lifting,hidden_n16_m02,wfomc,solved,78210099718,78210099718,0.412743,,,shape=hidden;entities=16;multiplicity=2;size=16,Deterministic integer DP over entity multiplicity vectors; independent of solver encodings,True,1,1,wrong-or-error
bag_lifting,hidden_n16_m02,wfomc,solved,78210099718,78210099718,0.407060,,,shape=hidden;entities=16;multiplicity=2;size=16,Deterministic integer DP over entity multiplicity vectors; independent of solver encodings,True,2,0,wrong-or-error
bag_lifting,hidden_n16_m02,wfomc,error,,78210099718,25.010910,NoResult,Worker exited with code -6 without a result.,shape=hidden;entities=16;multiplicity=2;size=16,Deterministic integer DP over entity multiplicity vectors; independent of solver encodings,False,2,1,wrong-or-error
bag_lifting,hidden_n16_m02,wfomc,error,,78210099718,25.218510,NoResult,Worker exited with code -6 without a result.,shape=hidden;entities=16;multiplicity=2;size=16,Deterministic integer DP over entity multiplicity vectors; independent of solver encodings,False,3,0,wrong-or-error
bag_lifting,hidden_n16_m02,wfomc,solved,78210099718,78210099718,0.414468,,,shape=hidden;entities=16;multiplicity=2;size=16,Deterministic integer DP over entity multiplicity vectors; independent of solver encodings,True,3,1,wrong-or-error
bag_lifting,hidden_n04_m16,wfomc,solved,11008809,11008809,0.424947,,,shape=hidden;entities=4;multiplicity=16;size=32,Deterministic integer DP over entity multiplicity vectors; independent of solver encodings,True,0,0,
bag_lifting,hidden_n04_m16,wfomc,error,,11008809,26.689061,NoResult,Worker exited with code -6 without a result.,shape=hidden;entities=4;multiplicity=16;size=32,Deterministic integer DP over entity multiplicity vectors; independent of solver encodings,False,0,1,
bag_lifting,hidden_n04_m16,wfomc,error,,11008809,26.658937,NoResult,Worker exited with code -6 without a result.,shape=hidden;entities=4;multiplicity=16;size=32,Deterministic integer DP over entity multiplicity vectors; independent of solver encodings,False,1,0,wrong-or-error
bag_lifting,hidden_n04_m16,wfomc,solved,11008809,11008809,0.413806,,,shape=hidden;entities=4;multiplicity=16;size=32,Deterministic integer DP over entity multiplicity vectors; independent of solver encodings,True,1,1,wrong-or-error
bag_lifting,hidden_n04_m16,wfomc,solved,11008809,11008809,0.413327,,,shape=hidden;entities=4;multiplicity=16;size=32,Deterministic integer DP over entity multiplicity vectors; independent of solver encodings,True,2,0,wrong-or-error
bag_lifting,hidden_n04_m16,wfomc,error,,11008809,26.268951,NoResult,Worker exited with code -6 without a result.,shape=hidden;entities=4;multiplicity=16;size=32,Deterministic integer DP over entity multiplicity vectors; independent of solver encodings,False,2,1,wrong-or-error
bag_lifting,hidden_n04_m16,wfomc,error,,11008809,26.512144,NoResult,Worker exited with code -6 without a result.,shape=hidden;entities=4;multiplicity=16;size=32,Deterministic integer DP over entity multiplicity vectors; independent of solver encodings,False,3,0,wrong-or-error
bag_lifting,hidden_n04_m16,wfomc,solved,11008809,11008809,0.427950,,,shape=hidden;entities=4;multiplicity=16;size=32,Deterministic integer DP over entity multiplicity vectors; independent of solver encodings,True,3,1,wrong-or-error
bag_lifting,intersection_n16_m02,wfomc,solved,5795143445520,5795143445520,0.791098,,,shape=intersection;entities=16;multiplicity=2;size=16,Deterministic integer DP over entity multiplicity vectors; independent of solver encodings,True,0,0,
bag_lifting,intersection_n16_m02,wfomc,error,,5795143445520,22.138596,NoResult,Worker exited with code -6 without a result.,shape=intersection;entities=16;multiplicity=2;size=16,Deterministic integer DP over entity multiplicity vectors; independent of solver encodings,False,0,1,
bag_lifting,intersection_n16_m02,wfomc,error,,5795143445520,23.404598,NoResult,Worker exited with code -6 without a result.,shape=intersection;entities=16;multiplicity=2;size=16,Deterministic integer DP over entity multiplicity vectors; independent of solver encodings,False,1,0,wrong-or-error
bag_lifting,intersection_n16_m02,wfomc,solved,5795143445520,5795143445520,0.963134,,,shape=intersection;entities=16;multiplicity=2;size=16,Deterministic integer DP over entity multiplicity vectors; independent of solver encodings,True,1,1,wrong-or-error
bag_lifting,intersection_n16_m02,wfomc,solved,5795143445520,5795143445520,0.812403,,,shape=intersection;entities=16;multiplicity=2;size=16,Deterministic integer DP over entity multiplicity vectors; independent of solver encodings,True,2,0,wrong-or-error
bag_lifting,intersection_n16_m02,wfomc,error,,5795143445520,24.121643,NoResult,Worker exited with code -6 without a result.,shape=intersection;entities=16;multiplicity=2;size=16,Deterministic integer DP over entity multiplicity vectors; independent of solver encodings,False,2,1,wrong-or-error
bag_lifting,intersection_n16_m02,wfomc,error,,5795143445520,24.207262,NoResult,Worker exited with code -6 without a result.,shape=intersection;entities=16;multiplicity=2;size=16,Deterministic integer DP over entity multiplicity vectors; independent of solver encodings,False,3,0,wrong-or-error
bag_lifting,intersection_n16_m02,wfomc,solved,5795143445520,5795143445520,0.910643,,,shape=intersection;entities=16;multiplicity=2;size=16,Deterministic integer DP over entity multiplicity vectors; independent of solver encodings,True,3,1,wrong-or-error
bag_lifting,intersection_n04_m16,wfomc,solved,449106,449106,1.473679,,,shape=intersection;entities=4;multiplicity=16;size=32,Deterministic integer DP over entity multiplicity vectors; independent of solver encodings,True,0,0,
bag_lifting,intersection_n04_m16,wfomc,error,,449106,19.674257,NoResult,Worker exited with code -6 without a result.,shape=intersection;entities=4;multiplicity=16;size=32,Deterministic integer DP over entity multiplicity vectors; independent of solver encodings,False,0,1,
bag_lifting,intersection_n04_m16,wfomc,error,,449106,18.231789,NoResult,Worker exited with code -6 without a result.,shape=intersection;entities=4;multiplicity=16;size=32,Deterministic integer DP over entity multiplicity vectors; independent of solver encodings,False,1,0,wrong-or-error
bag_lifting,intersection_n04_m16,wfomc,solved,449106,449106,1.325987,,,shape=intersection;entities=4;multiplicity=16;size=32,Deterministic integer DP over entity multiplicity vectors; independent of solver encodings,True,1,1,wrong-or-error
bag_lifting,intersection_n04_m16,wfomc,solved,449106,449106,1.303256,,,shape=intersection;entities=4;multiplicity=16;size=32,Deterministic integer DP over entity multiplicity vectors; independent of solver encodings,True,2,0,wrong-or-error
bag_lifting,intersection_n04_m16,wfomc,error,,449106,16.712044,NoResult,Worker exited with code -6 without a result.,shape=intersection;entities=4;multiplicity=16;size=32,Deterministic integer DP over entity multiplicity vectors; independent of solver encodings,False,2,1,wrong-or-error
bag_lifting,intersection_n04_m16,wfomc,error,,449106,16.853426,NoResult,Worker exited with code -6 without a result.,shape=intersection;entities=4;multiplicity=16;size=32,Deterministic integer DP over entity multiplicity vectors; independent of solver encodings,False,3,0,wrong-or-error
bag_lifting,intersection_n04_m16,wfomc,solved,449106,449106,1.302897,,,shape=intersection;entities=4;multiplicity=16;size=32,Deterministic integer DP over entity multiplicity vectors; independent of solver encodings,True,3,1,wrong-or-error
bag_lifting,named_n16_m02,wfomc,solved,1787607,1787607,0.400506,,,shape=named;entities=16;multiplicity=2;size=16,Deterministic integer DP over entity multiplicity vectors; independent of solver encodings,True,0,0,
bag_lifting,named_n16_m02,wfomc,error,,1787607,42.333671,MemoryError,MemoryError(),shape=named;entities=16;multiplicity=2;size=16,Deterministic integer DP over entity multiplicity vectors; independent of solver encodings,False,0,1,
bag_lifting,named_n16_m02,wfomc,error,,1787607,42.873836,MemoryError,MemoryError(),shape=named;entities=16;multiplicity=2;size=16,Deterministic integer DP over entity multiplicity vectors; independent of solver encodings,False,1,0,wrong-or-error
bag_lifting,named_n16_m02,wfomc,solved,1787607,1787607,0.402462,,,shape=named;entities=16;multiplicity=2;size=16,Deterministic integer DP over entity multiplicity vectors; independent of solver encodings,True,1,1,wrong-or-error
bag_lifting,named_n16_m02,wfomc,solved,1787607,1787607,0.402243,,,shape=named;entities=16;multiplicity=2;size=16,Deterministic integer DP over entity multiplicity vectors; independent of solver encodings,True,2,0,wrong-or-error
bag_lifting,named_n16_m02,wfomc,error,,1787607,43.240614,MemoryError,MemoryError(),shape=named;entities=16;multiplicity=2;size=16,Deterministic integer DP over entity multiplicity vectors; independent of solver encodings,False,2,1,wrong-or-error
bag_lifting,named_n16_m02,wfomc,error,,1787607,43.105540,MemoryError,MemoryError(),shape=named;entities=16;multiplicity=2;size=16,Deterministic integer DP over entity multiplicity vectors; independent of solver encodings,False,3,0,wrong-or-error
bag_lifting,named_n16_m02,wfomc,solved,1787607,1787607,0.403966,,,shape=named;entities=16;multiplicity=2;size=16,Deterministic integer DP over entity multiplicity vectors; independent of solver encodings,True,3,1,wrong-or-error
bag_lifting,fallback_n16_m02,wfomc,error,,12047551338771,15.270163,NoResult,Worker exited with code -6 without a result.,shape=fallback;entities=16;multiplicity=2;size=16,Deterministic integer DP over entity multiplicity vectors; independent of solver encodings,True,0,0,
bag_lifting,fallback_n16_m02,wfomc,error,,12047551338771,15.199079,NoResult,Worker exited with code -6 without a result.,shape=fallback;entities=16;multiplicity=2;size=16,Deterministic integer DP over entity multiplicity vectors; independent of solver encodings,False,0,1,
bag_lifting,fallback_n16_m02,wfomc,error,,12047551338771,15.151619,NoResult,Worker exited with code -6 without a result.,shape=fallback;entities=16;multiplicity=2;size=16,Deterministic integer DP over entity multiplicity vectors; independent of solver encodings,False,1,0,wrong-or-error
bag_lifting,fallback_n16_m02,wfomc,error,,12047551338771,15.134313,NoResult,Worker exited with code -6 without a result.,shape=fallback;entities=16;multiplicity=2;size=16,Deterministic integer DP over entity multiplicity vectors; independent of solver encodings,True,1,1,wrong-or-error
bag_lifting,fallback_n16_m02,wfomc,error,,12047551338771,15.112616,NoResult,Worker exited with code -6 without a result.,shape=fallback;entities=16;multiplicity=2;size=16,Deterministic integer DP over entity multiplicity vectors; independent of solver encodings,True,2,0,wrong-or-error
bag_lifting,fallback_n16_m02,wfomc,error,,12047551338771,15.122439,NoResult,Worker exited with code -6 without a result.,shape=fallback;entities=16;multiplicity=2;size=16,Deterministic integer DP over entity multiplicity vectors; independent of solver encodings,False,2,1,wrong-or-error
bag_lifting,fallback_n16_m02,wfomc,error,,12047551338771,15.178215,NoResult,Worker exited with code -6 without a result.,shape=fallback;entities=16;multiplicity=2;size=16,Deterministic integer DP over entity multiplicity vectors; independent of solver encodings,False,3,0,wrong-or-error
bag_lifting,fallback_n16_m02,wfomc,error,,12047551338771,15.164724,NoResult,Worker exited with code -6 without a result.,shape=fallback;entities=16;multiplicity=2;size=16,Deterministic integer DP over entity multiplicity vectors; independent of solver encodings,True,3,1,wrong-or-error
