suite,case_id,backend,status,result,expected,elapsed_sec,error_type,error_message,tags,source
real,0,wfomc,solved,3003,3003,0.421380,,,set;choose;benchmark,problems/real/corpus.json
real,4,wfomc,solved,6732,6732,1.303705,,,set;choose;not constraint;or constraint;benchmark,problems/real/corpus.json
real,11,wfomc,solved,28,28,0.489324,,,bag;composition;benchmark,problems/real/corpus.json
real,15,wfomc,solved,729,729,0.440243,,,set;composition,problems/real/corpus.json
real,21,wfomc,solved,15,15,0.487225,,,bag;choose_replace;benchmark,problems/real/corpus.json
real,25,wfomc,solved,72,72,0.499669,,,set;choose;multiple choosing,problems/real/corpus.json
real,29,wfomc,solved,720,720,0.530668,,,set;sequence;together;leq,problems/real/corpus.json
real,34,wfomc,solved,3,3,0.467199,,,bag;sequence;pred;not constraint;benchmark,problems/real/corpus.json
real,40,wfomc,solved,560,560,0.545992,,,bag;choose_replace_permute;sequence;pred;count pred,problems/real/corpus.json
real,44,wfomc,solved,672,672,0.430000,,,set;choose;intersection;size constraint,problems/real/corpus.json
real,49,wfomc,solved,12441600,12441600,0.730467,,,set;tuple,problems/real/corpus.json
real,57,wfomc,solved,25972650,25972650,0.493737,,,set;choose;multiple choosing,problems/real/corpus.json
real,61,wfomc,solved,5120,5120,0.496334,,,set;choose;multiple choosing,problems/real/corpus.json
real,66,wfomc,solved,750,750,0.584050,,,set;choose;multiple choosing,problems/real/corpus.json
real,71,wfomc,solved,12650,12650,0.404636,,,set;choose,problems/real/corpus.json
real,75,wfomc,solved,6,6,1.035843,,,bag;tuple,problems/real/corpus.json
real,81,wfomc,solved,840,840,0.962823,,,set;choose;intersection;size constraint,problems/real/corpus.json
real,86,wfomc,solved,10,10,1.012065,,,bag;tuple;index;compare element;not constraint,problems/real/corpus.json
real,93,wfomc,solved,5,5,0.807599,,,bag;choose;size constraint,problems/real/corpus.json
real,97,wfomc,solved,16,16,0.276058,,,set;choose;in,problems/real/corpus.json
real,101,wfomc,solved,5,5,0.450866,,,bag;composition,problems/real/corpus.json
real,105,wfomc,solved,720,720,0.428413,,,set;tuple,problems/real/corpus.json
real,109,wfomc,solved,140,140,0.971446,,,set;choose;multiple choosing;not constraint,problems/real/corpus.json
real,114,wfomc,solved,21,21,0.381324,,,set;choose,problems/real/corpus.json
real,119,wfomc,solved,30,30,0.472070,,,set;choose;multiple choosing,problems/real/corpus.json
real,125,wfomc,solved,100000,100000,0.396003,,,set;choose_replace_permute,problems/real/corpus.json
real,129,wfomc,solved,36,36,0.623907,,,bag;composition,problems/real/corpus.json
real,133,wfomc,solved,880,880,0.342683,,,set;choose_replace_permute;sequence;count pred,problems/real/corpus.json
real,138,wfomc,solved,7000,7000,0.581988,,,set;choose;multiple choosing,problems/real/corpus.json
real,143,wfomc,solved,10,10,0.902417,,,bag;composition;none_empty,problems/real/corpus.json
real,147,wfomc,solved,33800,33800,1.201764,,,set;choose_replace_permute;tuple;intersection;size constraint,problems/real/corpus.json
real,153,wfomc,solved,8,8,0.388564,,,set;partition,problems/real/corpus.json
real,160,wfomc,solved,49,49,1.549246,,,set;choose;multiple choosing;subset;or constraint,problems/real/corpus.json
real,164,wfomc,solved,968,968,0.801333,,,set;composition;index;size constraint,problems/real/corpus.json
real,168,wfomc,solved,12,12,1.038945,,,set;choose;multiple choosing;tuple;difference;subset,problems/real/corpus.json
real,172,wfomc,solved,12441600,12441600,29.352744,,,set;sequence;together;timeout,problems/real/corpus.json
real,178,wfomc,solved,560,560,1.396967,,,bag;tuple,problems/real/corpus.json
real,182,wfomc,solved,90,90,1.406283,,,bag;tuple,problems/real/corpus.json
real,186,wfomc,solved,504,504,1.079142,,,set;choose;permute;tuple;index;in;compare element;or constraint;not constraint,problems/real/corpus.json
real,190,wfomc,solved,16,16,0.415324,,,set;partition,problems/real/corpus.json
real,194,wfomc,solved,9,9,0.903394,,,set;choose;intersection;in;size constraint,problems/real/corpus.json
real,201,wfomc,solved,288,288,1.249577,,,set;choose;multiple choosing;intersection;size constraint,problems/real/corpus.json
real,207,wfomc,solved,3110400,3110400,15.317356,,,set;sequence;together;timeout,problems/real/corpus.json
real,212,wfomc,solved,2250,2250,0.511686,,,set;choose;multiple choosing,problems/real/corpus.json
real,221,wfomc,solved,18,18,0.467250,,,set;tuple;not constraint;index;compare element,problems/real/corpus.json
real,227,wfomc,solved,544,544,0.853307,,,set;choose;tuple;intersection;size constraint,problems/real/corpus.json
real,232,wfomc,solved,864000,864000,1.156115,,,set;choose;tuple;multiple choosing;index;in,problems/real/corpus.json
real,238,wfomc,solved,6,6,0.959673,,,bag;tuple,problems/real/corpus.json
real,243,wfomc,solved,4896,4896,0.305010,,,set;sequence;count sequence,problems/real/corpus.json
real,248,wfomc,solved,6960,6960,1.495624,,,set;choose;multiple choosing;subset;difference;not constraint;or constraint,problems/real/corpus.json
real,253,wfomc,solved,1120,1120,0.910186,,,set;choose;intersection;size constraint,problems/real/corpus.json
real,258,wfomc,solved,105,105,0.383251,,,set;choose,problems/real/corpus.json
real,264,wfomc,solved,15,15,0.821820,,,set;choose;subset,problems/real/corpus.json
real,271,wfomc,solved,6,6,1.005463,,,bag;tuple,problems/real/corpus.json
real,275,wfomc,solved,768,768,0.935084,,,set;choose;multiple choosing,problems/real/corpus.json
real,280,wfomc,solved,12,12,0.641467,,,set;choose_replace_permute;tuple;index;in,problems/real/corpus.json
real,287,wfomc,solved,210,210,0.406632,,,set;choose,problems/real/corpus.json
real,292,wfomc,solved,720,720,0.443579,,,set;sequence;together,problems/real/corpus.json
real,297,wfomc,solved,16,16,0.810116,,,set;choose;difference;multiple choosing,problems/real/corpus.json
real,301,wfomc,solved,48,48,0.536975,,,set;tuple;composition,problems/real/corpus.json
real,306,wfomc,solved,6840,6840,0.587820,,,set;choose;multiple choosing;difference,problems/real/corpus.json
real,335,wfomc,solved,320,320,1.128948,,,set;choose_replace_permute;tuple;index;in;supp,problems/real/corpus.json
real,1,wfomc,solved,609,609,0.764135,,,set;choose_replace_permute;tuple;size constraint;intersection;benchmark,problems/real/corpus.json
real,5,wfomc,solved,36,36,0.984233,,,set;choose;tuple;index;count;benchmark,problems/real/corpus.json
real,12,wfomc,solved,540,540,0.834543,,,set;composition;none_empty,problems/real/corpus.json
real,18,wfomc,solved,12,12,0.928516,,,set;choose;tuple;index;in,problems/real/corpus.json
real,22,wfomc,solved,36,36,0.957322,,,set;choose;multiple choosing;size constraint;intersection,problems/real/corpus.json
real,26,wfomc,solved,13,13,1.610902,,,set;choose;or constraint;subset;benchmark,problems/real/corpus.json
real,30,wfomc,solved,25200,25200,1.678594,,,set;choose;tuple;multiple choosing;difference,problems/real/corpus.json
real,35,wfomc,solved,60,60,0.932479,,,bag;tuple;index;in,problems/real/corpus.json
real,41,wfomc,solved,1386,1386,0.820702,,,set;choose;size constraint;intersection,problems/real/corpus.json
real,45,wfomc,solved,2880,2880,0.397898,,,set;sequence;together,problems/real/corpus.json
real,50,wfomc,solved,34650,34650,2.836701,,,bag;tuple,problems/real/corpus.json
real,58,wfomc,solved,280,280,0.535391,,,set;choose;multiple choosing,problems/real/corpus.json
real,62,wfomc,solved,1920,1920,1.220277,,,set;choose;multiple choosing;choose_permute;tuple,problems/real/corpus.json
real,68,wfomc,solved,252,252,0.902302,,,set;choose;intersection;size constraint,problems/real/corpus.json
real,72,wfomc,solved,75075,75075,0.454488,,,set;choose;multiple choosing,problems/real/corpus.json
real,76,wfomc,solved,70,70,0.886775,,,set;partition;not constraint;subset;benchmark,problems/real/corpus.json
real,83,wfomc,solved,195,195,0.867528,,,set;choose;intersection;size constraint,problems/real/corpus.json
real,87,wfomc,solved,2838,2838,0.452549,,,set;choose;intersection;size constraint,problems/real/corpus.json
real,94,wfomc,solved,56,56,0.448672,,,set;choose;subset,problems/real/corpus.json
real,98,wfomc,solved,12,12,1.004744,,,set;tuple;index;compare element,problems/real/corpus.json
real,102,wfomc,solved,432,432,1.229353,,,set;sequence;together,problems/real/corpus.json
real,106,wfomc,solved,15,15,0.714933,,,bag;partition,problems/real/corpus.json
real,110,wfomc,solved,504,504,0.683396,,,set;choose;multiple choosing,problems/real/corpus.json
real,116,wfomc,solved,126,126,0.395815,,,set;choose,problems/real/corpus.json
real,120,wfomc,solved,30860,30860,1.477674,,,tuple;unknown length,problems/real/corpus.json
real,126,wfomc,solved,6,6,0.373257,,,set;choose,problems/real/corpus.json
real,130,wfomc,solved,34560,34560,3.144099,,,set;sequence;together,problems/real/corpus.json
real,134,wfomc,solved,4320,4320,0.669230,,,set;tuple;index;in,problems/real/corpus.json
real,139,wfomc,solved,165,165,0.428100,,,set;choose;subset,problems/real/corpus.json
real,144,wfomc,solved,15,15,0.557237,,,set;partition,problems/real/corpus.json
real,148,wfomc,solved,29700,29700,1.356567,,,over partitioned sets,problems/real/corpus.json
real,156,wfomc,solved,62,62,0.773081,,,set;composition;none_empty,problems/real/corpus.json
real,161,wfomc,solved,864,864,2.172299,,,set;composition;index;in,problems/real/corpus.json
real,165,wfomc,solved,7,7,0.388792,,,bag;choose,problems/real/corpus.json
real,169,wfomc,solved,14,14,1.069906,,,bag;composition;partition,problems/real/corpus.json
real,173,wfomc,solved,21,21,0.429397,,,bag;composition,problems/real/corpus.json
real,179,wfomc,solved,12,12,1.051345,,,set;choose;tuple;difference;index;in,problems/real/corpus.json
real,183,wfomc,solved,200,200,0.937352,,,set;choose;tuple;intersection;difference;size constraint,problems/real/corpus.json
real,187,wfomc,solved,990,990,0.728650,,,set;choose;intersection;size constraint,problems/real/corpus.json
real,191,wfomc,solved,36,36,0.972572,,,bag;multiplicity constraint;over partitioned sets,problems/real/corpus.json
real,196,wfomc,solved,200,200,0.472108,,,set;choose_replace_permute;not constraint;index;compare element;in,problems/real/corpus.json
real,202,wfomc,solved,5,5,0.511102,,,bag;partition,problems/real/corpus.json
real,208,wfomc,solved,520,520,0.987232,,,set;tuple;index;in;counting quantifier,problems/real/corpus.json
real,215,wfomc,solved,12600,12600,0.417250,,,set;choose;multiple choosing,problems/real/corpus.json
real,222,wfomc,solved,111,111,0.595387,,,set;choose;multiple choosing;subset;not constraint,problems/real/corpus.json
real,229,wfomc,solved,5,5,3.659696,,,set;choose;multiple choosing;in;or constraint,problems/real/corpus.json
real,233,wfomc,solved,360,360,0.400557,,,set;choose;multiple choosing,problems/real/corpus.json
real,239,wfomc,solved,10,10,0.452995,,,set;choose_replace;multiplicity constraint,problems/real/corpus.json
real,244,wfomc,solved,480,480,0.713657,,,set;choose;multiple choosing;subset;not constraint,problems/real/corpus.json
real,249,wfomc,solved,14,14,0.493023,,,bag;partition,problems/real/corpus.json
real,254,wfomc,solved,36,36,0.927735,,,set;choose;multiple choosing;tuple;not constraint;subset;difference;in,problems/real/corpus.json
real,259,wfomc,solved,432,432,0.818070,,,counting quantifier,problems/real/corpus.json
real,265,wfomc,solved,384,384,0.477942,,,set;sequence;choose_replace_permute;not constraint;next_to,problems/real/corpus.json
real,272,wfomc,solved,5416,5416,0.829403,,,set;choose_replace_permute;tuple;or constraint;in,problems/real/corpus.json
real,277,wfomc,solved,100,100,0.853152,,,set;tuple;choose_replace_permute;index;not constraint;compare element,problems/real/corpus.json
real,281,wfomc,solved,75,75,0.934016,,,set;bag;choose;multiple choosing,problems/real/corpus.json
real,288,wfomc,solved,210,210,0.390862,,,set;choose;multiple choosing,problems/real/corpus.json
real,294,wfomc,solved,14,14,0.396386,,,set;partition,problems/real/corpus.json
real,298,wfomc,solved,45,45,0.333347,,,set;choose,problems/real/corpus.json
real,302,wfomc,solved,16,16,0.330348,,,set;composition,problems/real/corpus.json
real,307,wfomc,solved,192,192,0.455806,,,set;sequence;choose_replace_permute;pred;not constraint,problems/real/corpus.json
real,371,wfomc,solved,26,26,14.272694,,,set;choose_replace_permute;tuple;multiplicity constraint;not constraint,problems/real/corpus.json
real,2,wfomc,solved,23,23,1.041361,,,bag;choose;size constraint;benchmark,problems/real/corpus.json
real,6,wfomc,solved,200,200,1.594642,,,bag;composition;index;size constraint;benchmark,problems/real/corpus.json
real,13,wfomc,solved,6,6,0.637706,,,bag;composition,problems/real/corpus.json
real,19,wfomc,solved,4,4,0.672312,,,bag;partition,problems/real/corpus.json
real,23,wfomc,solved,10080,10080,0.549939,,,set;sequence;together,problems/real/corpus.json
real,27,wfomc,solved,15,15,0.490793,,,set;choose,problems/real/corpus.json
real,31,wfomc,solved,12,12,0.569083,,,set;sequence;next_to;not constraint;benchmark,problems/real/corpus.json
real,36,wfomc,solved,240,240,0.735590,,,set;tuple;index;in,problems/real/corpus.json
real,42,wfomc,solved,17280,17280,0.561146,,,set;sequence;together,problems/real/corpus.json
real,46,wfomc,solved,25,25,2.149657,,,bag;tuple;index;compare element;or constraint;benchmark,problems/real/corpus.json
real,55,wfomc,solved,18,18,0.411001,,,set;tuple;index;not constraint;compare element,problems/real/corpus.json
real,59,wfomc,solved,10,10,0.339067,,,set;choose,problems/real/corpus.json
real,63,wfomc,solved,220,220,0.329655,,,set;choose,problems/real/corpus.json
real,69,wfomc,solved,840,840,0.774032,,,bag;tuple,problems/real/corpus.json
real,73,wfomc,solved,48,48,0.874202,,,bag;tuple;choose_permute;in,problems/real/corpus.json
real,78,wfomc,solved,1414,1414,0.793366,,,set;choose;intersection;size constraint,problems/real/corpus.json
real,84,wfomc,solved,28,28,0.335661,,,set;choose,problems/real/corpus.json
real,91,wfomc,solved,771400,771400,0.390894,,,set;choose;multiple choosing,problems/real/corpus.json
real,95,wfomc,solved,6,6,0.813645,,,bag;tuple;index;compare element;not constraint,problems/real/corpus.json
real,99,wfomc,solved,360,360,0.332322,,,set;sequence;leq,problems/real/corpus.json
real,103,wfomc,solved,495,495,0.342621,,,set;choose,problems/real/corpus.json
real,107,wfomc,solved,15,15,0.433472,,,bag;composition,problems/real/corpus.json
real,111,wfomc,solved,3,3,0.409989,,,bag;partition,problems/real/corpus.json
real,117,wfomc,solved,5,5,0.482571,,,bag;partition,problems/real/corpus.json
real,121,wfomc,solved,4,4,0.859255,,,set;choose;or constraint;subset,problems/real/corpus.json
real,127,wfomc,solved,43,43,0.872073,,,bag;tuple;choose_permute,problems/real/corpus.json
real,131,wfomc,solved,1512,1512,0.803612,,,set;choose_permute;tuple;index;in,problems/real/corpus.json
real,135,wfomc,solved,60,60,0.277676,,,set;sequence;leq,problems/real/corpus.json
real,141,wfomc,solved,120,120,0.383553,,,set;choose;subset,problems/real/corpus.json
real,145,wfomc,solved,59049,59049,0.400430,,,set;composition,problems/real/corpus.json
real,151,wfomc,solved,180,180,0.988420,,,set;choose;multiple choosing;subset;or constraint,problems/real/corpus.json
real,157,wfomc,solved,156,156,0.417748,,,set;choose;not constraint;subset,problems/real/corpus.json
real,162,wfomc,solved,56,56,0.347728,,,set;choose,problems/real/corpus.json
real,166,wfomc,solved,58500,58500,0.888365,,,set;choose_permute;tuple;multiple choosing,problems/real/corpus.json
real,170,wfomc,solved,325,325,0.740951,,,set;choose;intersection;size constraint,problems/real/corpus.json
real,175,wfomc,solved,3600,3600,0.374475,,,set;sequence;next_to;not constraint,problems/real/corpus.json
real,180,wfomc,solved,37,37,0.421105,,,set;choose_replace_permute;tuple;in,problems/real/corpus.json
real,184,wfomc,solved,70,70,0.336345,,,set;choose,problems/real/corpus.json
real,188,wfomc,solved,351,351,1.056238,,,set;choose;choose_replace;additive union;size constraint,problems/real/corpus.json
real,192,wfomc,solved,31250,31250,1.537778,,,bag;sequence;TAG;timeout;pred;succ,problems/real/corpus.json
real,199,wfomc,solved,180,180,1.017751,,,bag;tuple,problems/real/corpus.json
real,203,wfomc,solved,8788,8788,1.061708,,,set;choose;subset;not constraint,problems/real/corpus.json
real,209,wfomc,solved,210,210,1.354972,,,bag;tuple,problems/real/corpus.json
real,216,wfomc,solved,448,448,0.476496,,,set;choose;tuple;not constraint;in,problems/real/corpus.json
real,223,wfomc,solved,120,120,0.805421,,,bag;tuple,problems/real/corpus.json
real,230,wfomc,solved,495,495,0.370470,,,set;choose,problems/real/corpus.json
real,234,wfomc,solved,65,65,0.948581,,,bag;choose;size constraint,problems/real/corpus.json
real,241,wfomc,solved,6,6,0.424114,,,set;tuple,problems/real/corpus.json
real,245,wfomc,solved,35,35,0.376038,,,set;choose,problems/real/corpus.json
real,250,wfomc,solved,29,29,1.053306,,,set;choose;multiple choosing;intersection;size constraint,problems/real/corpus.json
real,255,wfomc,solved,50,50,0.976663,,,bag;tuple;index;not constraint;compare element,problems/real/corpus.json
real,261,wfomc,solved,10,10,0.345798,,,set;choose,problems/real/corpus.json
real,266,wfomc,solved,210,210,0.374115,,,set;choose,problems/real/corpus.json
real,273,wfomc,solved,4,4,0.337427,,,set;choose;size constraint,problems/real/corpus.json
real,278,wfomc,solved,1951,1951,0.429984,,,set;tuple;choose_replace_permute;in,problems/real/corpus.json
real,285,wfomc,solved,14,14,0.398251,,,set;partition,problems/real/corpus.json
real,290,wfomc,solved,60,60,0.783735,,,bag;tuple,problems/real/corpus.json
real,295,wfomc,solved,41,41,0.399821,,,set;partition,problems/real/corpus.json
real,299,wfomc,solved,420,420,0.899754,,,set;composition;index;size constraint;in,problems/real/corpus.json
real,304,wfomc,solved,1848,1848,0.741368,,,set;choose;intersection;size constraint,problems/real/corpus.json
real,308,wfomc,timeout,,33800000,100.098076,TimeoutError,Timed out after 100.000s,set;sequence;TAG;choose_replace;next_to;timeout,problems/real/corpus.json
real,375,wfomc,solved,728,728,0.911132,,,set;choose_replace_permute;tuple;index;in;supp;size constraint,problems/real/corpus.json
real,3,wfomc,solved,165,165,0.333054,,,set;choose,problems/real/corpus.json
real,7,wfomc,solved,1440,1440,0.462450,,,set;sequence;together;benchmark,problems/real/corpus.json
real,14,wfomc,solved,9240,9240,0.386618,,,set;choose;multiple choosing,problems/real/corpus.json
real,20,wfomc,solved,10,10,0.330857,,,set;choose,problems/real/corpus.json
real,24,wfomc,solved,1296540,1296540,0.599536,,,set;choose;multiple choosing;second order logic,problems/real/corpus.json
real,28,wfomc,solved,243,243,0.380020,,,set;composition,problems/real/corpus.json
real,32,wfomc,solved,21,21,0.876212,,,bag;tuple,problems/real/corpus.json
real,38,wfomc,solved,3,3,0.441782,,,bag;partition,problems/real/corpus.json
real,43,wfomc,solved,15,15,0.671389,,,set;choose;size constraint,problems/real/corpus.json
real,48,wfomc,solved,35,35,0.930163,,,bag;tuple,problems/real/corpus.json
real,56,wfomc,solved,45045,45045,0.370316,,,set;choose;multiple choosing,problems/real/corpus.json
real,60,wfomc,solved,36,36,0.339511,,,set;choose,problems/real/corpus.json
real,65,wfomc,solved,61328,61328,0.809889,,,set;choose_replace_permute;tuple;index;compare element;count element;not constraint;or constraint,problems/real/corpus.json
real,70,wfomc,solved,28,28,0.417701,,,set;choose_replace,problems/real/corpus.json
real,74,wfomc,solved,30951,30951,0.783947,,,set;choose_replace_permute;index;compare element;multiplicity constraint;not constraint;benchmark,problems/real/corpus.json
real,80,wfomc,solved,24,24,0.399384,,,set;sequence;next_to;not constraint,problems/real/corpus.json
real,85,wfomc,solved,225,225,0.383878,,,set;choose;multiple choosing,problems/real/corpus.json
real,92,wfomc,solved,15600,15600,0.768328,,,set;choose;multiple choosing;union;size constraint,problems/real/corpus.json
real,96,wfomc,solved,480,480,0.367944,,,set;sequence;next_to;not constraint,problems/real/corpus.json
real,100,wfomc,solved,650,650,0.806669,,,set;choose;tuple,problems/real/corpus.json
real,104,wfomc,solved,840,840,0.779295,,,set;choose;intersection;size constraint,problems/real/corpus.json
real,108,wfomc,solved,126,126,0.697779,,,partition;benchmark,problems/real/corpus.json
real,112,wfomc,solved,1940,1940,0.775874,,,set;choose;intersection;size constraint,problems/real/corpus.json
real,118,wfomc,solved,1024,1024,0.332600,,,set;composition,problems/real/corpus.json
real,124,wfomc,solved,32,32,0.326454,,,set;composition,problems/real/corpus.json
real,128,wfomc,solved,12500,12500,0.489394,,,set;choose_permute;tuple;index;in,problems/real/corpus.json
real,132,wfomc,solved,72,72,0.536009,,,bag;choose;multiple choosing;benchmark,problems/real/corpus.json
real,136,wfomc,solved,4320,4320,1.227108,,,set;choose;tuple;intersection;size constraint,problems/real/corpus.json
real,142,wfomc,solved,151200,151200,0.685624,,,set;choose;multiple choosing,problems/real/corpus.json
real,146,wfomc,solved,371043400,371043400,0.801000,,,set;choose;intersection;size constraint,problems/real/corpus.json
real,152,wfomc,solved,36,36,0.665785,,,set;choose;size constraint,problems/real/corpus.json
real,158,wfomc,solved,125,125,0.340053,,,set;choose_replace_permute;tuple,problems/real/corpus.json
real,163,wfomc,solved,3003,3003,0.346105,,,set;choose,problems/real/corpus.json
real,167,wfomc,solved,48048,48048,0.402204,,,set;choose;multiple choosing,problems/real/corpus.json
real,171,wfomc,solved,60,60,0.392751,,,set;choose;multiple choosing,problems/real/corpus.json
real,176,wfomc,solved,30,30,0.914220,,,tuple;unknown length,problems/real/corpus.json
real,181,wfomc,solved,1295,1295,1.063254,,,set;choose_replace_permute;tuple;count element;disjoint,problems/real/corpus.json
real,185,wfomc,solved,56,56,0.336118,,,set;choose,problems/real/corpus.json
real,189,wfomc,solved,81,81,0.389884,,,set;composition,problems/real/corpus.json
real,193,wfomc,solved,2880,2880,0.408223,,,set;sequence;pred;succ,problems/real/corpus.json
real,200,wfomc,solved,31,31,0.612440,,,set;choose;size constraint,problems/real/corpus.json
real,204,wfomc,solved,56,56,0.339282,,,set;choose,problems/real/corpus.json
real,211,wfomc,solved,15,15,0.335344,,,set;choose,problems/real/corpus.json
real,219,wfomc,solved,165,165,0.495592,,,bag;composition,problems/real/corpus.json
real,225,wfomc,solved,28,28,0.336845,,,set;choose,problems/real/corpus.json
real,231,wfomc,solved,36000,36000,0.395688,,,set;sequence;not constraint;pred,problems/real/corpus.json
real,237,wfomc,solved,48,48,0.491556,,,set;tuple;index;in,problems/real/corpus.json
real,242,wfomc,solved,62,62,1.688089,,,set;choose;multiple choosing;set equality;or constraint,problems/real/corpus.json
real,246,wfomc,solved,35,35,0.350284,,,set;choose,problems/real/corpus.json
real,252,wfomc,solved,48,48,0.934969,,,bag;tuple;index;not constraint;compare element,problems/real/corpus.json
real,256,wfomc,solved,28,28,0.348153,,,set;choose,problems/real/corpus.json
real,262,wfomc,solved,9240,9240,0.972642,,,set;composition;size constraint;index;in,problems/real/corpus.json
real,268,wfomc,solved,4,4,0.630260,,,bag;partition,problems/real/corpus.json
real,274,wfomc,solved,2598960,2598960,0.390486,,,set;choose,problems/real/corpus.json
real,279,wfomc,solved,210,210,0.517589,,,set;choose;multiple choosing;subset;not constraint,problems/real/corpus.json
real,286,wfomc,solved,4242,4242,0.861156,,,set;choose;intersection;size constraint,problems/real/corpus.json
real,291,wfomc,solved,180,180,0.857970,,,set;sequence;choose_replace_permute;pred;succ,problems/real/corpus.json
real,296,wfomc,solved,80,80,0.461567,,,set;choose;multiple choosing,problems/real/corpus.json
real,300,wfomc,solved,380,380,0.445684,,,set;choose;multiple choosing,problems/real/corpus.json
real,305,wfomc,solved,1050,1050,0.922454,,,set;choose;intersection;size constraint,problems/real/corpus.json
real,325,wfomc,solved,452,452,0.921209,,,set;choose_replace_permute;tuple;in;not constraint;compare element,problems/real/corpus.json
synthetic,syn-set_choice_intersection-small-00,wfomc,solved,30,30,0.828418,,,synthetic;stratified;stratum=set_choice_intersection;family=set_choice_intersection;difficulty=small;domain=8;variant=0;seed=20260811;operatorcount=1;constraintcount=1;depth=1;set;choose;intersection;size,problems/benchmarks/synthetic/manifest.json
synthetic,syn-set_choice_intersection-small-04,wfomc,solved,10,10,0.762376,,,synthetic;stratified;stratum=set_choice_intersection;family=set_choice_intersection;difficulty=small;domain=8;variant=4;seed=20260811;operatorcount=1;constraintcount=1;depth=1;set;choose;intersection;size,problems/benchmarks/synthetic/manifest.json
synthetic,syn-bag_choice_multiplicity-small-00,wfomc,solved,3,3,0.419149,,,synthetic;stratified;stratum=bag_choice_multiplicity;family=bag_choice_multiplicity;difficulty=small;domain=8;variant=0;seed=20260811;operatorcount=1;constraintcount=1;depth=1;bag;choose;count,problems/benchmarks/synthetic/manifest.json
synthetic,syn-bag_choice_multiplicity-small-04,wfomc,solved,6,6,0.422189,,,synthetic;stratified;stratum=bag_choice_multiplicity;family=bag_choice_multiplicity;difficulty=small;domain=8;variant=4;seed=20260811;operatorcount=1;constraintcount=1;depth=1;bag;choose;count,problems/benchmarks/synthetic/manifest.json
synthetic,syn-set_tuple_position_count-small-00,wfomc,solved,2880,2880,1.276038,,,synthetic;stratified;stratum=set_tuple_position_count;family=set_tuple_position_count;difficulty=small;domain=8;variant=0;seed=20260811;operatorcount=1;constraintcount=2;depth=1;set;tuple;position;count,problems/benchmarks/synthetic/manifest.json
synthetic,syn-set_tuple_position_count-small-04,wfomc,solved,120,120,1.254829,,,synthetic;stratified;stratum=set_tuple_position_count;family=set_tuple_position_count;difficulty=small;domain=8;variant=4;seed=20260811;operatorcount=1;constraintcount=2;depth=1;set;tuple;position;count,problems/benchmarks/synthetic/manifest.json
synthetic,syn-bag_tuple_multiplicity-small-00,wfomc,solved,504,504,1.945227,,,synthetic;stratified;stratum=bag_tuple_multiplicity;family=bag_tuple_multiplicity;difficulty=small;domain=8;variant=0;seed=20260811;operatorcount=2;constraintcount=1;depth=1;bag;tuple;set;choose;membership;decomposition,problems/benchmarks/synthetic/manifest.json
synthetic,syn-bag_tuple_multiplicity-small-04,wfomc,solved,1680,1680,1.225112,,,synthetic;stratified;stratum=bag_tuple_multiplicity;family=bag_tuple_multiplicity;difficulty=small;domain=8;variant=4;seed=20260811;operatorcount=2;constraintcount=1;depth=1;bag;tuple;set;choose;membership;decomposition,problems/benchmarks/synthetic/manifest.json
synthetic,syn-set_sequence_patterns-small-00,wfomc,solved,2520,2520,0.507133,,,synthetic;stratified;stratum=set_sequence_patterns;family=set_sequence_patterns;difficulty=small;domain=8;variant=0;seed=20260811;operatorcount=1;constraintcount=3;depth=1;set;sequence;adjacency;order,problems/benchmarks/synthetic/manifest.json
synthetic,syn-set_sequence_patterns-small-04,wfomc,solved,5040,5040,0.456017,,,synthetic;stratified;stratum=set_sequence_patterns;family=set_sequence_patterns;difficulty=small;domain=8;variant=4;seed=20260811;operatorcount=1;constraintcount=2;depth=1;set;sequence;adjacency;order,problems/benchmarks/synthetic/manifest.json
synthetic,syn-bag_sequence_adjacency-small-00,wfomc,solved,420,420,0.538073,,,synthetic;stratified;stratum=bag_sequence_adjacency;family=bag_sequence_adjacency;difficulty=small;domain=8;variant=0;seed=20260811;operatorcount=1;constraintcount=1;depth=1;bag;sequence;adjacency,problems/benchmarks/synthetic/manifest.json
synthetic,syn-bag_sequence_adjacency-small-04,wfomc,solved,840,840,0.539412,,,synthetic;stratified;stratum=bag_sequence_adjacency;family=bag_sequence_adjacency;difficulty=small;domain=8;variant=4;seed=20260811;operatorcount=1;constraintcount=1;depth=1;bag;sequence;adjacency,problems/benchmarks/synthetic/manifest.json
synthetic,syn-set_partition_min_size-small-00,wfomc,solved,966,966,0.773561,,,synthetic;stratified;stratum=set_partition_min_size;family=set_partition_min_size;difficulty=small;domain=8;variant=0;seed=20260811;operatorcount=1;constraintcount=1;depth=1;set;partition;size,problems/benchmarks/synthetic/manifest.json
synthetic,syn-set_partition_min_size-small-04,wfomc,solved,119,119,0.708784,,,synthetic;stratified;stratum=set_partition_min_size;family=set_partition_min_size;difficulty=small;domain=8;variant=4;seed=20260811;operatorcount=1;constraintcount=1;depth=1;set;partition;size,problems/benchmarks/synthetic/manifest.json
synthetic,syn-set_composition_sizes-small-00,wfomc,solved,336,336,0.964367,,,synthetic;stratified;stratum=set_composition_sizes;family=set_composition_sizes;difficulty=small;domain=8;variant=0;seed=20260811;operatorcount=1;constraintcount=4;depth=1;set;composition;size,problems/benchmarks/synthetic/manifest.json
synthetic,syn-set_composition_sizes-small-04,wfomc,solved,56,56,0.777570,,,synthetic;stratified;stratum=set_composition_sizes;family=set_composition_sizes;difficulty=small;domain=8;variant=4;seed=20260811;operatorcount=1;constraintcount=2;depth=1;set;composition;size,problems/benchmarks/synthetic/manifest.json
synthetic,syn-dependent_choice_disjoint-small-00,wfomc,solved,840,840,0.453629,,,synthetic;stratified;stratum=dependent_choice_disjoint;family=dependent_choice_disjoint;difficulty=small;domain=8;variant=0;seed=20260811;operatorcount=3;constraintcount=1;depth=2;set;choose;disjoint;dependent_configuration;outside_cola_fragment,problems/benchmarks/synthetic/manifest.json
synthetic,syn-dependent_choice_disjoint-small-04,wfomc,solved,336,336,0.451376,,,synthetic;stratified;stratum=dependent_choice_disjoint;family=dependent_choice_disjoint;difficulty=small;domain=8;variant=4;seed=20260811;operatorcount=3;constraintcount=1;depth=2;set;choose;disjoint;dependent_configuration;outside_cola_fragment,problems/benchmarks/synthetic/manifest.json
synthetic,syn-dependent_tuple_position_count-small-00,wfomc,solved,3600,3600,1.105299,,,synthetic;stratified;stratum=dependent_tuple_position_count;family=dependent_tuple_position_count;difficulty=small;domain=8;variant=0;seed=20260811;operatorcount=2;constraintcount=2;depth=2;set;choose;tuple;position;count;dependent_configuration;outside_cola_fragment,problems/benchmarks/synthetic/manifest.json
synthetic,syn-dependent_tuple_position_count-small-04,wfomc,solved,3600,3600,1.104731,,,synthetic;stratified;stratum=dependent_tuple_position_count;family=dependent_tuple_position_count;difficulty=small;domain=8;variant=4;seed=20260811;operatorcount=2;constraintcount=2;depth=2;set;choose;tuple;position;count;dependent_configuration;outside_cola_fragment,problems/benchmarks/synthetic/manifest.json
synthetic,syn-dependent_sequence_patterns-small-00,wfomc,solved,720,720,0.965817,,,synthetic;stratified;stratum=dependent_sequence_patterns;family=dependent_sequence_patterns;difficulty=small;domain=8;variant=0;seed=20260811;operatorcount=2;constraintcount=9;depth=2;set;choose;sequence;adjacency;order;dependent_configuration;outside_cola_fragment,problems/benchmarks/synthetic/manifest.json
synthetic,syn-dependent_sequence_patterns-small-04,wfomc,solved,720,720,0.965442,,,synthetic;stratified;stratum=dependent_sequence_patterns;family=dependent_sequence_patterns;difficulty=small;domain=8;variant=4;seed=20260811;operatorcount=2;constraintcount=9;depth=2;set;choose;sequence;adjacency;order;dependent_configuration;outside_cola_fragment,problems/benchmarks/synthetic/manifest.json
synthetic,syn-dependent_partition_min_size-small-00,wfomc,solved,840,840,0.836627,,,synthetic;stratified;stratum=dependent_partition_min_size;family=dependent_partition_min_size;difficulty=small;domain=8;variant=0;seed=20260811;operatorcount=2;constraintcount=1;depth=2;set;choose;partition;size;dependent_configuration;outside_cola_fragment,problems/benchmarks/synthetic/manifest.json
synthetic,syn-dependent_partition_min_size-small-04,wfomc,solved,504,504,0.774349,,,synthetic;stratified;stratum=dependent_partition_min_size;family=dependent_partition_min_size;difficulty=small;domain=8;variant=4;seed=20260811;operatorcount=2;constraintcount=1;depth=2;set;choose;partition;size;dependent_configuration;outside_cola_fragment,problems/benchmarks/synthetic/manifest.json
synthetic,syn-dependent_composition_sizes-small-00,wfomc,solved,10080,10080,1.204830,,,synthetic;stratified;stratum=dependent_composition_sizes;family=dependent_composition_sizes;difficulty=small;domain=8;variant=0;seed=20260811;operatorcount=2;constraintcount=5;depth=2;set;choose;composition;size;dependent_configuration;outside_cola_fragment,problems/benchmarks/synthetic/manifest.json
synthetic,syn-dependent_composition_sizes-small-04,wfomc,solved,840,840,0.894811,,,synthetic;stratified;stratum=dependent_composition_sizes;family=dependent_composition_sizes;difficulty=small;domain=8;variant=4;seed=20260811;operatorcount=2;constraintcount=3;depth=2;set;choose;composition;size;dependent_configuration;outside_cola_fragment,problems/benchmarks/synthetic/manifest.json
synthetic,syn-dependent_bag_tuple-small-00,wfomc,solved,392,392,0.873408,,,synthetic;stratified;stratum=dependent_bag_tuple;family=dependent_bag_tuple;difficulty=small;domain=8;variant=0;seed=20260811;operatorcount=3;constraintcount=1;depth=2;bag;choose;tuple;set;membership;decomposition;dependent_configuration;outside_cola_fragment,problems/benchmarks/synthetic/manifest.json
synthetic,syn-dependent_bag_tuple-small-04,wfomc,solved,840,840,1.937466,,,synthetic;stratified;stratum=dependent_bag_tuple;family=dependent_bag_tuple;difficulty=small;domain=8;variant=4;seed=20260811;operatorcount=3;constraintcount=1;depth=2;bag;choose;tuple;set;membership;decomposition;dependent_configuration;outside_cola_fragment,problems/benchmarks/synthetic/manifest.json
synthetic,syn-nested_choice_chain-small-00,wfomc,solved,1050,1050,0.427831,,,synthetic;stratified;stratum=nested_choice_chain;family=nested_choice_chain;difficulty=small;domain=8;variant=0;seed=20260811;operatorcount=3;constraintcount=1;depth=3;set;choose;membership;dependent_configuration;outside_cola_fragment,problems/benchmarks/synthetic/manifest.json
synthetic,syn-nested_choice_chain-small-04,wfomc,solved,630,630,0.427324,,,synthetic;stratified;stratum=nested_choice_chain;family=nested_choice_chain;difficulty=small;domain=8;variant=4;seed=20260811;operatorcount=3;constraintcount=1;depth=3;set;choose;membership;dependent_configuration;outside_cola_fragment,problems/benchmarks/synthetic/manifest.json
synthetic,syn-dependent_selected_subsets-small-00,wfomc,solved,336,336,0.453848,,,synthetic;stratified;stratum=dependent_selected_subsets;family=dependent_selected_subsets;difficulty=small;domain=8;variant=0;seed=20260811;operatorcount=3;constraintcount=1;depth=2;set;choose;disjoint;dependent_configuration;outside_cola_fragment,problems/benchmarks/synthetic/manifest.json
synthetic,syn-dependent_selected_subsets-small-04,wfomc,solved,1680,1680,0.453190,,,synthetic;stratified;stratum=dependent_selected_subsets;family=dependent_selected_subsets;difficulty=small;domain=8;variant=4;seed=20260811;operatorcount=3;constraintcount=1;depth=2;set;choose;disjoint;dependent_configuration;outside_cola_fragment,problems/benchmarks/synthetic/manifest.json
synthetic,syn-set_choice_intersection-medium-00,wfomc,solved,350,350,0.763769,,,synthetic;stratified;stratum=set_choice_intersection;family=set_choice_intersection;difficulty=medium;domain=12;variant=0;seed=20260811;operatorcount=1;constraintcount=1;depth=1;set;choose;intersection;size,problems/benchmarks/synthetic/manifest.json
synthetic,syn-set_choice_intersection-medium-04,wfomc,solved,225,225,0.757781,,,synthetic;stratified;stratum=set_choice_intersection;family=set_choice_intersection;difficulty=medium;domain=12;variant=4;seed=20260811;operatorcount=1;constraintcount=1;depth=1;set;choose;intersection;size,problems/benchmarks/synthetic/manifest.json
synthetic,syn-bag_choice_multiplicity-medium-00,wfomc,solved,56,56,0.412505,,,synthetic;stratified;stratum=bag_choice_multiplicity;family=bag_choice_multiplicity;difficulty=medium;domain=12;variant=0;seed=20260811;operatorcount=1;constraintcount=1;depth=1;bag;choose;count,problems/benchmarks/synthetic/manifest.json
synthetic,syn-bag_choice_multiplicity-medium-04,wfomc,solved,21,21,0.417165,,,synthetic;stratified;stratum=bag_choice_multiplicity;family=bag_choice_multiplicity;difficulty=medium;domain=12;variant=4;seed=20260811;operatorcount=1;constraintcount=1;depth=1;bag;choose;count,problems/benchmarks/synthetic/manifest.json
synthetic,syn-set_tuple_position_count-medium-00,wfomc,solved,54,54,1.293283,,,synthetic;stratified;stratum=set_tuple_position_count;family=set_tuple_position_count;difficulty=medium;domain=12;variant=0;seed=20260811;operatorcount=1;constraintcount=2;depth=1;set;tuple;position;count,problems/benchmarks/synthetic/manifest.json
synthetic,syn-set_tuple_position_count-medium-04,wfomc,solved,864,864,1.296430,,,synthetic;stratified;stratum=set_tuple_position_count;family=set_tuple_position_count;difficulty=medium;domain=12;variant=4;seed=20260811;operatorcount=1;constraintcount=2;depth=1;set;tuple;position;count,problems/benchmarks/synthetic/manifest.json
synthetic,syn-bag_tuple_multiplicity-medium-00,wfomc,solved,83160,83160,1.245183,,,synthetic;stratified;stratum=bag_tuple_multiplicity;family=bag_tuple_multiplicity;difficulty=medium;domain=12;variant=0;seed=20260811;operatorcount=2;constraintcount=1;depth=1;bag;tuple;set;choose;membership;decomposition,problems/benchmarks/synthetic/manifest.json
synthetic,syn-bag_tuple_multiplicity-medium-04,wfomc,solved,11880,11880,3.738983,,,synthetic;stratified;stratum=bag_tuple_multiplicity;family=bag_tuple_multiplicity;difficulty=medium;domain=12;variant=4;seed=20260811;operatorcount=2;constraintcount=1;depth=1;bag;tuple;set;choose;membership;decomposition,problems/benchmarks/synthetic/manifest.json
synthetic,syn-set_sequence_patterns-medium-00,wfomc,solved,9979200,9979200,0.708696,,,synthetic;stratified;stratum=set_sequence_patterns;family=set_sequence_patterns;difficulty=medium;domain=12;variant=0;seed=20260811;operatorcount=1;constraintcount=4;depth=1;set;sequence;adjacency;order,problems/benchmarks/synthetic/manifest.json
synthetic,syn-set_sequence_patterns-medium-04,wfomc,solved,39916800,39916800,0.456032,,,synthetic;stratified;stratum=set_sequence_patterns;family=set_sequence_patterns;difficulty=medium;domain=12;variant=4;seed=20260811;operatorcount=1;constraintcount=2;depth=1;set;sequence;adjacency;order,problems/benchmarks/synthetic/manifest.json
synthetic,syn-bag_sequence_adjacency-medium-00,wfomc,solved,18480,18480,1.186618,,,synthetic;stratified;stratum=bag_sequence_adjacency;family=bag_sequence_adjacency;difficulty=medium;domain=12;variant=0;seed=20260811;operatorcount=1;constraintcount=1;depth=1;bag;sequence;adjacency,problems/benchmarks/synthetic/manifest.json
synthetic,syn-bag_sequence_adjacency-medium-04,wfomc,solved,7920,7920,1.172174,,,synthetic;stratified;stratum=bag_sequence_adjacency;family=bag_sequence_adjacency;difficulty=medium;domain=12;variant=4;seed=20260811;operatorcount=1;constraintcount=1;depth=1;bag;sequence;adjacency,problems/benchmarks/synthetic/manifest.json
synthetic,syn-set_partition_min_size-medium-00,wfomc,solved,462,462,0.704038,,,synthetic;stratified;stratum=set_partition_min_size;family=set_partition_min_size;difficulty=medium;domain=12;variant=0;seed=20260811;operatorcount=1;constraintcount=1;depth=1;set;partition;size,problems/benchmarks/synthetic/manifest.json
synthetic,syn-set_partition_min_size-medium-04,wfomc,solved,611501,611501,0.865077,,,synthetic;stratified;stratum=set_partition_min_size;family=set_partition_min_size;difficulty=medium;domain=12;variant=4;seed=20260811;operatorcount=1;constraintcount=1;depth=1;set;partition;size,problems/benchmarks/synthetic/manifest.json
synthetic,syn-set_composition_sizes-medium-00,wfomc,solved,495,495,0.759211,,,synthetic;stratified;stratum=set_composition_sizes;family=set_composition_sizes;difficulty=medium;domain=12;variant=0;seed=20260811;operatorcount=1;constraintcount=2;depth=1;set;composition;size,problems/benchmarks/synthetic/manifest.json
synthetic,syn-set_composition_sizes-medium-04,wfomc,solved,660,660,0.846187,,,synthetic;stratified;stratum=set_composition_sizes;family=set_composition_sizes;difficulty=medium;domain=12;variant=4;seed=20260811;operatorcount=1;constraintcount=3;depth=1;set;composition;size,problems/benchmarks/synthetic/manifest.json
synthetic,syn-dependent_choice_disjoint-medium-00,wfomc,solved,15840,15840,0.448750,,,synthetic;stratified;stratum=dependent_choice_disjoint;family=dependent_choice_disjoint;difficulty=medium;domain=12;variant=0;seed=20260811;operatorcount=3;constraintcount=1;depth=2;set;choose;disjoint;dependent_configuration;outside_cola_fragment,problems/benchmarks/synthetic/manifest.json
synthetic,syn-dependent_choice_disjoint-medium-04,wfomc,solved,33264,33264,0.449739,,,synthetic;stratified;stratum=dependent_choice_disjoint;family=dependent_choice_disjoint;difficulty=medium;domain=12;variant=4;seed=20260811;operatorcount=3;constraintcount=1;depth=2;set;choose;disjoint;dependent_configuration;outside_cola_fragment,problems/benchmarks/synthetic/manifest.json
synthetic,syn-dependent_tuple_position_count-medium-00,wfomc,solved,432,432,1.110667,,,synthetic;stratified;stratum=dependent_tuple_position_count;family=dependent_tuple_position_count;difficulty=medium;domain=12;variant=0;seed=20260811;operatorcount=2;constraintcount=2;depth=2;set;choose;tuple;position;count;dependent_configuration;outside_cola_fragment,problems/benchmarks/synthetic/manifest.json
synthetic,syn-dependent_tuple_position_count-medium-04,wfomc,solved,450,450,1.104915,,,synthetic;stratified;stratum=dependent_tuple_position_count;family=dependent_tuple_position_count;difficulty=medium;domain=12;variant=4;seed=20260811;operatorcount=2;constraintcount=2;depth=2;set;choose;tuple;position;count;dependent_configuration;outside_cola_fragment,problems/benchmarks/synthetic/manifest.json
synthetic,syn-dependent_sequence_patterns-medium-00,wfomc,solved,37800,37800,0.997710,,,synthetic;stratified;stratum=dependent_sequence_patterns;family=dependent_sequence_patterns;difficulty=medium;domain=12;variant=0;seed=20260811;operatorcount=2;constraintcount=9;depth=2;set;choose;sequence;adjacency;order;dependent_configuration;outside_cola_fragment,problems/benchmarks/synthetic/manifest.json
synthetic,syn-dependent_sequence_patterns-medium-04,wfomc,solved,10160640,10160640,0.905056,,,synthetic;stratified;stratum=dependent_sequence_patterns;family=dependent_sequence_patterns;difficulty=medium;domain=12;variant=4;seed=20260811;operatorcount=2;constraintcount=6;depth=2;set;choose;sequence;adjacency;order;dependent_configuration;outside_cola_fragment,problems/benchmarks/synthetic/manifest.json
synthetic,syn-dependent_partition_min_size-medium-00,wfomc,solved,478170,478170,0.836800,,,synthetic;stratified;stratum=dependent_partition_min_size;family=dependent_partition_min_size;difficulty=medium;domain=12;variant=0;seed=20260811;operatorcount=2;constraintcount=1;depth=2;set;choose;partition;size;dependent_configuration;outside_cola_fragment,problems/benchmarks/synthetic/manifest.json
synthetic,syn-dependent_partition_min_size-medium-04,wfomc,solved,238392,238392,0.836183,,,synthetic;stratified;stratum=dependent_partition_min_size;family=dependent_partition_min_size;difficulty=medium;domain=12;variant=4;seed=20260811;operatorcount=2;constraintcount=1;depth=2;set;choose;partition;size;dependent_configuration;outside_cola_fragment,problems/benchmarks/synthetic/manifest.json
synthetic,syn-dependent_composition_sizes-medium-00,wfomc,solved,332640,332640,1.016123,,,synthetic;stratified;stratum=dependent_composition_sizes;family=dependent_composition_sizes;difficulty=medium;domain=12;variant=0;seed=20260811;operatorcount=2;constraintcount=4;depth=2;set;choose;composition;size;dependent_configuration;outside_cola_fragment,problems/benchmarks/synthetic/manifest.json
synthetic,syn-dependent_composition_sizes-medium-04,wfomc,solved,660,660,0.807926,,,synthetic;stratified;stratum=dependent_composition_sizes;family=dependent_composition_sizes;difficulty=medium;domain=12;variant=4;seed=20260811;operatorcount=2;constraintcount=2;depth=2;set;choose;composition;size;dependent_configuration;outside_cola_fragment,problems/benchmarks/synthetic/manifest.json
synthetic,syn-dependent_bag_tuple-medium-00,wfomc,solved,29700,29700,1.251291,,,synthetic;stratified;stratum=dependent_bag_tuple;family=dependent_bag_tuple;difficulty=medium;domain=12;variant=0;seed=20260811;operatorcount=3;constraintcount=1;depth=2;bag;choose;tuple;set;membership;decomposition;dependent_configuration;outside_cola_fragment,problems/benchmarks/synthetic/manifest.json
synthetic,syn-dependent_bag_tuple-medium-04,wfomc,solved,2772,2772,0.887581,,,synthetic;stratified;stratum=dependent_bag_tuple;family=dependent_bag_tuple;difficulty=medium;domain=12;variant=4;seed=20260811;operatorcount=3;constraintcount=1;depth=2;bag;choose;tuple;set;membership;decomposition;dependent_configuration;outside_cola_fragment,problems/benchmarks/synthetic/manifest.json
synthetic,syn-nested_choice_chain-medium-00,wfomc,solved,11880,11880,0.430537,,,synthetic;stratified;stratum=nested_choice_chain;family=nested_choice_chain;difficulty=medium;domain=12;variant=0;seed=20260811;operatorcount=3;constraintcount=1;depth=3;set;choose;membership;dependent_configuration;outside_cola_fragment,problems/benchmarks/synthetic/manifest.json
synthetic,syn-nested_choice_chain-medium-04,wfomc,solved,1980,1980,0.430878,,,synthetic;stratified;stratum=nested_choice_chain;family=nested_choice_chain;difficulty=medium;domain=12;variant=4;seed=20260811;operatorcount=3;constraintcount=1;depth=3;set;choose;membership;dependent_configuration;outside_cola_fragment,problems/benchmarks/synthetic/manifest.json
synthetic,syn-dependent_selected_subsets-medium-00,wfomc,solved,33264,33264,0.454491,,,synthetic;stratified;stratum=dependent_selected_subsets;family=dependent_selected_subsets;difficulty=medium;domain=12;variant=0;seed=20260811;operatorcount=3;constraintcount=1;depth=2;set;choose;disjoint;dependent_configuration;outside_cola_fragment,problems/benchmarks/synthetic/manifest.json
synthetic,syn-dependent_selected_subsets-medium-04,wfomc,solved,23760,23760,0.454540,,,synthetic;stratified;stratum=dependent_selected_subsets;family=dependent_selected_subsets;difficulty=medium;domain=12;variant=4;seed=20260811;operatorcount=3;constraintcount=1;depth=2;set;choose;disjoint;dependent_configuration;outside_cola_fragment,problems/benchmarks/synthetic/manifest.json
synthetic,syn-set_choice_intersection-large-00,wfomc,solved,756,756,0.770895,,,synthetic;stratified;stratum=set_choice_intersection;family=set_choice_intersection;difficulty=large;domain=16;variant=0;seed=20260811;operatorcount=1;constraintcount=1;depth=1;set;choose;intersection;size,problems/benchmarks/synthetic/manifest.json
synthetic,syn-set_choice_intersection-large-04,wfomc,solved,224,224,0.755763,,,synthetic;stratified;stratum=set_choice_intersection;family=set_choice_intersection;difficulty=large;domain=16;variant=4;seed=20260811;operatorcount=1;constraintcount=1;depth=1;set;choose;intersection;size,problems/benchmarks/synthetic/manifest.json
synthetic,syn-bag_choice_multiplicity-large-00,wfomc,solved,3432,3432,0.418873,,,synthetic;stratified;stratum=bag_choice_multiplicity;family=bag_choice_multiplicity;difficulty=large;domain=16;variant=0;seed=20260811;operatorcount=1;constraintcount=1;depth=1;bag;choose;count,problems/benchmarks/synthetic/manifest.json
synthetic,syn-bag_choice_multiplicity-large-04,wfomc,solved,12,12,0.420133,,,synthetic;stratified;stratum=bag_choice_multiplicity;family=bag_choice_multiplicity;difficulty=large;domain=16;variant=4;seed=20260811;operatorcount=1;constraintcount=1;depth=1;bag;choose;count,problems/benchmarks/synthetic/manifest.json
synthetic,syn-set_tuple_position_count-large-00,wfomc,solved,12700800,12700800,1.405433,,,synthetic;stratified;stratum=set_tuple_position_count;family=set_tuple_position_count;difficulty=large;domain=16;variant=0;seed=20260811;operatorcount=1;constraintcount=2;depth=1;set;tuple;position;count,problems/benchmarks/synthetic/manifest.json
synthetic,syn-set_tuple_position_count-large-04,wfomc,solved,144000,144000,1.359787,,,synthetic;stratified;stratum=set_tuple_position_count;family=set_tuple_position_count;difficulty=large;domain=16;variant=4;seed=20260811;operatorcount=1;constraintcount=2;depth=1;set;tuple;position;count,problems/benchmarks/synthetic/manifest.json
synthetic,syn-bag_tuple_multiplicity-large-00,wfomc,solved,3600,3600,0.895585,,,synthetic;stratified;stratum=bag_tuple_multiplicity;family=bag_tuple_multiplicity;difficulty=large;domain=16;variant=0;seed=20260811;operatorcount=2;constraintcount=1;depth=1;bag;tuple;set;choose;membership;decomposition,problems/benchmarks/synthetic/manifest.json
synthetic,syn-bag_tuple_multiplicity-large-04,wfomc,solved,10090080,10090080,1.234370,,,synthetic;stratified;stratum=bag_tuple_multiplicity;family=bag_tuple_multiplicity;difficulty=large;domain=16;variant=4;seed=20260811;operatorcount=2;constraintcount=1;depth=1;bag;tuple;set;choose;membership;decomposition,problems/benchmarks/synthetic/manifest.json
synthetic,syn-set_sequence_patterns-large-00,wfomc,solved,326918592000,326918592000,0.816270,,,synthetic;stratified;stratum=set_sequence_patterns;family=set_sequence_patterns;difficulty=large;domain=16;variant=0;seed=20260811;operatorcount=1;constraintcount=4;depth=1;set;sequence;adjacency;order,problems/benchmarks/synthetic/manifest.json
synthetic,syn-set_sequence_patterns-large-04,wfomc,solved,653837184000,653837184000,0.558827,,,synthetic;stratified;stratum=set_sequence_patterns;family=set_sequence_patterns;difficulty=large;domain=16;variant=4;seed=20260811;operatorcount=1;constraintcount=3;depth=1;set;sequence;adjacency;order,problems/benchmarks/synthetic/manifest.json
synthetic,syn-bag_sequence_adjacency-large-00,wfomc,solved,180180,180180,3.582897,,,synthetic;stratified;stratum=bag_sequence_adjacency;family=bag_sequence_adjacency;difficulty=large;domain=16;variant=0;seed=20260811;operatorcount=1;constraintcount=1;depth=1;bag;sequence;adjacency,problems/benchmarks/synthetic/manifest.json
synthetic,syn-bag_sequence_adjacency-large-04,wfomc,solved,540540,540540,3.562729,,,synthetic;stratified;stratum=bag_sequence_adjacency;family=bag_sequence_adjacency;difficulty=large;domain=16;variant=4;seed=20260811;operatorcount=1;constraintcount=1;depth=1;bag;sequence;adjacency,problems/benchmarks/synthetic/manifest.json
synthetic,syn-set_partition_min_size-large-00,wfomc,solved,57962905,57962905,0.868831,,,synthetic;stratified;stratum=set_partition_min_size;family=set_partition_min_size;difficulty=large;domain=16;variant=0;seed=20260811;operatorcount=1;constraintcount=1;depth=1;set;partition;size,problems/benchmarks/synthetic/manifest.json
synthetic,syn-set_partition_min_size-large-04,wfomc,solved,25883,25883,0.713581,,,synthetic;stratified;stratum=set_partition_min_size;family=set_partition_min_size;difficulty=large;domain=16;variant=4;seed=20260811;operatorcount=1;constraintcount=1;depth=1;set;partition;size,problems/benchmarks/synthetic/manifest.json
synthetic,syn-set_composition_sizes-large-00,wfomc,solved,43243200,43243200,1.167191,,,synthetic;stratified;stratum=set_composition_sizes;family=set_composition_sizes;difficulty=large;domain=16;variant=0;seed=20260811;operatorcount=1;constraintcount=5;depth=1;set;composition;size,problems/benchmarks/synthetic/manifest.json
synthetic,syn-set_composition_sizes-large-04,wfomc,solved,11440,11440,0.777283,,,synthetic;stratified;stratum=set_composition_sizes;family=set_composition_sizes;difficulty=large;domain=16;variant=4;seed=20260811;operatorcount=1;constraintcount=2;depth=1;set;composition;size,problems/benchmarks/synthetic/manifest.json
synthetic,syn-dependent_choice_disjoint-large-00,wfomc,solved,2882880,2882880,0.459736,,,synthetic;stratified;stratum=dependent_choice_disjoint;family=dependent_choice_disjoint;difficulty=large;domain=16;variant=0;seed=20260811;operatorcount=3;constraintcount=1;depth=2;set;choose;disjoint;dependent_configuration;outside_cola_fragment,problems/benchmarks/synthetic/manifest.json
synthetic,syn-dependent_choice_disjoint-large-04,wfomc,solved,2162160,2162160,0.459625,,,synthetic;stratified;stratum=dependent_choice_disjoint;family=dependent_choice_disjoint;difficulty=large;domain=16;variant=4;seed=20260811;operatorcount=3;constraintcount=1;depth=2;set;choose;disjoint;dependent_configuration;outside_cola_fragment,problems/benchmarks/synthetic/manifest.json
synthetic,syn-dependent_tuple_position_count-large-00,wfomc,solved,1209600,1209600,1.158064,,,synthetic;stratified;stratum=dependent_tuple_position_count;family=dependent_tuple_position_count;difficulty=large;domain=16;variant=0;seed=20260811;operatorcount=2;constraintcount=2;depth=2;set;choose;tuple;position;count;dependent_configuration;outside_cola_fragment,problems/benchmarks/synthetic/manifest.json
synthetic,syn-dependent_tuple_position_count-large-04,wfomc,solved,514800,514800,1.145961,,,synthetic;stratified;stratum=dependent_tuple_position_count;family=dependent_tuple_position_count;difficulty=large;domain=16;variant=4;seed=20260811;operatorcount=2;constraintcount=2;depth=2;set;choose;tuple;position;count;dependent_configuration;outside_cola_fragment,problems/benchmarks/synthetic/manifest.json
synthetic,syn-dependent_sequence_patterns-large-00,wfomc,solved,113400,113400,1.044827,,,synthetic;stratified;stratum=dependent_sequence_patterns;family=dependent_sequence_patterns;difficulty=large;domain=16;variant=0;seed=20260811;operatorcount=2;constraintcount=9;depth=2;set;choose;sequence;adjacency;order;dependent_configuration;outside_cola_fragment,problems/benchmarks/synthetic/manifest.json
synthetic,syn-dependent_sequence_patterns-large-04,wfomc,solved,113400,113400,1.042884,,,synthetic;stratified;stratum=dependent_sequence_patterns;family=dependent_sequence_patterns;difficulty=large;domain=16;variant=4;seed=20260811;operatorcount=2;constraintcount=9;depth=2;set;choose;sequence;adjacency;order;dependent_configuration;outside_cola_fragment,problems/benchmarks/synthetic/manifest.json
synthetic,syn-dependent_partition_min_size-large-00,wfomc,solved,1441440,1441440,0.770436,,,synthetic;stratified;stratum=dependent_partition_min_size;family=dependent_partition_min_size;difficulty=large;domain=16;variant=0;seed=20260811;operatorcount=2;constraintcount=1;depth=2;set;choose;partition;size;dependent_configuration;outside_cola_fragment,problems/benchmarks/synthetic/manifest.json
synthetic,syn-dependent_partition_min_size-large-04,wfomc,solved,3443440,3443440,0.839477,,,synthetic;stratified;stratum=dependent_partition_min_size;family=dependent_partition_min_size;difficulty=large;domain=16;variant=4;seed=20260811;operatorcount=2;constraintcount=1;depth=2;set;choose;partition;size;dependent_configuration;outside_cola_fragment,problems/benchmarks/synthetic/manifest.json
synthetic,syn-dependent_composition_sizes-large-00,wfomc,solved,17297280,17297280,1.033572,,,synthetic;stratified;stratum=dependent_composition_sizes;family=dependent_composition_sizes;difficulty=large;domain=16;variant=0;seed=20260811;operatorcount=2;constraintcount=4;depth=2;set;choose;composition;size;dependent_configuration;outside_cola_fragment,problems/benchmarks/synthetic/manifest.json
synthetic,syn-dependent_composition_sizes-large-04,wfomc,solved,5765760,5765760,0.900695,,,synthetic;stratified;stratum=dependent_composition_sizes;family=dependent_composition_sizes;difficulty=large;domain=16;variant=4;seed=20260811;operatorcount=2;constraintcount=3;depth=2;set;choose;composition;size;dependent_configuration;outside_cola_fragment,problems/benchmarks/synthetic/manifest.json
synthetic,syn-dependent_bag_tuple-large-00,wfomc,solved,655200,655200,1.230189,,,synthetic;stratified;stratum=dependent_bag_tuple;family=dependent_bag_tuple;difficulty=large;domain=16;variant=0;seed=20260811;operatorcount=3;constraintcount=1;depth=2;bag;choose;tuple;set;membership;decomposition;dependent_configuration;outside_cola_fragment,problems/benchmarks/synthetic/manifest.json
synthetic,syn-dependent_bag_tuple-large-04,wfomc,solved,514800,514800,6.613589,,,synthetic;stratified;stratum=dependent_bag_tuple;family=dependent_bag_tuple;difficulty=large;domain=16;variant=4;seed=20260811;operatorcount=3;constraintcount=1;depth=2;bag;choose;tuple;set;membership;decomposition;dependent_configuration;outside_cola_fragment,problems/benchmarks/synthetic/manifest.json
synthetic,syn-nested_choice_chain-large-00,wfomc,solved,5460,5460,0.419650,,,synthetic;stratified;stratum=nested_choice_chain;family=nested_choice_chain;difficulty=large;domain=16;variant=0;seed=20260811;operatorcount=3;constraintcount=1;depth=3;set;choose;membership;dependent_configuration;outside_cola_fragment,problems/benchmarks/synthetic/manifest.json
synthetic,syn-nested_choice_chain-large-04,wfomc,solved,40950,40950,0.410958,,,synthetic;stratified;stratum=nested_choice_chain;family=nested_choice_chain;difficulty=large;domain=16;variant=4;seed=20260811;operatorcount=3;constraintcount=1;depth=3;set;choose;membership;dependent_configuration;outside_cola_fragment,problems/benchmarks/synthetic/manifest.json
synthetic,syn-dependent_selected_subsets-large-00,wfomc,solved,2882880,2882880,0.446690,,,synthetic;stratified;stratum=dependent_selected_subsets;family=dependent_selected_subsets;difficulty=large;domain=16;variant=0;seed=20260811;operatorcount=3;constraintcount=1;depth=2;set;choose;disjoint;dependent_configuration;outside_cola_fragment,problems/benchmarks/synthetic/manifest.json
synthetic,syn-dependent_selected_subsets-large-04,wfomc,solved,1601600,1601600,0.440161,,,synthetic;stratified;stratum=dependent_selected_subsets;family=dependent_selected_subsets;difficulty=large;domain=16;variant=4;seed=20260811;operatorcount=3;constraintcount=1;depth=2;set;choose;disjoint;dependent_configuration;outside_cola_fragment,problems/benchmarks/synthetic/manifest.json
synthetic,syn-set_choice_intersection-small-01,wfomc,solved,24,24,1.081487,,,synthetic;stratified;stratum=set_choice_intersection;family=set_choice_intersection;difficulty=small;domain=8;variant=1;seed=20260811;operatorcount=1;constraintcount=1;depth=1;set;choose;intersection;size,problems/benchmarks/synthetic/manifest.json
synthetic,syn-set_choice_intersection-small-05,wfomc,solved,3,3,1.081910,,,synthetic;stratified;stratum=set_choice_intersection;family=set_choice_intersection;difficulty=small;domain=8;variant=5;seed=20260811;operatorcount=1;constraintcount=1;depth=1;set;choose;intersection;size,problems/benchmarks/synthetic/manifest.json
synthetic,syn-bag_choice_multiplicity-small-01,wfomc,solved,4,4,0.651096,,,synthetic;stratified;stratum=bag_choice_multiplicity;family=bag_choice_multiplicity;difficulty=small;domain=8;variant=1;seed=20260811;operatorcount=1;constraintcount=1;depth=1;bag;choose;count,problems/benchmarks/synthetic/manifest.json
synthetic,syn-bag_choice_multiplicity-small-05,wfomc,solved,3,3,0.662990,,,synthetic;stratified;stratum=bag_choice_multiplicity;family=bag_choice_multiplicity;difficulty=small;domain=8;variant=5;seed=20260811;operatorcount=1;constraintcount=1;depth=1;bag;choose;count,problems/benchmarks/synthetic/manifest.json
synthetic,syn-set_tuple_position_count-small-01,wfomc,solved,1200,1200,1.731498,,,synthetic;stratified;stratum=set_tuple_position_count;family=set_tuple_position_count;difficulty=small;domain=8;variant=1;seed=20260811;operatorcount=1;constraintcount=2;depth=1;set;tuple;position;count,problems/benchmarks/synthetic/manifest.json
synthetic,syn-set_tuple_position_count-small-05,wfomc,solved,2160,2160,1.923992,,,synthetic;stratified;stratum=set_tuple_position_count;family=set_tuple_position_count;difficulty=small;domain=8;variant=5;seed=20260811;operatorcount=1;constraintcount=2;depth=1;set;tuple;position;count,problems/benchmarks/synthetic/manifest.json
synthetic,syn-bag_tuple_multiplicity-small-01,wfomc,solved,1176,1176,3.084231,,,synthetic;stratified;stratum=bag_tuple_multiplicity;family=bag_tuple_multiplicity;difficulty=small;domain=8;variant=1;seed=20260811;operatorcount=2;constraintcount=1;depth=1;bag;tuple;set;choose;membership;decomposition,problems/benchmarks/synthetic/manifest.json
synthetic,syn-bag_tuple_multiplicity-small-05,wfomc,solved,6300,6300,1.901323,,,synthetic;stratified;stratum=bag_tuple_multiplicity;family=bag_tuple_multiplicity;difficulty=small;domain=8;variant=5;seed=20260811;operatorcount=2;constraintcount=1;depth=1;bag;tuple;set;choose;membership;decomposition,problems/benchmarks/synthetic/manifest.json
synthetic,syn-set_sequence_patterns-small-01,wfomc,solved,1260,1260,0.704376,,,synthetic;stratified;stratum=set_sequence_patterns;family=set_sequence_patterns;difficulty=small;domain=8;variant=1;seed=20260811;operatorcount=1;constraintcount=4;depth=1;set;sequence;adjacency;order,problems/benchmarks/synthetic/manifest.json
synthetic,syn-set_sequence_patterns-small-05,wfomc,solved,2520,2520,0.625380,,,synthetic;stratified;stratum=set_sequence_patterns;family=set_sequence_patterns;difficulty=small;domain=8;variant=5;seed=20260811;operatorcount=1;constraintcount=3;depth=1;set;sequence;adjacency;order,problems/benchmarks/synthetic/manifest.json
synthetic,syn-bag_sequence_adjacency-small-01,wfomc,solved,840,840,0.674857,,,synthetic;stratified;stratum=bag_sequence_adjacency;family=bag_sequence_adjacency;difficulty=small;domain=8;variant=1;seed=20260811;operatorcount=1;constraintcount=1;depth=1;bag;sequence;adjacency,problems/benchmarks/synthetic/manifest.json
synthetic,syn-bag_sequence_adjacency-small-05,wfomc,solved,840,840,0.675028,,,synthetic;stratified;stratum=bag_sequence_adjacency;family=bag_sequence_adjacency;difficulty=small;domain=8;variant=5;seed=20260811;operatorcount=1;constraintcount=1;depth=1;bag;sequence;adjacency,problems/benchmarks/synthetic/manifest.json
synthetic,syn-set_partition_min_size-small-01,wfomc,solved,1701,1701,1.037536,,,synthetic;stratified;stratum=set_partition_min_size;family=set_partition_min_size;difficulty=small;domain=8;variant=1;seed=20260811;operatorcount=1;constraintcount=1;depth=1;set;partition;size,problems/benchmarks/synthetic/manifest.json
synthetic,syn-set_partition_min_size-small-05,wfomc,solved,490,490,0.937176,,,synthetic;stratified;stratum=set_partition_min_size;family=set_partition_min_size;difficulty=small;domain=8;variant=5;seed=20260811;operatorcount=1;constraintcount=1;depth=1;set;partition;size,problems/benchmarks/synthetic/manifest.json
synthetic,syn-set_composition_sizes-small-01,wfomc,solved,8,8,0.934724,,,synthetic;stratified;stratum=set_composition_sizes;family=set_composition_sizes;difficulty=small;domain=8;variant=1;seed=20260811;operatorcount=1;constraintcount=2;depth=1;set;composition;size,problems/benchmarks/synthetic/manifest.json
synthetic,syn-set_composition_sizes-small-05,wfomc,solved,1680,1680,1.178463,,,synthetic;stratified;stratum=set_composition_sizes;family=set_composition_sizes;difficulty=small;domain=8;variant=5;seed=20260811;operatorcount=1;constraintcount=4;depth=1;set;composition;size,problems/benchmarks/synthetic/manifest.json
synthetic,syn-dependent_choice_disjoint-small-01,wfomc,solved,840,840,0.552478,,,synthetic;stratified;stratum=dependent_choice_disjoint;family=dependent_choice_disjoint;difficulty=small;domain=8;variant=1;seed=20260811;operatorcount=3;constraintcount=1;depth=2;set;choose;disjoint;dependent_configuration;outside_cola_fragment,problems/benchmarks/synthetic/manifest.json
synthetic,syn-dependent_choice_disjoint-small-05,wfomc,solved,840,840,0.544739,,,synthetic;stratified;stratum=dependent_choice_disjoint;family=dependent_choice_disjoint;difficulty=small;domain=8;variant=5;seed=20260811;operatorcount=3;constraintcount=1;depth=2;set;choose;disjoint;dependent_configuration;outside_cola_fragment,problems/benchmarks/synthetic/manifest.json
synthetic,syn-dependent_tuple_position_count-small-01,wfomc,solved,1200,1200,1.316566,,,synthetic;stratified;stratum=dependent_tuple_position_count;family=dependent_tuple_position_count;difficulty=small;domain=8;variant=1;seed=20260811;operatorcount=2;constraintcount=2;depth=2;set;choose;tuple;position;count;dependent_configuration;outside_cola_fragment,problems/benchmarks/synthetic/manifest.json
synthetic,syn-dependent_tuple_position_count-small-05,wfomc,solved,240,240,1.313616,,,synthetic;stratified;stratum=dependent_tuple_position_count;family=dependent_tuple_position_count;difficulty=small;domain=8;variant=5;seed=20260811;operatorcount=2;constraintcount=2;depth=2;set;choose;tuple;position;count;dependent_configuration;outside_cola_fragment,problems/benchmarks/synthetic/manifest.json
synthetic,syn-dependent_sequence_patterns-small-01,wfomc,solved,2880,2880,1.080143,,,synthetic;stratified;stratum=dependent_sequence_patterns;family=dependent_sequence_patterns;difficulty=small;domain=8;variant=1;seed=20260811;operatorcount=2;constraintcount=6;depth=2;set;choose;sequence;adjacency;order;dependent_configuration;outside_cola_fragment,problems/benchmarks/synthetic/manifest.json
synthetic,syn-dependent_sequence_patterns-small-05,wfomc,solved,2880,2880,1.078007,,,synthetic;stratified;stratum=dependent_sequence_patterns;family=dependent_sequence_patterns;difficulty=small;domain=8;variant=5;seed=20260811;operatorcount=2;constraintcount=6;depth=2;set;choose;sequence;adjacency;order;dependent_configuration;outside_cola_fragment,problems/benchmarks/synthetic/manifest.json
synthetic,syn-dependent_partition_min_size-small-01,wfomc,solved,840,840,0.919247,,,synthetic;stratified;stratum=dependent_partition_min_size;family=dependent_partition_min_size;difficulty=small;domain=8;variant=1;seed=20260811;operatorcount=2;constraintcount=1;depth=2;set;choose;partition;size;dependent_configuration;outside_cola_fragment,problems/benchmarks/synthetic/manifest.json
synthetic,syn-dependent_partition_min_size-small-05,wfomc,solved,868,868,0.918622,,,synthetic;stratified;stratum=dependent_partition_min_size;family=dependent_partition_min_size;difficulty=small;domain=8;variant=5;seed=20260811;operatorcount=2;constraintcount=1;depth=2;set;choose;partition;size;dependent_configuration;outside_cola_fragment,problems/benchmarks/synthetic/manifest.json
synthetic,syn-dependent_composition_sizes-small-01,wfomc,solved,1680,1680,1.063916,,,synthetic;stratified;stratum=dependent_composition_sizes;family=dependent_composition_sizes;difficulty=small;domain=8;variant=1;seed=20260811;operatorcount=2;constraintcount=3;depth=2;set;choose;composition;size;dependent_configuration;outside_cola_fragment,problems/benchmarks/synthetic/manifest.json
synthetic,syn-dependent_composition_sizes-small-05,wfomc,solved,420,420,0.964344,,,synthetic;stratified;stratum=dependent_composition_sizes;family=dependent_composition_sizes;difficulty=small;domain=8;variant=5;seed=20260811;operatorcount=2;constraintcount=2;depth=2;set;choose;composition;size;dependent_configuration;outside_cola_fragment,problems/benchmarks/synthetic/manifest.json
synthetic,syn-dependent_bag_tuple-small-01,wfomc,solved,3360,3360,1.505001,,,synthetic;stratified;stratum=dependent_bag_tuple;family=dependent_bag_tuple;difficulty=small;domain=8;variant=1;seed=20260811;operatorcount=3;constraintcount=1;depth=2;bag;choose;tuple;set;membership;decomposition;dependent_configuration;outside_cola_fragment,problems/benchmarks/synthetic/manifest.json
synthetic,syn-dependent_bag_tuple-small-05,wfomc,solved,2240,2240,1.504024,,,synthetic;stratified;stratum=dependent_bag_tuple;family=dependent_bag_tuple;difficulty=small;domain=8;variant=5;seed=20260811;operatorcount=3;constraintcount=1;depth=2;bag;choose;tuple;set;membership;decomposition;dependent_configuration;outside_cola_fragment,problems/benchmarks/synthetic/manifest.json
synthetic,syn-nested_choice_chain-small-01,wfomc,solved,630,630,0.514091,,,synthetic;stratified;stratum=nested_choice_chain;family=nested_choice_chain;difficulty=small;domain=8;variant=1;seed=20260811;operatorcount=3;constraintcount=1;depth=3;set;choose;membership;dependent_configuration;outside_cola_fragment,problems/benchmarks/synthetic/manifest.json
synthetic,syn-nested_choice_chain-small-05,wfomc,solved,735,735,0.509903,,,synthetic;stratified;stratum=nested_choice_chain;family=nested_choice_chain;difficulty=small;domain=8;variant=5;seed=20260811;operatorcount=3;constraintcount=1;depth=3;set;choose;membership;dependent_configuration;outside_cola_fragment,problems/benchmarks/synthetic/manifest.json
synthetic,syn-dependent_selected_subsets-small-01,wfomc,solved,1680,1680,0.544018,,,synthetic;stratified;stratum=dependent_selected_subsets;family=dependent_selected_subsets;difficulty=small;domain=8;variant=1;seed=20260811;operatorcount=3;constraintcount=1;depth=2;set;choose;disjoint;dependent_configuration;outside_cola_fragment,problems/benchmarks/synthetic/manifest.json
synthetic,syn-dependent_selected_subsets-small-05,wfomc,solved,840,840,0.546972,,,synthetic;stratified;stratum=dependent_selected_subsets;family=dependent_selected_subsets;difficulty=small;domain=8;variant=5;seed=20260811;operatorcount=3;constraintcount=1;depth=2;set;choose;disjoint;dependent_configuration;outside_cola_fragment,problems/benchmarks/synthetic/manifest.json
synthetic,syn-set_choice_intersection-medium-01,wfomc,solved,15,15,0.902311,,,synthetic;stratified;stratum=set_choice_intersection;family=set_choice_intersection;difficulty=medium;domain=12;variant=1;seed=20260811;operatorcount=1;constraintcount=1;depth=1;set;choose;intersection;size,problems/benchmarks/synthetic/manifest.json
synthetic,syn-set_choice_intersection-medium-05,wfomc,solved,8,8,0.899223,,,synthetic;stratified;stratum=set_choice_intersection;family=set_choice_intersection;difficulty=medium;domain=12;variant=5;seed=20260811;operatorcount=1;constraintcount=1;depth=1;set;choose;intersection;size,problems/benchmarks/synthetic/manifest.json
synthetic,syn-bag_choice_multiplicity-medium-01,wfomc,solved,252,252,0.497440,,,synthetic;stratified;stratum=bag_choice_multiplicity;family=bag_choice_multiplicity;difficulty=medium;domain=12;variant=1;seed=20260811;operatorcount=1;constraintcount=1;depth=1;bag;choose;count,problems/benchmarks/synthetic/manifest.json
synthetic,syn-bag_choice_multiplicity-medium-05,wfomc,solved,56,56,0.493511,,,synthetic;stratified;stratum=bag_choice_multiplicity;family=bag_choice_multiplicity;difficulty=medium;domain=12;variant=5;seed=20260811;operatorcount=1;constraintcount=1;depth=1;bag;choose;count,problems/benchmarks/synthetic/manifest.json
synthetic,syn-set_tuple_position_count-medium-01,wfomc,solved,120960,120960,1.575220,,,synthetic;stratified;stratum=set_tuple_position_count;family=set_tuple_position_count;difficulty=medium;domain=12;variant=1;seed=20260811;operatorcount=1;constraintcount=2;depth=1;set;tuple;position;count,problems/benchmarks/synthetic/manifest.json
synthetic,syn-set_tuple_position_count-medium-05,wfomc,solved,252,252,1.566757,,,synthetic;stratified;stratum=set_tuple_position_count;family=set_tuple_position_count;difficulty=medium;domain=12;variant=5;seed=20260811;operatorcount=1;constraintcount=2;depth=1;set;tuple;position;count,problems/benchmarks/synthetic/manifest.json
synthetic,syn-bag_tuple_multiplicity-medium-01,wfomc,solved,7920,7920,4.644121,,,synthetic;stratified;stratum=bag_tuple_multiplicity;family=bag_tuple_multiplicity;difficulty=medium;domain=12;variant=1;seed=20260811;operatorcount=2;constraintcount=1;depth=1;bag;tuple;set;choose;membership;decomposition,problems/benchmarks/synthetic/manifest.json
synthetic,syn-bag_tuple_multiplicity-medium-05,wfomc,solved,5940,5940,4.595838,,,synthetic;stratified;stratum=bag_tuple_multiplicity;family=bag_tuple_multiplicity;difficulty=medium;domain=12;variant=5;seed=20260811;operatorcount=2;constraintcount=1;depth=1;bag;tuple;set;choose;membership;decomposition,problems/benchmarks/synthetic/manifest.json
synthetic,syn-set_sequence_patterns-medium-01,wfomc,solved,9979200,9979200,0.881026,,,synthetic;stratified;stratum=set_sequence_patterns;family=set_sequence_patterns;difficulty=medium;domain=12;variant=1;seed=20260811;operatorcount=1;constraintcount=4;depth=1;set;sequence;adjacency;order,problems/benchmarks/synthetic/manifest.json
synthetic,syn-set_sequence_patterns-medium-05,wfomc,solved,19958400,19958400,0.637667,,,synthetic;stratified;stratum=set_sequence_patterns;family=set_sequence_patterns;difficulty=medium;domain=12;variant=5;seed=20260811;operatorcount=1;constraintcount=3;depth=1;set;sequence;adjacency;order,problems/benchmarks/synthetic/manifest.json
synthetic,syn-bag_sequence_adjacency-medium-01,wfomc,solved,7920,7920,1.554270,,,synthetic;stratified;stratum=bag_sequence_adjacency;family=bag_sequence_adjacency;difficulty=medium;domain=12;variant=1;seed=20260811;operatorcount=1;constraintcount=1;depth=1;bag;sequence;adjacency,problems/benchmarks/synthetic/manifest.json
synthetic,syn-bag_sequence_adjacency-medium-05,wfomc,solved,7920,7920,1.565112,,,synthetic;stratified;stratum=bag_sequence_adjacency;family=bag_sequence_adjacency;difficulty=medium;domain=12;variant=5;seed=20260811;operatorcount=1;constraintcount=1;depth=1;bag;sequence;adjacency,problems/benchmarks/synthetic/manifest.json
synthetic,syn-set_partition_min_size-medium-01,wfomc,solved,15400,15400,1.032282,,,synthetic;stratified;stratum=set_partition_min_size;family=set_partition_min_size;difficulty=medium;domain=12;variant=1;seed=20260811;operatorcount=1;constraintcount=1;depth=1;set;partition;size,problems/benchmarks/synthetic/manifest.json
synthetic,syn-set_partition_min_size-medium-05,wfomc,solved,42735,42735,0.919282,,,synthetic;stratified;stratum=set_partition_min_size;family=set_partition_min_size;difficulty=medium;domain=12;variant=5;seed=20260811;operatorcount=1;constraintcount=1;depth=1;set;partition;size,problems/benchmarks/synthetic/manifest.json
synthetic,syn-set_composition_sizes-medium-01,wfomc,solved,3960,3960,1.017057,,,synthetic;stratified;stratum=set_composition_sizes;family=set_composition_sizes;difficulty=medium;domain=12;variant=1;seed=20260811;operatorcount=1;constraintcount=3;depth=1;set;composition;size,problems/benchmarks/synthetic/manifest.json
synthetic,syn-set_composition_sizes-medium-05,wfomc,solved,495,495,0.912204,,,synthetic;stratified;stratum=set_composition_sizes;family=set_composition_sizes;difficulty=medium;domain=12;variant=5;seed=20260811;operatorcount=1;constraintcount=2;depth=1;set;composition;size,problems/benchmarks/synthetic/manifest.json
synthetic,syn-dependent_choice_disjoint-medium-01,wfomc,solved,5940,5940,0.544109,,,synthetic;stratified;stratum=dependent_choice_disjoint;family=dependent_choice_disjoint;difficulty=medium;domain=12;variant=1;seed=20260811;operatorcount=3;constraintcount=1;depth=2;set;choose;disjoint;dependent_configuration;outside_cola_fragment,problems/benchmarks/synthetic/manifest.json
synthetic,syn-dependent_choice_disjoint-medium-05,wfomc,solved,33264,33264,0.545267,,,synthetic;stratified;stratum=dependent_choice_disjoint;family=dependent_choice_disjoint;difficulty=medium;domain=12;variant=5;seed=20260811;operatorcount=3;constraintcount=1;depth=2;set;choose;disjoint;dependent_configuration;outside_cola_fragment,problems/benchmarks/synthetic/manifest.json
synthetic,syn-dependent_tuple_position_count-medium-01,wfomc,solved,864,864,1.331724,,,synthetic;stratified;stratum=dependent_tuple_position_count;family=dependent_tuple_position_count;difficulty=medium;domain=12;variant=1;seed=20260811;operatorcount=2;constraintcount=2;depth=2;set;choose;tuple;position;count;dependent_configuration;outside_cola_fragment,problems/benchmarks/synthetic/manifest.json
synthetic,syn-dependent_tuple_position_count-medium-05,wfomc,solved,705600,705600,1.356352,,,synthetic;stratified;stratum=dependent_tuple_position_count;family=dependent_tuple_position_count;difficulty=medium;domain=12;variant=5;seed=20260811;operatorcount=2;constraintcount=2;depth=2;set;choose;tuple;position;count;dependent_configuration;outside_cola_fragment,problems/benchmarks/synthetic/manifest.json
synthetic,syn-dependent_sequence_patterns-medium-01,wfomc,solved,2160,2160,1.205809,,,synthetic;stratified;stratum=dependent_sequence_patterns;family=dependent_sequence_patterns;difficulty=medium;domain=12;variant=1;seed=20260811;operatorcount=2;constraintcount=9;depth=2;set;choose;sequence;adjacency;order;dependent_configuration;outside_cola_fragment,problems/benchmarks/synthetic/manifest.json
synthetic,syn-dependent_sequence_patterns-medium-05,wfomc,solved,40320,40320,1.092917,,,synthetic;stratified;stratum=dependent_sequence_patterns;family=dependent_sequence_patterns;difficulty=medium;domain=12;variant=5;seed=20260811;operatorcount=2;constraintcount=6;depth=2;set;choose;sequence;adjacency;order;dependent_configuration;outside_cola_fragment,problems/benchmarks/synthetic/manifest.json
synthetic,syn-dependent_partition_min_size-medium-01,wfomc,solved,275220,275220,1.022494,,,synthetic;stratified;stratum=dependent_partition_min_size;family=dependent_partition_min_size;difficulty=medium;domain=12;variant=1;seed=20260811;operatorcount=2;constraintcount=1;depth=2;set;choose;partition;size;dependent_configuration;outside_cola_fragment,problems/benchmarks/synthetic/manifest.json
synthetic,syn-dependent_partition_min_size-medium-05,wfomc,solved,421960,421960,1.019135,,,synthetic;stratified;stratum=dependent_partition_min_size;family=dependent_partition_min_size;difficulty=medium;domain=12;variant=5;seed=20260811;operatorcount=2;constraintcount=1;depth=2;set;choose;partition;size;dependent_configuration;outside_cola_fragment,problems/benchmarks/synthetic/manifest.json
synthetic,syn-dependent_composition_sizes-medium-01,wfomc,solved,332640,332640,1.214877,,,synthetic;stratified;stratum=dependent_composition_sizes;family=dependent_composition_sizes;difficulty=medium;domain=12;variant=1;seed=20260811;operatorcount=2;constraintcount=4;depth=2;set;choose;composition;size;dependent_configuration;outside_cola_fragment,problems/benchmarks/synthetic/manifest.json
synthetic,syn-dependent_composition_sizes-medium-05,wfomc,solved,15840,15840,1.067723,,,synthetic;stratified;stratum=dependent_composition_sizes;family=dependent_composition_sizes;difficulty=medium;domain=12;variant=5;seed=20260811;operatorcount=2;constraintcount=3;depth=2;set;choose;composition;size;dependent_configuration;outside_cola_fragment,problems/benchmarks/synthetic/manifest.json
synthetic,syn-dependent_bag_tuple-medium-01,wfomc,solved,5940,5940,4.576958,,,synthetic;stratified;stratum=dependent_bag_tuple;family=dependent_bag_tuple;difficulty=medium;domain=12;variant=1;seed=20260811;operatorcount=3;constraintcount=1;depth=2;bag;choose;tuple;set;membership;decomposition;dependent_configuration;outside_cola_fragment,problems/benchmarks/synthetic/manifest.json
synthetic,syn-dependent_bag_tuple-medium-05,wfomc,solved,118800,118800,1.512686,,,synthetic;stratified;stratum=dependent_bag_tuple;family=dependent_bag_tuple;difficulty=medium;domain=12;variant=5;seed=20260811;operatorcount=3;constraintcount=1;depth=2;bag;choose;tuple;set;membership;decomposition;dependent_configuration;outside_cola_fragment,problems/benchmarks/synthetic/manifest.json
synthetic,syn-nested_choice_chain-medium-01,wfomc,solved,1980,1980,0.516128,,,synthetic;stratified;stratum=nested_choice_chain;family=nested_choice_chain;difficulty=medium;domain=12;variant=1;seed=20260811;operatorcount=3;constraintcount=1;depth=3;set;choose;membership;dependent_configuration;outside_cola_fragment,problems/benchmarks/synthetic/manifest.json
synthetic,syn-nested_choice_chain-medium-05,wfomc,solved,83160,83160,0.520212,,,synthetic;stratified;stratum=nested_choice_chain;family=nested_choice_chain;difficulty=medium;domain=12;variant=5;seed=20260811;operatorcount=3;constraintcount=1;depth=3;set;choose;membership;dependent_configuration;outside_cola_fragment,problems/benchmarks/synthetic/manifest.json
synthetic,syn-dependent_selected_subsets-medium-01,wfomc,solved,83160,83160,0.547954,,,synthetic;stratified;stratum=dependent_selected_subsets;family=dependent_selected_subsets;difficulty=medium;domain=12;variant=1;seed=20260811;operatorcount=3;constraintcount=1;depth=2;set;choose;disjoint;dependent_configuration;outside_cola_fragment,problems/benchmarks/synthetic/manifest.json
synthetic,syn-dependent_selected_subsets-medium-05,wfomc,solved,83160,83160,0.551055,,,synthetic;stratified;stratum=dependent_selected_subsets;family=dependent_selected_subsets;difficulty=medium;domain=12;variant=5;seed=20260811;operatorcount=3;constraintcount=1;depth=2;set;choose;disjoint;dependent_configuration;outside_cola_fragment,problems/benchmarks/synthetic/manifest.json
synthetic,syn-set_choice_intersection-large-01,wfomc,solved,784,784,0.904300,,,synthetic;stratified;stratum=set_choice_intersection;family=set_choice_intersection;difficulty=large;domain=16;variant=1;seed=20260811;operatorcount=1;constraintcount=1;depth=1;set;choose;intersection;size,problems/benchmarks/synthetic/manifest.json
synthetic,syn-set_choice_intersection-large-05,wfomc,solved,550,550,0.903397,,,synthetic;stratified;stratum=set_choice_intersection;family=set_choice_intersection;difficulty=large;domain=16;variant=5;seed=20260811;operatorcount=1;constraintcount=1;depth=1;set;choose;intersection;size,problems/benchmarks/synthetic/manifest.json
synthetic,syn-bag_choice_multiplicity-large-01,wfomc,solved,13,13,0.500838,,,synthetic;stratified;stratum=bag_choice_multiplicity;family=bag_choice_multiplicity;difficulty=large;domain=16;variant=1;seed=20260811;operatorcount=1;constraintcount=1;depth=1;bag;choose;count,problems/benchmarks/synthetic/manifest.json
synthetic,syn-bag_choice_multiplicity-large-05,wfomc,solved,495,495,0.498993,,,synthetic;stratified;stratum=bag_choice_multiplicity;family=bag_choice_multiplicity;difficulty=large;domain=16;variant=5;seed=20260811;operatorcount=1;constraintcount=1;depth=1;bag;choose;count,problems/benchmarks/synthetic/manifest.json
synthetic,syn-set_tuple_position_count-large-01,wfomc,solved,158400,158400,1.615153,,,synthetic;stratified;stratum=set_tuple_position_count;family=set_tuple_position_count;difficulty=large;domain=16;variant=1;seed=20260811;operatorcount=1;constraintcount=2;depth=1;set;tuple;position;count,problems/benchmarks/synthetic/manifest.json
synthetic,syn-set_tuple_position_count-large-05,wfomc,solved,12096,12096,1.620739,,,synthetic;stratified;stratum=set_tuple_position_count;family=set_tuple_position_count;difficulty=large;domain=16;variant=5;seed=20260811;operatorcount=1;constraintcount=2;depth=1;set;tuple;position;count,problems/benchmarks/synthetic/manifest.json
synthetic,syn-bag_tuple_multiplicity-large-01,wfomc,solved,6720,6720,8.474581,,,synthetic;stratified;stratum=bag_tuple_multiplicity;family=bag_tuple_multiplicity;difficulty=large;domain=16;variant=1;seed=20260811;operatorcount=2;constraintcount=1;depth=1;bag;tuple;set;choose;membership;decomposition,problems/benchmarks/synthetic/manifest.json
synthetic,syn-bag_tuple_multiplicity-large-05,wfomc,solved,109200,109200,8.546834,,,synthetic;stratified;stratum=bag_tuple_multiplicity;family=bag_tuple_multiplicity;difficulty=large;domain=16;variant=5;seed=20260811;operatorcount=2;constraintcount=1;depth=1;bag;tuple;set;choose;membership;decomposition,problems/benchmarks/synthetic/manifest.json
synthetic,syn-set_sequence_patterns-large-01,wfomc,solved,326918592000,326918592000,1.004891,,,synthetic;stratified;stratum=set_sequence_patterns;family=set_sequence_patterns;difficulty=large;domain=16;variant=1;seed=20260811;operatorcount=1;constraintcount=4;depth=1;set;sequence;adjacency;order,problems/benchmarks/synthetic/manifest.json
synthetic,syn-set_sequence_patterns-large-05,wfomc,solved,653837184000,653837184000,0.662379,,,synthetic;stratified;stratum=set_sequence_patterns;family=set_sequence_patterns;difficulty=large;domain=16;variant=5;seed=20260811;operatorcount=1;constraintcount=3;depth=1;set;sequence;adjacency;order,problems/benchmarks/synthetic/manifest.json
synthetic,syn-bag_sequence_adjacency-large-01,wfomc,solved,2162160,2162160,4.860087,,,synthetic;stratified;stratum=bag_sequence_adjacency;family=bag_sequence_adjacency;difficulty=large;domain=16;variant=1;seed=20260811;operatorcount=1;constraintcount=1;depth=1;bag;sequence;adjacency,problems/benchmarks/synthetic/manifest.json
synthetic,syn-bag_sequence_adjacency-large-05,wfomc,solved,540540,540540,6.797629,,,synthetic;stratified;stratum=bag_sequence_adjacency;family=bag_sequence_adjacency;difficulty=large;domain=16;variant=5;seed=20260811;operatorcount=1;constraintcount=1;depth=1;bag;sequence;adjacency,problems/benchmarks/synthetic/manifest.json
synthetic,syn-set_partition_min_size-large-01,wfomc,solved,17875,17875,0.922363,,,synthetic;stratified;stratum=set_partition_min_size;family=set_partition_min_size;difficulty=large;domain=16;variant=1;seed=20260811;operatorcount=1;constraintcount=1;depth=1;set;partition;size,problems/benchmarks/synthetic/manifest.json
synthetic,syn-set_partition_min_size-large-05,wfomc,solved,30251,30251,0.964477,,,synthetic;stratified;stratum=set_partition_min_size;family=set_partition_min_size;difficulty=large;domain=16;variant=5;seed=20260811;operatorcount=1;constraintcount=1;depth=1;set;partition;size,problems/benchmarks/synthetic/manifest.json
synthetic,syn-set_composition_sizes-large-01,wfomc,solved,400400,400400,1.058934,,,synthetic;stratified;stratum=set_composition_sizes;family=set_composition_sizes;difficulty=large;domain=16;variant=1;seed=20260811;operatorcount=1;constraintcount=3;depth=1;set;composition;size,problems/benchmarks/synthetic/manifest.json
synthetic,syn-set_composition_sizes-large-05,wfomc,solved,21840,21840,1.160645,,,synthetic;stratified;stratum=set_composition_sizes;family=set_composition_sizes;difficulty=large;domain=16;variant=5;seed=20260811;operatorcount=1;constraintcount=4;depth=1;set;composition;size,problems/benchmarks/synthetic/manifest.json
synthetic,syn-dependent_choice_disjoint-large-01,wfomc,solved,480480,480480,0.534726,,,synthetic;stratified;stratum=dependent_choice_disjoint;family=dependent_choice_disjoint;difficulty=large;domain=16;variant=1;seed=20260811;operatorcount=3;constraintcount=1;depth=2;set;choose;disjoint;dependent_configuration;outside_cola_fragment,problems/benchmarks/synthetic/manifest.json
synthetic,syn-dependent_choice_disjoint-large-05,wfomc,solved,21840,21840,0.535093,,,synthetic;stratified;stratum=dependent_choice_disjoint;family=dependent_choice_disjoint;difficulty=large;domain=16;variant=5;seed=20260811;operatorcount=3;constraintcount=1;depth=2;set;choose;disjoint;dependent_configuration;outside_cola_fragment,problems/benchmarks/synthetic/manifest.json
synthetic,syn-dependent_tuple_position_count-large-01,wfomc,solved,6350400,6350400,1.343507,,,synthetic;stratified;stratum=dependent_tuple_position_count;family=dependent_tuple_position_count;difficulty=large;domain=16;variant=1;seed=20260811;operatorcount=2;constraintcount=2;depth=2;set;choose;tuple;position;count;dependent_configuration;outside_cola_fragment,problems/benchmarks/synthetic/manifest.json
synthetic,syn-dependent_tuple_position_count-large-05,wfomc,solved,544320,544320,1.368705,,,synthetic;stratified;stratum=dependent_tuple_position_count;family=dependent_tuple_position_count;difficulty=large;domain=16;variant=5;seed=20260811;operatorcount=2;constraintcount=2;depth=2;set;choose;tuple;position;count;dependent_configuration;outside_cola_fragment,problems/benchmarks/synthetic/manifest.json
synthetic,syn-dependent_sequence_patterns-large-01,wfomc,solved,60,60,1.256564,,,synthetic;stratified;stratum=dependent_sequence_patterns;family=dependent_sequence_patterns;difficulty=large;domain=16;variant=1;seed=20260811;operatorcount=2;constraintcount=9;depth=2;set;choose;sequence;adjacency;order;dependent_configuration;outside_cola_fragment,problems/benchmarks/synthetic/manifest.json
synthetic,syn-dependent_sequence_patterns-large-05,wfomc,solved,288,288,1.097201,,,synthetic;stratified;stratum=dependent_sequence_patterns;family=dependent_sequence_patterns;difficulty=large;domain=16;variant=5;seed=20260811;operatorcount=2;constraintcount=6;depth=2;set;choose;sequence;adjacency;order;dependent_configuration;outside_cola_fragment,problems/benchmarks/synthetic/manifest.json
synthetic,syn-dependent_partition_min_size-large-01,wfomc,solved,43680,43680,0.915957,,,synthetic;stratified;stratum=dependent_partition_min_size;family=dependent_partition_min_size;difficulty=large;domain=16;variant=1;seed=20260811;operatorcount=2;constraintcount=1;depth=2;set;choose;partition;size;dependent_configuration;outside_cola_fragment,problems/benchmarks/synthetic/manifest.json
synthetic,syn-dependent_partition_min_size-large-05,wfomc,solved,1171170,1171170,0.917624,,,synthetic;stratified;stratum=dependent_partition_min_size;family=dependent_partition_min_size;difficulty=large;domain=16;variant=5;seed=20260811;operatorcount=2;constraintcount=1;depth=2;set;choose;partition;size;dependent_configuration;outside_cola_fragment,problems/benchmarks/synthetic/manifest.json
synthetic,syn-dependent_composition_sizes-large-01,wfomc,solved,605404800,605404800,1.490090,,,synthetic;stratified;stratum=dependent_composition_sizes;family=dependent_composition_sizes;difficulty=large;domain=16;variant=1;seed=20260811;operatorcount=2;constraintcount=5;depth=2;set;choose;composition;size;dependent_configuration;outside_cola_fragment,problems/benchmarks/synthetic/manifest.json
synthetic,syn-dependent_composition_sizes-large-05,wfomc,solved,43243200,43243200,1.492013,,,synthetic;stratified;stratum=dependent_composition_sizes;family=dependent_composition_sizes;difficulty=large;domain=16;variant=5;seed=20260811;operatorcount=2;constraintcount=5;depth=2;set;choose;composition;size;dependent_configuration;outside_cola_fragment,problems/benchmarks/synthetic/manifest.json
synthetic,syn-dependent_bag_tuple-large-01,wfomc,solved,764400,764400,8.668599,,,synthetic;stratified;stratum=dependent_bag_tuple;family=dependent_bag_tuple;difficulty=large;domain=16;variant=1;seed=20260811;operatorcount=3;constraintcount=1;depth=2;bag;choose;tuple;set;membership;decomposition;dependent_configuration;outside_cola_fragment,problems/benchmarks/synthetic/manifest.json
synthetic,syn-dependent_bag_tuple-large-05,wfomc,solved,288288,288288,8.535494,,,synthetic;stratified;stratum=dependent_bag_tuple;family=dependent_bag_tuple;difficulty=large;domain=16;variant=5;seed=20260811;operatorcount=3;constraintcount=1;depth=2;bag;choose;tuple;set;membership;decomposition;dependent_configuration;outside_cola_fragment,problems/benchmarks/synthetic/manifest.json
synthetic,syn-nested_choice_chain-large-01,wfomc,solved,360360,360360,0.514347,,,synthetic;stratified;stratum=nested_choice_chain;family=nested_choice_chain;difficulty=large;domain=16;variant=1;seed=20260811;operatorcount=3;constraintcount=1;depth=3;set;choose;membership;dependent_configuration;outside_cola_fragment,problems/benchmarks/synthetic/manifest.json
synthetic,syn-nested_choice_chain-large-05,wfomc,solved,1621620,1621620,0.514748,,,synthetic;stratified;stratum=nested_choice_chain;family=nested_choice_chain;difficulty=large;domain=16;variant=5;seed=20260811;operatorcount=3;constraintcount=1;depth=3;set;choose;membership;dependent_configuration;outside_cola_fragment,problems/benchmarks/synthetic/manifest.json
synthetic,syn-dependent_selected_subsets-large-01,wfomc,solved,240240,240240,0.545264,,,synthetic;stratified;stratum=dependent_selected_subsets;family=dependent_selected_subsets;difficulty=large;domain=16;variant=1;seed=20260811;operatorcount=3;constraintcount=1;depth=2;set;choose;disjoint;dependent_configuration;outside_cola_fragment,problems/benchmarks/synthetic/manifest.json
synthetic,syn-dependent_selected_subsets-large-05,wfomc,solved,2882880,2882880,0.544325,,,synthetic;stratified;stratum=dependent_selected_subsets;family=dependent_selected_subsets;difficulty=large;domain=16;variant=5;seed=20260811;operatorcount=3;constraintcount=1;depth=2;set;choose;disjoint;dependent_configuration;outside_cola_fragment,problems/benchmarks/synthetic/manifest.json
synthetic,syn-set_choice_intersection-small-02,wfomc,solved,30,30,0.819601,,,synthetic;stratified;stratum=set_choice_intersection;family=set_choice_intersection;difficulty=small;domain=8;variant=2;seed=20260811;operatorcount=1;constraintcount=1;depth=1;set;choose;intersection;size,problems/benchmarks/synthetic/manifest.json
synthetic,syn-set_choice_intersection-small-06,wfomc,solved,10,10,0.821904,,,synthetic;stratified;stratum=set_choice_intersection;family=set_choice_intersection;difficulty=small;domain=8;variant=6;seed=20260811;operatorcount=1;constraintcount=1;depth=1;set;choose;intersection;size,problems/benchmarks/synthetic/manifest.json
synthetic,syn-bag_choice_multiplicity-small-02,wfomc,solved,10,10,0.456016,,,synthetic;stratified;stratum=bag_choice_multiplicity;family=bag_choice_multiplicity;difficulty=small;domain=8;variant=2;seed=20260811;operatorcount=1;constraintcount=1;depth=1;bag;choose;count,problems/benchmarks/synthetic/manifest.json
synthetic,syn-bag_choice_multiplicity-small-06,wfomc,solved,5,5,0.455527,,,synthetic;stratified;stratum=bag_choice_multiplicity;family=bag_choice_multiplicity;difficulty=small;domain=8;variant=6;seed=20260811;operatorcount=1;constraintcount=1;depth=1;bag;choose;count,problems/benchmarks/synthetic/manifest.json
synthetic,syn-set_tuple_position_count-small-02,wfomc,solved,1440,1440,1.410738,,,synthetic;stratified;stratum=set_tuple_position_count;family=set_tuple_position_count;difficulty=small;domain=8;variant=2;seed=20260811;operatorcount=1;constraintcount=2;depth=1;set;tuple;position;count,problems/benchmarks/synthetic/manifest.json
synthetic,syn-set_tuple_position_count-small-06,wfomc,solved,108,108,1.428917,,,synthetic;stratified;stratum=set_tuple_position_count;family=set_tuple_position_count;difficulty=small;domain=8;variant=6;seed=20260811;operatorcount=1;constraintcount=2;depth=1;set;tuple;position;count,problems/benchmarks/synthetic/manifest.json
synthetic,syn-bag_tuple_multiplicity-small-02,wfomc,solved,392,392,0.964215,,,synthetic;stratified;stratum=bag_tuple_multiplicity;family=bag_tuple_multiplicity;difficulty=small;domain=8;variant=2;seed=20260811;operatorcount=2;constraintcount=1;depth=1;bag;tuple;set;choose;membership;decomposition,problems/benchmarks/synthetic/manifest.json
synthetic,syn-bag_tuple_multiplicity-small-06,wfomc,solved,5880,5880,2.163449,,,synthetic;stratified;stratum=bag_tuple_multiplicity;family=bag_tuple_multiplicity;difficulty=small;domain=8;variant=6;seed=20260811;operatorcount=2;constraintcount=1;depth=1;bag;tuple;set;choose;membership;decomposition,problems/benchmarks/synthetic/manifest.json
synthetic,syn-set_sequence_patterns-small-02,wfomc,solved,1260,1260,0.653387,,,synthetic;stratified;stratum=set_sequence_patterns;family=set_sequence_patterns;difficulty=small;domain=8;variant=2;seed=20260811;operatorcount=1;constraintcount=4;depth=1;set;sequence;adjacency;order,problems/benchmarks/synthetic/manifest.json
synthetic,syn-set_sequence_patterns-small-06,wfomc,solved,5040,5040,0.513316,,,synthetic;stratified;stratum=set_sequence_patterns;family=set_sequence_patterns;difficulty=small;domain=8;variant=6;seed=20260811;operatorcount=1;constraintcount=2;depth=1;set;sequence;adjacency;order,problems/benchmarks/synthetic/manifest.json
synthetic,syn-bag_sequence_adjacency-small-02,wfomc,solved,420,420,0.618141,,,synthetic;stratified;stratum=bag_sequence_adjacency;family=bag_sequence_adjacency;difficulty=small;domain=8;variant=2;seed=20260811;operatorcount=1;constraintcount=1;depth=1;bag;sequence;adjacency,problems/benchmarks/synthetic/manifest.json
synthetic,syn-bag_sequence_adjacency-small-06,wfomc,solved,840,840,0.612640,,,synthetic;stratified;stratum=bag_sequence_adjacency;family=bag_sequence_adjacency;difficulty=small;domain=8;variant=6;seed=20260811;operatorcount=1;constraintcount=1;depth=1;bag;sequence;adjacency,problems/benchmarks/synthetic/manifest.json
synthetic,syn-set_partition_min_size-small-02,wfomc,solved,35,35,0.772085,,,synthetic;stratified;stratum=set_partition_min_size;family=set_partition_min_size;difficulty=small;domain=8;variant=2;seed=20260811;operatorcount=1;constraintcount=1;depth=1;set;partition;size,problems/benchmarks/synthetic/manifest.json
synthetic,syn-set_partition_min_size-small-06,wfomc,solved,91,91,0.774444,,,synthetic;stratified;stratum=set_partition_min_size;family=set_partition_min_size;difficulty=small;domain=8;variant=6;seed=20260811;operatorcount=1;constraintcount=1;depth=1;set;partition;size,problems/benchmarks/synthetic/manifest.json
synthetic,syn-set_composition_sizes-small-02,wfomc,solved,56,56,0.832828,,,synthetic;stratified;stratum=set_composition_sizes;family=set_composition_sizes;difficulty=small;domain=8;variant=2;seed=20260811;operatorcount=1;constraintcount=2;depth=1;set;composition;size,problems/benchmarks/synthetic/manifest.json
synthetic,syn-set_composition_sizes-small-06,wfomc,solved,3360,3360,1.214587,,,synthetic;stratified;stratum=set_composition_sizes;family=set_composition_sizes;difficulty=small;domain=8;variant=6;seed=20260811;operatorcount=1;constraintcount=5;depth=1;set;composition;size,problems/benchmarks/synthetic/manifest.json
synthetic,syn-dependent_choice_disjoint-small-02,wfomc,solved,336,336,0.496203,,,synthetic;stratified;stratum=dependent_choice_disjoint;family=dependent_choice_disjoint;difficulty=small;domain=8;variant=2;seed=20260811;operatorcount=3;constraintcount=1;depth=2;set;choose;disjoint;dependent_configuration;outside_cola_fragment,problems/benchmarks/synthetic/manifest.json
synthetic,syn-dependent_choice_disjoint-small-06,wfomc,solved,1120,1120,0.495551,,,synthetic;stratified;stratum=dependent_choice_disjoint;family=dependent_choice_disjoint;difficulty=small;domain=8;variant=6;seed=20260811;operatorcount=3;constraintcount=1;depth=2;set;choose;disjoint;dependent_configuration;outside_cola_fragment,problems/benchmarks/synthetic/manifest.json
synthetic,syn-dependent_tuple_position_count-small-02,wfomc,solved,96,96,1.200596,,,synthetic;stratified;stratum=dependent_tuple_position_count;family=dependent_tuple_position_count;difficulty=small;domain=8;variant=2;seed=20260811;operatorcount=2;constraintcount=2;depth=2;set;choose;tuple;position;count;dependent_configuration;outside_cola_fragment,problems/benchmarks/synthetic/manifest.json
synthetic,syn-dependent_tuple_position_count-small-06,wfomc,solved,2880,2880,1.201441,,,synthetic;stratified;stratum=dependent_tuple_position_count;family=dependent_tuple_position_count;difficulty=small;domain=8;variant=6;seed=20260811;operatorcount=2;constraintcount=2;depth=2;set;choose;tuple;position;count;dependent_configuration;outside_cola_fragment,problems/benchmarks/synthetic/manifest.json
synthetic,syn-dependent_sequence_patterns-small-02,wfomc,solved,720,720,1.081671,,,synthetic;stratified;stratum=dependent_sequence_patterns;family=dependent_sequence_patterns;difficulty=small;domain=8;variant=2;seed=20260811;operatorcount=2;constraintcount=9;depth=2;set;choose;sequence;adjacency;order;dependent_configuration;outside_cola_fragment,problems/benchmarks/synthetic/manifest.json
synthetic,syn-dependent_sequence_patterns-small-06,wfomc,solved,720,720,1.056029,,,synthetic;stratified;stratum=dependent_sequence_patterns;family=dependent_sequence_patterns;difficulty=small;domain=8;variant=6;seed=20260811;operatorcount=2;constraintcount=9;depth=2;set;choose;sequence;adjacency;order;dependent_configuration;outside_cola_fragment,problems/benchmarks/synthetic/manifest.json
synthetic,syn-dependent_partition_min_size-small-02,wfomc,solved,448,448,0.837248,,,synthetic;stratified;stratum=dependent_partition_min_size;family=dependent_partition_min_size;difficulty=small;domain=8;variant=2;seed=20260811;operatorcount=2;constraintcount=1;depth=2;set;choose;partition;size;dependent_configuration;outside_cola_fragment,problems/benchmarks/synthetic/manifest.json
synthetic,syn-dependent_partition_min_size-small-06,wfomc,solved,560,560,0.836725,,,synthetic;stratified;stratum=dependent_partition_min_size;family=dependent_partition_min_size;difficulty=small;domain=8;variant=6;seed=20260811;operatorcount=2;constraintcount=1;depth=2;set;choose;partition;size;dependent_configuration;outside_cola_fragment,problems/benchmarks/synthetic/manifest.json
synthetic,syn-dependent_composition_sizes-small-02,wfomc,solved,1680,1680,1.089250,,,synthetic;stratified;stratum=dependent_composition_sizes;family=dependent_composition_sizes;difficulty=small;domain=8;variant=2;seed=20260811;operatorcount=2;constraintcount=4;depth=2;set;choose;composition;size;dependent_configuration;outside_cola_fragment,problems/benchmarks/synthetic/manifest.json
synthetic,syn-dependent_composition_sizes-small-06,wfomc,solved,1680,1680,0.963453,,,synthetic;stratified;stratum=dependent_composition_sizes;family=dependent_composition_sizes;difficulty=small;domain=8;variant=6;seed=20260811;operatorcount=2;constraintcount=3;depth=2;set;choose;composition;size;dependent_configuration;outside_cola_fragment,problems/benchmarks/synthetic/manifest.json
synthetic,syn-dependent_bag_tuple-small-02,wfomc,solved,672,672,2.155824,,,synthetic;stratified;stratum=dependent_bag_tuple;family=dependent_bag_tuple;difficulty=small;domain=8;variant=2;seed=20260811;operatorcount=3;constraintcount=1;depth=2;bag;choose;tuple;set;membership;decomposition;dependent_configuration;outside_cola_fragment,problems/benchmarks/synthetic/manifest.json
synthetic,syn-dependent_bag_tuple-small-06,wfomc,solved,1680,1680,2.140707,,,synthetic;stratified;stratum=dependent_bag_tuple;family=dependent_bag_tuple;difficulty=small;domain=8;variant=6;seed=20260811;operatorcount=3;constraintcount=1;depth=2;bag;choose;tuple;set;membership;decomposition;dependent_configuration;outside_cola_fragment,problems/benchmarks/synthetic/manifest.json
synthetic,syn-nested_choice_chain-small-02,wfomc,solved,700,700,0.460911,,,synthetic;stratified;stratum=nested_choice_chain;family=nested_choice_chain;difficulty=small;domain=8;variant=2;seed=20260811;operatorcount=3;constraintcount=1;depth=3;set;choose;membership;dependent_configuration;outside_cola_fragment,problems/benchmarks/synthetic/manifest.json
synthetic,syn-nested_choice_chain-small-06,wfomc,solved,294,294,0.460712,,,synthetic;stratified;stratum=nested_choice_chain;family=nested_choice_chain;difficulty=small;domain=8;variant=6;seed=20260811;operatorcount=3;constraintcount=1;depth=3;set;choose;membership;dependent_configuration;outside_cola_fragment,problems/benchmarks/synthetic/manifest.json
synthetic,syn-dependent_selected_subsets-small-02,wfomc,solved,840,840,0.492260,,,synthetic;stratified;stratum=dependent_selected_subsets;family=dependent_selected_subsets;difficulty=small;domain=8;variant=2;seed=20260811;operatorcount=3;constraintcount=1;depth=2;set;choose;disjoint;dependent_configuration;outside_cola_fragment,problems/benchmarks/synthetic/manifest.json
synthetic,syn-dependent_selected_subsets-small-06,wfomc,solved,1120,1120,0.490556,,,synthetic;stratified;stratum=dependent_selected_subsets;family=dependent_selected_subsets;difficulty=small;domain=8;variant=6;seed=20260811;operatorcount=3;constraintcount=1;depth=2;set;choose;disjoint;dependent_configuration;outside_cola_fragment,problems/benchmarks/synthetic/manifest.json
synthetic,syn-set_choice_intersection-medium-02,wfomc,solved,7,7,0.808687,,,synthetic;stratified;stratum=set_choice_intersection;family=set_choice_intersection;difficulty=medium;domain=12;variant=2;seed=20260811;operatorcount=1;constraintcount=1;depth=1;set;choose;intersection;size,problems/benchmarks/synthetic/manifest.json
synthetic,syn-set_choice_intersection-medium-06,wfomc,solved,126,126,0.810495,,,synthetic;stratified;stratum=set_choice_intersection;family=set_choice_intersection;difficulty=medium;domain=12;variant=6;seed=20260811;operatorcount=1;constraintcount=1;depth=1;set;choose;intersection;size,problems/benchmarks/synthetic/manifest.json
synthetic,syn-bag_choice_multiplicity-medium-02,wfomc,solved,84,84,0.452942,,,synthetic;stratified;stratum=bag_choice_multiplicity;family=bag_choice_multiplicity;difficulty=medium;domain=12;variant=2;seed=20260811;operatorcount=1;constraintcount=1;depth=1;bag;choose;count,problems/benchmarks/synthetic/manifest.json
synthetic,syn-bag_choice_multiplicity-medium-06,wfomc,solved,7,7,0.450633,,,synthetic;stratified;stratum=bag_choice_multiplicity;family=bag_choice_multiplicity;difficulty=medium;domain=12;variant=6;seed=20260811;operatorcount=1;constraintcount=1;depth=1;bag;choose;count,problems/benchmarks/synthetic/manifest.json
synthetic,syn-set_tuple_position_count-medium-02,wfomc,solved,635040,635040,1.293736,,,synthetic;stratified;stratum=set_tuple_position_count;family=set_tuple_position_count;difficulty=medium;domain=12;variant=2;seed=20260811;operatorcount=1;constraintcount=2;depth=1;set;tuple;position;count,problems/benchmarks/synthetic/manifest.json
synthetic,syn-set_tuple_position_count-medium-06,wfomc,solved,4032,4032,1.276029,,,synthetic;stratified;stratum=set_tuple_position_count;family=set_tuple_position_count;difficulty=medium;domain=12;variant=6;seed=20260811;operatorcount=1;constraintcount=2;depth=1;set;tuple;position;count,problems/benchmarks/synthetic/manifest.json
synthetic,syn-bag_tuple_multiplicity-medium-02,wfomc,solved,528,528,0.840617,,,synthetic;stratified;stratum=bag_tuple_multiplicity;family=bag_tuple_multiplicity;difficulty=medium;domain=12;variant=2;seed=20260811;operatorcount=2;constraintcount=1;depth=1;bag;tuple;set;choose;membership;decomposition,problems/benchmarks/synthetic/manifest.json
synthetic,syn-bag_tuple_multiplicity-medium-06,wfomc,solved,83160,83160,3.628858,,,synthetic;stratified;stratum=bag_tuple_multiplicity;family=bag_tuple_multiplicity;difficulty=medium;domain=12;variant=6;seed=20260811;operatorcount=2;constraintcount=1;depth=1;bag;tuple;set;choose;membership;decomposition,problems/benchmarks/synthetic/manifest.json
synthetic,syn-set_sequence_patterns-medium-02,wfomc,solved,19958400,19958400,0.520199,,,synthetic;stratified;stratum=set_sequence_patterns;family=set_sequence_patterns;difficulty=medium;domain=12;variant=2;seed=20260811;operatorcount=1;constraintcount=3;depth=1;set;sequence;adjacency;order,problems/benchmarks/synthetic/manifest.json
synthetic,syn-set_sequence_patterns-medium-06,wfomc,solved,39916800,39916800,0.448119,,,synthetic;stratified;stratum=set_sequence_patterns;family=set_sequence_patterns;difficulty=medium;domain=12;variant=6;seed=20260811;operatorcount=1;constraintcount=2;depth=1;set;sequence;adjacency;order,problems/benchmarks/synthetic/manifest.json
synthetic,syn-bag_sequence_adjacency-medium-02,wfomc,solved,27720,27720,1.249260,,,synthetic;stratified;stratum=bag_sequence_adjacency;family=bag_sequence_adjacency;difficulty=medium;domain=12;variant=2;seed=20260811;operatorcount=1;constraintcount=1;depth=1;bag;sequence;adjacency,problems/benchmarks/synthetic/manifest.json
synthetic,syn-bag_sequence_adjacency-medium-06,wfomc,solved,27720,27720,1.243624,,,synthetic;stratified;stratum=bag_sequence_adjacency;family=bag_sequence_adjacency;difficulty=medium;domain=12;variant=6;seed=20260811;operatorcount=1;constraintcount=1;depth=1;bag;sequence;adjacency,problems/benchmarks/synthetic/manifest.json
synthetic,syn-set_partition_min_size-medium-02,wfomc,solved,86526,86526,0.746375,,,synthetic;stratified;stratum=set_partition_min_size;family=set_partition_min_size;difficulty=medium;domain=12;variant=2;seed=20260811;operatorcount=1;constraintcount=1;depth=1;set;partition;size,problems/benchmarks/synthetic/manifest.json
synthetic,syn-set_partition_min_size-medium-06,wfomc,solved,5775,5775,0.745402,,,synthetic;stratified;stratum=set_partition_min_size;family=set_partition_min_size;difficulty=medium;domain=12;variant=6;seed=20260811;operatorcount=1;constraintcount=1;depth=1;set;partition;size,problems/benchmarks/synthetic/manifest.json
synthetic,syn-set_composition_sizes-medium-02,wfomc,solved,23760,23760,0.978604,,,synthetic;stratified;stratum=set_composition_sizes;family=set_composition_sizes;difficulty=medium;domain=12;variant=2;seed=20260811;operatorcount=1;constraintcount=4;depth=1;set;composition;size,problems/benchmarks/synthetic/manifest.json
synthetic,syn-set_composition_sizes-medium-06,wfomc,solved,138600,138600,0.968437,,,synthetic;stratified;stratum=set_composition_sizes;family=set_composition_sizes;difficulty=medium;domain=12;variant=6;seed=20260811;operatorcount=1;constraintcount=4;depth=1;set;composition;size,problems/benchmarks/synthetic/manifest.json
synthetic,syn-dependent_choice_disjoint-medium-02,wfomc,solved,83160,83160,0.441266,,,synthetic;stratified;stratum=dependent_choice_disjoint;family=dependent_choice_disjoint;difficulty=medium;domain=12;variant=2;seed=20260811;operatorcount=3;constraintcount=1;depth=2;set;choose;disjoint;dependent_configuration;outside_cola_fragment,problems/benchmarks/synthetic/manifest.json
synthetic,syn-dependent_choice_disjoint-medium-06,wfomc,solved,27720,27720,0.445309,,,synthetic;stratified;stratum=dependent_choice_disjoint;family=dependent_choice_disjoint;difficulty=medium;domain=12;variant=6;seed=20260811;operatorcount=3;constraintcount=1;depth=2;set;choose;disjoint;dependent_configuration;outside_cola_fragment,problems/benchmarks/synthetic/manifest.json
synthetic,syn-dependent_tuple_position_count-medium-02,wfomc,solved,144,144,1.069771,,,synthetic;stratified;stratum=dependent_tuple_position_count;family=dependent_tuple_position_count;difficulty=medium;domain=12;variant=2;seed=20260811;operatorcount=2;constraintcount=2;depth=2;set;choose;tuple;position;count;dependent_configuration;outside_cola_fragment,problems/benchmarks/synthetic/manifest.json
synthetic,syn-dependent_tuple_position_count-medium-06,wfomc,solved,4032,4032,1.076059,,,synthetic;stratified;stratum=dependent_tuple_position_count;family=dependent_tuple_position_count;difficulty=medium;domain=12;variant=6;seed=20260811;operatorcount=2;constraintcount=2;depth=2;set;choose;tuple;position;count;dependent_configuration;outside_cola_fragment,problems/benchmarks/synthetic/manifest.json
synthetic,syn-dependent_sequence_patterns-medium-02,wfomc,solved,2721600,2721600,0.986584,,,synthetic;stratified;stratum=dependent_sequence_patterns;family=dependent_sequence_patterns;difficulty=medium;domain=12;variant=2;seed=20260811;operatorcount=2;constraintcount=9;depth=2;set;choose;sequence;adjacency;order;dependent_configuration;outside_cola_fragment,problems/benchmarks/synthetic/manifest.json
synthetic,syn-dependent_sequence_patterns-medium-06,wfomc,solved,2160,2160,0.977563,,,synthetic;stratified;stratum=dependent_sequence_patterns;family=dependent_sequence_patterns;difficulty=medium;domain=12;variant=6;seed=20260811;operatorcount=2;constraintcount=9;depth=2;set;choose;sequence;adjacency;order;dependent_configuration;outside_cola_fragment,problems/benchmarks/synthetic/manifest.json
synthetic,syn-dependent_partition_min_size-medium-02,wfomc,solved,12276,12276,0.750331,,,synthetic;stratified;stratum=dependent_partition_min_size;family=dependent_partition_min_size;difficulty=medium;domain=12;variant=2;seed=20260811;operatorcount=2;constraintcount=1;depth=2;set;choose;partition;size;dependent_configuration;outside_cola_fragment,problems/benchmarks/synthetic/manifest.json
synthetic,syn-dependent_partition_min_size-medium-06,wfomc,solved,11880,11880,0.759711,,,synthetic;stratified;stratum=dependent_partition_min_size;family=dependent_partition_min_size;difficulty=medium;domain=12;variant=6;seed=20260811;operatorcount=2;constraintcount=1;depth=2;set;choose;partition;size;dependent_configuration;outside_cola_fragment,problems/benchmarks/synthetic/manifest.json
synthetic,syn-dependent_composition_sizes-medium-02,wfomc,solved,138600,138600,0.881493,,,synthetic;stratified;stratum=dependent_composition_sizes;family=dependent_composition_sizes;difficulty=medium;domain=12;variant=2;seed=20260811;operatorcount=2;constraintcount=3;depth=2;set;choose;composition;size;dependent_configuration;outside_cola_fragment,problems/benchmarks/synthetic/manifest.json
synthetic,syn-dependent_composition_sizes-medium-06,wfomc,solved,332640,332640,1.212318,,,synthetic;stratified;stratum=dependent_composition_sizes;family=dependent_composition_sizes;difficulty=medium;domain=12;variant=6;seed=20260811;operatorcount=2;constraintcount=5;depth=2;set;choose;composition;size;dependent_configuration;outside_cola_fragment,problems/benchmarks/synthetic/manifest.json
synthetic,syn-dependent_bag_tuple-medium-02,wfomc,solved,3300,3300,3.654956,,,synthetic;stratified;stratum=dependent_bag_tuple;family=dependent_bag_tuple;difficulty=medium;domain=12;variant=2;seed=20260811;operatorcount=3;constraintcount=1;depth=2;bag;choose;tuple;set;membership;decomposition;dependent_configuration;outside_cola_fragment,problems/benchmarks/synthetic/manifest.json
synthetic,syn-dependent_bag_tuple-medium-06,wfomc,solved,485100,485100,1.270291,,,synthetic;stratified;stratum=dependent_bag_tuple;family=dependent_bag_tuple;difficulty=medium;domain=12;variant=6;seed=20260811;operatorcount=3;constraintcount=1;depth=2;bag;choose;tuple;set;membership;decomposition;dependent_configuration;outside_cola_fragment,problems/benchmarks/synthetic/manifest.json
synthetic,syn-nested_choice_chain-medium-02,wfomc,solved,18480,18480,0.429993,,,synthetic;stratified;stratum=nested_choice_chain;family=nested_choice_chain;difficulty=medium;domain=12;variant=2;seed=20260811;operatorcount=3;constraintcount=1;depth=3;set;choose;membership;dependent_configuration;outside_cola_fragment,problems/benchmarks/synthetic/manifest.json
synthetic,syn-nested_choice_chain-medium-06,wfomc,solved,92400,92400,0.427232,,,synthetic;stratified;stratum=nested_choice_chain;family=nested_choice_chain;difficulty=medium;domain=12;variant=6;seed=20260811;operatorcount=3;constraintcount=1;depth=3;set;choose;membership;dependent_configuration;outside_cola_fragment,problems/benchmarks/synthetic/manifest.json
synthetic,syn-dependent_selected_subsets-medium-02,wfomc,solved,23760,23760,0.452491,,,synthetic;stratified;stratum=dependent_selected_subsets;family=dependent_selected_subsets;difficulty=medium;domain=12;variant=2;seed=20260811;operatorcount=3;constraintcount=1;depth=2;set;choose;disjoint;dependent_configuration;outside_cola_fragment,problems/benchmarks/synthetic/manifest.json
synthetic,syn-dependent_selected_subsets-medium-06,wfomc,solved,55440,55440,0.455482,,,synthetic;stratified;stratum=dependent_selected_subsets;family=dependent_selected_subsets;difficulty=medium;domain=12;variant=6;seed=20260811;operatorcount=3;constraintcount=1;depth=2;set;choose;disjoint;dependent_configuration;outside_cola_fragment,problems/benchmarks/synthetic/manifest.json
synthetic,syn-set_choice_intersection-large-02,wfomc,solved,1960,1960,0.741414,,,synthetic;stratified;stratum=set_choice_intersection;family=set_choice_intersection;difficulty=large;domain=16;variant=2;seed=20260811;operatorcount=1;constraintcount=1;depth=1;set;choose;intersection;size,problems/benchmarks/synthetic/manifest.json
synthetic,syn-set_choice_intersection-large-06,wfomc,solved,1260,1260,0.740988,,,synthetic;stratified;stratum=set_choice_intersection;family=set_choice_intersection;difficulty=large;domain=16;variant=6;seed=20260811;operatorcount=1;constraintcount=1;depth=1;set;choose;intersection;size,problems/benchmarks/synthetic/manifest.json
synthetic,syn-bag_choice_multiplicity-large-02,wfomc,solved,220,220,0.415278,,,synthetic;stratified;stratum=bag_choice_multiplicity;family=bag_choice_multiplicity;difficulty=large;domain=16;variant=2;seed=20260811;operatorcount=1;constraintcount=1;depth=1;bag;choose;count,problems/benchmarks/synthetic/manifest.json
synthetic,syn-bag_choice_multiplicity-large-06,wfomc,solved,2002,2002,0.436774,,,synthetic;stratified;stratum=bag_choice_multiplicity;family=bag_choice_multiplicity;difficulty=large;domain=16;variant=6;seed=20260811;operatorcount=1;constraintcount=1;depth=1;bag;choose;count,problems/benchmarks/synthetic/manifest.json
synthetic,syn-set_tuple_position_count-large-02,wfomc,solved,13970880,13970880,1.337087,,,synthetic;stratified;stratum=set_tuple_position_count;family=set_tuple_position_count;difficulty=large;domain=16;variant=2;seed=20260811;operatorcount=1;constraintcount=2;depth=1;set;tuple;position;count,problems/benchmarks/synthetic/manifest.json
synthetic,syn-set_tuple_position_count-large-06,wfomc,solved,6000,6000,1.315879,,,synthetic;stratified;stratum=set_tuple_position_count;family=set_tuple_position_count;difficulty=large;domain=16;variant=6;seed=20260811;operatorcount=1;constraintcount=2;depth=1;set;tuple;position;count,problems/benchmarks/synthetic/manifest.json
synthetic,syn-bag_tuple_multiplicity-large-02,wfomc,solved,10080,10080,6.888014,,,synthetic;stratified;stratum=bag_tuple_multiplicity;family=bag_tuple_multiplicity;difficulty=large;domain=16;variant=2;seed=20260811;operatorcount=2;constraintcount=1;depth=1;bag;tuple;set;choose;membership;decomposition,problems/benchmarks/synthetic/manifest.json
synthetic,syn-bag_tuple_multiplicity-large-06,wfomc,solved,336336,336336,6.743182,,,synthetic;stratified;stratum=bag_tuple_multiplicity;family=bag_tuple_multiplicity;difficulty=large;domain=16;variant=6;seed=20260811;operatorcount=2;constraintcount=1;depth=1;bag;tuple;set;choose;membership;decomposition,problems/benchmarks/synthetic/manifest.json
synthetic,syn-set_sequence_patterns-large-02,wfomc,solved,1307674368000,1307674368000,0.454724,,,synthetic;stratified;stratum=set_sequence_patterns;family=set_sequence_patterns;difficulty=large;domain=16;variant=2;seed=20260811;operatorcount=1;constraintcount=2;depth=1;set;sequence;adjacency;order,problems/benchmarks/synthetic/manifest.json
synthetic,syn-set_sequence_patterns-large-06,wfomc,solved,326918592000,326918592000,0.807979,,,synthetic;stratified;stratum=set_sequence_patterns;family=set_sequence_patterns;difficulty=large;domain=16;variant=6;seed=20260811;operatorcount=1;constraintcount=4;depth=1;set;sequence;adjacency;order,problems/benchmarks/synthetic/manifest.json
synthetic,syn-bag_sequence_adjacency-large-02,wfomc,solved,1801800,1801800,3.841699,,,synthetic;stratified;stratum=bag_sequence_adjacency;family=bag_sequence_adjacency;difficulty=large;domain=16;variant=2;seed=20260811;operatorcount=1;constraintcount=1;depth=1;bag;sequence;adjacency,problems/benchmarks/synthetic/manifest.json
synthetic,syn-bag_sequence_adjacency-large-06,wfomc,solved,2522520,2522520,3.925169,,,synthetic;stratified;stratum=bag_sequence_adjacency;family=bag_sequence_adjacency;difficulty=large;domain=16;variant=6;seed=20260811;operatorcount=1;constraintcount=1;depth=1;bag;sequence;adjacency,problems/benchmarks/synthetic/manifest.json
synthetic,syn-set_partition_min_size-large-02,wfomc,solved,3741738,3741738,0.772969,,,synthetic;stratified;stratum=set_partition_min_size;family=set_partition_min_size;difficulty=large;domain=16;variant=2;seed=20260811;operatorcount=1;constraintcount=1;depth=1;set;partition;size,problems/benchmarks/synthetic/manifest.json
synthetic,syn-set_partition_min_size-large-06,wfomc,solved,32631,32631,0.707710,,,synthetic;stratified;stratum=set_partition_min_size;family=set_partition_min_size;difficulty=large;domain=16;variant=6;seed=20260811;operatorcount=1;constraintcount=1;depth=1;set;partition;size,problems/benchmarks/synthetic/manifest.json
synthetic,syn-set_composition_sizes-large-02,wfomc,solved,80080,80080,0.859698,,,synthetic;stratified;stratum=set_composition_sizes;family=set_composition_sizes;difficulty=large;domain=16;variant=2;seed=20260811;operatorcount=1;constraintcount=3;depth=1;set;composition;size,problems/benchmarks/synthetic/manifest.json
synthetic,syn-set_composition_sizes-large-06,wfomc,solved,8008,8008,0.766383,,,synthetic;stratified;stratum=set_composition_sizes;family=set_composition_sizes;difficulty=large;domain=16;variant=6;seed=20260811;operatorcount=1;constraintcount=2;depth=1;set;composition;size,problems/benchmarks/synthetic/manifest.json
synthetic,syn-dependent_choice_disjoint-large-02,wfomc,solved,1201200,1201200,0.455881,,,synthetic;stratified;stratum=dependent_choice_disjoint;family=dependent_choice_disjoint;difficulty=large;domain=16;variant=2;seed=20260811;operatorcount=3;constraintcount=1;depth=2;set;choose;disjoint;dependent_configuration;outside_cola_fragment,problems/benchmarks/synthetic/manifest.json
synthetic,syn-dependent_choice_disjoint-large-06,wfomc,solved,21840,21840,0.451540,,,synthetic;stratified;stratum=dependent_choice_disjoint;family=dependent_choice_disjoint;difficulty=large;domain=16;variant=6;seed=20260811;operatorcount=3;constraintcount=1;depth=2;set;choose;disjoint;dependent_configuration;outside_cola_fragment,problems/benchmarks/synthetic/manifest.json
synthetic,syn-dependent_tuple_position_count-large-02,wfomc,solved,1058400,1058400,1.160598,,,synthetic;stratified;stratum=dependent_tuple_position_count;family=dependent_tuple_position_count;difficulty=large;domain=16;variant=2;seed=20260811;operatorcount=2;constraintcount=2;depth=2;set;choose;tuple;position;count;dependent_configuration;outside_cola_fragment,problems/benchmarks/synthetic/manifest.json
synthetic,syn-dependent_tuple_position_count-large-06,wfomc,solved,33600,33600,1.151723,,,synthetic;stratified;stratum=dependent_tuple_position_count;family=dependent_tuple_position_count;difficulty=large;domain=16;variant=6;seed=20260811;operatorcount=2;constraintcount=2;depth=2;set;choose;tuple;position;count;dependent_configuration;outside_cola_fragment,problems/benchmarks/synthetic/manifest.json
synthetic,syn-dependent_sequence_patterns-large-02,wfomc,solved,80640,80640,1.589609,,,synthetic;stratified;stratum=dependent_sequence_patterns;family=dependent_sequence_patterns;difficulty=large;domain=16;variant=2;seed=20260811;operatorcount=2;constraintcount=12;depth=2;set;choose;sequence;adjacency;order;dependent_configuration;outside_cola_fragment,problems/benchmarks/synthetic/manifest.json
synthetic,syn-dependent_sequence_patterns-large-06,wfomc,solved,1260,1260,1.612497,,,synthetic;stratified;stratum=dependent_sequence_patterns;family=dependent_sequence_patterns;difficulty=large;domain=16;variant=6;seed=20260811;operatorcount=2;constraintcount=12;depth=2;set;choose;sequence;adjacency;order;dependent_configuration;outside_cola_fragment,problems/benchmarks/synthetic/manifest.json
synthetic,syn-dependent_partition_min_size-large-02,wfomc,solved,273112840,273112840,0.996273,,,synthetic;stratified;stratum=dependent_partition_min_size;family=dependent_partition_min_size;difficulty=large;domain=16;variant=2;seed=20260811;operatorcount=2;constraintcount=1;depth=2;set;choose;partition;size;dependent_configuration;outside_cola_fragment,problems/benchmarks/synthetic/manifest.json
synthetic,syn-dependent_partition_min_size-large-06,wfomc,solved,75675600,75675600,0.910553,,,synthetic;stratified;stratum=dependent_partition_min_size;family=dependent_partition_min_size;difficulty=large;domain=16;variant=6;seed=20260811;operatorcount=2;constraintcount=1;depth=2;set;choose;partition;size;dependent_configuration;outside_cola_fragment,problems/benchmarks/synthetic/manifest.json
synthetic,syn-dependent_composition_sizes-large-02,wfomc,solved,1816214400,1816214400,1.206712,,,synthetic;stratified;stratum=dependent_composition_sizes;family=dependent_composition_sizes;difficulty=large;domain=16;variant=2;seed=20260811;operatorcount=2;constraintcount=5;depth=2;set;choose;composition;size;dependent_configuration;outside_cola_fragment,problems/benchmarks/synthetic/manifest.json
synthetic,syn-dependent_composition_sizes-large-06,wfomc,solved,960960,960960,0.774878,,,synthetic;stratified;stratum=dependent_composition_sizes;family=dependent_composition_sizes;difficulty=large;domain=16;variant=6;seed=20260811;operatorcount=2;constraintcount=2;depth=2;set;choose;composition;size;dependent_configuration;outside_cola_fragment,problems/benchmarks/synthetic/manifest.json
synthetic,syn-dependent_bag_tuple-large-02,wfomc,solved,21840,21840,6.950017,,,synthetic;stratified;stratum=dependent_bag_tuple;family=dependent_bag_tuple;difficulty=large;domain=16;variant=2;seed=20260811;operatorcount=3;constraintcount=1;depth=2;bag;choose;tuple;set;membership;decomposition;dependent_configuration;outside_cola_fragment,problems/benchmarks/synthetic/manifest.json
synthetic,syn-dependent_bag_tuple-large-06,wfomc,solved,327600,327600,7.290455,,,synthetic;stratified;stratum=dependent_bag_tuple;family=dependent_bag_tuple;difficulty=large;domain=16;variant=6;seed=20260811;operatorcount=3;constraintcount=1;depth=2;bag;choose;tuple;set;membership;decomposition;dependent_configuration;outside_cola_fragment,problems/benchmarks/synthetic/manifest.json
synthetic,syn-nested_choice_chain-large-02,wfomc,solved,1081080,1081080,0.416558,,,synthetic;stratified;stratum=nested_choice_chain;family=nested_choice_chain;difficulty=large;domain=16;variant=2;seed=20260811;operatorcount=3;constraintcount=1;depth=3;set;choose;membership;dependent_configuration;outside_cola_fragment,problems/benchmarks/synthetic/manifest.json
synthetic,syn-nested_choice_chain-large-06,wfomc,solved,27300,27300,0.407284,,,synthetic;stratified;stratum=nested_choice_chain;family=nested_choice_chain;difficulty=large;domain=16;variant=6;seed=20260811;operatorcount=3;constraintcount=1;depth=3;set;choose;membership;dependent_configuration;outside_cola_fragment,problems/benchmarks/synthetic/manifest.json
synthetic,syn-dependent_selected_subsets-large-02,wfomc,solved,2402400,2402400,0.432615,,,synthetic;stratified;stratum=dependent_selected_subsets;family=dependent_selected_subsets;difficulty=large;domain=16;variant=2;seed=20260811;operatorcount=3;constraintcount=1;depth=2;set;choose;disjoint;dependent_configuration;outside_cola_fragment,problems/benchmarks/synthetic/manifest.json
synthetic,syn-dependent_selected_subsets-large-06,wfomc,solved,240240,240240,0.430276,,,synthetic;stratified;stratum=dependent_selected_subsets;family=dependent_selected_subsets;difficulty=large;domain=16;variant=6;seed=20260811;operatorcount=3;constraintcount=1;depth=2;set;choose;disjoint;dependent_configuration;outside_cola_fragment,problems/benchmarks/synthetic/manifest.json
synthetic,syn-set_choice_intersection-small-03,wfomc,solved,30,30,0.883184,,,synthetic;stratified;stratum=set_choice_intersection;family=set_choice_intersection;difficulty=small;domain=8;variant=3;seed=20260811;operatorcount=1;constraintcount=1;depth=1;set;choose;intersection;size,problems/benchmarks/synthetic/manifest.json
synthetic,syn-set_choice_intersection-small-07,wfomc,solved,15,15,0.819459,,,synthetic;stratified;stratum=set_choice_intersection;family=set_choice_intersection;difficulty=small;domain=8;variant=7;seed=20260811;operatorcount=1;constraintcount=1;depth=1;set;choose;intersection;size,problems/benchmarks/synthetic/manifest.json
synthetic,syn-bag_choice_multiplicity-small-03,wfomc,solved,6,6,0.451782,,,synthetic;stratified;stratum=bag_choice_multiplicity;family=bag_choice_multiplicity;difficulty=small;domain=8;variant=3;seed=20260811;operatorcount=1;constraintcount=1;depth=1;bag;choose;count,problems/benchmarks/synthetic/manifest.json
synthetic,syn-bag_choice_multiplicity-small-07,wfomc,solved,4,4,0.452205,,,synthetic;stratified;stratum=bag_choice_multiplicity;family=bag_choice_multiplicity;difficulty=small;domain=8;variant=7;seed=20260811;operatorcount=1;constraintcount=1;depth=1;bag;choose;count,problems/benchmarks/synthetic/manifest.json
synthetic,syn-set_tuple_position_count-small-03,wfomc,solved,1440,1440,1.400162,,,synthetic;stratified;stratum=set_tuple_position_count;family=set_tuple_position_count;difficulty=small;domain=8;variant=3;seed=20260811;operatorcount=1;constraintcount=2;depth=1;set;tuple;position;count,problems/benchmarks/synthetic/manifest.json
synthetic,syn-set_tuple_position_count-small-07,wfomc,solved,1440,1440,1.398562,,,synthetic;stratified;stratum=set_tuple_position_count;family=set_tuple_position_count;difficulty=small;domain=8;variant=7;seed=20260811;operatorcount=1;constraintcount=2;depth=1;set;tuple;position;count,problems/benchmarks/synthetic/manifest.json
synthetic,syn-bag_tuple_multiplicity-small-03,wfomc,solved,280,280,0.942545,,,synthetic;stratified;stratum=bag_tuple_multiplicity;family=bag_tuple_multiplicity;difficulty=small;domain=8;variant=3;seed=20260811;operatorcount=2;constraintcount=1;depth=1;bag;tuple;set;choose;membership;decomposition,problems/benchmarks/synthetic/manifest.json
synthetic,syn-bag_tuple_multiplicity-small-07,wfomc,solved,1120,1120,2.159418,,,synthetic;stratified;stratum=bag_tuple_multiplicity;family=bag_tuple_multiplicity;difficulty=small;domain=8;variant=7;seed=20260811;operatorcount=2;constraintcount=1;depth=1;bag;tuple;set;choose;membership;decomposition,problems/benchmarks/synthetic/manifest.json
synthetic,syn-set_sequence_patterns-small-03,wfomc,solved,5040,5040,0.501391,,,synthetic;stratified;stratum=set_sequence_patterns;family=set_sequence_patterns;difficulty=small;domain=8;variant=3;seed=20260811;operatorcount=1;constraintcount=2;depth=1;set;sequence;adjacency;order,problems/benchmarks/synthetic/manifest.json
synthetic,syn-set_sequence_patterns-small-07,wfomc,solved,2520,2520,0.557638,,,synthetic;stratified;stratum=set_sequence_patterns;family=set_sequence_patterns;difficulty=small;domain=8;variant=7;seed=20260811;operatorcount=1;constraintcount=3;depth=1;set;sequence;adjacency;order,problems/benchmarks/synthetic/manifest.json
synthetic,syn-bag_sequence_adjacency-small-03,wfomc,solved,1260,1260,0.605246,,,synthetic;stratified;stratum=bag_sequence_adjacency;family=bag_sequence_adjacency;difficulty=small;domain=8;variant=3;seed=20260811;operatorcount=1;constraintcount=1;depth=1;bag;sequence;adjacency,problems/benchmarks/synthetic/manifest.json
synthetic,syn-bag_sequence_adjacency-small-07,wfomc,solved,840,840,0.607600,,,synthetic;stratified;stratum=bag_sequence_adjacency;family=bag_sequence_adjacency;difficulty=small;domain=8;variant=7;seed=20260811;operatorcount=1;constraintcount=1;depth=1;bag;sequence;adjacency,problems/benchmarks/synthetic/manifest.json
synthetic,syn-set_partition_min_size-small-03,wfomc,solved,105,105,0.937216,,,synthetic;stratified;stratum=set_partition_min_size;family=set_partition_min_size;difficulty=small;domain=8;variant=3;seed=20260811;operatorcount=1;constraintcount=1;depth=1;set;partition;size,problems/benchmarks/synthetic/manifest.json
synthetic,syn-set_partition_min_size-small-07,wfomc,solved,127,127,0.765249,,,synthetic;stratified;stratum=set_partition_min_size;family=set_partition_min_size;difficulty=small;domain=8;variant=7;seed=20260811;operatorcount=1;constraintcount=1;depth=1;set;partition;size,problems/benchmarks/synthetic/manifest.json
synthetic,syn-set_composition_sizes-small-03,wfomc,solved,168,168,0.918089,,,synthetic;stratified;stratum=set_composition_sizes;family=set_composition_sizes;difficulty=small;domain=8;variant=3;seed=20260811;operatorcount=1;constraintcount=3;depth=1;set;composition;size,problems/benchmarks/synthetic/manifest.json
synthetic,syn-set_composition_sizes-small-07,wfomc,solved,8,8,0.828161,,,synthetic;stratified;stratum=set_composition_sizes;family=set_composition_sizes;difficulty=small;domain=8;variant=7;seed=20260811;operatorcount=1;constraintcount=2;depth=1;set;composition;size,problems/benchmarks/synthetic/manifest.json
synthetic,syn-dependent_choice_disjoint-small-03,wfomc,solved,840,840,0.490936,,,synthetic;stratified;stratum=dependent_choice_disjoint;family=dependent_choice_disjoint;difficulty=small;domain=8;variant=3;seed=20260811;operatorcount=3;constraintcount=1;depth=2;set;choose;disjoint;dependent_configuration;outside_cola_fragment,problems/benchmarks/synthetic/manifest.json
synthetic,syn-dependent_choice_disjoint-small-07,wfomc,solved,1120,1120,0.493025,,,synthetic;stratified;stratum=dependent_choice_disjoint;family=dependent_choice_disjoint;difficulty=small;domain=8;variant=7;seed=20260811;operatorcount=3;constraintcount=1;depth=2;set;choose;disjoint;dependent_configuration;outside_cola_fragment,problems/benchmarks/synthetic/manifest.json
synthetic,syn-dependent_tuple_position_count-small-03,wfomc,solved,240,240,1.188127,,,synthetic;stratified;stratum=dependent_tuple_position_count;family=dependent_tuple_position_count;difficulty=small;domain=8;variant=3;seed=20260811;operatorcount=2;constraintcount=2;depth=2;set;choose;tuple;position;count;dependent_configuration;outside_cola_fragment,problems/benchmarks/synthetic/manifest.json
synthetic,syn-dependent_tuple_position_count-small-07,wfomc,solved,1200,1200,1.190377,,,synthetic;stratified;stratum=dependent_tuple_position_count;family=dependent_tuple_position_count;difficulty=small;domain=8;variant=7;seed=20260811;operatorcount=2;constraintcount=2;depth=2;set;choose;tuple;position;count;dependent_configuration;outside_cola_fragment,problems/benchmarks/synthetic/manifest.json
synthetic,syn-dependent_sequence_patterns-small-03,wfomc,solved,96,96,0.966641,,,synthetic;stratified;stratum=dependent_sequence_patterns;family=dependent_sequence_patterns;difficulty=small;domain=8;variant=3;seed=20260811;operatorcount=2;constraintcount=6;depth=2;set;choose;sequence;adjacency;order;dependent_configuration;outside_cola_fragment,problems/benchmarks/synthetic/manifest.json
synthetic,syn-dependent_sequence_patterns-small-07,wfomc,solved,720,720,0.966344,,,synthetic;stratified;stratum=dependent_sequence_patterns;family=dependent_sequence_patterns;difficulty=small;domain=8;variant=7;seed=20260811;operatorcount=2;constraintcount=6;depth=2;set;choose;sequence;adjacency;order;dependent_configuration;outside_cola_fragment,problems/benchmarks/synthetic/manifest.json
synthetic,syn-dependent_partition_min_size-small-03,wfomc,solved,280,280,0.833767,,,synthetic;stratified;stratum=dependent_partition_min_size;family=dependent_partition_min_size;difficulty=small;domain=8;variant=3;seed=20260811;operatorcount=2;constraintcount=1;depth=2;set;choose;partition;size;dependent_configuration;outside_cola_fragment,problems/benchmarks/synthetic/manifest.json
synthetic,syn-dependent_partition_min_size-small-07,wfomc,solved,700,700,0.831814,,,synthetic;stratified;stratum=dependent_partition_min_size;family=dependent_partition_min_size;difficulty=small;domain=8;variant=7;seed=20260811;operatorcount=2;constraintcount=1;depth=2;set;choose;partition;size;dependent_configuration;outside_cola_fragment,problems/benchmarks/synthetic/manifest.json
synthetic,syn-dependent_composition_sizes-small-03,wfomc,solved,1680,1680,0.961942,,,synthetic;stratified;stratum=dependent_composition_sizes;family=dependent_composition_sizes;difficulty=small;domain=8;variant=3;seed=20260811;operatorcount=2;constraintcount=3;depth=2;set;choose;composition;size;dependent_configuration;outside_cola_fragment,problems/benchmarks/synthetic/manifest.json
synthetic,syn-dependent_composition_sizes-small-07,wfomc,solved,10080,10080,1.289404,,,synthetic;stratified;stratum=dependent_composition_sizes;family=dependent_composition_sizes;difficulty=small;domain=8;variant=7;seed=20260811;operatorcount=2;constraintcount=5;depth=2;set;choose;composition;size;dependent_configuration;outside_cola_fragment,problems/benchmarks/synthetic/manifest.json
synthetic,syn-dependent_bag_tuple-small-03,wfomc,solved,4200,4200,2.162600,,,synthetic;stratified;stratum=dependent_bag_tuple;family=dependent_bag_tuple;difficulty=small;domain=8;variant=3;seed=20260811;operatorcount=3;constraintcount=1;depth=2;bag;choose;tuple;set;membership;decomposition;dependent_configuration;outside_cola_fragment,problems/benchmarks/synthetic/manifest.json
synthetic,syn-dependent_bag_tuple-small-07,wfomc,solved,1260,1260,1.355356,,,synthetic;stratified;stratum=dependent_bag_tuple;family=dependent_bag_tuple;difficulty=small;domain=8;variant=7;seed=20260811;operatorcount=3;constraintcount=1;depth=2;bag;choose;tuple;set;membership;decomposition;dependent_configuration;outside_cola_fragment,problems/benchmarks/synthetic/manifest.json
synthetic,syn-nested_choice_chain-small-03,wfomc,solved,1260,1260,0.464739,,,synthetic;stratified;stratum=nested_choice_chain;family=nested_choice_chain;difficulty=small;domain=8;variant=3;seed=20260811;operatorcount=3;constraintcount=1;depth=3;set;choose;membership;dependent_configuration;outside_cola_fragment,problems/benchmarks/synthetic/manifest.json
synthetic,syn-nested_choice_chain-small-07,wfomc,solved,735,735,0.463745,,,synthetic;stratified;stratum=nested_choice_chain;family=nested_choice_chain;difficulty=small;domain=8;variant=7;seed=20260811;operatorcount=3;constraintcount=1;depth=3;set;choose;membership;dependent_configuration;outside_cola_fragment,problems/benchmarks/synthetic/manifest.json
synthetic,syn-dependent_selected_subsets-small-03,wfomc,solved,1120,1120,0.493897,,,synthetic;stratified;stratum=dependent_selected_subsets;family=dependent_selected_subsets;difficulty=small;domain=8;variant=3;seed=20260811;operatorcount=3;constraintcount=1;depth=2;set;choose;disjoint;dependent_configuration;outside_cola_fragment,problems/benchmarks/synthetic/manifest.json
synthetic,syn-dependent_selected_subsets-small-07,wfomc,solved,336,336,0.494427,,,synthetic;stratified;stratum=dependent_selected_subsets;family=dependent_selected_subsets;difficulty=small;domain=8;variant=7;seed=20260811;operatorcount=3;constraintcount=1;depth=2;set;choose;disjoint;dependent_configuration;outside_cola_fragment,problems/benchmarks/synthetic/manifest.json
synthetic,syn-set_choice_intersection-medium-03,wfomc,solved,252,252,0.815424,,,synthetic;stratified;stratum=set_choice_intersection;family=set_choice_intersection;difficulty=medium;domain=12;variant=3;seed=20260811;operatorcount=1;constraintcount=1;depth=1;set;choose;intersection;size,problems/benchmarks/synthetic/manifest.json
synthetic,syn-set_choice_intersection-medium-07,wfomc,solved,70,70,0.813659,,,synthetic;stratified;stratum=set_choice_intersection;family=set_choice_intersection;difficulty=medium;domain=12;variant=7;seed=20260811;operatorcount=1;constraintcount=1;depth=1;set;choose;intersection;size,problems/benchmarks/synthetic/manifest.json
synthetic,syn-bag_choice_multiplicity-medium-03,wfomc,solved,210,210,0.448157,,,synthetic;stratified;stratum=bag_choice_multiplicity;family=bag_choice_multiplicity;difficulty=medium;domain=12;variant=3;seed=20260811;operatorcount=1;constraintcount=1;depth=1;bag;choose;count,problems/benchmarks/synthetic/manifest.json
synthetic,syn-bag_choice_multiplicity-medium-07,wfomc,solved,126,126,0.447840,,,synthetic;stratified;stratum=bag_choice_multiplicity;family=bag_choice_multiplicity;difficulty=medium;domain=12;variant=7;seed=20260811;operatorcount=1;constraintcount=1;depth=1;bag;choose;count,problems/benchmarks/synthetic/manifest.json
synthetic,syn-set_tuple_position_count-medium-03,wfomc,solved,181440,181440,1.414658,,,synthetic;stratified;stratum=set_tuple_position_count;family=set_tuple_position_count;difficulty=medium;domain=12;variant=3;seed=20260811;operatorcount=1;constraintcount=2;depth=1;set;tuple;position;count,problems/benchmarks/synthetic/manifest.json
synthetic,syn-set_tuple_position_count-medium-07,wfomc,solved,423360,423360,1.424124,,,synthetic;stratified;stratum=set_tuple_position_count;family=set_tuple_position_count;difficulty=medium;domain=12;variant=7;seed=20260811;operatorcount=1;constraintcount=2;depth=1;set;tuple;position;count,problems/benchmarks/synthetic/manifest.json
synthetic,syn-bag_tuple_multiplicity-medium-03,wfomc,solved,6600,6600,3.662517,,,synthetic;stratified;stratum=bag_tuple_multiplicity;family=bag_tuple_multiplicity;difficulty=medium;domain=12;variant=3;seed=20260811;operatorcount=2;constraintcount=1;depth=1;bag;tuple;set;choose;membership;decomposition,problems/benchmarks/synthetic/manifest.json
synthetic,syn-bag_tuple_multiplicity-medium-07,wfomc,solved,3300,3300,3.662643,,,synthetic;stratified;stratum=bag_tuple_multiplicity;family=bag_tuple_multiplicity;difficulty=medium;domain=12;variant=7;seed=20260811;operatorcount=2;constraintcount=1;depth=1;bag;tuple;set;choose;membership;decomposition,problems/benchmarks/synthetic/manifest.json
synthetic,syn-set_sequence_patterns-medium-03,wfomc,solved,9979200,9979200,0.698093,,,synthetic;stratified;stratum=set_sequence_patterns;family=set_sequence_patterns;difficulty=medium;domain=12;variant=3;seed=20260811;operatorcount=1;constraintcount=4;depth=1;set;sequence;adjacency;order,problems/benchmarks/synthetic/manifest.json
synthetic,syn-set_sequence_patterns-medium-07,wfomc,solved,19958400,19958400,0.508635,,,synthetic;stratified;stratum=set_sequence_patterns;family=set_sequence_patterns;difficulty=medium;domain=12;variant=7;seed=20260811;operatorcount=1;constraintcount=3;depth=1;set;sequence;adjacency;order,problems/benchmarks/synthetic/manifest.json
synthetic,syn-bag_sequence_adjacency-medium-03,wfomc,solved,69300,69300,1.203303,,,synthetic;stratified;stratum=bag_sequence_adjacency;family=bag_sequence_adjacency;difficulty=medium;domain=12;variant=3;seed=20260811;operatorcount=1;constraintcount=1;depth=1;bag;sequence;adjacency,problems/benchmarks/synthetic/manifest.json
synthetic,syn-bag_sequence_adjacency-medium-07,wfomc,solved,92400,92400,1.209376,,,synthetic;stratified;stratum=bag_sequence_adjacency;family=bag_sequence_adjacency;difficulty=medium;domain=12;variant=7;seed=20260811;operatorcount=1;constraintcount=1;depth=1;bag;sequence;adjacency,problems/benchmarks/synthetic/manifest.json
synthetic,syn-set_partition_min_size-medium-03,wfomc,solved,74316,74316,0.749167,,,synthetic;stratified;stratum=set_partition_min_size;family=set_partition_min_size;difficulty=medium;domain=12;variant=3;seed=20260811;operatorcount=1;constraintcount=1;depth=1;set;partition;size,problems/benchmarks/synthetic/manifest.json
synthetic,syn-set_partition_min_size-medium-07,wfomc,solved,302995,302995,0.832667,,,synthetic;stratified;stratum=set_partition_min_size;family=set_partition_min_size;difficulty=medium;domain=12;variant=7;seed=20260811;operatorcount=1;constraintcount=1;depth=1;set;partition;size,problems/benchmarks/synthetic/manifest.json
synthetic,syn-set_composition_sizes-medium-03,wfomc,solved,12,12,0.739791,,,synthetic;stratified;stratum=set_composition_sizes;family=set_composition_sizes;difficulty=medium;domain=12;variant=3;seed=20260811;operatorcount=1;constraintcount=2;depth=1;set;composition;size,problems/benchmarks/synthetic/manifest.json
synthetic,syn-set_composition_sizes-medium-07,wfomc,solved,332640,332640,1.069452,,,synthetic;stratified;stratum=set_composition_sizes;family=set_composition_sizes;difficulty=medium;domain=12;variant=7;seed=20260811;operatorcount=1;constraintcount=5;depth=1;set;composition;size,problems/benchmarks/synthetic/manifest.json
synthetic,syn-dependent_choice_disjoint-medium-03,wfomc,solved,5940,5940,0.436799,,,synthetic;stratified;stratum=dependent_choice_disjoint;family=dependent_choice_disjoint;difficulty=medium;domain=12;variant=3;seed=20260811;operatorcount=3;constraintcount=1;depth=2;set;choose;disjoint;dependent_configuration;outside_cola_fragment,problems/benchmarks/synthetic/manifest.json
synthetic,syn-dependent_choice_disjoint-medium-07,wfomc,solved,55440,55440,0.434950,,,synthetic;stratified;stratum=dependent_choice_disjoint;family=dependent_choice_disjoint;difficulty=medium;domain=12;variant=7;seed=20260811;operatorcount=3;constraintcount=1;depth=2;set;choose;disjoint;dependent_configuration;outside_cola_fragment,problems/benchmarks/synthetic/manifest.json
synthetic,syn-dependent_tuple_position_count-medium-03,wfomc,solved,75600,75600,1.079615,,,synthetic;stratified;stratum=dependent_tuple_position_count;family=dependent_tuple_position_count;difficulty=medium;domain=12;variant=3;seed=20260811;operatorcount=2;constraintcount=2;depth=2;set;choose;tuple;position;count;dependent_configuration;outside_cola_fragment,problems/benchmarks/synthetic/manifest.json
synthetic,syn-dependent_tuple_position_count-medium-07,wfomc,solved,192,192,1.077150,,,synthetic;stratified;stratum=dependent_tuple_position_count;family=dependent_tuple_position_count;difficulty=medium;domain=12;variant=7;seed=20260811;operatorcount=2;constraintcount=2;depth=2;set;choose;tuple;position;count;dependent_configuration;outside_cola_fragment,problems/benchmarks/synthetic/manifest.json
synthetic,syn-dependent_sequence_patterns-medium-03,wfomc,solved,2257920,2257920,0.877038,,,synthetic;stratified;stratum=dependent_sequence_patterns;family=dependent_sequence_patterns;difficulty=medium;domain=12;variant=3;seed=20260811;operatorcount=2;constraintcount=6;depth=2;set;choose;sequence;adjacency;order;dependent_configuration;outside_cola_fragment,problems/benchmarks/synthetic/manifest.json
synthetic,syn-dependent_sequence_patterns-medium-07,wfomc,solved,40320,40320,1.319930,,,synthetic;stratified;stratum=dependent_sequence_patterns;family=dependent_sequence_patterns;difficulty=medium;domain=12;variant=7;seed=20260811;operatorcount=2;constraintcount=12;depth=2;set;choose;sequence;adjacency;order;dependent_configuration;outside_cola_fragment,problems/benchmarks/synthetic/manifest.json
synthetic,syn-dependent_partition_min_size-medium-03,wfomc,solved,33066,33066,0.745342,,,synthetic;stratified;stratum=dependent_partition_min_size;family=dependent_partition_min_size;difficulty=medium;domain=12;variant=3;seed=20260811;operatorcount=2;constraintcount=1;depth=2;set;choose;partition;size;dependent_configuration;outside_cola_fragment,problems/benchmarks/synthetic/manifest.json
synthetic,syn-dependent_partition_min_size-medium-07,wfomc,solved,841995,841995,0.909072,,,synthetic;stratified;stratum=dependent_partition_min_size;family=dependent_partition_min_size;difficulty=medium;domain=12;variant=7;seed=20260811;operatorcount=2;constraintcount=1;depth=2;set;choose;partition;size;dependent_configuration;outside_cola_fragment,problems/benchmarks/synthetic/manifest.json
synthetic,syn-dependent_composition_sizes-medium-03,wfomc,solved,2494800,2494800,1.175659,,,synthetic;stratified;stratum=dependent_composition_sizes;family=dependent_composition_sizes;difficulty=medium;domain=12;variant=3;seed=20260811;operatorcount=2;constraintcount=5;depth=2;set;choose;composition;size;dependent_configuration;outside_cola_fragment,problems/benchmarks/synthetic/manifest.json
synthetic,syn-dependent_composition_sizes-medium-07,wfomc,solved,27720,27720,0.782419,,,synthetic;stratified;stratum=dependent_composition_sizes;family=dependent_composition_sizes;difficulty=medium;domain=12;variant=7;seed=20260811;operatorcount=2;constraintcount=2;depth=2;set;choose;composition;size;dependent_configuration;outside_cola_fragment,problems/benchmarks/synthetic/manifest.json
synthetic,syn-dependent_bag_tuple-medium-03,wfomc,solved,194040,194040,1.213989,,,synthetic;stratified;stratum=dependent_bag_tuple;family=dependent_bag_tuple;difficulty=medium;domain=12;variant=3;seed=20260811;operatorcount=3;constraintcount=1;depth=2;bag;choose;tuple;set;membership;decomposition;dependent_configuration;outside_cola_fragment,problems/benchmarks/synthetic/manifest.json
synthetic,syn-dependent_bag_tuple-medium-07,wfomc,solved,83160,83160,1.213298,,,synthetic;stratified;stratum=dependent_bag_tuple;family=dependent_bag_tuple;difficulty=medium;domain=12;variant=7;seed=20260811;operatorcount=3;constraintcount=1;depth=2;bag;choose;tuple;set;membership;decomposition;dependent_configuration;outside_cola_fragment,problems/benchmarks/synthetic/manifest.json
synthetic,syn-nested_choice_chain-medium-03,wfomc,solved,6600,6600,0.417712,,,synthetic;stratified;stratum=nested_choice_chain;family=nested_choice_chain;difficulty=medium;domain=12;variant=3;seed=20260811;operatorcount=3;constraintcount=1;depth=3;set;choose;membership;dependent_configuration;outside_cola_fragment,problems/benchmarks/synthetic/manifest.json
synthetic,syn-nested_choice_chain-medium-07,wfomc,solved,6600,6600,0.416670,,,synthetic;stratified;stratum=nested_choice_chain;family=nested_choice_chain;difficulty=medium;domain=12;variant=7;seed=20260811;operatorcount=3;constraintcount=1;depth=3;set;choose;membership;dependent_configuration;outside_cola_fragment,problems/benchmarks/synthetic/manifest.json
synthetic,syn-dependent_selected_subsets-medium-03,wfomc,solved,15840,15840,0.439918,,,synthetic;stratified;stratum=dependent_selected_subsets;family=dependent_selected_subsets;difficulty=medium;domain=12;variant=3;seed=20260811;operatorcount=3;constraintcount=1;depth=2;set;choose;disjoint;dependent_configuration;outside_cola_fragment,problems/benchmarks/synthetic/manifest.json
synthetic,syn-dependent_selected_subsets-medium-07,wfomc,solved,27720,27720,0.447599,,,synthetic;stratified;stratum=dependent_selected_subsets;family=dependent_selected_subsets;difficulty=medium;domain=12;variant=7;seed=20260811;operatorcount=3;constraintcount=1;depth=2;set;choose;disjoint;dependent_configuration;outside_cola_fragment,problems/benchmarks/synthetic/manifest.json
synthetic,syn-set_choice_intersection-large-03,wfomc,solved,448,448,0.733544,,,synthetic;stratified;stratum=set_choice_intersection;family=set_choice_intersection;difficulty=large;domain=16;variant=3;seed=20260811;operatorcount=1;constraintcount=1;depth=1;set;choose;intersection;size,problems/benchmarks/synthetic/manifest.json
synthetic,syn-set_choice_intersection-large-07,wfomc,solved,3920,3920,0.736881,,,synthetic;stratified;stratum=set_choice_intersection;family=set_choice_intersection;difficulty=large;domain=16;variant=7;seed=20260811;operatorcount=1;constraintcount=1;depth=1;set;choose;intersection;size,problems/benchmarks/synthetic/manifest.json
synthetic,syn-bag_choice_multiplicity-large-03,wfomc,solved,14,14,0.407053,,,synthetic;stratified;stratum=bag_choice_multiplicity;family=bag_choice_multiplicity;difficulty=large;domain=16;variant=3;seed=20260811;operatorcount=1;constraintcount=1;depth=1;bag;choose;count,problems/benchmarks/synthetic/manifest.json
synthetic,syn-bag_choice_multiplicity-large-07,wfomc,solved,55,55,0.405978,,,synthetic;stratified;stratum=bag_choice_multiplicity;family=bag_choice_multiplicity;difficulty=large;domain=16;variant=7;seed=20260811;operatorcount=1;constraintcount=1;depth=1;bag;choose;count,problems/benchmarks/synthetic/manifest.json
synthetic,syn-set_tuple_position_count-large-03,wfomc,solved,90720,90720,1.303124,,,synthetic;stratified;stratum=set_tuple_position_count;family=set_tuple_position_count;difficulty=large;domain=16;variant=3;seed=20260811;operatorcount=1;constraintcount=2;depth=1;set;tuple;position;count,problems/benchmarks/synthetic/manifest.json
synthetic,syn-set_tuple_position_count-large-07,wfomc,solved,90720,90720,1.300344,,,synthetic;stratified;stratum=set_tuple_position_count;family=set_tuple_position_count;difficulty=large;domain=16;variant=7;seed=20260811;operatorcount=1;constraintcount=2;depth=1;set;tuple;position;count,problems/benchmarks/synthetic/manifest.json
synthetic,syn-bag_tuple_multiplicity-large-03,wfomc,solved,1544400,1544400,6.873649,,,synthetic;stratified;stratum=bag_tuple_multiplicity;family=bag_tuple_multiplicity;difficulty=large;domain=16;variant=3;seed=20260811;operatorcount=2;constraintcount=1;depth=1;bag;tuple;set;choose;membership;decomposition,problems/benchmarks/synthetic/manifest.json
synthetic,syn-bag_tuple_multiplicity-large-07,wfomc,solved,2402400,2402400,1.193481,,,synthetic;stratified;stratum=bag_tuple_multiplicity;family=bag_tuple_multiplicity;difficulty=large;domain=16;variant=7;seed=20260811;operatorcount=2;constraintcount=1;depth=1;bag;tuple;set;choose;membership;decomposition,problems/benchmarks/synthetic/manifest.json
synthetic,syn-set_sequence_patterns-large-03,wfomc,solved,326918592000,326918592000,0.796564,,,synthetic;stratified;stratum=set_sequence_patterns;family=set_sequence_patterns;difficulty=large;domain=16;variant=3;seed=20260811;operatorcount=1;constraintcount=4;depth=1;set;sequence;adjacency;order,problems/benchmarks/synthetic/manifest.json
synthetic,syn-set_sequence_patterns-large-07,wfomc,solved,1307674368000,1307674368000,0.449001,,,synthetic;stratified;stratum=set_sequence_patterns;family=set_sequence_patterns;difficulty=large;domain=16;variant=7;seed=20260811;operatorcount=1;constraintcount=2;depth=1;set;sequence;adjacency;order,problems/benchmarks/synthetic/manifest.json
synthetic,syn-bag_sequence_adjacency-large-03,wfomc,solved,5460,5460,3.733524,,,synthetic;stratified;stratum=bag_sequence_adjacency;family=bag_sequence_adjacency;difficulty=large;domain=16;variant=3;seed=20260811;operatorcount=1;constraintcount=1;depth=1;bag;sequence;adjacency,problems/benchmarks/synthetic/manifest.json
synthetic,syn-bag_sequence_adjacency-large-07,wfomc,solved,3603600,3603600,3.715425,,,synthetic;stratified;stratum=bag_sequence_adjacency;family=bag_sequence_adjacency;difficulty=large;domain=16;variant=7;seed=20260811;operatorcount=1;constraintcount=1;depth=1;bag;sequence;adjacency,problems/benchmarks/synthetic/manifest.json
synthetic,syn-set_partition_min_size-large-03,wfomc,solved,32767,32767,0.681064,,,synthetic;stratified;stratum=set_partition_min_size;family=set_partition_min_size;difficulty=large;domain=16;variant=3;seed=20260811;operatorcount=1;constraintcount=1;depth=1;set;partition;size,problems/benchmarks/synthetic/manifest.json
synthetic,syn-set_partition_min_size-large-07,wfomc,solved,32071,32071,0.687773,,,synthetic;stratified;stratum=set_partition_min_size;family=set_partition_min_size;difficulty=large;domain=16;variant=7;seed=20260811;operatorcount=1;constraintcount=1;depth=1;set;partition;size,problems/benchmarks/synthetic/manifest.json
synthetic,syn-set_composition_sizes-large-03,wfomc,solved,100900800,100900800,1.170399,,,synthetic;stratified;stratum=set_composition_sizes;family=set_composition_sizes;difficulty=large;domain=16;variant=3;seed=20260811;operatorcount=1;constraintcount=5;depth=1;set;composition;size,problems/benchmarks/synthetic/manifest.json
synthetic,syn-set_composition_sizes-large-07,wfomc,solved,151351200,151351200,1.134996,,,synthetic;stratified;stratum=set_composition_sizes;family=set_composition_sizes;difficulty=large;domain=16;variant=7;seed=20260811;operatorcount=1;constraintcount=5;depth=1;set;composition;size,problems/benchmarks/synthetic/manifest.json
synthetic,syn-dependent_choice_disjoint-large-03,wfomc,solved,823680,823680,0.442255,,,synthetic;stratified;stratum=dependent_choice_disjoint;family=dependent_choice_disjoint;difficulty=large;domain=16;variant=3;seed=20260811;operatorcount=3;constraintcount=1;depth=2;set;choose;disjoint;dependent_configuration;outside_cola_fragment,problems/benchmarks/synthetic/manifest.json
synthetic,syn-dependent_choice_disjoint-large-07,wfomc,solved,480480,480480,0.451967,,,synthetic;stratified;stratum=dependent_choice_disjoint;family=dependent_choice_disjoint;difficulty=large;domain=16;variant=7;seed=20260811;operatorcount=3;constraintcount=1;depth=2;set;choose;disjoint;dependent_configuration;outside_cola_fragment,problems/benchmarks/synthetic/manifest.json
synthetic,syn-dependent_tuple_position_count-large-03,wfomc,solved,118800,118800,1.093156,,,synthetic;stratified;stratum=dependent_tuple_position_count;family=dependent_tuple_position_count;difficulty=large;domain=16;variant=3;seed=20260811;operatorcount=2;constraintcount=2;depth=2;set;choose;tuple;position;count;dependent_configuration;outside_cola_fragment,problems/benchmarks/synthetic/manifest.json
synthetic,syn-dependent_tuple_position_count-large-07,wfomc,solved,144000,144000,1.105205,,,synthetic;stratified;stratum=dependent_tuple_position_count;family=dependent_tuple_position_count;difficulty=large;domain=16;variant=7;seed=20260811;operatorcount=2;constraintcount=2;depth=2;set;choose;tuple;position;count;dependent_configuration;outside_cola_fragment,problems/benchmarks/synthetic/manifest.json
synthetic,syn-dependent_sequence_patterns-large-03,wfomc,solved,2419200,2419200,0.998816,,,synthetic;stratified;stratum=dependent_sequence_patterns;family=dependent_sequence_patterns;difficulty=large;domain=16;variant=3;seed=20260811;operatorcount=2;constraintcount=9;depth=2;set;choose;sequence;adjacency;order;dependent_configuration;outside_cola_fragment,problems/benchmarks/synthetic/manifest.json
synthetic,syn-dependent_sequence_patterns-large-07,wfomc,solved,158400,158400,0.871640,,,synthetic;stratified;stratum=dependent_sequence_patterns;family=dependent_sequence_patterns;difficulty=large;domain=16;variant=7;seed=20260811;operatorcount=2;constraintcount=6;depth=2;set;choose;sequence;adjacency;order;dependent_configuration;outside_cola_fragment,problems/benchmarks/synthetic/manifest.json
synthetic,syn-dependent_partition_min_size-large-03,wfomc,solved,124492368,124492368,0.823545,,,synthetic;stratified;stratum=dependent_partition_min_size;family=dependent_partition_min_size;difficulty=large;domain=16;variant=3;seed=20260811;operatorcount=2;constraintcount=1;depth=2;set;choose;partition;size;dependent_configuration;outside_cola_fragment,problems/benchmarks/synthetic/manifest.json
synthetic,syn-dependent_partition_min_size-large-07,wfomc,solved,34606000,34606000,0.806902,,,synthetic;stratified;stratum=dependent_partition_min_size;family=dependent_partition_min_size;difficulty=large;domain=16;variant=7;seed=20260811;operatorcount=2;constraintcount=1;depth=2;set;choose;partition;size;dependent_configuration;outside_cola_fragment,problems/benchmarks/synthetic/manifest.json
synthetic,syn-dependent_composition_sizes-large-03,wfomc,solved,2882880,2882880,1.192705,,,synthetic;stratified;stratum=dependent_composition_sizes;family=dependent_composition_sizes;difficulty=large;domain=16;variant=3;seed=20260811;operatorcount=2;constraintcount=5;depth=2;set;choose;composition;size;dependent_configuration;outside_cola_fragment,problems/benchmarks/synthetic/manifest.json
synthetic,syn-dependent_composition_sizes-large-07,wfomc,solved,28828800,28828800,0.983724,,,synthetic;stratified;stratum=dependent_composition_sizes;family=dependent_composition_sizes;difficulty=large;domain=16;variant=7;seed=20260811;operatorcount=2;constraintcount=4;depth=2;set;choose;composition;size;dependent_configuration;outside_cola_fragment,problems/benchmarks/synthetic/manifest.json
synthetic,syn-dependent_bag_tuple-large-03,wfomc,solved,16800,16800,7.364149,,,synthetic;stratified;stratum=dependent_bag_tuple;family=dependent_bag_tuple;difficulty=large;domain=16;variant=3;seed=20260811;operatorcount=3;constraintcount=1;depth=2;bag;choose;tuple;set;membership;decomposition;dependent_configuration;outside_cola_fragment,problems/benchmarks/synthetic/manifest.json
synthetic,syn-dependent_bag_tuple-large-07,wfomc,solved,43680,43680,8.128159,,,synthetic;stratified;stratum=dependent_bag_tuple;family=dependent_bag_tuple;difficulty=large;domain=16;variant=7;seed=20260811;operatorcount=3;constraintcount=1;depth=2;bag;choose;tuple;set;membership;decomposition;dependent_configuration;outside_cola_fragment,problems/benchmarks/synthetic/manifest.json
synthetic,syn-nested_choice_chain-large-03,wfomc,solved,180180,180180,0.417059,,,synthetic;stratified;stratum=nested_choice_chain;family=nested_choice_chain;difficulty=large;domain=16;variant=3;seed=20260811;operatorcount=3;constraintcount=1;depth=3;set;choose;membership;dependent_configuration;outside_cola_fragment,problems/benchmarks/synthetic/manifest.json
synthetic,syn-nested_choice_chain-large-07,wfomc,solved,525525,525525,0.414875,,,synthetic;stratified;stratum=nested_choice_chain;family=nested_choice_chain;difficulty=large;domain=16;variant=7;seed=20260811;operatorcount=3;constraintcount=1;depth=3;set;choose;membership;dependent_configuration;outside_cola_fragment,problems/benchmarks/synthetic/manifest.json
synthetic,syn-dependent_selected_subsets-large-03,wfomc,solved,480480,480480,0.450940,,,synthetic;stratified;stratum=dependent_selected_subsets;family=dependent_selected_subsets;difficulty=large;domain=16;variant=3;seed=20260811;operatorcount=3;constraintcount=1;depth=2;set;choose;disjoint;dependent_configuration;outside_cola_fragment,problems/benchmarks/synthetic/manifest.json
synthetic,syn-dependent_selected_subsets-large-07,wfomc,solved,480480,480480,0.449232,,,synthetic;stratified;stratum=dependent_selected_subsets;family=dependent_selected_subsets;difficulty=large;domain=16;variant=7;seed=20260811;operatorcount=3;constraintcount=1;depth=2;set;choose;disjoint;dependent_configuration;outside_cola_fragment,problems/benchmarks/synthetic/manifest.json
growing,banana_005,wfomc,solved,30,30,1.005701,,,banana;bag;tuple;growing;family=banana;domain=5,BANANA bag tuple
growing,banana_010,wfomc,solved,1260,1260,1.007190,,,banana;bag;tuple;growing;family=banana;domain=10,BANANA bag tuple
growing,banana_015,wfomc,solved,180180,180180,1.296760,,,banana;bag;tuple;growing;family=banana;domain=15,BANANA bag tuple
growing,banana_020,wfomc,solved,22170720,22170720,1.300216,,,banana;bag;tuple;growing;family=banana;domain=20,BANANA bag tuple
growing,banana_025,wfomc,solved,3718214500,3718214500,1.295456,,,banana;bag;tuple;growing;family=banana;domain=25,BANANA bag tuple
growing,banana_030,wfomc,solved,465817912560,465817912560,1.315801,,,banana;bag;tuple;growing;family=banana;domain=30,BANANA bag tuple
growing,banana_035,wfomc,solved,38877879625200,38877879625200,1.315067,,,banana;bag;tuple;growing;family=banana;domain=35,BANANA bag tuple
growing,banana_040,wfomc,solved,5342931457063200,5342931457063200,1.314590,,,banana;bag;tuple;growing;family=banana;domain=40,BANANA bag tuple
growing,banana_045,wfomc,solved,1009241588443116600,1009241588443116600,1.320456,,,banana;bag;tuple;growing;family=banana;domain=45,BANANA bag tuple
growing,banana_050,wfomc,solved,136722551657911619400,136722551657911619400,1.309977,,,banana;bag;tuple;growing;family=banana;domain=50,BANANA bag tuple
growing,banana_055,wfomc,solved,26414370555196141518000,26414370555196141518000,1.314807,,,banana;bag;tuple;growing;family=banana;domain=55,BANANA bag tuple
growing,banana_060,wfomc,solved,3553261127084984957001360,3553261127084984957001360,1.319114,,,banana;bag;tuple;growing;family=banana;domain=60,BANANA bag tuple
growing,banana_065,wfomc,solved,334118902029058466905384800,334118902029058466905384800,1.329580,,,banana;bag;tuple;growing;family=banana;domain=65,BANANA bag tuple
growing,banana_070,wfomc,solved,46807020729707190681927088800,46807020729707190681927088800,1.360548,,,banana;bag;tuple;growing;family=banana;domain=70,BANANA bag tuple
growing,banana_075,wfomc,solved,9330799555464321896324157740400,9330799555464321896324157740400,1.293370,,,banana;bag;tuple;growing;family=banana;domain=75,BANANA bag tuple
growing,banana_080,wfomc,solved,1293658203894916697329683225865600,1293658203894916697329683225865600,1.280444,,,banana;bag;tuple;growing;family=banana;domain=80,BANANA bag tuple
growing,banana_085,wfomc,solved,260122255069236319941074640336744000,260122255069236319941074640336744000,1.276410,,,banana;bag;tuple;growing;family=banana;domain=85,BANANA bag tuple
growing,banana_090,wfomc,solved,35806695484463943560955394491153934080,35806695484463943560955394491153934080,1.287660,,,banana;bag;tuple;growing;family=banana;domain=90,BANANA bag tuple
growing,banana_095,wfomc,solved,3517600937081713546414311197454838183200,3517600937081713546414311197454838183200,1.287643,,,banana;bag;tuple;growing;family=banana;domain=95,BANANA bag tuple
growing,banana_100,wfomc,solved,496757673511701399797303388664100162842200,496757673511701399797303388664100162842200,1.301940,,,banana;bag;tuple;growing;family=banana;domain=100,BANANA bag tuple
growing,fourletter_005,wfomc,solved,18,18,0.980311,,,fourletter;set;tuple;position;count;growing;family=fourletter;domain=5,four-letter arrangements
growing,fourletter_010,wfomc,solved,168,168,0.993067,,,fourletter;set;tuple;position;count;growing;family=fourletter;domain=10,four-letter arrangements
growing,fourletter_015,wfomc,solved,468,468,0.999460,,,fourletter;set;tuple;position;count;growing;family=fourletter;domain=15,four-letter arrangements
growing,fourletter_020,wfomc,solved,918,918,1.005889,,,fourletter;set;tuple;position;count;growing;family=fourletter;domain=20,four-letter arrangements
growing,fourletter_025,wfomc,solved,1518,1518,1.010886,,,fourletter;set;tuple;position;count;growing;family=fourletter;domain=25,four-letter arrangements
growing,fourletter_030,wfomc,solved,2268,2268,1.022217,,,fourletter;set;tuple;position;count;growing;family=fourletter;domain=30,four-letter arrangements
growing,fourletter_035,wfomc,solved,3168,3168,1.036052,,,fourletter;set;tuple;position;count;growing;family=fourletter;domain=35,four-letter arrangements
growing,fourletter_040,wfomc,solved,4218,4218,1.051920,,,fourletter;set;tuple;position;count;growing;family=fourletter;domain=40,four-letter arrangements
growing,fourletter_045,wfomc,solved,5418,5418,1.078805,,,fourletter;set;tuple;position;count;growing;family=fourletter;domain=45,four-letter arrangements
growing,fourletter_050,wfomc,solved,6768,6768,1.109253,,,fourletter;set;tuple;position;count;growing;family=fourletter;domain=50,four-letter arrangements
growing,fourletter_055,wfomc,solved,8268,8268,1.138640,,,fourletter;set;tuple;position;count;growing;family=fourletter;domain=55,four-letter arrangements
growing,fourletter_060,wfomc,solved,9918,9918,1.173633,,,fourletter;set;tuple;position;count;growing;family=fourletter;domain=60,four-letter arrangements
growing,fourletter_065,wfomc,solved,11718,11718,1.210096,,,fourletter;set;tuple;position;count;growing;family=fourletter;domain=65,four-letter arrangements
growing,fourletter_070,wfomc,solved,13668,13668,1.260224,,,fourletter;set;tuple;position;count;growing;family=fourletter;domain=70,four-letter arrangements
growing,fourletter_075,wfomc,solved,15768,15768,1.323006,,,fourletter;set;tuple;position;count;growing;family=fourletter;domain=75,four-letter arrangements
growing,fourletter_080,wfomc,solved,18018,18018,1.394651,,,fourletter;set;tuple;position;count;growing;family=fourletter;domain=80,four-letter arrangements
growing,fourletter_085,wfomc,solved,20418,20418,1.362835,,,fourletter;set;tuple;position;count;growing;family=fourletter;domain=85,four-letter arrangements
growing,fourletter_090,wfomc,solved,22968,22968,1.514819,,,fourletter;set;tuple;position;count;growing;family=fourletter;domain=90,four-letter arrangements
growing,fourletter_095,wfomc,solved,25668,25668,1.659666,,,fourletter;set;tuple;position;count;growing;family=fourletter;domain=95,four-letter arrangements
growing,fourletter_100,wfomc,solved,28518,28518,1.802340,,,fourletter;set;tuple;position;count;growing;family=fourletter;domain=100,four-letter arrangements
growing,mathcounts_005,wfomc,solved,4,4,1.133099,,,mathcounts;bag;choose;count;growing;family=mathcounts;domain=5,MATHCOUNTS bag choose
growing,mathcounts_010,wfomc,solved,100,100,1.023360,,,mathcounts;bag;choose;count;growing;family=mathcounts;domain=10,MATHCOUNTS bag choose
growing,mathcounts_015,wfomc,solved,614,614,1.020430,,,mathcounts;bag;choose;count;growing;family=mathcounts;domain=15,MATHCOUNTS bag choose
growing,mathcounts_020,wfomc,solved,2569,2569,1.016811,,,mathcounts;bag;choose;count;growing;family=mathcounts;domain=20,MATHCOUNTS bag choose
growing,mathcounts_025,wfomc,solved,6525,6525,1.026020,,,mathcounts;bag;choose;count;growing;family=mathcounts;domain=25,MATHCOUNTS bag choose
growing,mathcounts_030,wfomc,solved,13899,13899,1.026813,,,mathcounts;bag;choose;count;growing;family=mathcounts;domain=30,MATHCOUNTS bag choose
growing,mathcounts_035,wfomc,solved,28809,28809,1.028502,,,mathcounts;bag;choose;count;growing;family=mathcounts;domain=35,MATHCOUNTS bag choose
growing,mathcounts_040,wfomc,solved,49375,49375,1.035180,,,mathcounts;bag;choose;count;growing;family=mathcounts;domain=40,MATHCOUNTS bag choose
growing,mathcounts_045,wfomc,solved,79359,79359,1.033314,,,mathcounts;bag;choose;count;growing;family=mathcounts;domain=45,MATHCOUNTS bag choose
growing,mathcounts_050,wfomc,solved,129224,129224,1.035057,,,mathcounts;bag;choose;count;growing;family=mathcounts;domain=50,MATHCOUNTS bag choose
growing,mathcounts_055,wfomc,solved,188650,188650,1.044478,,,mathcounts;bag;choose;count;growing;family=mathcounts;domain=55,MATHCOUNTS bag choose
growing,mathcounts_060,wfomc,solved,266494,266494,1.042507,,,mathcounts;bag;choose;count;growing;family=mathcounts;domain=60,MATHCOUNTS bag choose
growing,mathcounts_065,wfomc,solved,384314,384314,1.049741,,,mathcounts;bag;choose;count;growing;family=mathcounts;domain=65,MATHCOUNTS bag choose
growing,mathcounts_070,wfomc,solved,514350,514350,1.054073,,,mathcounts;bag;choose;count;growing;family=mathcounts;domain=70,MATHCOUNTS bag choose
growing,mathcounts_075,wfomc,solved,674804,674804,1.057442,,,mathcounts;bag;choose;count;growing;family=mathcounts;domain=75,MATHCOUNTS bag choose
growing,mathcounts_080,wfomc,solved,904579,904579,1.052642,,,mathcounts;bag;choose;count;growing;family=mathcounts;domain=80,MATHCOUNTS bag choose
growing,mathcounts_085,wfomc,solved,1146475,1146475,1.069232,,,mathcounts;bag;choose;count;growing;family=mathcounts;domain=85,MATHCOUNTS bag choose
growing,mathcounts_090,wfomc,solved,1433789,1433789,1.002270,,,mathcounts;bag;choose;count;growing;family=mathcounts;domain=90,MATHCOUNTS bag choose
growing,mathcounts_095,wfomc,solved,1830519,1830519,0.999005,,,mathcounts;bag;choose;count;growing;family=mathcounts;domain=95,MATHCOUNTS bag choose
growing,mathcounts_100,wfomc,solved,2235025,2235025,0.981943,,,mathcounts;bag;choose;count;growing;family=mathcounts;domain=100,MATHCOUNTS bag choose
growing,nested_choice_005,wfomc,solved,20,20,0.540604,,,nested_choice;set;choose;dependent_configuration;outside_cola_fragment;growing;family=nested_choice;domain=5,choose a team and then its captain
growing,nested_choice_010,wfomc,solved,840,840,0.718449,,,nested_choice;set;choose;dependent_configuration;outside_cola_fragment;growing;family=nested_choice;domain=10,choose a team and then its captain
growing,nested_choice_015,wfomc,solved,5460,5460,0.737473,,,nested_choice;set;choose;dependent_configuration;outside_cola_fragment;growing;family=nested_choice;domain=15,choose a team and then its captain
growing,nested_choice_020,wfomc,solved,19380,19380,0.736620,,,nested_choice;set;choose;dependent_configuration;outside_cola_fragment;growing;family=nested_choice;domain=20,choose a team and then its captain
growing,nested_choice_025,wfomc,solved,50600,50600,0.739480,,,nested_choice;set;choose;dependent_configuration;outside_cola_fragment;growing;family=nested_choice;domain=25,choose a team and then its captain
growing,nested_choice_030,wfomc,solved,109620,109620,0.573052,,,nested_choice;set;choose;dependent_configuration;outside_cola_fragment;growing;family=nested_choice;domain=30,choose a team and then its captain
growing,nested_choice_035,wfomc,solved,209440,209440,0.480597,,,nested_choice;set;choose;dependent_configuration;outside_cola_fragment;growing;family=nested_choice;domain=35,choose a team and then its captain
growing,nested_choice_040,wfomc,solved,365560,365560,0.475003,,,nested_choice;set;choose;dependent_configuration;outside_cola_fragment;growing;family=nested_choice;domain=40,choose a team and then its captain
growing,nested_choice_045,wfomc,solved,595980,595980,0.480139,,,nested_choice;set;choose;dependent_configuration;outside_cola_fragment;growing;family=nested_choice;domain=45,choose a team and then its captain
growing,nested_choice_050,wfomc,solved,921200,921200,0.481037,,,nested_choice;set;choose;dependent_configuration;outside_cola_fragment;growing;family=nested_choice;domain=50,choose a team and then its captain
growing,nested_choice_055,wfomc,solved,1364220,1364220,0.483099,,,nested_choice;set;choose;dependent_configuration;outside_cola_fragment;growing;family=nested_choice;domain=55,choose a team and then its captain
growing,nested_choice_060,wfomc,solved,1950540,1950540,0.483436,,,nested_choice;set;choose;dependent_configuration;outside_cola_fragment;growing;family=nested_choice;domain=60,choose a team and then its captain
growing,nested_choice_065,wfomc,solved,2708160,2708160,0.491720,,,nested_choice;set;choose;dependent_configuration;outside_cola_fragment;growing;family=nested_choice;domain=65,choose a team and then its captain
growing,nested_choice_070,wfomc,solved,3667580,3667580,0.487417,,,nested_choice;set;choose;dependent_configuration;outside_cola_fragment;growing;family=nested_choice;domain=70,choose a team and then its captain
growing,nested_choice_075,wfomc,solved,4861800,4861800,0.490583,,,nested_choice;set;choose;dependent_configuration;outside_cola_fragment;growing;family=nested_choice;domain=75,choose a team and then its captain
growing,nested_choice_080,wfomc,solved,6326320,6326320,0.491917,,,nested_choice;set;choose;dependent_configuration;outside_cola_fragment;growing;family=nested_choice;domain=80,choose a team and then its captain
growing,nested_choice_085,wfomc,solved,8099140,8099140,0.496255,,,nested_choice;set;choose;dependent_configuration;outside_cola_fragment;growing;family=nested_choice;domain=85,choose a team and then its captain
growing,nested_choice_090,wfomc,solved,10220760,10220760,0.499274,,,nested_choice;set;choose;dependent_configuration;outside_cola_fragment;growing;family=nested_choice;domain=90,choose a team and then its captain
growing,nested_choice_095,wfomc,solved,12734180,12734180,0.508874,,,nested_choice;set;choose;dependent_configuration;outside_cola_fragment;growing;family=nested_choice;domain=95,choose a team and then its captain
growing,nested_choice_100,wfomc,solved,15684900,15684900,0.511036,,,nested_choice;set;choose;dependent_configuration;outside_cola_fragment;growing;family=nested_choice;domain=100,choose a team and then its captain
growing,selected_pairs_005,wfomc,solved,15,15,0.848221,,,selected_pairs;set;choose;partition;dependent_configuration;outside_cola_fragment;growing;family=selected_pairs;domain=5,choose four people and partition them into pairs
growing,selected_pairs_010,wfomc,solved,630,630,0.851212,,,selected_pairs;set;choose;partition;dependent_configuration;outside_cola_fragment;growing;family=selected_pairs;domain=10,choose four people and partition them into pairs
growing,selected_pairs_015,wfomc,solved,4095,4095,0.843853,,,selected_pairs;set;choose;partition;dependent_configuration;outside_cola_fragment;growing;family=selected_pairs;domain=15,choose four people and partition them into pairs
growing,selected_pairs_020,wfomc,solved,14535,14535,0.861884,,,selected_pairs;set;choose;partition;dependent_configuration;outside_cola_fragment;growing;family=selected_pairs;domain=20,choose four people and partition them into pairs
growing,selected_pairs_025,wfomc,solved,37950,37950,0.850933,,,selected_pairs;set;choose;partition;dependent_configuration;outside_cola_fragment;growing;family=selected_pairs;domain=25,choose four people and partition them into pairs
growing,selected_pairs_030,wfomc,solved,82215,82215,0.847403,,,selected_pairs;set;choose;partition;dependent_configuration;outside_cola_fragment;growing;family=selected_pairs;domain=30,choose four people and partition them into pairs
growing,selected_pairs_035,wfomc,solved,157080,157080,0.842524,,,selected_pairs;set;choose;partition;dependent_configuration;outside_cola_fragment;growing;family=selected_pairs;domain=35,choose four people and partition them into pairs
growing,selected_pairs_040,wfomc,solved,274170,274170,0.862145,,,selected_pairs;set;choose;partition;dependent_configuration;outside_cola_fragment;growing;family=selected_pairs;domain=40,choose four people and partition them into pairs
growing,selected_pairs_045,wfomc,solved,446985,446985,0.863143,,,selected_pairs;set;choose;partition;dependent_configuration;outside_cola_fragment;growing;family=selected_pairs;domain=45,choose four people and partition them into pairs
growing,selected_pairs_050,wfomc,solved,690900,690900,0.852201,,,selected_pairs;set;choose;partition;dependent_configuration;outside_cola_fragment;growing;family=selected_pairs;domain=50,choose four people and partition them into pairs
growing,selected_pairs_055,wfomc,solved,1023165,1023165,0.862190,,,selected_pairs;set;choose;partition;dependent_configuration;outside_cola_fragment;growing;family=selected_pairs;domain=55,choose four people and partition them into pairs
growing,selected_pairs_060,wfomc,solved,1462905,1462905,0.858881,,,selected_pairs;set;choose;partition;dependent_configuration;outside_cola_fragment;growing;family=selected_pairs;domain=60,choose four people and partition them into pairs
growing,selected_pairs_065,wfomc,solved,2031120,2031120,0.867610,,,selected_pairs;set;choose;partition;dependent_configuration;outside_cola_fragment;growing;family=selected_pairs;domain=65,choose four people and partition them into pairs
growing,selected_pairs_070,wfomc,solved,2750685,2750685,0.862271,,,selected_pairs;set;choose;partition;dependent_configuration;outside_cola_fragment;growing;family=selected_pairs;domain=70,choose four people and partition them into pairs
growing,selected_pairs_075,wfomc,solved,3646350,3646350,0.861268,,,selected_pairs;set;choose;partition;dependent_configuration;outside_cola_fragment;growing;family=selected_pairs;domain=75,choose four people and partition them into pairs
growing,selected_pairs_080,wfomc,solved,4744740,4744740,0.862183,,,selected_pairs;set;choose;partition;dependent_configuration;outside_cola_fragment;growing;family=selected_pairs;domain=80,choose four people and partition them into pairs
growing,selected_pairs_085,wfomc,solved,6074355,6074355,0.867368,,,selected_pairs;set;choose;partition;dependent_configuration;outside_cola_fragment;growing;family=selected_pairs;domain=85,choose four people and partition them into pairs
growing,selected_pairs_090,wfomc,solved,7665570,7665570,0.862904,,,selected_pairs;set;choose;partition;dependent_configuration;outside_cola_fragment;growing;family=selected_pairs;domain=90,choose four people and partition them into pairs
growing,selected_pairs_095,wfomc,solved,9550635,9550635,0.879135,,,selected_pairs;set;choose;partition;dependent_configuration;outside_cola_fragment;growing;family=selected_pairs;domain=95,choose four people and partition them into pairs
growing,selected_pairs_100,wfomc,solved,11763675,11763675,0.877148,,,selected_pairs;set;choose;partition;dependent_configuration;outside_cola_fragment;growing;family=selected_pairs;domain=100,choose four people and partition them into pairs
growing,selected_sequence_005,wfomc,solved,48,48,0.644050,,,selected_sequence;set;choose;sequence;adjacency;dependent_configuration;outside_cola_fragment;growing;family=selected_sequence;domain=5,"choose five items, order them, and keep two adjacent"
growing,selected_sequence_010,wfomc,solved,2688,2688,1.037590,,,selected_sequence;set;choose;sequence;adjacency;dependent_configuration;outside_cola_fragment;growing;family=selected_sequence;domain=10,"choose five items, order them, and keep two adjacent"
growing,selected_sequence_015,wfomc,solved,13728,13728,0.932820,,,selected_sequence;set;choose;sequence;adjacency;dependent_configuration;outside_cola_fragment;growing;family=selected_sequence;domain=15,"choose five items, order them, and keep two adjacent"
growing,selected_sequence_020,wfomc,solved,39168,39168,0.953168,,,selected_sequence;set;choose;sequence;adjacency;dependent_configuration;outside_cola_fragment;growing;family=selected_sequence;domain=20,"choose five items, order them, and keep two adjacent"
growing,selected_sequence_025,wfomc,solved,85008,85008,0.959444,,,selected_sequence;set;choose;sequence;adjacency;dependent_configuration;outside_cola_fragment;growing;family=selected_sequence;domain=25,"choose five items, order them, and keep two adjacent"
growing,selected_sequence_030,wfomc,solved,157248,157248,0.979613,,,selected_sequence;set;choose;sequence;adjacency;dependent_configuration;outside_cola_fragment;growing;family=selected_sequence;domain=30,"choose five items, order them, and keep two adjacent"
growing,selected_sequence_035,wfomc,solved,261888,261888,1.010074,,,selected_sequence;set;choose;sequence;adjacency;dependent_configuration;outside_cola_fragment;growing;family=selected_sequence;domain=35,"choose five items, order them, and keep two adjacent"
growing,selected_sequence_040,wfomc,solved,404928,404928,1.038121,,,selected_sequence;set;choose;sequence;adjacency;dependent_configuration;outside_cola_fragment;growing;family=selected_sequence;domain=40,"choose five items, order them, and keep two adjacent"
growing,selected_sequence_045,wfomc,solved,592368,592368,1.061046,,,selected_sequence;set;choose;sequence;adjacency;dependent_configuration;outside_cola_fragment;growing;family=selected_sequence;domain=45,"choose five items, order them, and keep two adjacent"
growing,selected_sequence_050,wfomc,solved,830208,830208,1.102506,,,selected_sequence;set;choose;sequence;adjacency;dependent_configuration;outside_cola_fragment;growing;family=selected_sequence;domain=50,"choose five items, order them, and keep two adjacent"
growing,selected_sequence_055,wfomc,solved,1124448,1124448,1.149557,,,selected_sequence;set;choose;sequence;adjacency;dependent_configuration;outside_cola_fragment;growing;family=selected_sequence;domain=55,"choose five items, order them, and keep two adjacent"
growing,selected_sequence_060,wfomc,solved,1481088,1481088,1.186802,,,selected_sequence;set;choose;sequence;adjacency;dependent_configuration;outside_cola_fragment;growing;family=selected_sequence;domain=60,"choose five items, order them, and keep two adjacent"
growing,selected_sequence_065,wfomc,solved,1906128,1906128,1.232480,,,selected_sequence;set;choose;sequence;adjacency;dependent_configuration;outside_cola_fragment;growing;family=selected_sequence;domain=65,"choose five items, order them, and keep two adjacent"
growing,selected_sequence_070,wfomc,solved,2405568,2405568,1.276352,,,selected_sequence;set;choose;sequence;adjacency;dependent_configuration;outside_cola_fragment;growing;family=selected_sequence;domain=70,"choose five items, order them, and keep two adjacent"
growing,selected_sequence_075,wfomc,solved,2985408,2985408,1.323029,,,selected_sequence;set;choose;sequence;adjacency;dependent_configuration;outside_cola_fragment;growing;family=selected_sequence;domain=75,"choose five items, order them, and keep two adjacent"
growing,selected_sequence_080,wfomc,solved,3651648,3651648,1.391166,,,selected_sequence;set;choose;sequence;adjacency;dependent_configuration;outside_cola_fragment;growing;family=selected_sequence;domain=80,"choose five items, order them, and keep two adjacent"
growing,selected_sequence_085,wfomc,solved,4410288,4410288,1.343674,,,selected_sequence;set;choose;sequence;adjacency;dependent_configuration;outside_cola_fragment;growing;family=selected_sequence;domain=85,"choose five items, order them, and keep two adjacent"
growing,selected_sequence_090,wfomc,solved,5267328,5267328,1.435781,,,selected_sequence;set;choose;sequence;adjacency;dependent_configuration;outside_cola_fragment;growing;family=selected_sequence;domain=90,"choose five items, order them, and keep two adjacent"
growing,selected_sequence_095,wfomc,solved,6228768,6228768,1.633879,,,selected_sequence;set;choose;sequence;adjacency;dependent_configuration;outside_cola_fragment;growing;family=selected_sequence;domain=95,"choose five items, order them, and keep two adjacent"
growing,selected_sequence_100,wfomc,solved,7300608,7300608,1.705736,,,selected_sequence;set;choose;sequence;adjacency;dependent_configuration;outside_cola_fragment;growing;family=selected_sequence;domain=100,"choose five items, order them, and keep two adjacent"
growing,tvs_005,wfomc,solved,1,1,0.774998,,,tvs;set;choose;count;growing;family=tvs;domain=5,defective TVs purchase
growing,tvs_010,wfomc,solved,56,56,0.891022,,,tvs;set;choose;count;growing;family=tvs;domain=10,defective TVs purchase
growing,tvs_015,wfomc,solved,726,726,0.894126,,,tvs;set;choose;count;growing;family=tvs;domain=15,defective TVs purchase
growing,tvs_020,wfomc,solved,5676,5676,0.890908,,,tvs;set;choose;count;growing;family=tvs;domain=20,defective TVs purchase
growing,tvs_025,wfomc,solved,18246,18246,0.887967,,,tvs;set;choose;count;growing;family=tvs;domain=25,defective TVs purchase
growing,tvs_030,wfomc,solved,46872,46872,0.889429,,,tvs;set;choose;count;growing;family=tvs;domain=30,defective TVs purchase
growing,tvs_035,wfomc,solved,103502,103502,0.896659,,,tvs;set;choose;count;growing;family=tvs;domain=35,defective TVs purchase
growing,tvs_040,wfomc,solved,241452,241452,0.897252,,,tvs;set;choose;count;growing;family=tvs;domain=40,defective TVs purchase
growing,tvs_045,wfomc,solved,433367,433367,0.899584,,,tvs;set;choose;count;growing;family=tvs;domain=45,defective TVs purchase
growing,tvs_050,wfomc,solved,731038,731038,0.899127,,,tvs;set;choose;count;growing;family=tvs;domain=50,defective TVs purchase
growing,tvs_055,wfomc,solved,1173003,1173003,0.896586,,,tvs;set;choose;count;growing;family=tvs;domain=55,defective TVs purchase
growing,tvs_060,wfomc,solved,2004828,2004828,0.896977,,,tvs;set;choose;count;growing;family=tvs;domain=60,defective TVs purchase
growing,tvs_065,wfomc,solved,2962988,2962988,0.906516,,,tvs;set;choose;count;growing;family=tvs;domain=65,defective TVs purchase
growing,tvs_070,wfomc,solved,4255304,4255304,0.908301,,,tvs;set;choose;count;growing;family=tvs;domain=70,defective TVs purchase
growing,tvs_075,wfomc,solved,5962104,5962104,0.909651,,,tvs;set;choose;count;growing;family=tvs;domain=75,defective TVs purchase
growing,tvs_080,wfomc,solved,8825804,8825804,0.909636,,,tvs;set;choose;count;growing;family=tvs;domain=80,defective TVs purchase
growing,tvs_085,wfomc,solved,11834109,11834109,0.913575,,,tvs;set;choose;count;growing;family=tvs;domain=85,defective TVs purchase
growing,tvs_090,wfomc,solved,15608670,15608670,0.911558,,,tvs;set;choose;count;growing;family=tvs;domain=90,defective TVs purchase
growing,tvs_095,wfomc,solved,20286805,20286805,0.906485,,,tvs;set;choose;count;growing;family=tvs;domain=95,defective TVs purchase
growing,tvs_100,wfomc,solved,27641880,27641880,0.912643,,,tvs;set;choose;count;growing;family=tvs;domain=100,defective TVs purchase
growing,workers_005,wfomc,solved,30,30,1.129052,,,workers;set;composition;index;size;growing;family=workers;domain=5,workers composition
growing,workers_010,wfomc,solved,2520,2520,1.006904,,,workers;set;composition;index;size;growing;family=workers;domain=10,workers composition
growing,workers_015,wfomc,solved,360360,360360,1.009674,,,workers;set;composition;index;size;growing;family=workers;domain=15,workers composition
growing,workers_020,wfomc,solved,38798760,38798760,1.014904,,,workers;set;composition;index;size;growing;family=workers;domain=20,workers composition
growing,workers_025,wfomc,solved,6692786100,6692786100,1.019614,,,workers;set;composition;index;size;growing;family=workers;domain=25,workers composition
growing,workers_030,wfomc,solved,465817912560,465817912560,1.015943,,,workers;set;composition;index;size;growing;family=workers;domain=30,workers composition
growing,workers_035,wfomc,solved,144403552893600,144403552893600,1.019764,,,workers;set;composition;index;size;growing;family=workers;domain=35,workers composition
growing,workers_040,wfomc,solved,10685862914126400,10685862914126400,1.017839,,,workers;set;composition;index;size;growing;family=workers;domain=40,workers composition
growing,workers_045,wfomc,solved,2018483176886233200,2018483176886233200,1.014269,,,workers;set;composition;index;size;growing;family=workers;domain=45,workers composition
growing,workers_050,wfomc,solved,258253708687166392200,258253708687166392200,1.026391,,,workers;set;composition;index;size;growing;family=workers;domain=50,workers composition
growing,workers_055,wfomc,solved,50187304054872668884200,50187304054872668884200,1.028401,,,workers;set;composition;index;size;growing;family=workers;domain=55,workers composition
growing,workers_060,wfomc,solved,3553261127084984957001360,3553261127084984957001360,1.028234,,,workers;set;composition;index;size;growing;family=workers;domain=60,workers composition
growing,workers_065,wfomc,solved,1280789124444724123137308400,1280789124444724123137308400,1.024496,,,workers;set;composition;index;size;growing;family=workers;domain=65,workers composition
growing,workers_070,wfomc,solved,93614041459414381363854177600,93614041459414381363854177600,1.031241,,,workers;set;composition;index;size;growing;family=workers;domain=70,workers composition
growing,workers_075,wfomc,solved,18661599110928643792648315480800,18661599110928643792648315480800,1.030704,,,workers;set;composition;index;size;growing;family=workers;domain=75,workers composition
growing,workers_080,wfomc,solved,2494912250368767916278674792740800,2494912250368767916278674792740800,1.030588,,,workers;set;composition;index;size;growing;family=workers;domain=80,workers composition
growing,workers_085,wfomc,solved,502903026467190218552744304651038400,502903026467190218552744304651038400,1.029898,,,workers;set;composition;index;size;growing;family=workers;domain=85,workers composition
growing,workers_090,wfomc,solved,35806695484463943560955394491153934080,35806695484463943560955394491153934080,1.036720,,,workers;set;composition;index;size;growing;family=workers;domain=90,workers composition
growing,workers_095,wfomc,solved,13656568343964299650784972884236430593600,13656568343964299650784972884236430593600,1.038155,,,workers;set;composition;index;size;growing;family=workers;domain=95,workers composition
growing,workers_100,wfomc,solved,993515347023402799594606777328200325684400,993515347023402799594606777328200325684400,1.036033,,,workers;set;composition;index;size;growing;family=workers;domain=100,workers composition
