case_id,confirmed_regression,constraintcount,depth,difficulty,domain,entities,family,multiplicity,off_error,off_result,off_sec,off_status,on_error,on_result,on_sec,on_status,operatorcount,recheck_reason,rechecked,seed,shape,size,speedup,stratum,suite,variant
chain_n02_m02,False,,,,,2,,2,,4,0.576656,solved,,4,0.453208,solved,,,False,,chain,2,1.2723870717198282,,bag_lifting,
chain_n04_m02,False,,,,,4,,2,,72,0.754305,solved,,72,0.46467,solved,,,False,,chain,4,1.623313319129705,,bag_lifting,
chain_n04_m04,False,,,,,4,,4,,889,1.484921,solved,,889,0.469024,solved,,,False,,chain,8,3.1659808453298766,,bag_lifting,
chain_n04_m08,False,,,,,4,,8,,20361,95.639895,solved,,20361,0.500687,solved,,,False,,chain,16,191.017332185577,,bag_lifting,
chain_n04_m16,False,,,,,4,,16,NoResult,,26.806092,error,,721905,0.556738,solved,,wrong-or-error,True,,chain,32,,,bag_lifting,
chain_n08_m02,False,,,,,8,,2,,33880,33.830407,solved,,33880,0.471091,solved,,,False,,chain,8,71.81289177674802,,bag_lifting,
chain_n16_m02,False,,,,,16,,2,NoResult,,25.737029,error,,13892650200,0.431201,solved,,wrong-or-error,True,,chain,16,,,bag_lifting,
chain_n32_m02,False,,,,,32,,2,NoResult,,32.10197,error,,4455230052707022818520,0.453396,solved,,wrong-or-error,True,,chain,32,,,bag_lifting,
choose_n02_m02,False,,,,,2,,2,,3,0.462048,solved,,3,0.415679,solved,,,False,,choose,2,1.1115500181630538,,bag_lifting,
choose_n04_m02,False,,,,,4,,2,,19,0.544425,solved,,19,0.405253,solved,,,False,,choose,4,1.3434200363723405,,bag_lifting,
choose_n04_m04,False,,,,,4,,4,,85,0.543942,solved,,85,0.414734,solved,,,False,,choose,8,1.3115442669277178,,bag_lifting,
choose_n04_m08,False,,,,,4,,8,,489,0.81368,solved,,489,0.579688,solved,,,False,,choose,16,1.4036516194918645,,bag_lifting,
choose_n04_m16,False,,,,,4,,16,,3281,0.717383,solved,,3281,0.377181,solved,,,False,,choose,32,1.901959536668072,,bag_lifting,
choose_n08_m02,False,,,,,8,,2,,1107,1.111871,solved,,1107,0.57848,solved,,,False,,choose,8,1.9220560779975109,,bag_lifting,
choose_n16_m02,False,,,,,16,,2,MemoryError,,49.284205,error,,5196627,0.426917,solved,,wrong-or-error,True,,choose,16,,,bag_lifting,
choose_n32_m02,False,,,,,32,,2,NoResult,,27.22071,error,,159114492071763,0.438411,solved,,wrong-or-error,True,,choose,32,,,bag_lifting,
fallback_n02_m02,False,,,,,2,,2,,19,0.927532,solved,,19,0.930335,solved,,,False,,fallback,2,0.9969871067948642,,bag_lifting,
fallback_n04_m02,False,,,,,4,,2,,771,1.801171,solved,,771,1.795937,solved,,,False,,fallback,4,1.0029143561271916,,bag_lifting,
fallback_n08_m02,False,,,,,8,,2,NoResult,,15.373297,error,NoResult,,15.312447,error,,wrong-or-error,True,,fallback,8,,,bag_lifting,
fallback_n16_m02,False,,,,,16,,2,NoResult,,15.151619,error,NoResult,,15.134313,error,,wrong-or-error,True,,fallback,16,,,bag_lifting,
hidden_n02_m02,False,,,,,2,,2,,10,0.531928,solved,,10,0.426673,solved,,,False,,hidden,2,1.2466877444787927,,bag_lifting,
hidden_n04_m02,False,,,,,4,,2,,214,0.746879,solved,,214,0.456781,solved,,,False,,hidden,4,1.6350920900825558,,bag_lifting,
hidden_n04_m04,False,,,,,4,,4,,4275,1.483695,solved,,4275,0.465426,solved,,,False,,hidden,8,3.1878214796766833,,bag_lifting,
hidden_n04_m08,False,,,,,4,,8,,169653,86.470641,solved,,169653,0.416032,solved,,,False,,hidden,16,207.84612962464425,,bag_lifting,
hidden_n04_m16,False,,,,,4,,16,NoResult,,26.512144,error,,11008809,0.413806,solved,,wrong-or-error,True,,hidden,32,,,bag_lifting,
hidden_n08_m02,False,,,,,8,,2,,137638,30.901083,solved,,137638,0.411524,solved,,,False,,hidden,8,75.08938239325046,,bag_lifting,
hidden_n16_m02,False,,,,,16,,2,NoResult,,25.21851,error,,78210099718,0.412743,solved,,wrong-or-error,True,,hidden,16,,,bag_lifting,
hidden_n32_m02,False,,,,,32,,2,NoResult,,31.4284,error,,35113968026282798233030,0.436556,solved,,wrong-or-error,True,,hidden,32,,,bag_lifting,
intersection_n02_m02,False,,,,,2,,2,,4,0.963712,solved,,4,0.78696,solved,,,False,,intersection,2,1.2246009962386908,,bag_lifting,
intersection_n04_m02,False,,,,,4,,2,,168,1.807498,solved,,168,0.975582,solved,,,False,,intersection,4,1.8527381604006636,,bag_lifting,
intersection_n04_m04,False,,,,,4,,4,MemoryError,,33.407499,error,,1734,0.923663,solved,,wrong-or-error,True,,intersection,8,,,bag_lifting,
intersection_n04_m08,False,,,,,4,,8,NoResult,,19.025606,error,,24426,0.869524,solved,,wrong-or-error,True,,intersection,16,,,bag_lifting,
intersection_n04_m16,False,,,,,4,,16,NoResult,,16.853426,error,,449106,1.303256,solved,,wrong-or-error,True,,intersection,32,,,bag_lifting,
intersection_n08_m02,False,,,,,8,,2,NoResult,,21.821191,error,,395920,0.79934,solved,,wrong-or-error,True,,intersection,8,,,bag_lifting,
intersection_n16_m02,False,,,,,16,,2,NoResult,,24.121643,error,,5795143445520,0.910643,solved,,wrong-or-error,True,,intersection,16,,,bag_lifting,
intersection_n32_m02,False,,,,,32,,2,NoResult,,45.806557,error,,3253810539635980070357575440,1.233158,solved,,wrong-or-error,True,,intersection,32,,,bag_lifting,
named_n02_m02,False,,,,,2,,2,,1,0.41435,solved,,1,0.403204,solved,,,False,,named,2,1.027643574964534,,bag_lifting,
named_n04_m02,False,,,,,4,,2,,7,0.551187,solved,,7,0.45758,solved,,,False,,named,4,1.2045696927313256,,bag_lifting,
named_n08_m02,False,,,,,8,,2,,393,0.670204,solved,,393,0.417844,solved,,,False,,named,8,1.60395745780722,,bag_lifting,
named_n16_m02,False,,,,,16,,2,MemoryError,,43.10554,error,,1787607,0.402462,solved,,wrong-or-error,True,,named,16,,,bag_lifting,
banana_005,False,,,,5,,banana,,,30,0.874984,solved,,30,0.870872,solved,,,False,,,,1.0047217042228938,,growing,
banana_010,False,,,,10,,banana,,,1260,0.94503,solved,,1260,1.045403,solved,,,False,,,,0.9039863095858726,,growing,
banana_015,False,,,,15,,banana,,,180180,1.158364,solved,,180180,1.159636,solved,,,False,,,,0.9989031040774864,,growing,
banana_020,False,,,,20,,banana,,,22170720,1.306318,solved,,22170720,1.304643,solved,,,False,,,,1.0012838761254996,,growing,
banana_025,False,,,,25,,banana,,,3718214500,1.142346,solved,,3718214500,1.13191,solved,,,False,,,,1.0092198142961897,,growing,
banana_030,False,,,,30,,banana,,,465817912560,1.341448,solved,,465817912560,1.34424,solved,,,False,,,,0.9979229899422721,,growing,
banana_035,False,,,,35,,banana,,,38877879625200,1.173121,solved,,38877879625200,1.17274,solved,,,False,,,,1.0003248801950988,,growing,
banana_040,False,,,,40,,banana,,,5342931457063200,1.323437,solved,,5342931457063200,1.326993,solved,,,False,,,,0.9973202571528259,,growing,
banana_045,False,,,,45,,banana,,,1009241588443116600,1.142585,solved,,1009241588443116600,1.142427,solved,,,False,,,,1.0001383020534353,,growing,
banana_050,False,,,,50,,banana,,,136722551657911619400,1.354508,solved,,136722551657911619400,1.349561,solved,,,False,,,,1.003665636455114,,growing,
banana_055,False,,,,55,,banana,,,26414370555196141518000,1.168248,solved,,26414370555196141518000,1.171883,solved,,,False,,,,0.9968981545085985,,growing,
banana_060,False,,,,60,,banana,,,3553261127084984957001360,1.412374,solved,,3553261127084984957001360,1.414847,solved,,,False,,,,0.9982521078250864,,growing,
banana_065,False,,,,65,,banana,,,334118902029058466905384800,1.205369,solved,,334118902029058466905384800,1.210221,solved,,,False,,,,0.9959908149007495,,growing,
banana_070,False,,,,70,,banana,,,46807020729707190681927088800,1.448343,solved,,46807020729707190681927088800,1.558573,solved,,,False,,,,0.9292750483936267,,growing,
banana_075,False,,,,75,,banana,,,9330799555464321896324157740400,1.252141,solved,,9330799555464321896324157740400,1.269883,solved,,,False,,,,0.9860286341340107,,growing,
banana_080,False,,,,80,,banana,,,1293658203894916697329683225865600,1.442729,solved,,1293658203894916697329683225865600,1.453914,solved,,,False,,,,0.9923069727645514,,growing,
banana_085,False,,,,85,,banana,,,260122255069236319941074640336744000,1.219712,solved,,260122255069236319941074640336744000,1.231045,solved,,,False,,,,0.9907940002193258,,growing,
banana_090,False,,,,90,,banana,,,35806695484463943560955394491153934080,1.75429,solved,,35806695484463943560955394491153934080,1.783403,solved,,,False,,,,0.9836755909909313,,growing,
banana_095,False,,,,95,,banana,,,3517600937081713546414311197454838183200,1.286927,solved,,3517600937081713546414311197454838183200,1.299362,solved,,,False,,,,0.9904299186831691,,growing,
banana_100,False,,,,100,,banana,,,496757673511701399797303388664100162842200,1.487927,solved,,496757673511701399797303388664100162842200,1.488924,solved,,,False,,,,0.9993303889251568,,growing,
fourletter_005,False,,,,5,,fourletter,,,18,0.77984,solved,,18,0.788535,solved,,,False,,,,0.9889732224948797,,growing,
fourletter_010,False,,,,10,,fourletter,,,168,0.845614,solved,,168,0.830019,solved,,,False,,,,1.018788726523128,,growing,
fourletter_015,False,,,,15,,fourletter,,,468,0.813677,solved,,468,0.827997,solved,,,False,,,,0.9827052513475291,,growing,
fourletter_020,False,,,,20,,fourletter,,,918,0.930235,solved,,918,0.93061,solved,,,False,,,,0.999597038501628,,growing,
fourletter_025,False,,,,25,,fourletter,,,1518,0.816844,solved,,1518,0.83541,solved,,,False,,,,0.9777761817550664,,growing,
fourletter_030,False,,,,30,,fourletter,,,2268,0.852744,solved,,2268,0.855388,solved,,,False,,,,0.9969090050363109,,growing,
fourletter_035,False,,,,35,,fourletter,,,3168,0.867898,solved,,3168,0.862833,solved,,,False,,,,1.0058701973614825,,growing,
fourletter_040,False,,,,40,,fourletter,,,4218,0.980577,solved,,4218,0.983327,solved,,,False,,,,0.9972033718183271,,growing,
fourletter_045,False,,,,45,,fourletter,,,5418,0.853938,solved,,5418,0.859025,solved,,,False,,,,0.9940781700183347,,growing,
fourletter_050,False,,,,50,,fourletter,,,6768,0.930832,solved,,6768,0.914652,solved,,,False,,,,1.017689788028671,,growing,
fourletter_055,False,,,,55,,fourletter,,,8268,0.938611,solved,,8268,0.939932,solved,,,False,,,,0.9985945791823239,,growing,
fourletter_060,False,,,,60,,fourletter,,,9918,1.075257,solved,,9918,1.08884,solved,,,False,,,,0.9875252562359942,,growing,
fourletter_065,False,,,,65,,fourletter,,,11718,0.96001,solved,,11718,0.95728,solved,,,False,,,,1.0028518301855256,,growing,
fourletter_070,False,,,,70,,fourletter,,,13668,1.034444,solved,,13668,1.053659,solved,,,False,,,,0.9817635496873277,,growing,
fourletter_075,False,,,,75,,fourletter,,,15768,1.078523,solved,,15768,1.078256,solved,,,False,,,,1.000247622086035,,growing,
fourletter_080,False,,,,80,,fourletter,,,18018,1.281255,solved,,18018,1.276626,solved,,,False,,,,1.0036259640646517,,growing,
fourletter_085,False,,,,85,,fourletter,,,20418,1.168145,solved,,20418,1.163203,solved,,,False,,,,1.0042486135266158,,growing,
fourletter_090,False,,,,90,,fourletter,,,22968,1.27414,solved,,22968,1.264794,solved,,,False,,,,1.0073893456167566,,growing,
fourletter_095,False,,,,95,,fourletter,,,25668,1.364227,solved,,25668,1.365428,solved,,,False,,,,0.9991204223144684,,growing,
fourletter_100,False,,,,100,,fourletter,,,28518,1.615392,solved,,28518,1.619116,solved,,,False,,,,0.9976999794949837,,growing,
mathcounts_005,False,,,,5,,mathcounts,,,4,0.802414,solved,,4,0.79876,solved,,,False,,,,1.004574590615454,,growing,
mathcounts_010,False,,,,10,,mathcounts,,,100,0.860487,solved,,100,0.86589,solved,,,False,,,,0.9937601773897377,,growing,
mathcounts_015,False,,,,15,,mathcounts,,,614,0.857921,solved,,614,0.848529,solved,,,False,,,,1.0110685668963584,,growing,
mathcounts_020,False,,,,20,,mathcounts,,,2569,0.966982,solved,,2569,0.963858,solved,,,False,,,,1.003241141329947,,growing,
mathcounts_025,False,,,,25,,mathcounts,,,6525,0.80966,solved,,6525,0.810395,solved,,,False,,,,0.9990930348780533,,growing,
mathcounts_030,False,,,,30,,mathcounts,,,13899,0.872855,solved,,13899,0.874299,solved,,,False,,,,0.9983483911110501,,growing,
mathcounts_035,False,,,,35,,mathcounts,,,28809,0.866298,solved,,28809,0.871908,solved,,,False,,,,0.9935658349275382,,growing,
mathcounts_040,False,,,,40,,mathcounts,,,49375,0.973363,solved,,49375,0.973351,solved,,,False,,,,1.0000123285433518,,growing,
mathcounts_045,False,,,,45,,mathcounts,,,79359,0.833768,solved,,79359,0.812023,solved,,,False,,,,1.026778798137491,,growing,
mathcounts_050,False,,,,50,,mathcounts,,,129224,0.885878,solved,,129224,0.881335,solved,,,False,,,,1.0051546801159605,,growing,
mathcounts_055,False,,,,55,,mathcounts,,,188650,0.905679,solved,,188650,0.878818,solved,,,False,,,,1.030564917878332,,growing,
mathcounts_060,False,,,,60,,mathcounts,,,266494,0.984812,solved,,266494,0.995222,solved,,,False,,,,0.9895400222261967,,growing,
mathcounts_065,False,,,,65,,mathcounts,,,384314,0.868538,solved,,384314,0.987621,solved,,,False,,,,0.8794243945805122,,growing,
mathcounts_070,False,,,,70,,mathcounts,,,514350,0.893262,solved,,514350,0.883988,solved,,,False,,,,1.0104910926392665,,growing,
mathcounts_075,False,,,,75,,mathcounts,,,674804,0.890558,solved,,674804,0.892101,solved,,,False,,,,0.9982703752153623,,growing,
mathcounts_080,False,,,,80,,mathcounts,,,904579,1.006217,solved,,904579,0.994387,solved,,,False,,,,1.0118967766070954,,growing,
mathcounts_085,False,,,,85,,mathcounts,,,1146475,0.860509,solved,,1146475,0.873082,solved,,,False,,,,0.9855992907882649,,growing,
mathcounts_090,False,,,,90,,mathcounts,,,1433789,0.899484,solved,,1433789,0.885745,solved,,,False,,,,1.0155112363039023,,growing,
mathcounts_095,False,,,,95,,mathcounts,,,1830519,0.896284,solved,,1830519,0.907695,solved,,,False,,,,0.9874285966100947,,growing,
mathcounts_100,False,,,,100,,mathcounts,,,2235025,1.016094,solved,,2235025,1.014806,solved,,,False,,,,1.0012692081048002,,growing,
nested_choice_005,False,,,,5,,nested_choice,,,20,0.36039,solved,,20,0.359759,solved,,,False,,,,1.0017539519511673,,growing,
nested_choice_010,False,,,,10,,nested_choice,,,840,0.523816,solved,,840,0.488336,solved,,,False,,,,1.072654893352118,,growing,
nested_choice_015,False,,,,15,,nested_choice,,,5460,0.400402,solved,,5460,0.392826,solved,,,False,,,,1.0192858924816586,,growing,
nested_choice_020,False,,,,20,,nested_choice,,,19380,0.464288,solved,,19380,0.461479,solved,,,False,,,,1.006086950868837,,growing,
nested_choice_025,False,,,,25,,nested_choice,,,50600,0.367404,solved,,50600,0.366047,solved,,,False,,,,1.003707174215333,,growing,
nested_choice_030,False,,,,30,,nested_choice,,,109620,0.496198,solved,,109620,0.493252,solved,,,False,,,,1.005972606294551,,growing,
nested_choice_035,False,,,,35,,nested_choice,,,209440,0.410411,solved,,209440,0.396948,solved,,,False,,,,1.0339162812257525,,growing,
nested_choice_040,False,,,,40,,nested_choice,,,365560,0.464565,solved,,365560,0.467649,solved,,,False,,,,0.9934053103930512,,growing,
nested_choice_045,False,,,,45,,nested_choice,,,595980,0.372446,solved,,595980,0.367749,solved,,,False,,,,1.0127722984970728,,growing,
nested_choice_050,False,,,,50,,nested_choice,,,921200,0.496148,solved,,921200,0.485196,solved,,,False,,,,1.0225723212887163,,growing,
nested_choice_055,False,,,,55,,nested_choice,,,1364220,0.402648,solved,,1364220,0.415438,solved,,,False,,,,0.9692132159311379,,growing,
nested_choice_060,False,,,,60,,nested_choice,,,1950540,0.472369,solved,,1950540,0.46934,solved,,,False,,,,1.0064537435547791,,growing,
nested_choice_065,False,,,,65,,nested_choice,,,2708160,0.384194,solved,,2708160,0.379213,solved,,,False,,,,1.0131350982165694,,growing,
nested_choice_070,False,,,,70,,nested_choice,,,3667580,0.485711,solved,,3667580,0.469279,solved,,,False,,,,1.0350154172677661,,growing,
nested_choice_075,False,,,,75,,nested_choice,,,4861800,0.413439,solved,,4861800,0.414882,solved,,,False,,,,0.9965219026132732,,growing,
nested_choice_080,False,,,,80,,nested_choice,,,6326320,0.476071,solved,,6326320,0.478546,solved,,,False,,,,0.9948280834026405,,growing,
nested_choice_085,False,,,,85,,nested_choice,,,8099140,0.389615,solved,,8099140,0.388542,solved,,,False,,,,1.002761606209882,,growing,
nested_choice_090,False,,,,90,,nested_choice,,,10220760,0.478142,solved,,10220760,0.474881,solved,,,False,,,,1.0068669835179762,,growing,
nested_choice_095,False,,,,95,,nested_choice,,,12734180,0.421593,solved,,12734180,0.421119,solved,,,False,,,,1.0011255725816217,,growing,
nested_choice_100,False,,,,100,,nested_choice,,,15684900,0.488071,solved,,15684900,0.49006,solved,,,False,,,,0.9959413133085744,,growing,
selected_pairs_005,False,,,,5,,selected_pairs,,,15,0.756973,solved,,15,0.735287,solved,,,False,,,,1.0294932454946164,,growing,
selected_pairs_010,False,,,,10,,selected_pairs,,,630,0.87739,solved,,630,0.878573,solved,,,False,,,,0.9986534983433363,,growing,
selected_pairs_015,False,,,,15,,selected_pairs,,,4095,0.793829,solved,,4095,0.760866,solved,,,False,,,,1.043323002999214,,growing,
selected_pairs_020,False,,,,20,,selected_pairs,,,14535,0.878829,solved,,14535,0.878681,solved,,,False,,,,1.0001684342781965,,growing,
selected_pairs_025,False,,,,25,,selected_pairs,,,37950,0.746111,solved,,37950,0.742927,solved,,,False,,,,1.0042857508207401,,growing,
selected_pairs_030,False,,,,30,,selected_pairs,,,82215,0.880032,solved,,82215,0.881445,solved,,,False,,,,0.9983969504620255,,growing,
selected_pairs_035,False,,,,35,,selected_pairs,,,157080,0.777,solved,,157080,0.816611,solved,,,False,,,,0.9514934283275636,,growing,
selected_pairs_040,False,,,,40,,selected_pairs,,,274170,0.882755,solved,,274170,0.884777,solved,,,False,,,,0.9977146783878875,,growing,
selected_pairs_045,False,,,,45,,selected_pairs,,,446985,0.750159,solved,,446985,0.747737,solved,,,False,,,,1.003239106798246,,growing,
selected_pairs_050,False,,,,50,,selected_pairs,,,690900,0.889074,solved,,690900,0.874725,solved,,,False,,,,1.0164040126897025,,growing,
selected_pairs_055,False,,,,55,,selected_pairs,,,1023165,0.806066,solved,,1023165,0.809844,solved,,,False,,,,0.9953349040062036,,growing,
selected_pairs_060,False,,,,60,,selected_pairs,,,1462905,0.89045,solved,,1462905,0.888611,solved,,,False,,,,1.0020695219843103,,growing,
selected_pairs_065,False,,,,65,,selected_pairs,,,2031120,0.760168,solved,,2031120,0.760999,solved,,,False,,,,0.9989080143337902,,growing,
selected_pairs_070,False,,,,70,,selected_pairs,,,2750685,0.898819,solved,,2750685,0.899337,solved,,,False,,,,0.9994240201392803,,growing,
selected_pairs_075,False,,,,75,,selected_pairs,,,3646350,0.791097,solved,,3646350,0.786903,solved,,,False,,,,1.0053297547474085,,growing,
selected_pairs_080,False,,,,80,,selected_pairs,,,4744740,0.907325,solved,,4744740,0.900279,solved,,,False,,,,1.0078264626854565,,growing,
selected_pairs_085,False,,,,85,,selected_pairs,,,6074355,0.763536,solved,,6074355,0.765471,solved,,,False,,,,0.9974721446011671,,growing,
selected_pairs_090,False,,,,90,,selected_pairs,,,7665570,0.914083,solved,,7665570,0.911527,solved,,,False,,,,1.0028040858910379,,growing,
selected_pairs_095,False,,,,95,,selected_pairs,,,9550635,0.806688,solved,,9550635,0.800335,solved,,,False,,,,1.0079379259934902,,growing,
selected_pairs_100,False,,,,100,,selected_pairs,,,11763675,0.911692,solved,,11763675,0.910429,solved,,,False,,,,1.0013872580948102,,growing,
selected_sequence_005,False,,,,5,,selected_sequence,,,48,0.346554,solved,,48,0.343734,solved,,,False,,,,1.0082040182233936,,growing,
selected_sequence_010,False,,,,10,,selected_sequence,,,2688,0.881391,solved,,2688,0.882232,solved,,,False,,,,0.9990467360059486,,growing,
selected_sequence_015,False,,,,15,,selected_sequence,,,13728,0.790772,solved,,13728,0.787088,solved,,,False,,,,1.0046805439798345,,growing,
selected_sequence_020,False,,,,20,,selected_sequence,,,39168,0.899987,solved,,39168,0.900489,solved,,,False,,,,0.9994425251169087,,growing,
selected_sequence_025,False,,,,25,,selected_sequence,,,85008,0.779126,solved,,85008,0.782035,solved,,,False,,,,0.996280217637318,,growing,
selected_sequence_030,False,,,,30,,selected_sequence,,,157248,0.939768,solved,,157248,0.938136,solved,,,False,,,,1.0017396198418993,,growing,
selected_sequence_035,False,,,,35,,selected_sequence,,,261888,0.849377,solved,,261888,0.840726,solved,,,False,,,,1.0102899160963263,,growing,
selected_sequence_040,False,,,,40,,selected_sequence,,,404928,0.975992,solved,,404928,0.972826,solved,,,False,,,,1.0032544360450892,,growing,
selected_sequence_045,False,,,,45,,selected_sequence,,,592368,0.851066,solved,,592368,0.857455,solved,,,False,,,,0.9925488801161577,,growing,
selected_sequence_050,False,,,,50,,selected_sequence,,,830208,1.047283,solved,,830208,1.04486,solved,,,False,,,,1.002318970962617,,growing,
selected_sequence_055,False,,,,55,,selected_sequence,,,1124448,0.949152,solved,,1124448,0.9521,solved,,,False,,,,0.9969036865875434,,growing,
selected_sequence_060,False,,,,60,,selected_sequence,,,1481088,1.095417,solved,,1481088,1.098132,solved,,,False,,,,0.9975276196304269,,growing,
selected_sequence_065,False,,,,65,,selected_sequence,,,1906128,0.981728,solved,,1906128,0.985449,solved,,,False,,,,0.996224056242383,,growing,
selected_sequence_070,False,,,,70,,selected_sequence,,,2405568,1.206903,solved,,2405568,1.215345,solved,,,False,,,,0.9930538242227517,,growing,
selected_sequence_075,False,,,,75,,selected_sequence,,,2985408,1.110035,solved,,2985408,1.10874,solved,,,False,,,,1.0011679924959864,,growing,
selected_sequence_080,False,,,,80,,selected_sequence,,,3651648,1.277041,solved,,3651648,1.21466,solved,,,False,,,,1.051356758269804,,growing,
selected_sequence_085,False,,,,85,,selected_sequence,,,4410288,1.14617,solved,,4410288,1.198351,solved,,,False,,,,0.9564559966153489,,growing,
selected_sequence_090,False,,,,90,,selected_sequence,,,5267328,1.438922,solved,,5267328,1.433838,solved,,,False,,,,1.003545728317983,,growing,
selected_sequence_095,False,,,,95,,selected_sequence,,,6228768,1.315999,solved,,6228768,1.310369,solved,,,False,,,,1.0042964996882557,,growing,
selected_sequence_100,False,,,,100,,selected_sequence,,,7300608,1.445224,solved,,7300608,1.3968,solved,,,False,,,,1.034667812142039,,growing,
tvs_005,False,,,,5,,tvs,,,1,0.673964,solved,,1,0.68425,solved,,,False,,,,0.9849674826452319,,growing,
tvs_010,False,,,,10,,tvs,,,56,0.770138,solved,,56,0.772976,solved,,,False,,,,0.9963284759164579,,growing,
tvs_015,False,,,,15,,tvs,,,726,0.772592,solved,,726,0.766754,solved,,,False,,,,1.0076139152844328,,growing,
tvs_020,False,,,,20,,tvs,,,5676,0.849407,solved,,5676,0.850652,solved,,,False,,,,0.998536416772076,,growing,
tvs_025,False,,,,25,,tvs,,,18246,0.725279,solved,,18246,0.72881,solved,,,False,,,,0.9951551158738218,,growing,
tvs_030,False,,,,30,,tvs,,,46872,0.790209,solved,,46872,0.786936,solved,,,False,,,,1.0041591692335845,,growing,
tvs_035,False,,,,35,,tvs,,,103502,0.779563,solved,,103502,0.777479,solved,,,False,,,,1.0026804582503193,,growing,
tvs_040,False,,,,40,,tvs,,,241452,0.860881,solved,,241452,0.867778,solved,,,False,,,,0.9920521147113662,,growing,
tvs_045,False,,,,45,,tvs,,,433367,0.727689,solved,,433367,0.729801,solved,,,False,,,,0.9971060604192101,,growing,
tvs_050,False,,,,50,,tvs,,,731038,0.775525,solved,,731038,0.798723,solved,,,False,,,,0.9709561387364581,,growing,
tvs_055,False,,,,55,,tvs,,,1173003,0.794231,solved,,1173003,0.778573,solved,,,False,,,,1.0201111520692345,,growing,
tvs_060,False,,,,60,,tvs,,,2004828,0.865752,solved,,2004828,0.861138,solved,,,False,,,,1.0053580262396968,,growing,
tvs_065,False,,,,65,,tvs,,,2962988,0.736597,solved,,2962988,0.746727,solved,,,False,,,,0.9864341318848788,,growing,
tvs_070,False,,,,70,,tvs,,,4255304,0.770556,solved,,4255304,0.774944,solved,,,False,,,,0.9943376553660652,,growing,
tvs_075,False,,,,75,,tvs,,,5962104,0.854995,solved,,5962104,0.824479,solved,,,False,,,,1.0370124648414332,,growing,
tvs_080,False,,,,80,,tvs,,,8825804,0.868299,solved,,8825804,0.86829,solved,,,False,,,,1.0000103652005667,,growing,
tvs_085,False,,,,85,,tvs,,,11834109,0.742484,solved,,11834109,0.766976,solved,,,False,,,,0.9680667973965288,,growing,
tvs_090,False,,,,90,,tvs,,,15608670,0.777177,solved,,15608670,0.790914,solved,,,False,,,,0.9826314871149076,,growing,
tvs_095,False,,,,95,,tvs,,,20286805,0.787725,solved,,20286805,0.7955,solved,,,False,,,,0.9902262727844123,,growing,
tvs_100,False,,,,100,,tvs,,,27641880,0.873817,solved,,27641880,0.874867,solved,,,False,,,,0.998799817572271,,growing,
workers_005,False,,,,5,,workers,,,30,0.812155,solved,,30,0.8141,solved,,,False,,,,0.9976108586168775,,growing,
workers_010,False,,,,10,,workers,,,2520,0.85696,solved,,2520,0.852206,solved,,,False,,,,1.005578463423163,,growing,
workers_015,False,,,,15,,workers,,,360360,0.859093,solved,,360360,0.852306,solved,,,False,,,,1.0079631024538136,,growing,
workers_020,False,,,,20,,workers,,,38798760,0.952373,solved,,38798760,0.952519,solved,,,False,,,,0.9998467222176146,,growing,
workers_025,False,,,,25,,workers,,,6692786100,0.817635,solved,,6692786100,0.804342,solved,,,False,,,,1.0165265521382696,,growing,
workers_030,False,,,,30,,workers,,,465817912560,0.858999,solved,,465817912560,0.865143,solved,,,False,,,,0.9928982838675224,,growing,
workers_035,False,,,,35,,workers,,,144403552893600,0.852815,solved,,144403552893600,0.860749,solved,,,False,,,,0.9907824464507075,,growing,
workers_040,False,,,,40,,workers,,,10685862914126400,0.954081,solved,,10685862914126400,0.960208,solved,,,False,,,,0.9936190908636462,,growing,
workers_045,False,,,,45,,workers,,,2018483176886233200,0.814125,solved,,2018483176886233200,0.824743,solved,,,False,,,,0.9871256864259533,,growing,
workers_050,False,,,,50,,workers,,,258253708687166392200,0.867799,solved,,258253708687166392200,0.873127,solved,,,False,,,,0.9938977949370481,,growing,
workers_055,False,,,,55,,workers,,,50187304054872668884200,0.860104,solved,,50187304054872668884200,0.886112,solved,,,False,,,,0.9706493084395652,,growing,
workers_060,False,,,,60,,workers,,,3553261127084984957001360,0.968159,solved,,3553261127084984957001360,0.964878,solved,,,False,,,,1.0034004298989094,,growing,
workers_065,False,,,,65,,workers,,,1280789124444724123137308400,0.816995,solved,,1280789124444724123137308400,0.822713,solved,,,False,,,,0.9930498241792703,,growing,
workers_070,False,,,,70,,workers,,,93614041459414381363854177600,0.880285,solved,,93614041459414381363854177600,0.880828,solved,,,False,,,,0.9993835345833691,,growing,
workers_075,False,,,,75,,workers,,,18661599110928643792648315480800,0.869889,solved,,18661599110928643792648315480800,0.872652,solved,,,False,,,,0.996833789414337,,growing,
workers_080,False,,,,80,,workers,,,2494912250368767916278674792740800,0.974758,solved,,2494912250368767916278674792740800,0.970302,solved,,,False,,,,1.0045923846390092,,growing,
workers_085,False,,,,85,,workers,,,502903026467190218552744304651038400,0.842521,solved,,502903026467190218552744304651038400,0.84749,solved,,,False,,,,0.9941368039740882,,growing,
workers_090,False,,,,90,,workers,,,35806695484463943560955394491153934080,0.895536,solved,,35806695484463943560955394491153934080,0.899037,solved,,,False,,,,0.9961058332415685,,growing,
workers_095,False,,,,95,,workers,,,13656568343964299650784972884236430593600,0.883181,solved,,13656568343964299650784972884236430593600,0.884633,solved,,,False,,,,0.9983586413800978,,growing,
workers_100,False,,,,100,,workers,,,993515347023402799594606777328200325684400,0.979611,solved,,993515347023402799594606777328200325684400,0.983107,solved,,,False,,,,0.9964439272632583,,growing,
0,False,,,,,,,,,3003,0.360707,solved,,3003,0.378287,solved,,,False,,,,0.9535273482831819,,real,
1,False,,,,,,,,,609,0.776903,solved,,609,0.768435,solved,,,False,,,,1.0110197999830826,,real,
100,False,,,,,,,,,650,1.113841,solved,,650,1.117656,solved,,,False,,,,0.9965866062545184,,real,
101,False,,,,,,,,,5,0.421788,solved,,5,0.425845,solved,,,False,,,,0.9904730594465123,,real,
102,False,,,,,,,,,432,0.992278,solved,,432,1.02407,solved,,,False,,,,0.9689552471998985,,real,
103,False,,,,,,,,,495,0.357114,solved,,495,0.358677,solved,,,False,,,,0.9956423188551258,,real,
104,False,,,,,,,,,840,1.003711,solved,,840,1.055245,solved,,,False,,,,0.951163947708826,,real,
105,False,,,,,,,,,720,0.407637,solved,,720,0.404442,solved,,,False,,,,1.007899773020606,,real,
106,False,,,,,,,,,15,0.595997,solved,,15,0.599668,solved,,,False,,,,0.9938782793145541,,real,
107,False,,,,,,,,,15,0.448171,solved,,15,0.443702,solved,,,False,,,,1.010072075401959,,real,
108,False,,,,,,,,,126,0.881962,solved,,126,0.854103,solved,,,False,,,,1.0326178458569986,,real,
109,False,,,,,,,,,140,0.873126,solved,,140,0.879364,solved,,,False,,,,0.9929062367802184,,real,
11,False,,,,,,,,,28,0.462352,solved,,28,0.457296,solved,,,False,,,,1.011056296140793,,real,
110,False,,,,,,,,,504,0.60075,solved,,504,0.600806,solved,,,False,,,,0.9999067918762463,,real,
111,False,,,,,,,,,3,0.426714,solved,,3,0.422739,solved,,,False,,,,1.0094029649500047,,real,
112,False,,,,,,,,,1940,0.967104,solved,,1940,0.967778,solved,,,False,,,,0.9993035592873571,,real,
114,False,,,,,,,,,21,0.36148,solved,,21,0.366044,solved,,,False,,,,0.9875315535837222,,real,
116,False,,,,,,,,,126,0.352983,solved,,126,0.359666,solved,,,False,,,,0.9814188719534235,,real,
117,False,,,,,,,,,5,0.473976,solved,,5,0.472449,solved,,,False,,,,1.003232094892782,,real,
118,False,,,,,,,,,1024,0.446431,solved,,1024,0.448088,solved,,,False,,,,0.9963020656656729,,real,
119,False,,,,,,,,,30,0.444095,solved,,30,0.442802,solved,,,False,,,,1.0029200410115584,,real,
12,False,,,,,,,,,540,0.769008,solved,,540,0.770818,solved,,,False,,,,0.9976518451826502,,real,
120,False,,,,,,,,,30860,1.307765,solved,,30860,1.309602,solved,,,False,,,,0.9985972837549119,,real,
121,False,,,,,,,,,4,0.817886,solved,,4,0.819276,solved,,,False,,,,0.9983033800575142,,real,
124,False,,,,,,,,,32,0.448251,solved,,32,0.443538,solved,,,False,,,,1.0106259215670361,,real,
125,False,,,,,,,,,100000,0.373178,solved,,100000,0.379793,solved,,,False,,,,0.982582617373148,,real,
126,False,,,,,,,,,6,0.358125,solved,,6,0.360112,solved,,,False,,,,0.9944822721819879,,real,
127,False,,,,,,,,,43,0.864638,solved,,43,0.867394,solved,,,False,,,,0.9968226665160239,,real,
128,False,,,,,,,,,12500,0.682211,solved,,12500,0.682662,solved,,,False,,,,0.9993393509525944,,real,
129,False,,,,,,,,,36,0.561663,solved,,36,0.567065,solved,,,False,,,,0.9904737552132471,,real,
13,False,,,,,,,,,6,0.418725,solved,,6,0.42308,solved,,,False,,,,0.9897064384986292,,real,
130,False,,,,,,,,,34560,2.497172,solved,,34560,2.508204,solved,,,False,,,,0.9956016336789192,,real,
131,False,,,,,,,,,1512,0.817253,solved,,1512,0.814069,solved,,,False,,,,1.0039112163710937,,real,
132,False,,,,,,,,,72,0.751536,solved,,72,0.673442,solved,,,False,,,,1.1159624733830085,,real,
133,False,,,,,,,,,880,0.372919,solved,,880,0.367527,solved,,,False,,,,1.0146710309718743,,real,
134,False,,,,,,,,,4320,0.506818,solved,,4320,0.507507,solved,,,False,,,,0.9986423832577678,,real,
135,False,,,,,,,,,60,0.357002,solved,,60,0.353309,solved,,,False,,,,1.0104526066417783,,real,
136,False,,,,,,,,,4320,1.628708,solved,,4320,1.620999,solved,,,False,,,,1.0047557092879145,,real,
138,False,,,,,,,,,7000,0.523533,solved,,7000,0.524008,solved,,,False,,,,0.9990935252896902,,real,
139,False,,,,,,,,,165,0.402357,solved,,165,0.401686,solved,,,False,,,,1.0016704590152508,,real,
14,False,,,,,,,,,9240,0.574249,solved,,9240,0.569654,solved,,,False,,,,1.008066299894322,,real,
141,False,,,,,,,,,120,0.401606,solved,,120,0.403936,solved,,,False,,,,0.9942317594866513,,real,
142,False,,,,,,,,,151200,0.642124,solved,,151200,0.639845,solved,,slowdown,True,,,,1.0035618001234674,,real,
143,False,,,,,,,,,10,0.807718,solved,,10,0.806663,solved,,,False,,,,1.001307857184475,,real,
144,False,,,,,,,,,15,0.501544,solved,,15,0.493109,solved,,,False,,,,1.0171057514667141,,real,
145,False,,,,,,,,,59049,0.453888,solved,,59049,0.410459,solved,,,False,,,,1.1058059392046464,,real,
146,False,,,,,,,,,371043400,0.784389,solved,,371043400,0.785021,solved,,,False,,,,0.9991949259956103,,real,
147,False,,,,,,,,,33800,1.067936,solved,,33800,1.141976,solved,,,False,,,,0.9351650122244249,,real,
148,False,,,,,,,,,29700,1.041252,solved,,29700,1.045825,solved,,,False,,,,0.9956273755169365,,real,
15,False,,,,,,,,,729,0.416243,solved,,729,0.410969,solved,,,False,,,,1.0128330847338851,,real,
151,False,,,,,,,,,180,0.990608,solved,,180,0.990225,solved,,,False,,,,1.0003867807821456,,real,
152,False,,,,,,,,,36,0.645974,solved,,36,0.647975,solved,,,False,,,,0.9969119178980672,,real,
153,False,,,,,,,,,8,0.368325,solved,,8,0.367146,solved,,,False,,,,1.003211256557337,,real,
156,False,,,,,,,,,62,0.706049,solved,,62,0.704229,solved,,,False,,,,1.0025843866128774,,real,
157,False,,,,,,,,,156,0.430567,solved,,156,0.433528,solved,,,False,,,,0.993169991326973,,real,
158,False,,,,,,,,,125,0.333678,solved,,125,0.328429,solved,,,False,,,,1.0159821453038556,,real,
160,False,,,,,,,,,49,1.374401,solved,,49,1.38301,solved,,,False,,,,0.9937751715461204,,real,
161,False,,,,,,,,,864,1.834962,solved,,864,1.832605,solved,,,False,,,,1.0012861473148877,,real,
162,False,,,,,,,,,56,0.359685,solved,,56,0.360704,solved,,,False,,,,0.9971749689496096,,real,
163,False,,,,,,,,,3003,0.332104,solved,,3003,0.335497,solved,,,False,,,,0.9898866457822276,,real,
164,False,,,,,,,,,968,0.730128,solved,,968,0.728369,solved,,,False,,,,1.002414984712419,,real,
165,False,,,,,,,,,7,0.414676,solved,,7,0.410279,solved,,,False,,,,1.010717097389825,,real,
166,False,,,,,,,,,58500,0.891735,solved,,58500,0.891246,solved,,,False,,,,1.0005486700641575,,real,
167,False,,,,,,,,,48048,0.383779,solved,,48048,0.390151,solved,,,False,,,,0.9836678619303807,,real,
168,False,,,,,,,,,12,0.932443,solved,,12,0.93298,solved,,,False,,,,0.999424424960878,,real,
169,False,,,,,,,,,14,1.106036,solved,,14,1.103044,solved,,,False,,,,1.0027124937899123,,real,
170,False,,,,,,,,,325,0.750124,solved,,325,0.757186,solved,,,False,,,,0.990673361631092,,real,
171,False,,,,,,,,,60,0.374508,solved,,60,0.37016,solved,,,False,,,,1.0117462718824293,,real,
172,False,,,,,,,,,12441600,27.690769,solved,,12441600,28.136487,solved,,,False,,,,0.9841587188905282,,real,
173,False,,,,,,,,,21,0.447273,solved,,21,0.452123,solved,,,False,,,,0.989272830623525,,real,
175,False,,,,,,,,,3600,0.392047,solved,,3600,0.391357,solved,,,False,,,,1.001763096098958,,real,
176,False,,,,,,,,,30,0.876202,solved,,30,0.878396,solved,,,False,,,,0.9975022654930124,,real,
178,False,,,,,,,,,560,1.180707,solved,,560,1.183664,solved,,,False,,,,0.9975018248421849,,real,
179,False,,,,,,,,,12,1.073491,solved,,12,1.063867,solved,,,False,,,,1.0090462435624004,,real,
18,False,,,,,,,,,12,0.812796,solved,,12,0.814188,solved,,,False,,,,0.9982903211543279,,real,
180,False,,,,,,,,,37,0.423231,solved,,37,0.425486,solved,,,False,,,,0.9947001781492224,,real,
181,False,,,,,,,,,1295,1.003598,solved,,1295,0.996757,solved,,,False,,,,1.0068632575442158,,real,
182,False,,,,,,,,,90,1.175661,solved,,90,1.186585,solved,,,False,,,,0.9907937484461712,,real,
183,False,,,,,,,,,200,0.954966,solved,,200,0.945348,solved,,,False,,,,1.0101740311504335,,real,
184,False,,,,,,,,,70,0.358693,solved,,70,0.358918,solved,,,False,,,,0.999373115864905,,real,
185,False,,,,,,,,,56,0.331113,solved,,56,0.32037,solved,,,False,,,,1.0335331023504073,,real,
186,False,,,,,,,,,504,0.919813,solved,,504,0.915982,solved,,,False,,,,1.0041823965973131,,real,
187,False,,,,,,,,,990,0.753478,solved,,990,0.756047,solved,,,False,,,,0.9966020630992517,,real,
188,False,,,,,,,,,351,1.052833,solved,,351,1.057041,solved,,,False,,,,0.9960190758920421,,real,
189,False,,,,,,,,,81,0.371333,solved,,81,0.368388,solved,,,False,,,,1.0079942886304658,,real,
19,False,,,,,,,,,4,0.465537,solved,,4,0.468317,solved,,,False,,,,0.9940638499136268,,real,
190,False,,,,,,,,,16,0.377663,solved,,16,0.369913,solved,,,False,,,,1.0209508722321194,,real,
191,False,,,,,,,,,36,0.98966,solved,,36,0.991619,solved,,,False,,,,0.9980244428555725,,real,
192,False,,,,,,,,,31250,1.493524,solved,,31250,1.494923,solved,,,False,,,,0.9990641658466691,,real,
193,False,,,,,,,,,2880,0.393114,solved,,2880,0.396551,solved,,,False,,,,0.9913327667815742,,real,
194,False,,,,,,,,,9,0.766592,solved,,9,0.771654,solved,,,False,,,,0.9934400651069004,,real,
196,False,,,,,,,,,200,0.498916,solved,,200,0.487343,solved,,,False,,,,1.023747134974751,,real,
199,False,,,,,,,,,180,0.938729,solved,,180,0.937108,solved,,,False,,,,1.0017297899495041,,real,
2,False,,,,,,,,,23,0.785006,solved,,23,0.796262,solved,,,False,,,,0.9858639493031187,,real,
20,False,,,,,,,,,10,0.478904,solved,,10,0.479507,solved,,,False,,,,0.9987424583999817,,real,
200,False,,,,,,,,,31,0.646886,solved,,31,0.659031,solved,,,False,,,,0.9815714283546599,,real,
201,False,,,,,,,,,288,1.059632,solved,,288,1.079026,solved,,,False,,,,0.9820263830528643,,real,
202,False,,,,,,,,,5,0.539039,solved,,5,0.528797,solved,,,False,,,,1.0193684911223022,,real,
203,False,,,,,,,,,8788,1.045755,solved,,8788,1.054551,solved,,,False,,,,0.9916590093793473,,real,
204,False,,,,,,,,,56,0.328075,solved,,56,0.320658,solved,,,False,,,,1.0231305627802831,,real,
207,False,,,,,,,,,3110400,14.246145,solved,,3110400,14.345563,solved,,,False,,,,0.9930697735599502,,real,
208,False,,,,,,,,,520,0.99267,solved,,520,1.001965,solved,,,False,,,,0.9907232288552994,,real,
209,False,,,,,,,,,210,1.145002,solved,,210,1.144226,solved,,,False,,,,1.0006781877006816,,real,
21,False,,,,,,,,,15,0.459308,solved,,15,0.450102,solved,,,False,,,,1.0204531417323184,,real,
211,False,,,,,,,,,15,0.324045,solved,,15,0.320959,solved,,,False,,,,1.0096149352409498,,real,
212,False,,,,,,,,,2250,0.492081,solved,,2250,0.490002,solved,,,False,,,,1.0042428398251435,,real,
215,False,,,,,,,,,12600,0.433234,solved,,12600,0.436692,solved,,,False,,,,0.9920813754316543,,real,
216,False,,,,,,,,,448,0.49006,solved,,448,0.481904,solved,,,False,,,,1.0169245326870082,,real,
219,False,,,,,,,,,165,0.484472,solved,,165,0.479477,solved,,,False,,,,1.0104176008442534,,real,
22,False,,,,,,,,,36,0.809473,solved,,36,0.809117,solved,,,False,,,,1.0004399858116935,,real,
221,False,,,,,,,,,18,0.445085,solved,,18,0.447128,solved,,,False,,,,0.995430838596554,,real,
222,False,,,,,,,,,111,0.617015,solved,,111,0.612686,solved,,,False,,,,1.0070656094639017,,real,
223,False,,,,,,,,,120,0.796669,solved,,120,0.78491,solved,,,False,,,,1.014981335439732,,real,
225,False,,,,,,,,,28,0.318972,solved,,28,0.319515,solved,,,False,,,,0.9983005492699872,,real,
227,False,,,,,,,,,544,0.790439,solved,,544,0.795999,solved,,,False,,,,0.9930150666018425,,real,
229,False,,,,,,,,,5,3.66386,solved,,5,3.665391,solved,,,False,,,,0.9995823092270375,,real,
23,False,,,,,,,,,10080,0.377026,solved,,10080,0.37935,solved,,,False,,,,0.993873731382628,,real,
230,False,,,,,,,,,495,0.35778,solved,,495,0.355605,solved,,,False,,,,1.0061163369468933,,real,
231,False,,,,,,,,,36000,0.386483,solved,,36000,0.390437,solved,,,False,,,,0.989872886022585,,real,
232,False,,,,,,,,,864000,1.069881,solved,,864000,1.068725,solved,,,False,,,,1.001081662728953,,real,
233,False,,,,,,,,,360,0.406154,solved,,360,0.414209,solved,,,False,,,,0.9805532955585224,,real,
234,False,,,,,,,,,65,0.775567,solved,,65,0.764197,solved,,,False,,,,1.0148783625164715,,real,
237,False,,,,,,,,,48,0.470544,solved,,48,0.466572,solved,,,False,,,,1.0085131555258353,,real,
238,False,,,,,,,,,6,0.899254,solved,,6,0.885384,solved,,,False,,,,1.0156655191419768,,real,
239,False,,,,,,,,,10,0.456588,solved,,10,0.455858,solved,,,False,,,,1.0016013758670463,,real,
24,False,,,,,,,,,1296540,0.939853,solved,,1296540,0.942262,solved,,,False,,,,0.9974433862344019,,real,
241,False,,,,,,,,,6,0.39871,solved,,6,0.394238,solved,,,False,,,,1.0113434017015104,,real,
242,False,,,,,,,,,62,1.625935,solved,,62,1.614296,solved,,,False,,,,1.0072099540604698,,real,
243,False,,,,,,,,,4896,0.2783,solved,,4896,0.280571,solved,,,False,,,,0.9919057921167903,,real,
244,False,,,,,,,,,480,0.690308,solved,,480,0.700474,solved,,,False,,,,0.9854869702515725,,real,
245,False,,,,,,,,,35,0.354537,solved,,35,0.36165,solved,,,False,,,,0.9803318125259227,,real,
246,False,,,,,,,,,35,0.323255,solved,,35,0.325704,solved,,,False,,,,0.9924809029057059,,real,
248,False,,,,,,,,,6960,1.355513,solved,,6960,1.390916,solved,,,False,,,,0.9745469891783544,,real,
249,False,,,,,,,,,14,0.49387,solved,,14,0.495479,solved,,,False,,,,0.9967526373468906,,real,
25,False,,,,,,,,,72,0.476737,solved,,72,0.47395,solved,,,False,,,,1.0058803671273342,,real,
250,False,,,,,,,,,29,1.039904,solved,,29,1.039328,solved,,,False,,,,1.000554204255057,,real,
252,False,,,,,,,,,48,0.805416,solved,,48,0.802137,solved,,,False,,,,1.0040878303830891,,real,
253,False,,,,,,,,,1120,0.820021,solved,,1120,0.832078,solved,,,False,,,,0.985509771920421,,real,
254,False,,,,,,,,,36,0.93839,solved,,36,0.937743,solved,,,False,,,,1.0006899544971277,,real,
255,False,,,,,,,,,50,0.967479,solved,,50,0.972224,solved,,,False,,,,0.9951194374958857,,real,
256,False,,,,,,,,,28,0.323597,solved,,28,0.321577,solved,,,False,,,,1.0062815437671226,,real,
258,False,,,,,,,,,105,0.37911,solved,,105,0.374223,solved,,,False,,,,1.0130590583689405,,real,
259,False,,,,,,,,,432,0.856362,solved,,432,0.828716,solved,,,False,,,,1.0333600413169288,,real,
26,False,,,,,,,,,13,1.350127,solved,,13,1.340443,solved,,,False,,,,1.0072244772810184,,real,
261,False,,,,,,,,,10,0.357612,solved,,10,0.358467,solved,,,False,,,,0.9976148432073245,,real,
262,False,,,,,,,,,9240,0.827746,solved,,9240,0.820662,solved,,,False,,,,1.008632055584394,,real,
264,False,,,,,,,,,15,0.746478,solved,,15,0.751596,solved,,,False,,,,0.9931904906359267,,real,
265,False,,,,,,,,,384,0.511067,solved,,384,0.506685,solved,,slowdown,True,,,,1.0086483712760395,,real,
266,False,,,,,,,,,210,0.394835,solved,,210,0.386078,solved,,,False,,,,1.0226819450991769,,real,
268,False,,,,,,,,,4,0.432065,solved,,4,0.424368,solved,,,False,,,,1.0181375598537117,,real,
27,False,,,,,,,,,15,0.35941,solved,,15,0.359131,solved,,,False,,,,1.000776875290632,,real,
271,False,,,,,,,,,6,0.903523,solved,,6,0.950378,solved,,,False,,,,0.9506985641502644,,real,
272,False,,,,,,,,,5416,0.897322,solved,,5416,0.850586,solved,,,False,,,,1.0549456492347629,,real,
273,False,,,,,,,,,4,0.3569,solved,,4,0.361684,solved,,,False,,,,0.9867729841519116,,real,
274,False,,,,,,,,,2598960,0.326349,solved,,2598960,0.325818,solved,,,False,,,,1.0016297442130269,,real,
275,False,,,,,,,,,768,0.841803,solved,,768,0.830571,solved,,,False,,,,1.0135232267921708,,real,
277,False,,,,,,,,,100,0.892664,solved,,100,0.890838,solved,,,False,,,,1.0020497553988492,,real,
278,False,,,,,,,,,1951,0.44111,solved,,1951,0.439823,solved,,,False,,,,1.002926177121251,,real,
279,False,,,,,,,,,210,0.421816,solved,,210,0.417987,solved,,,False,,,,1.0091605719795114,,real,
28,False,,,,,,,,,243,0.571141,solved,,243,0.571228,solved,,,False,,,,0.9998476965414862,,real,
280,False,,,,,,,,,12,0.569973,solved,,12,0.5574,solved,,,False,,,,1.022556512378902,,real,
281,False,,,,,,,,,75,0.969091,solved,,75,0.972864,solved,,,False,,,,0.9961217600815737,,real,
285,False,,,,,,,,,14,0.416134,solved,,14,0.422683,solved,,,False,,,,0.9845061192430261,,real,
286,False,,,,,,,,,4242,0.718092,solved,,4242,0.712711,solved,,,False,,,,1.0075500448288297,,real,
287,False,,,,,,,,,210,0.372766,solved,,210,0.368901,solved,,,False,,,,1.0104770656626032,,real,
288,False,,,,,,,,,210,0.410571,solved,,210,0.415899,solved,,,False,,,,0.9871891973772479,,real,
29,False,,,,,,,,,720,0.495825,solved,,720,0.502677,solved,,,False,,,,0.986368980478518,,real,
290,False,,,,,,,,,60,0.791162,solved,,60,0.787281,solved,,,False,,,,1.004929624873457,,real,
291,False,,,,,,,,,180,0.80425,solved,,180,0.806054,solved,,,False,,,,0.9977619365451942,,real,
292,False,,,,,,,,,720,0.394013,solved,,720,0.392568,solved,,,False,,,,1.0036808909539239,,real,
294,False,,,,,,,,,14,0.421408,solved,,14,0.424531,solved,,,False,,,,0.9926436467537118,,real,
295,False,,,,,,,,,41,0.419624,solved,,41,0.412552,solved,,,False,,,,1.0171420814830616,,real,
296,False,,,,,,,,,80,0.396751,solved,,80,0.393312,solved,,,False,,,,1.008743694573265,,real,
297,False,,,,,,,,,16,0.695037,solved,,16,0.692992,solved,,,False,,,,1.002950972016993,,real,
298,False,,,,,,,,,45,0.36639,solved,,45,0.361654,solved,,,False,,,,1.0130953895159462,,real,
299,False,,,,,,,,,420,0.860968,solved,,420,0.861028,solved,,,False,,,,0.9999303158550011,,real,
3,False,,,,,,,,,165,0.478155,solved,,165,0.479049,solved,,,False,,,,0.9981338025963941,,real,
30,False,,,,,,,,,25200,1.375169,solved,,25200,1.383223,solved,,,False,,,,0.9941773669176988,,real,
300,False,,,,,,,,,380,0.38676,solved,,380,0.384867,solved,,,False,,,,1.0049185822634832,,real,
301,False,,,,,,,,,48,0.467212,solved,,48,0.485215,solved,,,False,,,,0.9628968601547767,,real,
302,False,,,,,,,,,16,0.356976,solved,,16,0.357529,solved,,,False,,,,0.9984532723219656,,real,
304,False,,,,,,,,,1848,0.752611,solved,,1848,0.750251,solved,,,False,,,,1.0031456139345367,,real,
305,False,,,,,,,,,1050,0.811419,solved,,1050,0.810528,solved,,,False,,,,1.0010992834300603,,real,
306,False,,,,,,,,,6840,0.522413,solved,,6840,0.503935,solved,,,False,,,,1.0366674273467809,,real,
307,False,,,,,,,,,192,0.488969,solved,,192,0.496769,solved,,,False,,,,0.9842985371470442,,real,
308,False,,,,,,,,TimeoutError,,100.100155,timeout,TimeoutError,,100.10242,timeout,,,False,,,,,,real,
31,False,,,,,,,,,12,0.392592,solved,,12,0.394177,solved,,,False,,,,0.9959789637650092,,real,
32,False,,,,,,,,,21,1.169249,solved,,21,1.176765,solved,,,False,,,,0.9936129983471635,,real,
325,False,,,,,,,,,452,0.787755,solved,,452,0.787368,solved,,,False,,,,1.0004915109580272,,real,
335,False,,,,,,,,,320,0.959772,solved,,320,0.953569,solved,,,False,,,,1.0065050352937228,,real,
34,False,,,,,,,,,3,0.441009,solved,,3,0.453306,solved,,,False,,,,0.972872629084989,,real,
35,False,,,,,,,,,60,0.905931,solved,,60,0.84423,solved,,,False,,,,1.0730855335631286,,real,
36,False,,,,,,,,,240,0.501627,solved,,240,0.511479,solved,,,False,,,,0.9807382121260111,,real,
371,False,,,,,,,,,26,12.924815,solved,,26,13.080953,solved,,,False,,,,0.9880637137064862,,real,
375,False,,,,,,,,,728,1.061131,solved,,728,1.078674,solved,,,False,,,,0.9837365135342098,,real,
38,False,,,,,,,,,3,0.589014,solved,,3,0.595785,solved,,,False,,,,0.9886351620131424,,real,
4,False,,,,,,,,,6732,1.105686,solved,,6732,1.09591,solved,,,False,,,,1.0089204405471253,,real,
40,False,,,,,,,,,560,0.509396,solved,,560,0.511803,solved,,,False,,,,0.9952970185794142,,real,
41,False,,,,,,,,,1386,0.830559,solved,,1386,0.799451,solved,,,False,,,,1.038911703156291,,real,
42,False,,,,,,,,,17280,0.381635,solved,,17280,0.386008,solved,,,False,,,,0.988671219249342,,real,
43,False,,,,,,,,,15,0.850121,solved,,15,0.860233,solved,,,False,,,,0.9882450452377437,,real,
44,False,,,,,,,,,672,0.411417,solved,,672,0.416358,solved,,,False,,,,0.9881328087847476,,real,
45,False,,,,,,,,,2880,0.382216,solved,,2880,0.379652,solved,,,False,,,,1.0067535532540326,,real,
46,False,,,,,,,,,25,1.810594,solved,,25,1.801339,solved,,,False,,,,1.0051378446810955,,real,
48,False,,,,,,,,,35,1.173692,solved,,35,1.165533,solved,,,False,,,,1.007000230795696,,real,
49,False,,,,,,,,,12441600,0.670751,solved,,12441600,0.668422,solved,,,False,,,,1.003484325770247,,real,
5,False,,,,,,,,,36,0.979109,solved,,36,0.976399,solved,,,False,,,,1.0027755046860967,,real,
50,False,,,,,,,,,34650,2.348678,solved,,34650,2.317936,solved,,,False,,,,1.013262661264159,,real,
55,False,,,,,,,,,18,0.431219,solved,,18,0.43566,solved,,,False,,,,0.9898062709452325,,real,
56,False,,,,,,,,,45045,0.565684,solved,,45045,0.58739,solved,,,False,,,,0.9630466981051772,,real,
57,False,,,,,,,,,25972650,0.468458,solved,,25972650,0.465607,solved,,,False,,,,1.0061231897286766,,real,
58,False,,,,,,,,,280,0.459722,solved,,280,0.463724,solved,,,False,,,,0.9913698665585564,,real,
59,False,,,,,,,,,10,0.356857,solved,,10,0.360642,solved,,,False,,,,0.9895048275020657,,real,
6,False,,,,,,,,,200,0.963802,solved,,200,0.966155,solved,,,False,,,,0.9975645729722458,,real,
60,False,,,,,,,,,36,0.483401,solved,,36,0.506408,solved,,,False,,,,0.9545682532661413,,real,
61,False,,,,,,,,,5120,0.461774,solved,,5120,0.464074,solved,,,False,,,,0.9950438938617548,,real,
62,False,,,,,,,,,1920,1.023883,solved,,1920,1.007277,solved,,,False,,,,1.016486031151312,,real,
63,False,,,,,,,,,220,0.360521,solved,,220,0.395057,solved,,,False,,,,0.9125797036883285,,real,
65,False,,,,,,,,,61328,1.099082,solved,,61328,1.123785,solved,,,False,,,,0.9780180372580163,,real,
66,False,,,,,,,,,750,0.523358,solved,,750,0.525672,solved,,,False,,,,0.9955980154925504,,real,
68,False,,,,,,,,,252,0.758692,solved,,252,0.761303,solved,,,False,,,,0.9965703537224996,,real,
69,False,,,,,,,,,840,0.909385,solved,,840,0.844387,solved,,,False,,,,1.0769765522207235,,real,
7,False,,,,,,,,,1440,0.716339,solved,,1440,0.720304,solved,,,False,,,,0.994495379728559,,real,
70,False,,,,,,,,,28,0.630652,solved,,28,0.623503,solved,,,False,,,,1.0114658630351416,,real,
71,False,,,,,,,,,12650,0.367673,solved,,12650,0.421677,solved,,,False,,,,0.8719304111915044,,real,
72,False,,,,,,,,,75075,0.398805,solved,,75075,0.401843,solved,,,False,,,,0.9924398334672995,,real,
73,False,,,,,,,,,48,0.904723,solved,,48,0.891754,solved,,,False,,,,1.014543248474355,,real,
74,False,,,,,,,,,30951,1.083051,solved,,30951,1.092979,solved,,,False,,,,0.9909165683878648,,real,
75,False,,,,,,,,,6,0.94032,solved,,6,0.952773,solved,,,False,,,,0.9869297303764906,,real,
76,False,,,,,,,,,70,0.753675,solved,,70,0.754626,solved,,,False,,,,0.9987397730796447,,real,
78,False,,,,,,,,,1414,0.807146,solved,,1414,0.813222,solved,,,False,,,,0.9925284854566159,,real,
80,False,,,,,,,,,24,0.640549,solved,,24,0.638305,solved,,,False,,,,1.0035155607429052,,real,
81,False,,,,,,,,,840,0.832755,solved,,840,0.819375,solved,,,False,,,,1.016329519450801,,real,
83,False,,,,,,,,,195,0.759891,solved,,195,0.754242,solved,,,False,,,,1.0074896386040555,,real,
84,False,,,,,,,,,28,0.35949,solved,,28,0.357331,solved,,,False,,,,1.0060420170654099,,real,
85,False,,,,,,,,,225,0.573425,solved,,225,0.572383,solved,,,False,,,,1.0018204593777242,,real,
86,False,,,,,,,,,10,0.875455,solved,,10,0.875994,solved,,,False,,,,0.9993846989819564,,real,
87,False,,,,,,,,,2838,0.409367,solved,,2838,0.406387,solved,,,False,,,,1.0073329117319205,,real,
91,False,,,,,,,,,771400,0.433322,solved,,771400,0.423109,solved,,,False,,,,1.024137988083449,,real,
92,False,,,,,,,,,15600,1.040778,solved,,15600,1.041643,solved,,,False,,,,0.9991695811328832,,real,
93,False,,,,,,,,,5,0.751866,solved,,5,0.777766,solved,,,False,,,,0.9666994957352212,,real,
94,False,,,,,,,,,56,0.386891,solved,,56,0.390001,solved,,,False,,,,0.9920256614726629,,real,
95,False,,,,,,,,,6,0.831692,solved,,6,0.826691,solved,,,False,,,,1.006049418706627,,real,
96,False,,,,,,,,,480,0.579673,solved,,480,0.575179,solved,,,False,,,,1.0078132198845924,,real,
97,False,,,,,,,,,16,0.332036,solved,,16,0.340984,solved,,,False,,,,0.9737582995096544,,real,
98,False,,,,,,,,,12,0.8693,solved,,12,0.868478,solved,,,False,,,,1.0009464833881803,,real,
99,False,,,,,,,,,360,0.354785,solved,,360,0.35561,solved,,,False,,,,0.997680042743455,,real,
syn-bag_choice_multiplicity-large-00,False,1,1,large,16,,bag_choice_multiplicity,,,3432,0.450507,solved,,3432,0.451414,solved,1,,False,20260811,,,0.9979907579295281,bag_choice_multiplicity,synthetic,0
syn-bag_choice_multiplicity-large-01,False,1,1,large,16,,bag_choice_multiplicity,,,13,0.44897,solved,,13,0.444951,solved,1,,False,20260811,,,1.0090324552591183,bag_choice_multiplicity,synthetic,1
syn-bag_choice_multiplicity-large-02,False,1,1,large,16,,bag_choice_multiplicity,,,220,0.490551,solved,,220,0.49067,solved,1,,False,20260811,,,0.9997574744736789,bag_choice_multiplicity,synthetic,2
syn-bag_choice_multiplicity-large-03,False,1,1,large,16,,bag_choice_multiplicity,,,14,0.43496,solved,,14,0.431247,solved,1,,False,20260811,,,1.0086099149675245,bag_choice_multiplicity,synthetic,3
syn-bag_choice_multiplicity-large-04,False,1,1,large,16,,bag_choice_multiplicity,,,12,0.450932,solved,,12,0.451322,solved,1,,False,20260811,,,0.9991358719495171,bag_choice_multiplicity,synthetic,4
syn-bag_choice_multiplicity-large-05,False,1,1,large,16,,bag_choice_multiplicity,,,495,0.448207,solved,,495,0.447353,solved,1,,False,20260811,,,1.001909006981064,bag_choice_multiplicity,synthetic,5
syn-bag_choice_multiplicity-large-06,False,1,1,large,16,,bag_choice_multiplicity,,,2002,0.490367,solved,,2002,0.490229,solved,1,,False,20260811,,,1.0002815010943864,bag_choice_multiplicity,synthetic,6
syn-bag_choice_multiplicity-large-07,False,1,1,large,16,,bag_choice_multiplicity,,,55,0.431556,solved,,55,0.437988,solved,1,,False,20260811,,,0.9853146661552371,bag_choice_multiplicity,synthetic,7
syn-bag_choice_multiplicity-medium-00,False,1,1,medium,12,,bag_choice_multiplicity,,,56,0.445851,solved,,56,0.441278,solved,1,,False,20260811,,,1.010363081776114,bag_choice_multiplicity,synthetic,0
syn-bag_choice_multiplicity-medium-01,False,1,1,medium,12,,bag_choice_multiplicity,,,252,0.490539,solved,,252,0.496005,solved,1,,False,20260811,,,0.9889799497988933,bag_choice_multiplicity,synthetic,1
syn-bag_choice_multiplicity-medium-02,False,1,1,medium,12,,bag_choice_multiplicity,,,84,0.479941,solved,,84,0.480722,solved,1,,False,20260811,,,0.9983753603954053,bag_choice_multiplicity,synthetic,2
syn-bag_choice_multiplicity-medium-03,False,1,1,medium,12,,bag_choice_multiplicity,,,210,0.442178,solved,,210,0.441096,solved,1,,False,20260811,,,1.0024529807570235,bag_choice_multiplicity,synthetic,3
syn-bag_choice_multiplicity-medium-04,False,1,1,medium,12,,bag_choice_multiplicity,,,21,0.441092,solved,,21,0.440723,solved,1,,False,20260811,,,1.0008372605922542,bag_choice_multiplicity,synthetic,4
syn-bag_choice_multiplicity-medium-05,False,1,1,medium,12,,bag_choice_multiplicity,,,56,0.490835,solved,,56,0.494627,solved,1,,False,20260811,,,0.9923336170488065,bag_choice_multiplicity,synthetic,5
syn-bag_choice_multiplicity-medium-06,False,1,1,medium,12,,bag_choice_multiplicity,,,7,0.479878,solved,,7,0.479778,solved,1,,False,20260811,,,1.0002084297320846,bag_choice_multiplicity,synthetic,6
syn-bag_choice_multiplicity-medium-07,False,1,1,medium,12,,bag_choice_multiplicity,,,126,0.440667,solved,,126,0.440871,solved,1,,False,20260811,,,0.9995372796124036,bag_choice_multiplicity,synthetic,7
syn-bag_choice_multiplicity-small-00,False,1,1,small,8,,bag_choice_multiplicity,,,3,0.392046,solved,,3,0.392111,solved,1,,False,20260811,,,0.9998342306132703,bag_choice_multiplicity,synthetic,0
syn-bag_choice_multiplicity-small-01,False,1,1,small,8,,bag_choice_multiplicity,,,4,0.492229,solved,,4,0.487095,solved,1,,False,20260811,,,1.0105400383908685,bag_choice_multiplicity,synthetic,1
syn-bag_choice_multiplicity-small-02,False,1,1,small,8,,bag_choice_multiplicity,,,10,0.474825,solved,,10,0.478202,solved,1,,False,20260811,,,0.9929381307480939,bag_choice_multiplicity,synthetic,2
syn-bag_choice_multiplicity-small-03,False,1,1,small,8,,bag_choice_multiplicity,,,6,0.422325,solved,,6,0.424809,solved,1,,False,20260811,,,0.9941526662570709,bag_choice_multiplicity,synthetic,3
syn-bag_choice_multiplicity-small-04,False,1,1,small,8,,bag_choice_multiplicity,,,6,0.391205,solved,,6,0.393808,solved,1,,False,20260811,,,0.9933901799861863,bag_choice_multiplicity,synthetic,4
syn-bag_choice_multiplicity-small-05,False,1,1,small,8,,bag_choice_multiplicity,,,3,0.488991,solved,,3,0.48755,solved,1,,False,20260811,,,1.0029555942980208,bag_choice_multiplicity,synthetic,5
syn-bag_choice_multiplicity-small-06,False,1,1,small,8,,bag_choice_multiplicity,,,5,0.474071,solved,,5,0.475572,solved,1,,False,20260811,,,0.9968438007283861,bag_choice_multiplicity,synthetic,6
syn-bag_choice_multiplicity-small-07,False,1,1,small,8,,bag_choice_multiplicity,,,4,0.419753,solved,,4,0.421467,solved,1,,False,20260811,,,0.9959332521881903,bag_choice_multiplicity,synthetic,7
syn-bag_sequence_adjacency-large-00,False,1,1,large,16,,bag_sequence_adjacency,,,180180,3.924285,solved,,180180,3.943624,solved,1,,False,20260811,,,0.995096134925642,bag_sequence_adjacency,synthetic,0
syn-bag_sequence_adjacency-large-01,False,1,1,large,16,,bag_sequence_adjacency,,,2162160,3.958869,solved,,2162160,3.945783,solved,1,,False,20260811,,,1.0033164520197893,bag_sequence_adjacency,synthetic,1
syn-bag_sequence_adjacency-large-02,False,1,1,large,16,,bag_sequence_adjacency,,,1801800,3.646937,solved,,1801800,3.611373,solved,1,,False,20260811,,,1.0098477781165225,bag_sequence_adjacency,synthetic,2
syn-bag_sequence_adjacency-large-03,False,1,1,large,16,,bag_sequence_adjacency,,,5460,3.532834,solved,,5460,3.540007,solved,1,,False,20260811,,,0.9979737328203022,bag_sequence_adjacency,synthetic,3
syn-bag_sequence_adjacency-large-04,False,1,1,large,16,,bag_sequence_adjacency,,,540540,3.959632,solved,,540540,3.976436,solved,1,,False,20260811,,,0.9957741052540516,bag_sequence_adjacency,synthetic,4
syn-bag_sequence_adjacency-large-05,False,1,1,large,16,,bag_sequence_adjacency,,,540540,3.870563,solved,,540540,3.943841,solved,1,,False,20260811,,,0.9814196363392946,bag_sequence_adjacency,synthetic,5
syn-bag_sequence_adjacency-large-06,False,1,1,large,16,,bag_sequence_adjacency,,,2522520,3.613487,solved,,2522520,3.615641,solved,1,,False,20260811,,,0.9994042550131498,bag_sequence_adjacency,synthetic,6
syn-bag_sequence_adjacency-large-07,False,1,1,large,16,,bag_sequence_adjacency,,,3603600,3.495958,solved,,3603600,3.497009,solved,1,,False,20260811,,,0.9996994574506386,bag_sequence_adjacency,synthetic,7
syn-bag_sequence_adjacency-medium-00,False,1,1,medium,12,,bag_sequence_adjacency,,,18480,1.310614,solved,,18480,1.318873,solved,1,,False,20260811,,,0.99373783525783,bag_sequence_adjacency,synthetic,0
syn-bag_sequence_adjacency-medium-01,False,1,1,medium,12,,bag_sequence_adjacency,,,7920,1.4836,solved,,7920,1.474111,solved,1,,False,20260811,,,1.006437100055559,bag_sequence_adjacency,synthetic,1
syn-bag_sequence_adjacency-medium-02,False,1,1,medium,12,,bag_sequence_adjacency,,,27720,1.372861,solved,,27720,1.370513,solved,1,,False,20260811,,,1.0017132270908777,bag_sequence_adjacency,synthetic,2
syn-bag_sequence_adjacency-medium-03,False,1,1,medium,12,,bag_sequence_adjacency,,,69300,1.226557,solved,,69300,1.216523,solved,1,,False,20260811,,,1.0082480972410715,bag_sequence_adjacency,synthetic,3
syn-bag_sequence_adjacency-medium-04,False,1,1,medium,12,,bag_sequence_adjacency,,,7920,1.30782,solved,,7920,1.31748,solved,1,,False,20260811,,,0.9926678203843702,bag_sequence_adjacency,synthetic,4
syn-bag_sequence_adjacency-medium-05,False,1,1,medium,12,,bag_sequence_adjacency,,,7920,1.485102,solved,,7920,1.477371,solved,1,,False,20260811,,,1.005232944196143,bag_sequence_adjacency,synthetic,5
syn-bag_sequence_adjacency-medium-06,False,1,1,medium,12,,bag_sequence_adjacency,,,27720,1.38843,solved,,27720,1.38041,solved,1,,False,20260811,,,1.0058098680826713,bag_sequence_adjacency,synthetic,6
syn-bag_sequence_adjacency-medium-07,False,1,1,medium,12,,bag_sequence_adjacency,,,92400,1.216561,solved,,92400,1.216797,solved,1,,False,20260811,,,0.9998060481740176,bag_sequence_adjacency,synthetic,7
syn-bag_sequence_adjacency-small-00,False,1,1,small,8,,bag_sequence_adjacency,,,420,0.520033,solved,,420,0.524116,solved,1,,False,20260811,,,0.9922097398285874,bag_sequence_adjacency,synthetic,0
syn-bag_sequence_adjacency-small-01,False,1,1,small,8,,bag_sequence_adjacency,,,840,0.650805,solved,,840,0.656009,solved,1,,False,20260811,,,0.992067182005125,bag_sequence_adjacency,synthetic,1
syn-bag_sequence_adjacency-small-02,False,1,1,small,8,,bag_sequence_adjacency,,,420,0.626821,solved,,420,0.632258,solved,1,,False,20260811,,,0.9914006623878227,bag_sequence_adjacency,synthetic,2
syn-bag_sequence_adjacency-small-03,False,1,1,small,8,,bag_sequence_adjacency,,,1260,0.563533,solved,,1260,0.564725,solved,1,,False,20260811,,,0.9978892381247508,bag_sequence_adjacency,synthetic,3
syn-bag_sequence_adjacency-small-04,False,1,1,small,8,,bag_sequence_adjacency,,,840,0.520576,solved,,840,0.524583,solved,1,,False,20260811,,,0.9923615519374437,bag_sequence_adjacency,synthetic,4
syn-bag_sequence_adjacency-small-05,False,1,1,small,8,,bag_sequence_adjacency,,,840,0.654067,solved,,840,0.653038,solved,1,,False,20260811,,,1.001575712286268,bag_sequence_adjacency,synthetic,5
syn-bag_sequence_adjacency-small-06,False,1,1,small,8,,bag_sequence_adjacency,,,840,0.635462,solved,,840,0.627209,solved,1,,False,20260811,,,1.0131582933280612,bag_sequence_adjacency,synthetic,6
syn-bag_sequence_adjacency-small-07,False,1,1,small,8,,bag_sequence_adjacency,,,840,0.560491,solved,,840,0.564265,solved,1,,False,20260811,,,0.9933116532125862,bag_sequence_adjacency,synthetic,7
syn-bag_tuple_multiplicity-large-00,False,1,1,large,16,,bag_tuple_multiplicity,,,3600,0.97701,solved,,3600,0.96381,solved,2,,False,20260811,,,1.0136956454072898,bag_tuple_multiplicity,synthetic,0
syn-bag_tuple_multiplicity-large-01,False,1,1,large,16,,bag_tuple_multiplicity,,,6720,6.695915,solved,,6720,6.770187,solved,2,,False,20260811,,,0.9890295497007691,bag_tuple_multiplicity,synthetic,1
syn-bag_tuple_multiplicity-large-02,False,1,1,large,16,,bag_tuple_multiplicity,,,10080,6.667237,solved,,10080,7.453288,solved,2,,False,20260811,,,0.8945363442282118,bag_tuple_multiplicity,synthetic,2
syn-bag_tuple_multiplicity-large-03,False,1,1,large,16,,bag_tuple_multiplicity,,,1544400,6.51541,solved,,1544400,6.485996,solved,2,,False,20260811,,,1.0045350012550116,bag_tuple_multiplicity,synthetic,3
syn-bag_tuple_multiplicity-large-04,False,1,1,large,16,,bag_tuple_multiplicity,,,10090080,1.39192,solved,,10090080,1.400281,solved,2,,False,20260811,,,0.9940290555966981,bag_tuple_multiplicity,synthetic,4
syn-bag_tuple_multiplicity-large-05,False,1,1,large,16,,bag_tuple_multiplicity,,,109200,6.748056,solved,,109200,6.86033,solved,2,,False,20260811,,,0.9836343149673558,bag_tuple_multiplicity,synthetic,5
syn-bag_tuple_multiplicity-large-06,False,1,1,large,16,,bag_tuple_multiplicity,,,336336,6.599399,solved,,336336,6.510204,solved,2,,False,20260811,,,1.0137007995448377,bag_tuple_multiplicity,synthetic,6
syn-bag_tuple_multiplicity-large-07,False,1,1,large,16,,bag_tuple_multiplicity,,,2402400,1.276231,solved,,2402400,1.279689,solved,2,,False,20260811,,,0.9972977809452139,bag_tuple_multiplicity,synthetic,7
syn-bag_tuple_multiplicity-medium-00,False,1,1,medium,12,,bag_tuple_multiplicity,,,83160,1.462365,solved,,83160,1.465456,solved,2,,False,20260811,,,0.9978907589173608,bag_tuple_multiplicity,synthetic,0
syn-bag_tuple_multiplicity-medium-01,False,1,1,medium,12,,bag_tuple_multiplicity,,,7920,4.142701,solved,,7920,4.181228,solved,2,,False,20260811,,,0.9907857213239746,bag_tuple_multiplicity,synthetic,1
syn-bag_tuple_multiplicity-medium-02,False,1,1,medium,12,,bag_tuple_multiplicity,,,528,0.988202,solved,,528,0.985494,solved,2,,False,20260811,,,1.0027478604638893,bag_tuple_multiplicity,synthetic,2
syn-bag_tuple_multiplicity-medium-03,False,1,1,medium,12,,bag_tuple_multiplicity,,,6600,3.649139,solved,,6600,3.63538,solved,2,,False,20260811,,,1.0037847487745435,bag_tuple_multiplicity,synthetic,3
syn-bag_tuple_multiplicity-medium-04,False,1,1,medium,12,,bag_tuple_multiplicity,,,11880,4.009467,solved,,11880,4.13182,solved,2,,False,20260811,,,0.9703876257920238,bag_tuple_multiplicity,synthetic,4
syn-bag_tuple_multiplicity-medium-05,False,1,1,medium,12,,bag_tuple_multiplicity,,,5940,4.153795,solved,,5940,4.17601,solved,2,,False,20260811,,,0.9946803288306302,bag_tuple_multiplicity,synthetic,5
syn-bag_tuple_multiplicity-medium-06,False,1,1,medium,12,,bag_tuple_multiplicity,,,83160,4.035997,solved,,83160,4.057189,solved,2,,False,20260811,,,0.9947766791243888,bag_tuple_multiplicity,synthetic,6
syn-bag_tuple_multiplicity-medium-07,False,1,1,medium,12,,bag_tuple_multiplicity,,,3300,3.640099,solved,,3300,3.660591,solved,2,,False,20260811,,,0.99440199683603,bag_tuple_multiplicity,synthetic,7
syn-bag_tuple_multiplicity-small-00,False,1,1,small,8,,bag_tuple_multiplicity,,,504,1.866845,solved,,504,1.839535,solved,2,,False,20260811,,,1.014846143182924,bag_tuple_multiplicity,synthetic,0
syn-bag_tuple_multiplicity-small-01,False,1,1,small,8,,bag_tuple_multiplicity,,,1176,2.182896,solved,,1176,2.216649,solved,2,,False,20260811,,,0.9847729613484137,bag_tuple_multiplicity,synthetic,1
syn-bag_tuple_multiplicity-small-02,False,1,1,small,8,,bag_tuple_multiplicity,,,392,1.049638,solved,,392,1.052078,solved,2,,False,20260811,,,0.9976807803223715,bag_tuple_multiplicity,synthetic,2
syn-bag_tuple_multiplicity-small-03,False,1,1,small,8,,bag_tuple_multiplicity,,,280,0.869372,solved,,280,0.861344,solved,2,,False,20260811,,,1.0093203180146377,bag_tuple_multiplicity,synthetic,3
syn-bag_tuple_multiplicity-small-04,False,1,1,small,8,,bag_tuple_multiplicity,,,1680,1.185543,solved,,1680,1.182148,solved,2,,False,20260811,,,1.0028718908292362,bag_tuple_multiplicity,synthetic,4
syn-bag_tuple_multiplicity-small-05,False,1,1,small,8,,bag_tuple_multiplicity,,,6300,1.392915,solved,,6300,1.393751,solved,2,,False,20260811,,,0.9994001798025616,bag_tuple_multiplicity,synthetic,5
syn-bag_tuple_multiplicity-small-06,False,1,1,small,8,,bag_tuple_multiplicity,,,5880,2.134877,solved,,5880,2.30551,solved,2,,False,20260811,,,0.9259890436389345,bag_tuple_multiplicity,synthetic,6
syn-bag_tuple_multiplicity-small-07,False,1,1,small,8,,bag_tuple_multiplicity,,,1120,1.895551,solved,,1120,1.882015,solved,2,,False,20260811,,,1.007192291241037,bag_tuple_multiplicity,synthetic,7
syn-dependent_bag_tuple-large-00,False,1,2,large,16,,dependent_bag_tuple,,,655200,1.425087,solved,,655200,1.403818,solved,3,,False,20260811,,,1.0151508243946152,dependent_bag_tuple,synthetic,0
syn-dependent_bag_tuple-large-01,False,1,2,large,16,,dependent_bag_tuple,,,764400,6.68477,solved,,764400,6.714631,solved,3,,False,20260811,,,0.9955528457185511,dependent_bag_tuple,synthetic,1
syn-dependent_bag_tuple-large-02,False,1,2,large,16,,dependent_bag_tuple,,,21840,6.676492,solved,,21840,6.671845,solved,3,,False,20260811,,,1.0006965089866446,dependent_bag_tuple,synthetic,2
syn-dependent_bag_tuple-large-03,False,1,2,large,16,,dependent_bag_tuple,,,16800,6.485758,solved,,16800,6.4599,solved,3,,False,20260811,,,1.0040028483413055,dependent_bag_tuple,synthetic,3
syn-dependent_bag_tuple-large-04,False,1,2,large,16,,dependent_bag_tuple,,,514800,7.444247,solved,,514800,7.438568,solved,3,,False,20260811,,,1.0007634533958687,dependent_bag_tuple,synthetic,4
syn-dependent_bag_tuple-large-05,False,1,2,large,16,,dependent_bag_tuple,,,288288,6.755828,solved,,288288,6.73406,solved,3,,False,20260811,,,1.0032325224307475,dependent_bag_tuple,synthetic,5
syn-dependent_bag_tuple-large-06,False,1,2,large,16,,dependent_bag_tuple,,,327600,6.650543,solved,,327600,6.657145,solved,3,,False,20260811,,,0.9990082835810246,dependent_bag_tuple,synthetic,6
syn-dependent_bag_tuple-large-07,False,1,2,large,16,,dependent_bag_tuple,,,43680,6.528881,solved,,43680,6.547214,solved,3,,False,20260811,,,0.9971998776884335,dependent_bag_tuple,synthetic,7
syn-dependent_bag_tuple-medium-00,False,1,2,medium,12,,dependent_bag_tuple,,,29700,1.41925,solved,,29700,1.42952,solved,3,,False,20260811,,,0.9928157703285019,dependent_bag_tuple,synthetic,0
syn-dependent_bag_tuple-medium-01,False,1,2,medium,12,,dependent_bag_tuple,,,5940,3.669779,solved,,5940,3.65711,solved,3,,False,20260811,,,1.003464210811269,dependent_bag_tuple,synthetic,1
syn-dependent_bag_tuple-medium-02,False,1,2,medium,12,,dependent_bag_tuple,,,3300,4.054031,solved,,3300,4.032022,solved,3,,False,20260811,,,1.0054585515654428,dependent_bag_tuple,synthetic,2
syn-dependent_bag_tuple-medium-03,False,1,2,medium,12,,dependent_bag_tuple,,,194040,1.293614,solved,,194040,1.294614,solved,3,,False,20260811,,,0.9992275689896758,dependent_bag_tuple,synthetic,3
syn-dependent_bag_tuple-medium-04,False,1,2,medium,12,,dependent_bag_tuple,,,2772,0.95637,solved,,2772,0.962342,solved,3,,False,20260811,,,0.9937943059743833,dependent_bag_tuple,synthetic,4
syn-dependent_bag_tuple-medium-05,False,1,2,medium,12,,dependent_bag_tuple,,,118800,1.314386,solved,,118800,1.322409,solved,3,,False,20260811,,,0.9939330418955105,dependent_bag_tuple,synthetic,5
syn-dependent_bag_tuple-medium-06,False,1,2,medium,12,,dependent_bag_tuple,,,485100,1.479801,solved,,485100,1.468938,solved,3,,False,20260811,,,1.0073951385286513,dependent_bag_tuple,synthetic,6
syn-dependent_bag_tuple-medium-07,False,1,2,medium,12,,dependent_bag_tuple,,,83160,1.298714,solved,,83160,1.315858,solved,3,,False,20260811,,,0.9869712385378969,dependent_bag_tuple,synthetic,7
syn-dependent_bag_tuple-small-00,False,1,2,small,8,,dependent_bag_tuple,,,392,0.831301,solved,,392,0.836562,solved,3,,False,20260811,,,0.9937111654605396,dependent_bag_tuple,synthetic,0
syn-dependent_bag_tuple-small-01,False,1,2,small,8,,dependent_bag_tuple,,,3360,1.473878,solved,,3360,1.483208,solved,3,,False,20260811,,,0.9937095808544721,dependent_bag_tuple,synthetic,1
syn-dependent_bag_tuple-small-02,False,1,2,small,8,,dependent_bag_tuple,,,672,2.166737,solved,,672,2.147693,solved,3,,False,20260811,,,1.0088671891187428,dependent_bag_tuple,synthetic,2
syn-dependent_bag_tuple-small-03,False,1,2,small,8,,dependent_bag_tuple,,,4200,1.869882,solved,,4200,1.889368,solved,3,,False,20260811,,,0.9896864983423029,dependent_bag_tuple,synthetic,3
syn-dependent_bag_tuple-small-04,False,1,2,small,8,,dependent_bag_tuple,,,840,1.860987,solved,,840,1.852472,solved,3,,False,20260811,,,1.0045965607037515,dependent_bag_tuple,synthetic,4
syn-dependent_bag_tuple-small-05,False,1,2,small,8,,dependent_bag_tuple,,,2240,1.486282,solved,,2240,1.486829,solved,3,,False,20260811,,,0.9996321029519872,dependent_bag_tuple,synthetic,5
syn-dependent_bag_tuple-small-06,False,1,2,small,8,,dependent_bag_tuple,,,1680,2.151767,solved,,1680,2.131851,solved,3,,False,20260811,,,1.0093421163111305,dependent_bag_tuple,synthetic,6
syn-dependent_bag_tuple-small-07,False,1,2,small,8,,dependent_bag_tuple,,,1260,1.28675,solved,,1260,1.295324,solved,3,,False,20260811,,,0.9933808066553234,dependent_bag_tuple,synthetic,7
syn-dependent_choice_disjoint-large-00,False,1,2,large,16,,dependent_choice_disjoint,,,2882880,0.491285,solved,,2882880,0.490027,solved,3,,False,20260811,,,1.0025672054805144,dependent_choice_disjoint,synthetic,0
syn-dependent_choice_disjoint-large-01,False,1,2,large,16,,dependent_choice_disjoint,,,480480,0.488785,solved,,480480,0.494418,solved,3,,False,20260811,,,0.9886068063864989,dependent_choice_disjoint,synthetic,1
syn-dependent_choice_disjoint-large-02,False,1,2,large,16,,dependent_choice_disjoint,,,1201200,0.470212,solved,,1201200,0.468559,solved,3,,False,20260811,,,1.003527837476177,dependent_choice_disjoint,synthetic,2
syn-dependent_choice_disjoint-large-03,False,1,2,large,16,,dependent_choice_disjoint,,,823680,0.471586,solved,,823680,0.481841,solved,3,,False,20260811,,,0.9787170456644412,dependent_choice_disjoint,synthetic,3
syn-dependent_choice_disjoint-large-04,False,1,2,large,16,,dependent_choice_disjoint,,,2162160,0.486099,solved,,2162160,0.488779,solved,3,,False,20260811,,,0.9945169493779397,dependent_choice_disjoint,synthetic,4
syn-dependent_choice_disjoint-large-05,False,1,2,large,16,,dependent_choice_disjoint,,,21840,0.492463,solved,,21840,0.48872,solved,3,,False,20260811,,,1.007658782124734,dependent_choice_disjoint,synthetic,5
syn-dependent_choice_disjoint-large-06,False,1,2,large,16,,dependent_choice_disjoint,,,21840,0.465737,solved,,21840,0.470046,solved,3,,False,20260811,,,0.9908328121077511,dependent_choice_disjoint,synthetic,6
syn-dependent_choice_disjoint-large-07,False,1,2,large,16,,dependent_choice_disjoint,,,480480,0.48123,solved,,480480,0.476194,solved,3,,False,20260811,,,1.0105755217411392,dependent_choice_disjoint,synthetic,7
syn-dependent_choice_disjoint-medium-00,False,1,2,medium,12,,dependent_choice_disjoint,,,15840,0.490819,solved,,15840,0.490906,solved,3,,False,20260811,,,0.9998227766619271,dependent_choice_disjoint,synthetic,0
syn-dependent_choice_disjoint-medium-01,False,1,2,medium,12,,dependent_choice_disjoint,,,5940,0.543548,solved,,5940,0.540114,solved,3,,False,20260811,,,1.0063579170323302,dependent_choice_disjoint,synthetic,1
syn-dependent_choice_disjoint-medium-02,False,1,2,medium,12,,dependent_choice_disjoint,,,83160,0.527501,solved,,83160,0.532473,solved,3,,False,20260811,,,0.990662437344241,dependent_choice_disjoint,synthetic,2
syn-dependent_choice_disjoint-medium-03,False,1,2,medium,12,,dependent_choice_disjoint,,,5940,0.467227,solved,,5940,0.465037,solved,3,,False,20260811,,,1.0047093027006453,dependent_choice_disjoint,synthetic,3
syn-dependent_choice_disjoint-medium-04,False,1,2,medium,12,,dependent_choice_disjoint,,,33264,0.495107,solved,,33264,0.517528,solved,3,,False,20260811,,,0.9566767401956996,dependent_choice_disjoint,synthetic,4
syn-dependent_choice_disjoint-medium-05,False,1,2,medium,12,,dependent_choice_disjoint,,,33264,0.538119,solved,,33264,0.537212,solved,3,,False,20260811,,,1.001688346500078,dependent_choice_disjoint,synthetic,5
syn-dependent_choice_disjoint-medium-06,False,1,2,medium,12,,dependent_choice_disjoint,,,27720,0.524613,solved,,27720,0.526499,solved,3,,False,20260811,,,0.9964178469474775,dependent_choice_disjoint,synthetic,6
syn-dependent_choice_disjoint-medium-07,False,1,2,medium,12,,dependent_choice_disjoint,,,55440,0.465783,solved,,55440,0.465447,solved,3,,False,20260811,,,1.0007218867024603,dependent_choice_disjoint,synthetic,7
syn-dependent_choice_disjoint-small-00,False,1,2,small,8,,dependent_choice_disjoint,,,840,0.430073,solved,,840,0.418681,solved,3,,False,20260811,,,1.0272092595556044,dependent_choice_disjoint,synthetic,0
syn-dependent_choice_disjoint-small-01,False,1,2,small,8,,dependent_choice_disjoint,,,840,0.535104,solved,,840,0.532418,solved,3,,False,20260811,,,1.005044908323911,dependent_choice_disjoint,synthetic,1
syn-dependent_choice_disjoint-small-02,False,1,2,small,8,,dependent_choice_disjoint,,,336,0.525451,solved,,336,0.524812,solved,3,,False,20260811,,,1.001217578866337,dependent_choice_disjoint,synthetic,2
syn-dependent_choice_disjoint-small-03,False,1,2,small,8,,dependent_choice_disjoint,,,840,0.471748,solved,,840,0.479789,solved,3,,False,20260811,,,0.9832405494915473,dependent_choice_disjoint,synthetic,3
syn-dependent_choice_disjoint-small-04,False,1,2,small,8,,dependent_choice_disjoint,,,336,0.42593,solved,,336,0.450912,solved,3,,False,20260811,,,0.9445967284082039,dependent_choice_disjoint,synthetic,4
syn-dependent_choice_disjoint-small-05,False,1,2,small,8,,dependent_choice_disjoint,,,840,0.531696,solved,,840,0.533672,solved,3,,False,20260811,,,0.9962973511819992,dependent_choice_disjoint,synthetic,5
syn-dependent_choice_disjoint-small-06,False,1,2,small,8,,dependent_choice_disjoint,,,1120,0.523402,solved,,1120,0.521562,solved,3,,False,20260811,,,1.0035278643766226,dependent_choice_disjoint,synthetic,6
syn-dependent_choice_disjoint-small-07,False,1,2,small,8,,dependent_choice_disjoint,,,1120,0.474777,solved,,1120,0.472196,solved,3,,False,20260811,,,1.005465950579844,dependent_choice_disjoint,synthetic,7
syn-dependent_composition_sizes-large-00,False,4,2,large,16,,dependent_composition_sizes,,,17297280,1.089054,solved,,17297280,1.091712,solved,2,,False,20260811,,,0.9975652919451283,dependent_composition_sizes,synthetic,0
syn-dependent_composition_sizes-large-01,False,5,2,large,16,,dependent_composition_sizes,,,605404800,1.255453,solved,,605404800,1.249083,solved,2,,False,20260811,,,1.0050997411701224,dependent_composition_sizes,synthetic,1
syn-dependent_composition_sizes-large-02,False,5,2,large,16,,dependent_composition_sizes,,,1816214400,1.274434,solved,,1816214400,1.284594,solved,2,,False,20260811,,,0.9920908863033768,dependent_composition_sizes,synthetic,2
syn-dependent_composition_sizes-large-03,False,5,2,large,16,,dependent_composition_sizes,,,2882880,1.237965,solved,,2882880,1.254636,solved,2,,False,20260811,,,0.9867124807513892,dependent_composition_sizes,synthetic,3
syn-dependent_composition_sizes-large-04,False,3,2,large,16,,dependent_composition_sizes,,,5765760,0.959409,solved,,5765760,0.952286,solved,2,,False,20260811,,,1.007479895745606,dependent_composition_sizes,synthetic,4
syn-dependent_composition_sizes-large-05,False,5,2,large,16,,dependent_composition_sizes,,,43243200,1.26327,solved,,43243200,1.252196,solved,2,,False,20260811,,,1.0088436634520472,dependent_composition_sizes,synthetic,5
syn-dependent_composition_sizes-large-06,False,2,2,large,16,,dependent_composition_sizes,,,960960,0.831341,solved,,960960,0.825189,solved,2,,False,20260811,,,1.0074552617642747,dependent_composition_sizes,synthetic,6
syn-dependent_composition_sizes-large-07,False,4,2,large,16,,dependent_composition_sizes,,,28828800,1.007148,solved,,28828800,1.004929,solved,2,,False,20260811,,,1.0022081161952734,dependent_composition_sizes,synthetic,7
syn-dependent_composition_sizes-medium-00,False,4,2,medium,12,,dependent_composition_sizes,,,332640,1.085016,solved,,332640,1.08887,solved,2,,False,20260811,,,0.9964605508462901,dependent_composition_sizes,synthetic,0
syn-dependent_composition_sizes-medium-01,False,4,2,medium,12,,dependent_composition_sizes,,,332640,1.009684,solved,,332640,1.008235,solved,2,,False,20260811,,,1.0014371649466642,dependent_composition_sizes,synthetic,1
syn-dependent_composition_sizes-medium-02,False,3,2,medium,12,,dependent_composition_sizes,,,138600,0.997311,solved,,138600,0.991911,solved,2,,False,20260811,,,1.0054440368137867,dependent_composition_sizes,synthetic,2
syn-dependent_composition_sizes-medium-03,False,5,2,medium,12,,dependent_composition_sizes,,,2494800,1.228934,solved,,2494800,1.218692,solved,2,,False,20260811,,,1.0084040922562878,dependent_composition_sizes,synthetic,3
syn-dependent_composition_sizes-medium-04,False,2,2,medium,12,,dependent_composition_sizes,,,660,0.8692,solved,,660,0.865393,solved,2,,False,20260811,,,1.004399157377053,dependent_composition_sizes,synthetic,4
syn-dependent_composition_sizes-medium-05,False,3,2,medium,12,,dependent_composition_sizes,,,15840,0.903608,solved,,15840,0.891791,solved,2,,False,20260811,,,1.0132508625900014,dependent_composition_sizes,synthetic,5
syn-dependent_composition_sizes-medium-06,False,5,2,medium,12,,dependent_composition_sizes,,,332640,1.352851,solved,,332640,1.352411,solved,2,,False,20260811,,,1.0003253448840626,dependent_composition_sizes,synthetic,6
syn-dependent_composition_sizes-medium-07,False,2,2,medium,12,,dependent_composition_sizes,,,27720,0.807969,solved,,27720,0.81264,solved,2,,False,20260811,,,0.9942520673360898,dependent_composition_sizes,synthetic,7
syn-dependent_composition_sizes-small-00,False,5,2,small,8,,dependent_composition_sizes,,,10080,1.137783,solved,,10080,1.133044,solved,2,,False,20260811,,,1.0041825383656768,dependent_composition_sizes,synthetic,0
syn-dependent_composition_sizes-small-01,False,3,2,small,8,,dependent_composition_sizes,,,1680,1.014524,solved,,1680,1.010358,solved,2,,False,20260811,,,1.004123290952316,dependent_composition_sizes,synthetic,1
syn-dependent_composition_sizes-small-02,False,4,2,small,8,,dependent_composition_sizes,,,1680,1.129426,solved,,1680,1.127136,solved,2,,False,20260811,,,1.0020316980382138,dependent_composition_sizes,synthetic,2
syn-dependent_composition_sizes-small-03,False,3,2,small,8,,dependent_composition_sizes,,,1680,0.890483,solved,,1680,0.882157,solved,2,,False,20260811,,,1.0094382292494422,dependent_composition_sizes,synthetic,3
syn-dependent_composition_sizes-small-04,False,3,2,small,8,,dependent_composition_sizes,,,840,0.850376,solved,,840,0.851823,solved,2,,False,20260811,,,0.9983012902915277,dependent_composition_sizes,synthetic,4
syn-dependent_composition_sizes-small-05,False,2,2,small,8,,dependent_composition_sizes,,,420,0.914974,solved,,420,0.913061,solved,2,,False,20260811,,,1.002095150269259,dependent_composition_sizes,synthetic,5
syn-dependent_composition_sizes-small-06,False,3,2,small,8,,dependent_composition_sizes,,,1680,1.000101,solved,,1680,1.004205,solved,2,,False,20260811,,,0.9959131850568359,dependent_composition_sizes,synthetic,6
syn-dependent_composition_sizes-small-07,False,5,2,small,8,,dependent_composition_sizes,,,10080,1.209224,solved,,10080,1.205169,solved,2,,False,20260811,,,1.0033646733362709,dependent_composition_sizes,synthetic,7
syn-dependent_partition_min_size-large-00,False,1,2,large,16,,dependent_partition_min_size,,,1441440,0.825904,solved,,1441440,0.828621,solved,2,,False,20260811,,,0.9967210582401362,dependent_partition_min_size,synthetic,0
syn-dependent_partition_min_size-large-01,False,1,2,large,16,,dependent_partition_min_size,,,43680,0.786236,solved,,43680,0.783312,solved,2,,False,20260811,,,1.0037328676185224,dependent_partition_min_size,synthetic,1
syn-dependent_partition_min_size-large-02,False,1,2,large,16,,dependent_partition_min_size,,,273112840,0.960838,solved,,273112840,0.960261,solved,2,,False,20260811,,,1.000600878302878,dependent_partition_min_size,synthetic,2
syn-dependent_partition_min_size-large-03,False,1,2,large,16,,dependent_partition_min_size,,,124492368,0.833757,solved,,124492368,0.836894,solved,2,,False,20260811,,,0.9962516160947503,dependent_partition_min_size,synthetic,3
syn-dependent_partition_min_size-large-04,False,1,2,large,16,,dependent_partition_min_size,,,3443440,0.898559,solved,,3443440,0.891575,solved,2,,False,20260811,,,1.0078333286599557,dependent_partition_min_size,synthetic,4
syn-dependent_partition_min_size-large-05,False,1,2,large,16,,dependent_partition_min_size,,,1171170,0.779016,solved,,1171170,0.78139,solved,2,,False,20260811,,,0.9969618244410602,dependent_partition_min_size,synthetic,5
syn-dependent_partition_min_size-large-06,False,1,2,large,16,,dependent_partition_min_size,,,75675600,0.967366,solved,,75675600,0.962741,solved,2,,False,20260811,,,1.0048039919355258,dependent_partition_min_size,synthetic,6
syn-dependent_partition_min_size-large-07,False,1,2,large,16,,dependent_partition_min_size,,,34606000,0.836145,solved,,34606000,0.836886,solved,2,,False,20260811,,,0.9991145747449474,dependent_partition_min_size,synthetic,7
syn-dependent_partition_min_size-medium-00,False,1,2,medium,12,,dependent_partition_min_size,,,478170,0.908261,solved,,478170,0.909013,solved,2,,False,20260811,,,0.9991727291028841,dependent_partition_min_size,synthetic,0
syn-dependent_partition_min_size-medium-01,False,1,2,medium,12,,dependent_partition_min_size,,,275220,0.864885,solved,,275220,0.88044,solved,2,,False,20260811,,,0.9823326972877198,dependent_partition_min_size,synthetic,1
syn-dependent_partition_min_size-medium-02,False,1,2,medium,12,,dependent_partition_min_size,,,12276,0.865362,solved,,12276,0.866174,solved,2,,False,20260811,,,0.9990625440154056,dependent_partition_min_size,synthetic,2
syn-dependent_partition_min_size-medium-03,False,1,2,medium,12,,dependent_partition_min_size,,,33066,0.77515,solved,,33066,0.770415,solved,2,,False,20260811,,,1.0061460381742309,dependent_partition_min_size,synthetic,3
syn-dependent_partition_min_size-medium-04,False,1,2,medium,12,,dependent_partition_min_size,,,238392,0.929009,solved,,238392,0.899568,solved,2,,False,20260811,,,1.0327279316294042,dependent_partition_min_size,synthetic,4
syn-dependent_partition_min_size-medium-05,False,1,2,medium,12,,dependent_partition_min_size,,,421960,0.85427,solved,,421960,0.853344,solved,2,,False,20260811,,,1.0010851426857164,dependent_partition_min_size,synthetic,5
syn-dependent_partition_min_size-medium-06,False,1,2,medium,12,,dependent_partition_min_size,,,11880,0.863224,solved,,11880,0.865908,solved,2,,False,20260811,,,0.9969003635490145,dependent_partition_min_size,synthetic,6
syn-dependent_partition_min_size-medium-07,False,1,2,medium,12,,dependent_partition_min_size,,,841995,0.940339,solved,,841995,0.94379,solved,2,,False,20260811,,,0.9963434662371926,dependent_partition_min_size,synthetic,7
syn-dependent_partition_min_size-small-00,False,1,2,small,8,,dependent_partition_min_size,,,840,0.818845,solved,,840,0.808851,solved,2,,False,20260811,,,1.01235579853397,dependent_partition_min_size,synthetic,0
syn-dependent_partition_min_size-small-01,False,1,2,small,8,,dependent_partition_min_size,,,840,0.871932,solved,,840,0.873027,solved,2,,False,20260811,,,0.9987457432587996,dependent_partition_min_size,synthetic,1
syn-dependent_partition_min_size-small-02,False,1,2,small,8,,dependent_partition_min_size,,,448,0.867614,solved,,448,0.868255,solved,2,,False,20260811,,,0.9992617376231637,dependent_partition_min_size,synthetic,2
syn-dependent_partition_min_size-small-03,False,1,2,small,8,,dependent_partition_min_size,,,280,0.771042,solved,,280,0.775895,solved,2,,False,20260811,,,0.9937452877000109,dependent_partition_min_size,synthetic,3
syn-dependent_partition_min_size-small-04,False,1,2,small,8,,dependent_partition_min_size,,,504,0.735028,solved,,504,0.754398,solved,2,,False,20260811,,,0.9743238979954878,dependent_partition_min_size,synthetic,4
syn-dependent_partition_min_size-small-05,False,1,2,small,8,,dependent_partition_min_size,,,868,0.874156,solved,,868,0.879608,solved,2,,False,20260811,,,0.9938017844312468,dependent_partition_min_size,synthetic,5
syn-dependent_partition_min_size-small-06,False,1,2,small,8,,dependent_partition_min_size,,,560,0.868652,solved,,560,0.872212,solved,2,,False,20260811,,,0.995918423502543,dependent_partition_min_size,synthetic,6
syn-dependent_partition_min_size-small-07,False,1,2,small,8,,dependent_partition_min_size,,,700,0.772674,solved,,700,0.775192,solved,2,,False,20260811,,,0.9967517724641121,dependent_partition_min_size,synthetic,7
syn-dependent_selected_subsets-large-00,False,1,2,large,16,,dependent_selected_subsets,,,2882880,0.497466,solved,,2882880,0.496946,solved,3,,False,20260811,,,1.0010463913584173,dependent_selected_subsets,synthetic,0
syn-dependent_selected_subsets-large-01,False,1,2,large,16,,dependent_selected_subsets,,,240240,0.482877,solved,,240240,0.479072,solved,3,,False,20260811,,,1.0079424387148488,dependent_selected_subsets,synthetic,1
syn-dependent_selected_subsets-large-02,False,1,2,large,16,,dependent_selected_subsets,,,2402400,0.49977,solved,,2402400,0.492535,solved,3,,False,20260811,,,1.014689311419493,dependent_selected_subsets,synthetic,2
syn-dependent_selected_subsets-large-03,False,1,2,large,16,,dependent_selected_subsets,,,480480,0.468996,solved,,480480,0.477247,solved,3,,False,20260811,,,0.9827112585306981,dependent_selected_subsets,synthetic,3
syn-dependent_selected_subsets-large-04,False,1,2,large,16,,dependent_selected_subsets,,,1601600,0.496471,solved,,1601600,0.496445,solved,3,,False,20260811,,,1.0000523723675332,dependent_selected_subsets,synthetic,4
syn-dependent_selected_subsets-large-05,False,1,2,large,16,,dependent_selected_subsets,,,2882880,0.476673,solved,,2882880,0.473796,solved,3,,False,20260811,,,1.0060722336195325,dependent_selected_subsets,synthetic,5
syn-dependent_selected_subsets-large-06,False,1,2,large,16,,dependent_selected_subsets,,,240240,0.491822,solved,,240240,0.491413,solved,3,,False,20260811,,,1.0008322938139609,dependent_selected_subsets,synthetic,6
syn-dependent_selected_subsets-large-07,False,1,2,large,16,,dependent_selected_subsets,,,480480,0.474799,solved,,480480,0.467201,solved,3,,False,20260811,,,1.0162628076566618,dependent_selected_subsets,synthetic,7
syn-dependent_selected_subsets-medium-00,False,1,2,medium,12,,dependent_selected_subsets,,,33264,0.489777,solved,,33264,0.491869,solved,3,,False,20260811,,,0.9957468350312787,dependent_selected_subsets,synthetic,0
syn-dependent_selected_subsets-medium-01,False,1,2,medium,12,,dependent_selected_subsets,,,83160,0.482448,solved,,83160,0.481399,solved,3,,False,20260811,,,1.0021790655983913,dependent_selected_subsets,synthetic,1
syn-dependent_selected_subsets-medium-02,False,1,2,medium,12,,dependent_selected_subsets,,,23760,0.536562,solved,,23760,0.536404,solved,3,,False,20260811,,,1.0002945541047419,dependent_selected_subsets,synthetic,2
syn-dependent_selected_subsets-medium-03,False,1,2,medium,12,,dependent_selected_subsets,,,15840,0.465233,solved,,15840,0.46623,solved,3,,False,20260811,,,0.9978615704695109,dependent_selected_subsets,synthetic,3
syn-dependent_selected_subsets-medium-04,False,1,2,medium,12,,dependent_selected_subsets,,,23760,0.499357,solved,,23760,0.491426,solved,3,,False,20260811,,,1.0161387472376309,dependent_selected_subsets,synthetic,4
syn-dependent_selected_subsets-medium-05,False,1,2,medium,12,,dependent_selected_subsets,,,83160,0.484652,solved,,83160,0.482602,solved,3,,False,20260811,,,1.0042478066812819,dependent_selected_subsets,synthetic,5
syn-dependent_selected_subsets-medium-06,False,1,2,medium,12,,dependent_selected_subsets,,,55440,0.533685,solved,,55440,0.531574,solved,3,,False,20260811,,,1.0039712250787285,dependent_selected_subsets,synthetic,6
syn-dependent_selected_subsets-medium-07,False,1,2,medium,12,,dependent_selected_subsets,,,27720,0.466846,solved,,27720,0.462914,solved,3,,False,20260811,,,1.0084940183273783,dependent_selected_subsets,synthetic,7
syn-dependent_selected_subsets-small-00,False,1,2,small,8,,dependent_selected_subsets,,,336,0.435193,solved,,336,0.434762,solved,3,,False,20260811,,,1.0009913469898473,dependent_selected_subsets,synthetic,0
syn-dependent_selected_subsets-small-01,False,1,2,small,8,,dependent_selected_subsets,,,1680,0.537347,solved,,1680,0.538924,solved,3,,False,20260811,,,0.9970737989029994,dependent_selected_subsets,synthetic,1
syn-dependent_selected_subsets-small-02,False,1,2,small,8,,dependent_selected_subsets,,,840,0.526277,solved,,840,0.523199,solved,3,,False,20260811,,,1.005883038767276,dependent_selected_subsets,synthetic,2
syn-dependent_selected_subsets-small-03,False,1,2,small,8,,dependent_selected_subsets,,,1120,0.472362,solved,,1120,0.473047,solved,3,,False,20260811,,,0.9985519409276457,dependent_selected_subsets,synthetic,3
syn-dependent_selected_subsets-small-04,False,1,2,small,8,,dependent_selected_subsets,,,1680,0.490609,solved,,1680,0.439309,solved,3,,False,20260811,,,1.116774297817709,dependent_selected_subsets,synthetic,4
syn-dependent_selected_subsets-small-05,False,1,2,small,8,,dependent_selected_subsets,,,840,0.535907,solved,,840,0.537005,solved,3,,False,20260811,,,0.9979553263005001,dependent_selected_subsets,synthetic,5
syn-dependent_selected_subsets-small-06,False,1,2,small,8,,dependent_selected_subsets,,,1120,0.527002,solved,,1120,0.523542,solved,3,,False,20260811,,,1.0066088298551024,dependent_selected_subsets,synthetic,6
syn-dependent_selected_subsets-small-07,False,1,2,small,8,,dependent_selected_subsets,,,336,0.477446,solved,,336,0.476813,solved,3,,False,20260811,,,1.001327564474962,dependent_selected_subsets,synthetic,7
syn-dependent_sequence_patterns-large-00,False,9,2,large,16,,dependent_sequence_patterns,,,113400,1.123244,solved,,113400,1.122033,solved,2,,False,20260811,,,1.0010792908942963,dependent_sequence_patterns,synthetic,0
syn-dependent_sequence_patterns-large-01,False,9,2,large,16,,dependent_sequence_patterns,,,60,1.070177,solved,,60,1.089764,solved,2,,False,20260811,,,0.9820263836940842,dependent_sequence_patterns,synthetic,1
syn-dependent_sequence_patterns-large-02,False,12,2,large,16,,dependent_sequence_patterns,,,80640,1.56367,solved,,80640,1.546037,solved,2,,False,20260811,,,1.0114052897828447,dependent_sequence_patterns,synthetic,2
syn-dependent_sequence_patterns-large-03,False,9,2,large,16,,dependent_sequence_patterns,,,2419200,1.03129,solved,,2419200,1.030898,solved,2,,False,20260811,,,1.000380251004464,dependent_sequence_patterns,synthetic,3
syn-dependent_sequence_patterns-large-04,False,9,2,large,16,,dependent_sequence_patterns,,,113400,1.126791,solved,,113400,1.123745,solved,2,,False,20260811,,,1.0027105793574167,dependent_sequence_patterns,synthetic,4
syn-dependent_sequence_patterns-large-05,False,6,2,large,16,,dependent_sequence_patterns,,,288,0.950416,solved,,288,0.945899,solved,2,,False,20260811,,,1.0047753512795763,dependent_sequence_patterns,synthetic,5
syn-dependent_sequence_patterns-large-06,False,12,2,large,16,,dependent_sequence_patterns,,,1260,1.590801,solved,,1260,1.569001,solved,2,,False,20260811,,,1.0138941912720258,dependent_sequence_patterns,synthetic,6
syn-dependent_sequence_patterns-large-07,False,6,2,large,16,,dependent_sequence_patterns,,,158400,0.907495,solved,,158400,0.904586,solved,2,,False,20260811,,,1.0032158357524879,dependent_sequence_patterns,synthetic,7
syn-dependent_sequence_patterns-medium-00,False,9,2,medium,12,,dependent_sequence_patterns,,,37800,1.085065,solved,,37800,1.089022,solved,2,,False,20260811,,,0.9963664645893288,dependent_sequence_patterns,synthetic,0
syn-dependent_sequence_patterns-medium-01,False,9,2,medium,12,,dependent_sequence_patterns,,,2160,1.130991,solved,,2160,1.13308,solved,2,,False,20260811,,,0.9981563525964627,dependent_sequence_patterns,synthetic,1
syn-dependent_sequence_patterns-medium-02,False,9,2,medium,12,,dependent_sequence_patterns,,,2721600,1.116299,solved,,2721600,1.116813,solved,2,,False,20260811,,,0.9995397618043486,dependent_sequence_patterns,synthetic,2
syn-dependent_sequence_patterns-medium-03,False,6,2,medium,12,,dependent_sequence_patterns,,,2257920,0.897278,solved,,2257920,0.898181,solved,2,,False,20260811,,,0.9989946347117118,dependent_sequence_patterns,synthetic,3
syn-dependent_sequence_patterns-medium-04,False,6,2,medium,12,,dependent_sequence_patterns,,,10160640,0.987321,solved,,10160640,0.985061,solved,2,,False,20260811,,,1.0022942741617018,dependent_sequence_patterns,synthetic,4
syn-dependent_sequence_patterns-medium-05,False,6,2,medium,12,,dependent_sequence_patterns,,,40320,1.022737,solved,,40320,1.012441,solved,2,,False,20260811,,,1.0101694814808964,dependent_sequence_patterns,synthetic,5
syn-dependent_sequence_patterns-medium-06,False,9,2,medium,12,,dependent_sequence_patterns,,,2160,1.116852,solved,,2160,1.114423,solved,2,,False,20260811,,,1.002179603256573,dependent_sequence_patterns,synthetic,6
syn-dependent_sequence_patterns-medium-07,False,12,2,medium,12,,dependent_sequence_patterns,,,40320,1.34119,solved,,40320,1.352791,solved,2,,False,20260811,,,0.9914243959340356,dependent_sequence_patterns,synthetic,7
syn-dependent_sequence_patterns-small-00,False,9,2,small,8,,dependent_sequence_patterns,,,720,0.908899,solved,,720,0.912947,solved,2,,False,20260811,,,0.9955660076652862,dependent_sequence_patterns,synthetic,0
syn-dependent_sequence_patterns-small-01,False,6,2,small,8,,dependent_sequence_patterns,,,2880,1.01976,solved,,2880,1.030756,solved,2,,False,20260811,,,0.9893321018747405,dependent_sequence_patterns,synthetic,1
syn-dependent_sequence_patterns-small-02,False,9,2,small,8,,dependent_sequence_patterns,,,720,1.112002,solved,,720,1.08644,solved,2,,False,20260811,,,1.023528220610434,dependent_sequence_patterns,synthetic,2
syn-dependent_sequence_patterns-small-03,False,6,2,small,8,,dependent_sequence_patterns,,,96,0.88927,solved,,96,0.892551,solved,2,,False,20260811,,,0.9963240195798335,dependent_sequence_patterns,synthetic,3
syn-dependent_sequence_patterns-small-04,False,9,2,small,8,,dependent_sequence_patterns,,,720,0.952619,solved,,720,0.940502,solved,2,,False,20260811,,,1.012883545170558,dependent_sequence_patterns,synthetic,4
syn-dependent_sequence_patterns-small-05,False,6,2,small,8,,dependent_sequence_patterns,,,2880,1.024519,solved,,2880,1.018191,solved,2,,False,20260811,,,1.0062149439545232,dependent_sequence_patterns,synthetic,5
syn-dependent_sequence_patterns-small-06,False,9,2,small,8,,dependent_sequence_patterns,,,720,1.088054,solved,,720,1.083778,solved,2,,False,20260811,,,1.0039454574645363,dependent_sequence_patterns,synthetic,6
syn-dependent_sequence_patterns-small-07,False,6,2,small,8,,dependent_sequence_patterns,,,720,0.903101,solved,,720,0.898675,solved,2,,False,20260811,,,1.0049250285142015,dependent_sequence_patterns,synthetic,7
syn-dependent_tuple_position_count-large-00,False,2,2,large,16,,dependent_tuple_position_count,,,1209600,1.248646,solved,,1209600,1.251357,solved,2,,False,20260811,,,0.9978335518960615,dependent_tuple_position_count,synthetic,0
syn-dependent_tuple_position_count-large-01,False,2,2,large,16,,dependent_tuple_position_count,,,6350400,1.198885,solved,,6350400,1.202037,solved,2,,False,20260811,,,0.9973777845440698,dependent_tuple_position_count,synthetic,1
syn-dependent_tuple_position_count-large-02,False,2,2,large,16,,dependent_tuple_position_count,,,1058400,1.155033,solved,,1058400,1.144669,solved,2,,False,20260811,,,1.0090541457836284,dependent_tuple_position_count,synthetic,2
syn-dependent_tuple_position_count-large-03,False,2,2,large,16,,dependent_tuple_position_count,,,118800,1.122788,solved,,118800,1.121546,solved,2,,False,20260811,,,1.0011073999639784,dependent_tuple_position_count,synthetic,3
syn-dependent_tuple_position_count-large-04,False,2,2,large,16,,dependent_tuple_position_count,,,514800,1.232595,solved,,514800,1.231862,solved,2,,False,20260811,,,1.000595034184024,dependent_tuple_position_count,synthetic,4
syn-dependent_tuple_position_count-large-05,False,2,2,large,16,,dependent_tuple_position_count,,,544320,1.183303,solved,,544320,1.187346,solved,2,,False,20260811,,,0.9965949268368277,dependent_tuple_position_count,synthetic,5
syn-dependent_tuple_position_count-large-06,False,2,2,large,16,,dependent_tuple_position_count,,,33600,1.138245,solved,,33600,1.134911,solved,2,,False,20260811,,,1.0029376752890755,dependent_tuple_position_count,synthetic,6
syn-dependent_tuple_position_count-large-07,False,2,2,large,16,,dependent_tuple_position_count,,,144000,1.126911,solved,,144000,1.134407,solved,2,,False,20260811,,,0.9933921423263432,dependent_tuple_position_count,synthetic,7
syn-dependent_tuple_position_count-medium-00,False,2,2,medium,12,,dependent_tuple_position_count,,,432,1.197034,solved,,432,1.193536,solved,2,,False,20260811,,,1.002930787173575,dependent_tuple_position_count,synthetic,0
syn-dependent_tuple_position_count-medium-01,False,2,2,medium,12,,dependent_tuple_position_count,,,864,1.25446,solved,,864,1.256903,solved,2,,False,20260811,,,0.9980563337027597,dependent_tuple_position_count,synthetic,1
syn-dependent_tuple_position_count-medium-02,False,2,2,medium,12,,dependent_tuple_position_count,,,144,1.240691,solved,,144,1.23355,solved,2,,False,20260811,,,1.0057889830164972,dependent_tuple_position_count,synthetic,2
syn-dependent_tuple_position_count-medium-03,False,2,2,medium,12,,dependent_tuple_position_count,,,75600,1.109554,solved,,75600,1.103069,solved,2,,False,20260811,,,1.0058790519904013,dependent_tuple_position_count,synthetic,3
syn-dependent_tuple_position_count-medium-04,False,2,2,medium,12,,dependent_tuple_position_count,,,450,1.198796,solved,,450,1.201696,solved,2,,False,20260811,,,0.9975867440683832,dependent_tuple_position_count,synthetic,4
syn-dependent_tuple_position_count-medium-05,False,2,2,medium,12,,dependent_tuple_position_count,,,705600,1.283796,solved,,705600,1.274951,solved,2,,False,20260811,,,1.0069375215204348,dependent_tuple_position_count,synthetic,5
syn-dependent_tuple_position_count-medium-06,False,2,2,medium,12,,dependent_tuple_position_count,,,4032,1.231122,solved,,4032,1.225594,solved,2,,False,20260811,,,1.0045104659454924,dependent_tuple_position_count,synthetic,6
syn-dependent_tuple_position_count-medium-07,False,2,2,medium,12,,dependent_tuple_position_count,,,192,1.093491,solved,,192,1.094293,solved,2,,False,20260811,,,0.999267106707253,dependent_tuple_position_count,synthetic,7
syn-dependent_tuple_position_count-small-00,False,2,2,small,8,,dependent_tuple_position_count,,,3600,1.033587,solved,,3600,1.036626,solved,2,,False,20260811,,,0.9970683737432786,dependent_tuple_position_count,synthetic,0
syn-dependent_tuple_position_count-small-01,False,2,2,small,8,,dependent_tuple_position_count,,,1200,1.23666,solved,,1200,1.238417,solved,2,,False,20260811,,,0.9985812533258184,dependent_tuple_position_count,synthetic,1
syn-dependent_tuple_position_count-small-02,False,2,2,small,8,,dependent_tuple_position_count,,,96,1.216071,solved,,96,1.21713,solved,2,,False,20260811,,,0.9991299203864829,dependent_tuple_position_count,synthetic,2
syn-dependent_tuple_position_count-small-03,False,2,2,small,8,,dependent_tuple_position_count,,,240,1.088454,solved,,240,1.087607,solved,2,,False,20260811,,,1.0007787739505172,dependent_tuple_position_count,synthetic,3
syn-dependent_tuple_position_count-small-04,False,2,2,small,8,,dependent_tuple_position_count,,,3600,1.025392,solved,,3600,1.050798,solved,2,,False,20260811,,,0.9758221846634655,dependent_tuple_position_count,synthetic,4
syn-dependent_tuple_position_count-small-05,False,2,2,small,8,,dependent_tuple_position_count,,,240,1.241563,solved,,240,1.242282,solved,2,,False,20260811,,,0.9994212264204101,dependent_tuple_position_count,synthetic,5
syn-dependent_tuple_position_count-small-06,False,2,2,small,8,,dependent_tuple_position_count,,,2880,1.229433,solved,,2880,1.231477,solved,2,,False,20260811,,,0.9983402044861577,dependent_tuple_position_count,synthetic,6
syn-dependent_tuple_position_count-small-07,False,2,2,small,8,,dependent_tuple_position_count,,,1200,1.085233,solved,,1200,1.075755,solved,2,,False,20260811,,,1.0088105563069656,dependent_tuple_position_count,synthetic,7
syn-nested_choice_chain-large-00,False,1,3,large,16,,nested_choice_chain,,,5460,0.46987,solved,,5460,0.470471,solved,3,,False,20260811,,,0.9987225567569522,nested_choice_chain,synthetic,0
syn-nested_choice_chain-large-01,False,1,3,large,16,,nested_choice_chain,,,360360,0.452122,solved,,360360,0.453963,solved,3,,False,20260811,,,0.9959446034148158,nested_choice_chain,synthetic,1
syn-nested_choice_chain-large-02,False,1,3,large,16,,nested_choice_chain,,,1081080,0.460188,solved,,1081080,0.457213,solved,3,,False,20260811,,,1.0065068141107099,nested_choice_chain,synthetic,2
syn-nested_choice_chain-large-03,False,1,3,large,16,,nested_choice_chain,,,180180,0.448669,solved,,180180,0.450229,solved,3,,False,20260811,,,0.9965350965841827,nested_choice_chain,synthetic,3
syn-nested_choice_chain-large-04,False,1,3,large,16,,nested_choice_chain,,,40950,0.470432,solved,,40950,0.471085,solved,3,,False,20260811,,,0.9986138382669795,nested_choice_chain,synthetic,4
syn-nested_choice_chain-large-05,False,1,3,large,16,,nested_choice_chain,,,1621620,0.45411,solved,,1621620,0.450921,solved,3,,False,20260811,,,1.0070721922465353,nested_choice_chain,synthetic,5
syn-nested_choice_chain-large-06,False,1,3,large,16,,nested_choice_chain,,,27300,0.458576,solved,,27300,0.456458,solved,3,,False,20260811,,,1.0046400764144785,nested_choice_chain,synthetic,6
syn-nested_choice_chain-large-07,False,1,3,large,16,,nested_choice_chain,,,525525,0.44397,solved,,525525,0.448011,solved,3,,False,20260811,,,0.9909801321842544,nested_choice_chain,synthetic,7
syn-nested_choice_chain-medium-00,False,1,3,medium,12,,nested_choice_chain,,,11880,0.462884,solved,,11880,0.460961,solved,3,,False,20260811,,,1.0041717195164017,nested_choice_chain,synthetic,0
syn-nested_choice_chain-medium-01,False,1,3,medium,12,,nested_choice_chain,,,1980,0.45573,solved,,1980,0.455224,solved,3,,False,20260811,,,1.001111540692055,nested_choice_chain,synthetic,1
syn-nested_choice_chain-medium-02,False,1,3,medium,12,,nested_choice_chain,,,18480,0.50296,solved,,18480,0.502409,solved,3,,False,20260811,,,1.0010967160222048,nested_choice_chain,synthetic,2
syn-nested_choice_chain-medium-03,False,1,3,medium,12,,nested_choice_chain,,,6600,0.446867,solved,,6600,0.455991,solved,3,,False,20260811,,,0.9799908331524088,nested_choice_chain,synthetic,3
syn-nested_choice_chain-medium-04,False,1,3,medium,12,,nested_choice_chain,,,1980,0.461332,solved,,1980,0.464083,solved,3,,False,20260811,,,0.9940721810538201,nested_choice_chain,synthetic,4
syn-nested_choice_chain-medium-05,False,1,3,medium,12,,nested_choice_chain,,,83160,0.457875,solved,,83160,0.456668,solved,3,,False,20260811,,,1.002643057976473,nested_choice_chain,synthetic,5
syn-nested_choice_chain-medium-06,False,1,3,medium,12,,nested_choice_chain,,,92400,0.504631,solved,,92400,0.502072,solved,3,,False,20260811,,,1.0050968785353498,nested_choice_chain,synthetic,6
syn-nested_choice_chain-medium-07,False,1,3,medium,12,,nested_choice_chain,,,6600,0.445292,solved,,6600,0.443602,solved,3,,False,20260811,,,1.003809721326775,nested_choice_chain,synthetic,7
syn-nested_choice_chain-small-00,False,1,3,small,8,,nested_choice_chain,,,1050,0.40666,solved,,1050,0.404294,solved,3,,False,20260811,,,1.0058521768811806,nested_choice_chain,synthetic,0
syn-nested_choice_chain-small-01,False,1,3,small,8,,nested_choice_chain,,,630,0.509901,solved,,630,0.509768,solved,3,,False,20260811,,,1.0002609029990115,nested_choice_chain,synthetic,1
syn-nested_choice_chain-small-02,False,1,3,small,8,,nested_choice_chain,,,700,0.497181,solved,,700,0.500014,solved,3,,False,20260811,,,0.994334158643558,nested_choice_chain,synthetic,2
syn-nested_choice_chain-small-03,False,1,3,small,8,,nested_choice_chain,,,1260,0.453803,solved,,1260,0.451039,solved,3,,False,20260811,,,1.0061280731821416,nested_choice_chain,synthetic,3
syn-nested_choice_chain-small-04,False,1,3,small,8,,nested_choice_chain,,,630,0.402933,solved,,630,0.407635,solved,3,,False,20260811,,,0.9884651710476283,nested_choice_chain,synthetic,4
syn-nested_choice_chain-small-05,False,1,3,small,8,,nested_choice_chain,,,735,0.507731,solved,,735,0.508173,solved,3,,False,20260811,,,0.9991302174653122,nested_choice_chain,synthetic,5
syn-nested_choice_chain-small-06,False,1,3,small,8,,nested_choice_chain,,,294,0.504091,solved,,294,0.498582,solved,3,,False,20260811,,,1.0110493359166595,nested_choice_chain,synthetic,6
syn-nested_choice_chain-small-07,False,1,3,small,8,,nested_choice_chain,,,735,0.449856,solved,,735,0.450348,solved,3,,False,20260811,,,0.998907511524421,nested_choice_chain,synthetic,7
syn-set_choice_intersection-large-00,False,1,1,large,16,,set_choice_intersection,,,756,0.814082,solved,,756,0.81265,solved,1,,False,20260811,,,1.0017621362210054,set_choice_intersection,synthetic,0
syn-set_choice_intersection-large-01,False,1,1,large,16,,set_choice_intersection,,,784,0.773015,solved,,784,0.767607,solved,1,,False,20260811,,,1.0070452718643785,set_choice_intersection,synthetic,1
syn-set_choice_intersection-large-02,False,1,1,large,16,,set_choice_intersection,,,1960,0.85385,solved,,1960,0.861913,solved,1,,False,20260811,,,0.9906452275345655,set_choice_intersection,synthetic,2
syn-set_choice_intersection-large-03,False,1,1,large,16,,set_choice_intersection,,,448,0.760215,solved,,448,0.780124,solved,1,,False,20260811,,,0.9744796980992765,set_choice_intersection,synthetic,3
syn-set_choice_intersection-large-04,False,1,1,large,16,,set_choice_intersection,,,224,0.813952,solved,,224,0.814343,solved,1,,False,20260811,,,0.9995198583397904,set_choice_intersection,synthetic,4
syn-set_choice_intersection-large-05,False,1,1,large,16,,set_choice_intersection,,,550,0.770968,solved,,550,0.772745,solved,1,,False,20260811,,,0.9977004056965751,set_choice_intersection,synthetic,5
syn-set_choice_intersection-large-06,False,1,1,large,16,,set_choice_intersection,,,1260,0.853008,solved,,1260,0.851052,solved,1,,False,20260811,,,1.002298331946814,set_choice_intersection,synthetic,6
syn-set_choice_intersection-large-07,False,1,1,large,16,,set_choice_intersection,,,3920,0.762777,solved,,3920,0.755113,solved,1,,False,20260811,,,1.010149474317089,set_choice_intersection,synthetic,7
syn-set_choice_intersection-medium-00,False,1,1,medium,12,,set_choice_intersection,,,350,0.814428,solved,,350,0.815823,solved,1,,False,20260811,,,0.998290070272596,set_choice_intersection,synthetic,0
syn-set_choice_intersection-medium-01,False,1,1,medium,12,,set_choice_intersection,,,15,0.861183,solved,,15,0.863649,solved,1,,False,20260811,,,0.9971446733568846,set_choice_intersection,synthetic,1
syn-set_choice_intersection-medium-02,False,1,1,medium,12,,set_choice_intersection,,,7,0.848518,solved,,7,0.848761,solved,1,,False,20260811,,,0.999713700323177,set_choice_intersection,synthetic,2
syn-set_choice_intersection-medium-03,False,1,1,medium,12,,set_choice_intersection,,,252,0.77666,solved,,252,0.773428,solved,1,,False,20260811,,,1.0041787988022155,set_choice_intersection,synthetic,3
syn-set_choice_intersection-medium-04,False,1,1,medium,12,,set_choice_intersection,,,225,0.814468,solved,,225,0.811968,solved,1,,False,20260811,,,1.0030789390714905,set_choice_intersection,synthetic,4
syn-set_choice_intersection-medium-05,False,1,1,medium,12,,set_choice_intersection,,,8,0.85572,solved,,8,0.857763,solved,1,,False,20260811,,,0.9976182232155035,set_choice_intersection,synthetic,5
syn-set_choice_intersection-medium-06,False,1,1,medium,12,,set_choice_intersection,,,126,0.847164,solved,,126,0.852357,solved,1,,False,20260811,,,0.9939074824281375,set_choice_intersection,synthetic,6
syn-set_choice_intersection-medium-07,False,1,1,medium,12,,set_choice_intersection,,,70,0.780146,solved,,70,0.791782,solved,1,,False,20260811,,,0.9853040357067981,set_choice_intersection,synthetic,7
syn-set_choice_intersection-small-00,False,1,1,small,8,,set_choice_intersection,,,30,0.732794,solved,,30,0.721674,solved,1,,False,20260811,,,1.0154086194043292,set_choice_intersection,synthetic,0
syn-set_choice_intersection-small-01,False,1,1,small,8,,set_choice_intersection,,,24,0.874133,solved,,24,0.861605,solved,1,,False,20260811,,,1.01454030559247,set_choice_intersection,synthetic,1
syn-set_choice_intersection-small-02,False,1,1,small,8,,set_choice_intersection,,,30,0.850187,solved,,30,0.858242,solved,1,,False,20260811,,,0.9906145352942411,set_choice_intersection,synthetic,2
syn-set_choice_intersection-small-03,False,1,1,small,8,,set_choice_intersection,,,30,0.752341,solved,,30,0.745318,solved,1,,False,20260811,,,1.0094228235464593,set_choice_intersection,synthetic,3
syn-set_choice_intersection-small-04,False,1,1,small,8,,set_choice_intersection,,,10,0.73091,solved,,10,0.728293,solved,1,,False,20260811,,,1.0035933340015626,set_choice_intersection,synthetic,4
syn-set_choice_intersection-small-05,False,1,1,small,8,,set_choice_intersection,,,3,0.850238,solved,,3,0.859368,solved,1,,False,20260811,,,0.9893759134619861,set_choice_intersection,synthetic,5
syn-set_choice_intersection-small-06,False,1,1,small,8,,set_choice_intersection,,,10,0.845622,solved,,10,0.852201,solved,1,,False,20260811,,,0.9922799902839823,set_choice_intersection,synthetic,6
syn-set_choice_intersection-small-07,False,1,1,small,8,,set_choice_intersection,,,15,0.747699,solved,,15,0.752015,solved,1,,False,20260811,,,0.9942607527775377,set_choice_intersection,synthetic,7
syn-set_composition_sizes-large-00,False,5,1,large,16,,set_composition_sizes,,,43243200,1.248394,solved,,43243200,1.268284,solved,1,,False,20260811,,,0.9843173926344573,set_composition_sizes,synthetic,0
syn-set_composition_sizes-large-01,False,3,1,large,16,,set_composition_sizes,,,400400,0.881049,solved,,400400,0.887811,solved,1,,False,20260811,,,0.9923835140587354,set_composition_sizes,synthetic,1
syn-set_composition_sizes-large-02,False,3,1,large,16,,set_composition_sizes,,,80080,0.854732,solved,,80080,0.85063,solved,1,,False,20260811,,,1.0048223081715906,set_composition_sizes,synthetic,2
syn-set_composition_sizes-large-03,False,5,1,large,16,,set_composition_sizes,,,100900800,1.151404,solved,,100900800,1.158347,solved,1,,False,20260811,,,0.9940061138846995,set_composition_sizes,synthetic,3
syn-set_composition_sizes-large-04,False,2,1,large,16,,set_composition_sizes,,,11440,0.823109,solved,,11440,0.8232,solved,1,,False,20260811,,,0.9998894557823128,set_composition_sizes,synthetic,4
syn-set_composition_sizes-large-05,False,4,1,large,16,,set_composition_sizes,,,21840,0.99932,solved,,21840,1.001149,solved,1,,False,20260811,,,0.9981730991091236,set_composition_sizes,synthetic,5
syn-set_composition_sizes-large-06,False,2,1,large,16,,set_composition_sizes,,,8008,0.770558,solved,,8008,0.776196,solved,1,,False,20260811,,,0.9927363707104906,set_composition_sizes,synthetic,6
syn-set_composition_sizes-large-07,False,5,1,large,16,,set_composition_sizes,,,151351200,1.166318,solved,,151351200,1.170733,solved,1,,False,20260811,,,0.9962288583306356,set_composition_sizes,synthetic,7
syn-set_composition_sizes-medium-00,False,2,1,medium,12,,set_composition_sizes,,,495,0.830312,solved,,495,0.820368,solved,1,,False,20260811,,,1.0121213894252337,set_composition_sizes,synthetic,0
syn-set_composition_sizes-medium-01,False,3,1,medium,12,,set_composition_sizes,,,3960,0.971101,solved,,3960,0.972569,solved,1,,False,20260811,,,0.9984905955258702,set_composition_sizes,synthetic,1
syn-set_composition_sizes-medium-02,False,4,1,medium,12,,set_composition_sizes,,,23760,1.080635,solved,,23760,1.080281,solved,1,,False,20260811,,,1.0003276925170395,set_composition_sizes,synthetic,2
syn-set_composition_sizes-medium-03,False,2,1,medium,12,,set_composition_sizes,,,12,0.804662,solved,,12,0.804005,solved,1,,False,20260811,,,1.0008171590972694,set_composition_sizes,synthetic,3
syn-set_composition_sizes-medium-04,False,3,1,medium,12,,set_composition_sizes,,,660,0.918536,solved,,660,0.919408,solved,1,,False,20260811,,,0.9990515636148478,set_composition_sizes,synthetic,4
syn-set_composition_sizes-medium-05,False,2,1,medium,12,,set_composition_sizes,,,495,0.879367,solved,,495,0.876234,solved,1,,False,20260811,,,1.003575528911227,set_composition_sizes,synthetic,5
syn-set_composition_sizes-medium-06,False,4,1,medium,12,,set_composition_sizes,,,138600,1.079445,solved,,138600,1.083952,solved,1,,False,20260811,,,0.9958420668073863,set_composition_sizes,synthetic,6
syn-set_composition_sizes-medium-07,False,5,1,medium,12,,set_composition_sizes,,,332640,1.182756,solved,,332640,1.159153,solved,1,,False,20260811,,,1.0203622817695333,set_composition_sizes,synthetic,7
syn-set_composition_sizes-small-00,False,4,1,small,8,,set_composition_sizes,,,336,0.936919,solved,,336,0.911193,solved,1,,False,20260811,,,1.0282333161031745,set_composition_sizes,synthetic,0
syn-set_composition_sizes-small-01,False,2,1,small,8,,set_composition_sizes,,,8,0.872277,solved,,8,0.871528,solved,1,,False,20260811,,,1.0008594101394332,set_composition_sizes,synthetic,1
syn-set_composition_sizes-small-02,False,2,1,small,8,,set_composition_sizes,,,56,0.863343,solved,,56,0.864255,solved,1,,False,20260811,,,0.9989447558880191,set_composition_sizes,synthetic,2
syn-set_composition_sizes-small-03,False,3,1,small,8,,set_composition_sizes,,,168,0.863183,solved,,168,0.883275,solved,1,,False,20260811,,,0.9772528374515298,set_composition_sizes,synthetic,3
syn-set_composition_sizes-small-04,False,2,1,small,8,,set_composition_sizes,,,56,0.725399,solved,,56,0.730533,solved,1,,False,20260811,,,0.9929722545045878,set_composition_sizes,synthetic,4
syn-set_composition_sizes-small-05,False,4,1,small,8,,set_composition_sizes,,,1680,1.091548,solved,,1680,1.093993,solved,1,,False,20260811,,,0.997765067966614,set_composition_sizes,synthetic,5
syn-set_composition_sizes-small-06,False,5,1,small,8,,set_composition_sizes,,,3360,1.233952,solved,,3360,1.235989,solved,1,,False,20260811,,,0.9983519270802571,set_composition_sizes,synthetic,6
syn-set_composition_sizes-small-07,False,2,1,small,8,,set_composition_sizes,,,8,0.781951,solved,,8,0.789762,solved,1,,False,20260811,,,0.9901096786120376,set_composition_sizes,synthetic,7
syn-set_partition_min_size-large-00,False,1,1,large,16,,set_partition_min_size,,,57962905,0.936297,solved,,57962905,0.939857,solved,1,,False,20260811,,,0.996212189726735,set_partition_min_size,synthetic,0
syn-set_partition_min_size-large-01,False,1,1,large,16,,set_partition_min_size,,,17875,0.737083,solved,,17875,0.740754,solved,1,,False,20260811,,,0.9950442387081272,set_partition_min_size,synthetic,1
syn-set_partition_min_size-large-02,False,1,1,large,16,,set_partition_min_size,,,3741738,0.774427,solved,,3741738,0.772887,solved,1,,False,20260811,,,1.0019925293089416,set_partition_min_size,synthetic,2
syn-set_partition_min_size-large-03,False,1,1,large,16,,set_partition_min_size,,,32767,0.705174,solved,,32767,0.707503,solved,1,,False,20260811,,,0.9967081411668925,set_partition_min_size,synthetic,3
syn-set_partition_min_size-large-04,False,1,1,large,16,,set_partition_min_size,,,25883,0.76392,solved,,25883,0.7616,solved,1,,False,20260811,,,1.003046218487395,set_partition_min_size,synthetic,4
syn-set_partition_min_size-large-05,False,1,1,large,16,,set_partition_min_size,,,30251,0.73523,solved,,30251,0.738492,solved,1,,False,20260811,,,0.9955828905390987,set_partition_min_size,synthetic,5
syn-set_partition_min_size-large-06,False,1,1,large,16,,set_partition_min_size,,,32631,0.714261,solved,,32631,0.722493,solved,1,,False,20260811,,,0.98860611798315,set_partition_min_size,synthetic,6
syn-set_partition_min_size-large-07,False,1,1,large,16,,set_partition_min_size,,,32071,0.707597,solved,,32071,0.701238,solved,1,,False,20260811,,,1.0090682478701953,set_partition_min_size,synthetic,7
syn-set_partition_min_size-medium-00,False,1,1,medium,12,,set_partition_min_size,,,462,0.757869,solved,,462,0.762859,solved,1,,False,20260811,,,0.9934588174223546,set_partition_min_size,synthetic,0
syn-set_partition_min_size-medium-01,False,1,1,medium,12,,set_partition_min_size,,,15400,0.989872,solved,,15400,0.991402,solved,1,,False,20260811,,,0.998456730972905,set_partition_min_size,synthetic,1
syn-set_partition_min_size-medium-02,False,1,1,medium,12,,set_partition_min_size,,,86526,0.873059,solved,,86526,0.876263,solved,1,,False,20260811,,,0.9963435635191717,set_partition_min_size,synthetic,2
syn-set_partition_min_size-medium-03,False,1,1,medium,12,,set_partition_min_size,,,74316,0.788783,solved,,74316,0.790167,solved,1,,False,20260811,,,0.9982484715256396,set_partition_min_size,synthetic,3
syn-set_partition_min_size-medium-04,False,1,1,medium,12,,set_partition_min_size,,,611501,0.933866,solved,,611501,0.931263,solved,1,,False,20260811,,,1.0027951287659878,set_partition_min_size,synthetic,4
syn-set_partition_min_size-medium-05,False,1,1,medium,12,,set_partition_min_size,,,42735,0.884452,solved,,42735,0.885909,solved,1,,False,20260811,,,0.9983553615551937,set_partition_min_size,synthetic,5
syn-set_partition_min_size-medium-06,False,1,1,medium,12,,set_partition_min_size,,,5775,0.871948,solved,,5775,0.874195,solved,1,,False,20260811,,,0.9974296352644432,set_partition_min_size,synthetic,6
syn-set_partition_min_size-medium-07,False,1,1,medium,12,,set_partition_min_size,,,302995,0.891187,solved,,302995,0.901428,solved,1,,False,20260811,,,0.988639137013716,set_partition_min_size,synthetic,7
syn-set_partition_min_size-small-00,False,1,1,small,8,,set_partition_min_size,,,966,0.731772,solved,,966,0.7365,solved,1,,False,20260811,,,0.993580448065173,set_partition_min_size,synthetic,0
syn-set_partition_min_size-small-01,False,1,1,small,8,,set_partition_min_size,,,1701,0.984679,solved,,1701,0.982307,solved,1,,False,20260811,,,1.0024147237065397,set_partition_min_size,synthetic,1
syn-set_partition_min_size-small-02,False,1,1,small,8,,set_partition_min_size,,,35,0.792215,solved,,35,0.797775,solved,1,,False,20260811,,,0.9930306164018676,set_partition_min_size,synthetic,2
syn-set_partition_min_size-small-03,False,1,1,small,8,,set_partition_min_size,,,105,0.874662,solved,,105,0.869727,solved,1,,False,20260811,,,1.0056741943161476,set_partition_min_size,synthetic,3
syn-set_partition_min_size-small-04,False,1,1,small,8,,set_partition_min_size,,,119,0.676568,solved,,119,0.669223,solved,1,,False,20260811,,,1.0109754147720564,set_partition_min_size,synthetic,4
syn-set_partition_min_size-small-05,False,1,1,small,8,,set_partition_min_size,,,490,0.875974,solved,,490,0.897336,solved,1,,False,20260811,,,0.9761939786211631,set_partition_min_size,synthetic,5
syn-set_partition_min_size-small-06,False,1,1,small,8,,set_partition_min_size,,,91,0.801565,solved,,91,0.798017,solved,1,,False,20260811,,,1.0044460205734966,set_partition_min_size,synthetic,6
syn-set_partition_min_size-small-07,False,1,1,small,8,,set_partition_min_size,,,127,0.714301,solved,,127,0.722772,solved,1,,False,20260811,,,0.9882798448196665,set_partition_min_size,synthetic,7
syn-set_sequence_patterns-large-00,False,4,1,large,16,,set_sequence_patterns,,,326918592000,0.873843,solved,,326918592000,0.873948,solved,1,,False,20260811,,,0.9998798555520467,set_sequence_patterns,synthetic,0
syn-set_sequence_patterns-large-01,False,4,1,large,16,,set_sequence_patterns,,,326918592000,0.863231,solved,,326918592000,0.854684,solved,1,,False,20260811,,,1.0100001872036917,set_sequence_patterns,synthetic,1
syn-set_sequence_patterns-large-02,False,2,1,large,16,,set_sequence_patterns,,,1307674368000,0.484882,solved,,1307674368000,0.484777,solved,1,,False,20260811,,,1.000216594434142,set_sequence_patterns,synthetic,2
syn-set_sequence_patterns-large-03,False,4,1,large,16,,set_sequence_patterns,,,326918592000,0.802064,solved,,326918592000,0.799463,solved,1,,False,20260811,,,1.0032534338674834,set_sequence_patterns,synthetic,3
syn-set_sequence_patterns-large-04,False,3,1,large,16,,set_sequence_patterns,,,653837184000,0.590848,solved,,653837184000,0.591886,solved,1,,False,20260811,,,0.9982462839127805,set_sequence_patterns,synthetic,4
syn-set_sequence_patterns-large-05,False,3,1,large,16,,set_sequence_patterns,,,653837184000,0.579015,solved,,653837184000,0.577242,solved,1,,False,20260811,,,1.0030715020736536,set_sequence_patterns,synthetic,5
syn-set_sequence_patterns-large-06,False,4,1,large,16,,set_sequence_patterns,,,326918592000,0.812123,solved,,326918592000,0.815354,solved,1,,False,20260811,,,0.9960373040421706,set_sequence_patterns,synthetic,6
syn-set_sequence_patterns-large-07,False,2,1,large,16,,set_sequence_patterns,,,1307674368000,0.474865,solved,,1307674368000,0.473897,solved,1,,False,20260811,,,1.0020426379571932,set_sequence_patterns,synthetic,7
syn-set_sequence_patterns-medium-00,False,4,1,medium,12,,set_sequence_patterns,,,9979200,0.779445,solved,,9979200,0.779418,solved,1,,False,20260811,,,1.000034641232304,set_sequence_patterns,synthetic,0
syn-set_sequence_patterns-medium-01,False,4,1,medium,12,,set_sequence_patterns,,,9979200,0.835675,solved,,9979200,0.835474,solved,1,,False,20260811,,,1.0002405819929763,set_sequence_patterns,synthetic,1
syn-set_sequence_patterns-medium-02,False,3,1,medium,12,,set_sequence_patterns,,,19958400,0.611791,solved,,19958400,0.61463,solved,1,,False,20260811,,,0.9953809609033076,set_sequence_patterns,synthetic,2
syn-set_sequence_patterns-medium-03,False,4,1,medium,12,,set_sequence_patterns,,,9979200,0.735489,solved,,9979200,0.737463,solved,1,,False,20260811,,,0.9973232555395999,set_sequence_patterns,synthetic,3
syn-set_sequence_patterns-medium-04,False,2,1,medium,12,,set_sequence_patterns,,,39916800,0.505322,solved,,39916800,0.501132,solved,1,,False,20260811,,,1.0083610705363057,set_sequence_patterns,synthetic,4
syn-set_sequence_patterns-medium-05,False,3,1,medium,12,,set_sequence_patterns,,,19958400,0.624548,solved,,19958400,0.63033,solved,1,,False,20260811,,,0.9908270271127823,set_sequence_patterns,synthetic,5
syn-set_sequence_patterns-medium-06,False,2,1,medium,12,,set_sequence_patterns,,,39916800,0.535452,solved,,39916800,0.537717,solved,1,,False,20260811,,,0.9957877470862927,set_sequence_patterns,synthetic,6
syn-set_sequence_patterns-medium-07,False,3,1,medium,12,,set_sequence_patterns,,,19958400,0.551587,solved,,19958400,0.556147,solved,1,,False,20260811,,,0.9918007289439664,set_sequence_patterns,synthetic,7
syn-set_sequence_patterns-small-00,False,3,1,small,8,,set_sequence_patterns,,,2520,0.491034,solved,,2520,0.492825,solved,1,,False,20260811,,,0.9963658499467357,set_sequence_patterns,synthetic,0
syn-set_sequence_patterns-small-01,False,4,1,small,8,,set_sequence_patterns,,,1260,0.669586,solved,,1260,0.667176,solved,1,,False,20260811,,,1.0036122402484502,set_sequence_patterns,synthetic,1
syn-set_sequence_patterns-small-02,False,4,1,small,8,,set_sequence_patterns,,,1260,0.647361,solved,,1260,0.648111,solved,1,,False,20260811,,,0.9988427908182395,set_sequence_patterns,synthetic,2
syn-set_sequence_patterns-small-03,False,2,1,small,8,,set_sequence_patterns,,,5040,0.479831,solved,,5040,0.483517,solved,1,,False,20260811,,,0.992376689961263,set_sequence_patterns,synthetic,3
syn-set_sequence_patterns-small-04,False,2,1,small,8,,set_sequence_patterns,,,5040,0.437796,solved,,5040,0.437304,solved,1,,False,20260811,,,1.0011250754623786,set_sequence_patterns,synthetic,4
syn-set_sequence_patterns-small-05,False,3,1,small,8,,set_sequence_patterns,,,2520,0.61009,solved,,2520,0.601998,solved,1,,False,20260811,,,1.0134419051226085,set_sequence_patterns,synthetic,5
syn-set_sequence_patterns-small-06,False,2,1,small,8,,set_sequence_patterns,,,5040,0.532,solved,,5040,0.534598,solved,1,,False,20260811,,,0.995140273626164,set_sequence_patterns,synthetic,6
syn-set_sequence_patterns-small-07,False,3,1,small,8,,set_sequence_patterns,,,2520,0.53142,solved,,2520,0.533291,solved,1,,False,20260811,,,0.9964915965204739,set_sequence_patterns,synthetic,7
syn-set_tuple_position_count-large-00,False,2,1,large,16,,set_tuple_position_count,,,12700800,1.506467,solved,,12700800,1.505337,solved,1,,False,20260811,,,1.000750662476243,set_tuple_position_count,synthetic,0
syn-set_tuple_position_count-large-01,False,2,1,large,16,,set_tuple_position_count,,,158400,1.348323,solved,,158400,1.36076,solved,1,,False,20260811,,,0.9908602545636261,set_tuple_position_count,synthetic,1
syn-set_tuple_position_count-large-02,False,2,1,large,16,,set_tuple_position_count,,,13970880,1.508725,solved,,13970880,1.510459,solved,1,,False,20260811,,,0.9988520045893335,set_tuple_position_count,synthetic,2
syn-set_tuple_position_count-large-03,False,2,1,large,16,,set_tuple_position_count,,,90720,1.318241,solved,,90720,1.313977,solved,1,,False,20260811,,,1.003245110074225,set_tuple_position_count,synthetic,3
syn-set_tuple_position_count-large-04,False,2,1,large,16,,set_tuple_position_count,,,144000,1.462245,solved,,144000,1.455245,solved,1,,False,20260811,,,1.0048101866008816,set_tuple_position_count,synthetic,4
syn-set_tuple_position_count-large-05,False,2,1,large,16,,set_tuple_position_count,,,12096,1.336552,solved,,12096,1.349126,solved,1,,False,20260811,,,0.9906798920189811,set_tuple_position_count,synthetic,5
syn-set_tuple_position_count-large-06,False,2,1,large,16,,set_tuple_position_count,,,6000,1.4987,solved,,6000,1.501946,solved,1,,False,20260811,,,0.9978388037918806,set_tuple_position_count,synthetic,6
syn-set_tuple_position_count-large-07,False,2,1,large,16,,set_tuple_position_count,,,90720,1.319366,solved,,90720,1.315088,solved,1,,False,20260811,,,1.0032530142469553,set_tuple_position_count,synthetic,7
syn-set_tuple_position_count-medium-00,False,2,1,medium,12,,set_tuple_position_count,,,54,1.399112,solved,,54,1.404976,solved,1,,False,20260811,,,0.9958262632244251,set_tuple_position_count,synthetic,0
syn-set_tuple_position_count-medium-01,False,2,1,medium,12,,set_tuple_position_count,,,120960,1.471115,solved,,120960,1.470861,solved,1,,False,20260811,,,1.0001726879698354,set_tuple_position_count,synthetic,1
syn-set_tuple_position_count-medium-02,False,2,1,medium,12,,set_tuple_position_count,,,635040,1.464041,solved,,635040,1.461478,solved,1,,False,20260811,,,1.001753704126918,set_tuple_position_count,synthetic,2
syn-set_tuple_position_count-medium-03,False,2,1,medium,12,,set_tuple_position_count,,,181440,1.308277,solved,,181440,1.307083,solved,1,,False,20260811,,,1.0009134844535503,set_tuple_position_count,synthetic,3
syn-set_tuple_position_count-medium-04,False,2,1,medium,12,,set_tuple_position_count,,,864,1.535109,solved,,864,1.667058,solved,1,,False,20260811,,,0.9208491846114533,set_tuple_position_count,synthetic,4
syn-set_tuple_position_count-medium-05,False,2,1,medium,12,,set_tuple_position_count,,,252,1.462719,solved,,252,1.45903,solved,1,,False,20260811,,,1.0025283921509496,set_tuple_position_count,synthetic,5
syn-set_tuple_position_count-medium-06,False,2,1,medium,12,,set_tuple_position_count,,,4032,1.432847,solved,,4032,1.443591,solved,1,,False,20260811,,,0.9925574487510659,set_tuple_position_count,synthetic,6
syn-set_tuple_position_count-medium-07,False,2,1,medium,12,,set_tuple_position_count,,,423360,1.31437,solved,,423360,1.324619,solved,1,,False,20260811,,,0.9922626808161441,set_tuple_position_count,synthetic,7
syn-set_tuple_position_count-small-00,False,2,1,small,8,,set_tuple_position_count,,,2880,1.236648,solved,,2880,1.380634,solved,1,,False,20260811,,,0.895710231676172,set_tuple_position_count,synthetic,0
syn-set_tuple_position_count-small-01,False,2,1,small,8,,set_tuple_position_count,,,1200,1.451262,solved,,1200,1.452343,solved,1,,False,20260811,,,0.9992556854682401,set_tuple_position_count,synthetic,1
syn-set_tuple_position_count-small-02,False,2,1,small,8,,set_tuple_position_count,,,1440,1.423799,solved,,1440,1.427317,solved,1,,False,20260811,,,0.9975352356904599,set_tuple_position_count,synthetic,2
syn-set_tuple_position_count-small-03,False,2,1,small,8,,set_tuple_position_count,,,1440,1.243553,solved,,1440,1.264899,solved,1,,False,20260811,,,0.9831243443152378,set_tuple_position_count,synthetic,3
syn-set_tuple_position_count-small-04,False,2,1,small,8,,set_tuple_position_count,,,120,1.222699,solved,,120,1.231765,solved,1,,False,20260811,,,0.992639829837672,set_tuple_position_count,synthetic,4
syn-set_tuple_position_count-small-05,False,2,1,small,8,,set_tuple_position_count,,,2160,1.449212,solved,,2160,1.44827,solved,1,,False,20260811,,,1.0006504312041262,set_tuple_position_count,synthetic,5
syn-set_tuple_position_count-small-06,False,2,1,small,8,,set_tuple_position_count,,,108,1.555243,solved,,108,1.532658,solved,1,,False,20260811,,,1.0147358380016938,set_tuple_position_count,synthetic,6
syn-set_tuple_position_count-small-07,False,2,1,small,8,,set_tuple_position_count,,,1440,1.258808,solved,,1440,1.259432,solved,1,,False,20260811,,,0.9995045385538877,set_tuple_position_count,synthetic,7
